
> detran@0.0.1 backend:test:ci /Users/aarusso/.codex/worktrees/stynx-canonical/detran
> node backend/database/tests/run-backend-ci.mjs


> detran@0.0.1 backend:test:unit /Users/aarusso/.codex/worktrees/stynx-canonical/detran
> pnpm --filter @detran/shared test && pnpm --filter @detran/est-crash test:unit && pnpm --filter @detran/sefaz-adapter test:unit && pnpm --filter @detran/portal-complaints test:unit && pnpm --filter @detran/ch-clinical-network test:unit && pnpm --filter @detran/ch-patients test:unit && pnpm --filter @detran/ch-encounters test:unit && pnpm --filter @detran/ch-biometrics test:unit && pnpm --filter @detran/ch-exams test:unit && pnpm --filter @detran/ch-clinical-controls test:unit && pnpm --filter @detran/ch-inconsistencies test:unit && pnpm --filter @detran/ch-operational-controls test:unit && pnpm --filter @detran/ch-clinical-reports test:unit && pnpm --filter @detran/ch-process-blocks test:unit && pnpm --filter @detran/ch-telehealth test:unit && pnpm --filter @detran/ch-billing test:unit && pnpm --filter @detran/ch-scheduling test:unit && pnpm --filter @detran/ch-restrictions test:unit && pnpm --filter @detran/ch-retention test:unit && pnpm --filter @detran/inf-normative test:unit && pnpm --filter @detran/inf-ait test:unit && pnpm --filter @detran/inf-measures test:unit && pnpm --filter @detran/inf-alcohol test:unit && pnpm --filter @detran/inf-rait-case test:unit && pnpm --filter @detran/inf-rait-worklist test:unit && pnpm --filter @detran/inf-rait-session test:unit && pnpm --filter @detran/inf-speed test:unit && pnpm --filter @detran/ops-parameter test:unit && pnpm --filter @detran/ops-agency test:unit && pnpm --filter @detran/ops-field test:unit && pnpm --filter @detran/ops-snapshots test:unit && pnpm --filter @detran/ops-evidence test:unit && pnpm --filter @detran/ops-offline-sync test:unit && pnpm --filter @detran/ops-provisioning test:unit && pnpm --filter @detran/app test:unit && pnpm --filter @detran/inf-deadlines test && pnpm --filter @detran/inf-infraction test:unit && pnpm --filter @detran/inf-notification test:unit && pnpm --filter @detran/inf-collection test:unit && pnpm --filter @detran/inf-rait-org test:unit && pnpm --filter @detran/inf-rait-integration test:unit && pnpm --filter @detran/portal-identity test:unit && pnpm --filter @detran/portal-requests test:unit && pnpm --filter @detran/portal-inbox test:unit && pnpm --filter @detran/portal-citizen-service test:unit && pnpm --filter @detran/portal-projections test:unit && pnpm --filter @detran/dashboard-monitor test:unit


> @detran/shared@0.0.1 test /Users/aarusso/.codex/worktrees/stynx-canonical/detran/backend/domains/shared
> vitest run --config vitest.config.ts


 RUN  v4.1.11 /Users/aarusso/.codex/worktrees/stynx-canonical/detran/backend/domains/shared


 Test Files  14 passed (14)
      Tests  432 passed (432)
   Start at  23:16:39
   Duration  724ms (transform 788ms, setup 0ms, import 1.92s, tests 1.59s, environment 1ms)


> @detran/est-crash@0.0.1 test:unit /Users/aarusso/.codex/worktrees/stynx-canonical/detran/backend/domains/est/crash
> DETRAN_TEST_TIER=unit vitest run --config vitest.config.ts


 RUN  v4.1.11 /Users/aarusso/.codex/worktrees/stynx-canonical/detran/backend/domains/est/crash


 Test Files  1 passed (1)
      Tests  1 passed (1)
   Start at  23:16:40
   Duration  135ms (transform 39ms, setup 0ms, import 51ms, tests 2ms, environment 0ms)


> @detran/sefaz-adapter@0.0.1 test:unit /Users/aarusso/.codex/worktrees/stynx-canonical/detran/packages/sefaz-adapter
> vitest run --config vitest.config.ts


 RUN  v4.1.11 /Users/aarusso/.codex/worktrees/stynx-canonical/detran/packages/sefaz-adapter


 Test Files  2 passed (2)
      Tests  11 passed (11)
   Start at  23:16:40
   Duration  209ms (transform 25ms, setup 0ms, import 40ms, tests 6ms, environment 0ms)


> @detran/portal-complaints@0.0.1 test:unit /Users/aarusso/.codex/worktrees/stynx-canonical/detran/backend/domains/portal/complaints
> DETRAN_TEST_TIER=unit vitest run --config vitest.config.ts


 RUN  v4.1.11 /Users/aarusso/.codex/worktrees/stynx-canonical/detran/backend/domains/portal/complaints


 Test Files  1 passed (1)
      Tests  5 passed (5)
   Start at  23:16:41
   Duration  536ms (transform 83ms, setup 0ms, import 450ms, tests 4ms, environment 0ms)


> @detran/ch-clinical-network@0.0.1 test:unit /Users/aarusso/.codex/worktrees/stynx-canonical/detran/backend/domains/ch/clinical-network
> DETRAN_TEST_TIER=unit vitest run --config vitest.config.ts


 RUN  v4.1.11 /Users/aarusso/.codex/worktrees/stynx-canonical/detran/backend/domains/ch/clinical-network


 Test Files  1 passed (1)
      Tests  8 passed (8)
   Start at  23:16:42
   Duration  552ms (transform 90ms, setup 0ms, import 459ms, tests 7ms, environment 0ms)


> @detran/ch-patients@0.0.1 test:unit /Users/aarusso/.codex/worktrees/stynx-canonical/detran/backend/domains/ch/patients
> DETRAN_TEST_TIER=unit vitest run --config vitest.config.ts


 RUN  v4.1.11 /Users/aarusso/.codex/worktrees/stynx-canonical/detran/backend/domains/ch/patients

No test files found, exiting with code 0

include: src/**/*.spec.ts, tests/unit/**/*.spec.ts
exclude:  **/node_modules/**, **/.git/**


> @detran/ch-encounters@0.0.1 test:unit /Users/aarusso/.codex/worktrees/stynx-canonical/detran/backend/domains/ch/encounters
> DETRAN_TEST_TIER=unit vitest run --config vitest.config.ts


 RUN  v4.1.11 /Users/aarusso/.codex/worktrees/stynx-canonical/detran/backend/domains/ch/encounters


 Test Files  1 passed (1)
      Tests  11 passed (11)
   Start at  23:16:44
   Duration  586ms (transform 86ms, setup 0ms, import 473ms, tests 6ms, environment 0ms)


> @detran/ch-biometrics@0.0.1 test:unit /Users/aarusso/.codex/worktrees/stynx-canonical/detran/backend/domains/ch/biometrics
> DETRAN_TEST_TIER=unit vitest run --config vitest.config.ts


 RUN  v4.1.11 /Users/aarusso/.codex/worktrees/stynx-canonical/detran/backend/domains/ch/biometrics


 Test Files  2 passed (2)
      Tests  12 passed (12)
   Start at  23:16:45
   Duration  678ms (transform 105ms, setup 0ms, import 499ms, tests 10ms, environment 0ms)


> @detran/ch-exams@0.0.1 test:unit /Users/aarusso/.codex/worktrees/stynx-canonical/detran/backend/domains/ch/exams
> DETRAN_TEST_TIER=unit vitest run --config vitest.config.ts


 RUN  v4.1.11 /Users/aarusso/.codex/worktrees/stynx-canonical/detran/backend/domains/ch/exams


 Test Files  1 passed (1)
      Tests  12 passed (12)
   Start at  23:16:46
   Duration  552ms (transform 83ms, setup 0ms, import 461ms, tests 5ms, environment 0ms)


> @detran/ch-clinical-controls@0.0.1 test:unit /Users/aarusso/.codex/worktrees/stynx-canonical/detran/backend/domains/ch/clinical-controls
> DETRAN_TEST_TIER=unit vitest run --config vitest.config.ts


 RUN  v4.1.11 /Users/aarusso/.codex/worktrees/stynx-canonical/detran/backend/domains/ch/clinical-controls


 Test Files  1 passed (1)
      Tests  5 passed (5)
   Start at  23:16:47
   Duration  527ms (transform 80ms, setup 0ms, import 438ms, tests 4ms, environment 0ms)


> @detran/ch-inconsistencies@0.0.1 test:unit /Users/aarusso/.codex/worktrees/stynx-canonical/detran/backend/domains/ch/inconsistencies
> DETRAN_TEST_TIER=unit vitest run --config vitest.config.ts


 RUN  v4.1.11 /Users/aarusso/.codex/worktrees/stynx-canonical/detran/backend/domains/ch/inconsistencies


 Test Files  1 passed (1)
      Tests  7 passed (7)
   Start at  23:16:48
   Duration  542ms (transform 82ms, setup 0ms, import 451ms, tests 4ms, environment 0ms)


> @detran/ch-operational-controls@0.0.1 test:unit /Users/aarusso/.codex/worktrees/stynx-canonical/detran/backend/domains/ch/operational-controls
> DETRAN_TEST_TIER=unit vitest run --config vitest.config.ts


 RUN  v4.1.11 /Users/aarusso/.codex/worktrees/stynx-canonical/detran/backend/domains/ch/operational-controls


 Test Files  1 passed (1)
      Tests  6 passed (6)
   Start at  23:16:49
   Duration  519ms (transform 77ms, setup 0ms, import 431ms, tests 4ms, environment 0ms)


> @detran/ch-clinical-reports@0.0.1 test:unit /Users/aarusso/.codex/worktrees/stynx-canonical/detran/backend/domains/ch/clinical-reports
> DETRAN_TEST_TIER=unit vitest run --config vitest.config.ts


 RUN  v4.1.11 /Users/aarusso/.codex/worktrees/stynx-canonical/detran/backend/domains/ch/clinical-reports


 Test Files  5 passed (5)
      Tests  33 passed (33)
   Start at  23:16:50
   Duration  1.94s (transform 112ms, setup 0ms, import 1.43s, tests 30ms, environment 0ms)


> @detran/ch-process-blocks@0.0.1 test:unit /Users/aarusso/.codex/worktrees/stynx-canonical/detran/backend/domains/ch/process-blocks
> DETRAN_TEST_TIER=unit vitest run --config vitest.config.ts


 RUN  v4.1.11 /Users/aarusso/.codex/worktrees/stynx-canonical/detran/backend/domains/ch/process-blocks


 Test Files  1 passed (1)
      Tests  5 passed (5)
   Start at  23:16:52
   Duration  576ms (transform 97ms, setup 0ms, import 484ms, tests 3ms, environment 0ms)


> @detran/ch-telehealth@0.0.1 test:unit /Users/aarusso/.codex/worktrees/stynx-canonical/detran/backend/domains/ch/telehealth
> DETRAN_TEST_TIER=unit vitest run --config vitest.config.ts


 RUN  v4.1.11 /Users/aarusso/.codex/worktrees/stynx-canonical/detran/backend/domains/ch/telehealth


 Test Files  1 passed (1)
      Tests  4 passed (4)
   Start at  23:16:53
   Duration  537ms (transform 82ms, setup 0ms, import 446ms, tests 3ms, environment 0ms)


> @detran/ch-billing@0.0.1 test:unit /Users/aarusso/.codex/worktrees/stynx-canonical/detran/backend/domains/ch/billing
> DETRAN_TEST_TIER=unit vitest run --config vitest.config.ts


 RUN  v4.1.11 /Users/aarusso/.codex/worktrees/stynx-canonical/detran/backend/domains/ch/billing


 Test Files  1 passed (1)
      Tests  13 passed (13)
   Start at  23:16:54
   Duration  547ms (transform 83ms, setup 0ms, import 456ms, tests 6ms, environment 0ms)


> @detran/ch-scheduling@0.0.1 test:unit /Users/aarusso/.codex/worktrees/stynx-canonical/detran/backend/domains/ch/scheduling
> DETRAN_TEST_TIER=unit vitest run --config vitest.config.ts


 RUN  v4.1.11 /Users/aarusso/.codex/worktrees/stynx-canonical/detran/backend/domains/ch/scheduling


 Test Files  1 passed (1)
      Tests  7 passed (7)
   Start at  23:16:55
   Duration  545ms (transform 85ms, setup 0ms, import 458ms, tests 5ms, environment 0ms)


> @detran/ch-restrictions@0.0.1 test:unit /Users/aarusso/.codex/worktrees/stynx-canonical/detran/backend/domains/ch/restrictions
> DETRAN_TEST_TIER=unit vitest run --config vitest.config.ts


 RUN  v4.1.11 /Users/aarusso/.codex/worktrees/stynx-canonical/detran/backend/domains/ch/restrictions


 Test Files  1 passed (1)
      Tests  3 passed (3)
   Start at  23:16:56
   Duration  521ms (transform 77ms, setup 0ms, import 437ms, tests 3ms, environment 0ms)


> @detran/ch-retention@0.0.1 test:unit /Users/aarusso/.codex/worktrees/stynx-canonical/detran/backend/domains/ch/retention
> DETRAN_TEST_TIER=unit vitest run --config vitest.config.ts


 RUN  v4.1.11 /Users/aarusso/.codex/worktrees/stynx-canonical/detran/backend/domains/ch/retention


 Test Files  1 passed (1)
      Tests  5 passed (5)
   Start at  23:16:57
   Duration  533ms (transform 78ms, setup 0ms, import 445ms, tests 4ms, environment 0ms)


> @detran/inf-normative@0.0.1 test:unit /Users/aarusso/.codex/worktrees/stynx-canonical/detran/backend/domains/inf/normative
> DETRAN_TEST_TIER=unit vitest run --config vitest.config.ts


 RUN  v4.1.11 /Users/aarusso/.codex/worktrees/stynx-canonical/detran/backend/domains/inf/normative


 Test Files  7 passed (7)
      Tests  23 passed (23)
   Start at  23:16:58
   Duration  2.56s (transform 127ms, setup 0ms, import 459ms, tests 1.53s, environment 0ms)


> @detran/inf-ait@0.0.1 test:unit /Users/aarusso/.codex/worktrees/stynx-canonical/detran/backend/domains/inf/ait
> DETRAN_TEST_TIER=unit vitest run --config vitest.config.ts


 RUN  v4.1.11 /Users/aarusso/.codex/worktrees/stynx-canonical/detran/backend/domains/inf/ait


 Test Files  8 passed (8)
      Tests  312 passed (312)
   Start at  23:17:01
   Duration  3.35s (transform 127ms, setup 0ms, import 2.63s, tests 85ms, environment 0ms)


> @detran/inf-measures@0.0.1 test:unit /Users/aarusso/.codex/worktrees/stynx-canonical/detran/backend/domains/inf/measures
> DETRAN_TEST_TIER=unit vitest run --config vitest.config.ts


 RUN  v4.1.11 /Users/aarusso/.codex/worktrees/stynx-canonical/detran/backend/domains/inf/measures


 Test Files  12 passed (12)
      Tests  134 passed (134)
   Start at  23:17:05
   Duration  4.49s (transform 175ms, setup 0ms, import 537ms, tests 2.99s, environment 1ms)


> @detran/inf-alcohol@0.0.1 test:unit /Users/aarusso/.codex/worktrees/stynx-canonical/detran/backend/domains/inf/alcohol
> DETRAN_TEST_TIER=unit vitest run --config vitest.config.ts


 RUN  v4.1.11 /Users/aarusso/.codex/worktrees/stynx-canonical/detran/backend/domains/inf/alcohol


 Test Files  9 passed (9)
      Tests  127 passed (127)
   Start at  23:17:10
   Duration  3.54s (transform 135ms, setup 0ms, import 516ms, tests 2.30s, environment 0ms)


> @detran/inf-rait-case@0.0.1 test:unit /Users/aarusso/.codex/worktrees/stynx-canonical/detran/backend/domains/inf/rait-case
> DETRAN_TEST_TIER=unit vitest run --config vitest.config.ts


 RUN  v4.1.11 /Users/aarusso/.codex/worktrees/stynx-canonical/detran/backend/domains/inf/rait-case


 Test Files  7 passed (7)
      Tests  156 passed (156)
   Start at  23:17:14
   Duration  3.09s (transform 270ms, setup 0ms, import 790ms, tests 1.73s, environment 0ms)


> @detran/inf-rait-worklist@0.0.1 test:unit /Users/aarusso/.codex/worktrees/stynx-canonical/detran/backend/domains/inf/rait-worklist
> DETRAN_TEST_TIER=unit vitest run --config vitest.config.ts


 RUN  v4.1.11 /Users/aarusso/.codex/worktrees/stynx-canonical/detran/backend/domains/inf/rait-worklist


 Test Files  5 passed (5)
      Tests  78 passed (78)
   Start at  23:17:18
   Duration  2.29s (transform 292ms, setup 0ms, import 70ms, tests 1.82s, environment 0ms)


> @detran/inf-rait-session@0.0.1 test:unit /Users/aarusso/.codex/worktrees/stynx-canonical/detran/backend/domains/inf/rait-session
> DETRAN_TEST_TIER=unit vitest run --config vitest.config.ts


 RUN  v4.1.11 /Users/aarusso/.codex/worktrees/stynx-canonical/detran/backend/domains/inf/rait-session


 Test Files  3 passed (3)
      Tests  39 passed (39)
   Start at  23:17:21
   Duration  1.70s (transform 266ms, setup 0ms, import 802ms, tests 657ms, environment 0ms)


> @detran/inf-speed@0.0.1 test:unit /Users/aarusso/.codex/worktrees/stynx-canonical/detran/backend/domains/inf/speed
> DETRAN_TEST_TIER=unit vitest run --config vitest.config.ts


 RUN  v4.1.11 /Users/aarusso/.codex/worktrees/stynx-canonical/detran/backend/domains/inf/speed


 Test Files  1 passed (1)
      Tests  5 passed (5)
   Start at  23:17:23
   Duration  525ms (transform 73ms, setup 0ms, import 23ms, tests 422ms, environment 0ms)


> @detran/ops-parameter@0.0.1 test:unit /Users/aarusso/.codex/worktrees/stynx-canonical/detran/backend/domains/ops/parameter
> DETRAN_TEST_TIER=unit vitest run --config vitest.config.ts


 RUN  v4.1.11 /Users/aarusso/.codex/worktrees/stynx-canonical/detran/backend/domains/ops/parameter

[Nest] 94544  - 27/09/2026, 23:17:24    WARN [StynxErrorFilter] RAIT.VERSION_CONFLICT

 Test Files  1 passed (1)
      Tests  57 passed (57)
   Start at  23:17:24
   Duration  576ms (transform 94ms, setup 0ms, import 449ms, tests 37ms, environment 0ms)


> @detran/ops-agency@0.0.1 test:unit /Users/aarusso/.codex/worktrees/stynx-canonical/detran/backend/domains/ops/agency
> DETRAN_TEST_TIER=unit vitest run --config vitest.config.ts


 RUN  v4.1.11 /Users/aarusso/.codex/worktrees/stynx-canonical/detran/backend/domains/ops/agency

No test files found, exiting with code 0

include: src/**/*.spec.ts, tests/unit/**/*.spec.ts
exclude:  **/node_modules/**, **/.git/**


> @detran/ops-field@0.0.1 test:unit /Users/aarusso/.codex/worktrees/stynx-canonical/detran/backend/domains/ops/field
> DETRAN_TEST_TIER=unit vitest run --config vitest.config.ts


 RUN  v4.1.11 /Users/aarusso/.codex/worktrees/stynx-canonical/detran/backend/domains/ops/field


 Test Files  2 passed (2)
      Tests  54 passed (54)
   Start at  23:17:25
   Duration  1.08s (transform 111ms, setup 0ms, import 422ms, tests 491ms, environment 0ms)


> @detran/ops-snapshots@0.0.1 test:unit /Users/aarusso/.codex/worktrees/stynx-canonical/detran/backend/domains/ops/snapshots
> DETRAN_TEST_TIER=unit vitest run --config vitest.config.ts


 RUN  v4.1.11 /Users/aarusso/.codex/worktrees/stynx-canonical/detran/backend/domains/ops/snapshots


 Test Files  2 passed (2)
      Tests  12 passed (12)
   Start at  23:17:27
   Duration  662ms (transform 96ms, setup 0ms, import 59ms, tests 444ms, environment 0ms)


> @detran/ops-evidence@0.0.1 test:unit /Users/aarusso/.codex/worktrees/stynx-canonical/detran/backend/domains/ops/evidence
> DETRAN_TEST_TIER=unit vitest run --config vitest.config.ts


 RUN  v4.1.11 /Users/aarusso/.codex/worktrees/stynx-canonical/detran/backend/domains/ops/evidence


 Test Files  8 passed (8)
      Tests  45 passed (45)
   Start at  23:17:28
   Duration  3.52s (transform 150ms, setup 0ms, import 488ms, tests 2.37s, environment 0ms)


> @detran/ops-offline-sync@0.0.1 test:unit /Users/aarusso/.codex/worktrees/stynx-canonical/detran/backend/domains/ops/offline-sync
> DETRAN_TEST_TIER=unit vitest run --config vitest.config.ts


 RUN  v4.1.11 /Users/aarusso/.codex/worktrees/stynx-canonical/detran/backend/domains/ops/offline-sync


 Test Files  2 passed (2)
      Tests  33 passed (33)
   Start at  23:17:32
   Duration  1.11s (transform 118ms, setup 0ms, import 422ms, tests 522ms, environment 0ms)


> @detran/ops-provisioning@0.0.1 test:unit /Users/aarusso/.codex/worktrees/stynx-canonical/detran/backend/domains/ops/provisioning
> DETRAN_TEST_TIER=unit vitest run --config vitest.config.ts


 RUN  v4.1.11 /Users/aarusso/.codex/worktrees/stynx-canonical/detran/backend/domains/ops/provisioning


 Test Files  1 passed (1)
      Tests  7 passed (7)
   Start at  23:17:33
   Duration  574ms (transform 91ms, setup 0ms, import 486ms, tests 3ms, environment 0ms)


> @detran/app@0.0.1 test:unit /Users/aarusso/.codex/worktrees/stynx-canonical/detran/backend/app
> DETRAN_TEST_TIER=unit vitest run


 RUN  v4.1.11 /Users/aarusso/.codex/worktrees/stynx-canonical/detran/backend/app

[Nest] 94897  - 27/09/2026, 23:17:47     LOG [PecSefazService] [sefaz] validatePayment ref=DAR-1 correlationId=correlation-1
[Nest] 94897  - 27/09/2026, 23:17:47     LOG [PecSefazService] [sefaz] validatePayment ref=DAR-2 correlationId=n/a

 Test Files  24 passed (24)
      Tests  122 passed (122)
   Start at  23:17:34
   Duration  13.86s (transform 2.88s, setup 0ms, import 10.33s, tests 1.58s, environment 1ms)


> @detran/inf-deadlines@0.0.1 test /Users/aarusso/.codex/worktrees/stynx-canonical/detran/backend/domains/inf/deadlines
> vitest run --config vitest.config.ts


 RUN  v4.1.11 /Users/aarusso/.codex/worktrees/stynx-canonical/detran/backend/domains/inf/deadlines


 Test Files  1 passed (1)
      Tests  23 passed (23)
   Start at  23:17:49
   Duration  155ms (transform 49ms, setup 0ms, import 64ms, tests 9ms, environment 0ms)


> @detran/inf-infraction@0.0.1 test:unit /Users/aarusso/.codex/worktrees/stynx-canonical/detran/backend/domains/inf/infraction
> DETRAN_TEST_TIER=unit vitest run --config vitest.config.ts


 RUN  v4.1.11 /Users/aarusso/.codex/worktrees/stynx-canonical/detran/backend/domains/inf/infraction


 Test Files  3 passed (3)
      Tests  94 passed (94)
   Start at  23:17:49
   Duration  1.54s (transform 107ms, setup 0ms, import 1.27s, tests 26ms, environment 0ms)


> @detran/inf-notification@0.0.1 test:unit /Users/aarusso/.codex/worktrees/stynx-canonical/detran/backend/domains/inf/notification
> DETRAN_TEST_TIER=unit vitest run --config vitest.config.ts


 RUN  v4.1.11 /Users/aarusso/.codex/worktrees/stynx-canonical/detran/backend/domains/inf/notification


 Test Files  1 passed (1)
      Tests  7 passed (7)
   Start at  23:17:51
   Duration  142ms (transform 41ms, setup 0ms, import 56ms, tests 3ms, environment 0ms)


> @detran/inf-collection@0.0.1 test:unit /Users/aarusso/.codex/worktrees/stynx-canonical/detran/backend/domains/inf/collection
> DETRAN_TEST_TIER=unit vitest run --config vitest.config.ts


 RUN  v4.1.11 /Users/aarusso/.codex/worktrees/stynx-canonical/detran/backend/domains/inf/collection


 Test Files  2 passed (2)
      Tests  10 passed (10)
   Start at  23:17:52
   Duration  670ms (transform 109ms, setup 0ms, import 494ms, tests 15ms, environment 0ms)


> @detran/inf-rait-org@0.0.1 test:unit /Users/aarusso/.codex/worktrees/stynx-canonical/detran/backend/domains/inf/rait-org
> DETRAN_TEST_TIER=unit vitest run --config vitest.config.ts


 RUN  v4.1.11 /Users/aarusso/.codex/worktrees/stynx-canonical/detran/backend/domains/inf/rait-org


 Test Files  1 passed (1)
      Tests  2 passed (2)
   Start at  23:17:53
   Duration  541ms (transform 86ms, setup 0ms, import 452ms, tests 4ms, environment 0ms)


> @detran/inf-rait-integration@0.0.1 test:unit /Users/aarusso/.codex/worktrees/stynx-canonical/detran/backend/domains/inf/rait-integration
> DETRAN_TEST_TIER=unit vitest run --config vitest.config.ts


 RUN  v4.1.11 /Users/aarusso/.codex/worktrees/stynx-canonical/detran/backend/domains/inf/rait-integration


 Test Files  1 passed (1)
      Tests  1 passed (1)
   Start at  23:17:54
   Duration  522ms (transform 79ms, setup 0ms, import 439ms, tests 2ms, environment 0ms)


> @detran/portal-identity@0.0.1 test:unit /Users/aarusso/.codex/worktrees/stynx-canonical/detran/backend/domains/portal/identity
> DETRAN_TEST_TIER=unit vitest run --config vitest.config.ts


 RUN  v4.1.11 /Users/aarusso/.codex/worktrees/stynx-canonical/detran/backend/domains/portal/identity


 Test Files  3 passed (3)
      Tests  49 passed (49)
   Start at  23:17:55
   Duration  1.73s (transform 145ms, setup 0ms, import 1.44s, tests 11ms, environment 0ms)


> @detran/portal-requests@0.0.1 test:unit /Users/aarusso/.codex/worktrees/stynx-canonical/detran/backend/domains/portal/requests
> DETRAN_TEST_TIER=unit vitest run --config vitest.config.ts


 RUN  v4.1.11 /Users/aarusso/.codex/worktrees/stynx-canonical/detran/backend/domains/portal/requests


 Test Files  4 passed (4)
      Tests  97 passed | 7 todo (104)
   Start at  23:17:57
   Duration  2.26s (transform 245ms, setup 0ms, import 1.86s, tests 66ms, environment 0ms)


> @detran/portal-inbox@0.0.1 test:unit /Users/aarusso/.codex/worktrees/stynx-canonical/detran/backend/domains/portal/inbox
> DETRAN_TEST_TIER=unit vitest run --config vitest.config.ts


 RUN  v4.1.11 /Users/aarusso/.codex/worktrees/stynx-canonical/detran/backend/domains/portal/inbox


 Test Files  1 passed (1)
      Tests  13 passed (13)
   Start at  23:18:00
   Duration  831ms (transform 280ms, setup 0ms, import 732ms, tests 16ms, environment 0ms)


> @detran/portal-citizen-service@0.0.1 test:unit /Users/aarusso/.codex/worktrees/stynx-canonical/detran/backend/domains/portal/citizen-service
> DETRAN_TEST_TIER=unit vitest run --config vitest.config.ts


 RUN  v4.1.11 /Users/aarusso/.codex/worktrees/stynx-canonical/detran/backend/domains/portal/citizen-service


 Test Files  2 passed (2)
      Tests  78 passed (78)
   Start at  23:18:01
   Duration  1.26s (transform 281ms, setup 0ms, import 1.07s, tests 28ms, environment 0ms)


> @detran/portal-projections@0.0.1 test:unit /Users/aarusso/.codex/worktrees/stynx-canonical/detran/backend/domains/portal/projections
> DETRAN_TEST_TIER=unit vitest run --config vitest.config.ts


 RUN  v4.1.11 /Users/aarusso/.codex/worktrees/stynx-canonical/detran/backend/domains/portal/projections


 Test Files  5 passed (5)
      Tests  32 passed | 1 todo (33)
   Start at  23:18:03
   Duration  2.75s (transform 247ms, setup 0ms, import 2.28s, tests 60ms, environment 0ms)


> @detran/dashboard-monitor@0.0.1 test:unit /Users/aarusso/.codex/worktrees/stynx-canonical/detran/backend/domains/dashboard/monitor
> DETRAN_TEST_TIER=unit vitest run --config vitest.config.ts


 RUN  v4.1.11 /Users/aarusso/.codex/worktrees/stynx-canonical/detran/backend/domains/dashboard/monitor


 Test Files  17 passed (17)
      Tests  231 passed (231)
   Start at  23:18:06
   Duration  4.29s (transform 293ms, setup 0ms, import 2.76s, tests 121ms, environment 1ms)


> detran@0.0.1 backend:test:prepare-legacy /Users/aarusso/.codex/worktrees/stynx-canonical/detran
> node backend/database/tests/prepare-rait-priority-upgraded-legacy.mjs

upgraded legacy fixture: 20 cases and priority schema verified

> detran@0.0.1 backend:test:integration /Users/aarusso/.codex/worktrees/stynx-canonical/detran
> pnpm --filter @detran/app test:integration && pnpm --filter @detran/est-crash test:integration && pnpm --filter @detran/inf-ait test:integration && pnpm --filter @detran/inf-measures test:integration && pnpm --filter @detran/inf-alcohol test:integration && pnpm --filter @detran/ops-parameter test:integration && pnpm --filter @detran/ops-agency test:integration && pnpm --filter @detran/ops-field test:integration && pnpm --filter @detran/ops-snapshots test:integration && pnpm --filter @detran/ops-evidence test:integration && pnpm --filter @detran/ops-offline-sync test:integration && pnpm --filter @detran/ops-provisioning test:integration && pnpm --filter @detran/inf-normative test:integration && pnpm --filter @detran/inf-infraction test:integration && pnpm --filter @detran/inf-notification test:integration && pnpm --filter @detran/inf-collection test:integration && pnpm --filter @detran/inf-rait-case test:integration --exclude '**/rait-priority-upgrade.integration.spec.ts' --passWithNoTests=false && pnpm --filter @detran/inf-rait-worklist test:integration && pnpm --filter @detran/inf-rait-session test:integration && pnpm --filter @detran/inf-rait-org test:integration && pnpm --filter @detran/inf-rait-integration test:integration && pnpm --filter @detran/portal-identity test:integration && pnpm --filter @detran/portal-requests test:integration && pnpm --filter @detran/portal-inbox test:integration && pnpm --filter @detran/portal-citizen-service test:integration && pnpm --filter @detran/portal-projections test:integration && pnpm --filter @detran/dashboard-monitor test:integration


> @detran/app@0.0.1 test:integration /Users/aarusso/.codex/worktrees/stynx-canonical/detran/backend/app
> DETRAN_TEST_TIER=integration vitest run


 RUN  v4.1.11 /Users/aarusso/.codex/worktrees/stynx-canonical/detran/backend/app


 Test Files  6 passed (6)
      Tests  20 passed (20)
   Start at  23:18:19
   Duration  7.48s (transform 2.83s, setup 0ms, import 2.04s, tests 4.93s, environment 0ms)


> @detran/est-crash@0.0.1 test:integration /Users/aarusso/.codex/worktrees/stynx-canonical/detran/backend/domains/est/crash
> DETRAN_TEST_TIER=integration vitest run --config vitest.config.ts


 RUN  v4.1.11 /Users/aarusso/.codex/worktrees/stynx-canonical/detran/backend/domains/est/crash


 Test Files  1 passed (1)
      Tests  21 passed (21)
   Start at  23:18:27
   Duration  1.21s (transform 20ms, setup 0ms, import 40ms, tests 1.09s, environment 0ms)


> @detran/inf-ait@0.0.1 test:integration /Users/aarusso/.codex/worktrees/stynx-canonical/detran/backend/domains/inf/ait
> DETRAN_TEST_TIER=integration vitest run --config vitest.config.ts


 RUN  v4.1.11 /Users/aarusso/.codex/worktrees/stynx-canonical/detran/backend/domains/inf/ait


 Test Files  3 passed (3)
      Tests  25 passed (25)
   Start at  23:18:29
   Duration  2.25s (transform 233ms, setup 0ms, import 606ms, tests 1.38s, environment 0ms)


> @detran/inf-measures@0.0.1 test:integration /Users/aarusso/.codex/worktrees/stynx-canonical/detran/backend/domains/inf/measures
> DETRAN_TEST_TIER=integration vitest run --config vitest.config.ts


 RUN  v4.1.11 /Users/aarusso/.codex/worktrees/stynx-canonical/detran/backend/domains/inf/measures


 Test Files  1 passed (1)
      Tests  6 passed (6)
   Start at  23:18:32
   Duration  822ms (transform 102ms, setup 0ms, import 49ms, tests 686ms, environment 0ms)


> @detran/inf-alcohol@0.0.1 test:integration /Users/aarusso/.codex/worktrees/stynx-canonical/detran/backend/domains/inf/alcohol
> DETRAN_TEST_TIER=integration vitest run --config vitest.config.ts


 RUN  v4.1.11 /Users/aarusso/.codex/worktrees/stynx-canonical/detran/backend/domains/inf/alcohol


 Test Files  1 passed (1)
      Tests  5 passed (5)
   Start at  23:18:33
   Duration  957ms (transform 194ms, setup 0ms, import 44ms, tests 826ms, environment 0ms)


> @detran/ops-parameter@0.0.1 test:integration /Users/aarusso/.codex/worktrees/stynx-canonical/detran/backend/domains/ops/parameter
> DETRAN_TEST_TIER=integration vitest run --config vitest.config.ts


 RUN  v4.1.11 /Users/aarusso/.codex/worktrees/stynx-canonical/detran/backend/domains/ops/parameter


 Test Files  1 passed (1)
      Tests  1 passed (1)
   Start at  23:18:34
   Duration  234ms (transform 13ms, setup 0ms, import 30ms, tests 117ms, environment 0ms)


> @detran/ops-agency@0.0.1 test:integration /Users/aarusso/.codex/worktrees/stynx-canonical/detran/backend/domains/ops/agency
> DETRAN_TEST_TIER=integration vitest run --config vitest.config.ts


 RUN  v4.1.11 /Users/aarusso/.codex/worktrees/stynx-canonical/detran/backend/domains/ops/agency

No test files found, exiting with code 0

include: tests/integration/**/*.integration.spec.ts
exclude:  **/node_modules/**, **/.git/**


> @detran/ops-field@0.0.1 test:integration /Users/aarusso/.codex/worktrees/stynx-canonical/detran/backend/domains/ops/field
> DETRAN_TEST_TIER=integration vitest run --config vitest.config.ts


 RUN  v4.1.11 /Users/aarusso/.codex/worktrees/stynx-canonical/detran/backend/domains/ops/field


 Test Files  2 passed (2)
      Tests  13 passed (13)
   Start at  23:18:36
   Duration  1.59s (transform 120ms, setup 0ms, import 70ms, tests 1.35s, environment 0ms)


> @detran/ops-snapshots@0.0.1 test:integration /Users/aarusso/.codex/worktrees/stynx-canonical/detran/backend/domains/ops/snapshots
> DETRAN_TEST_TIER=integration vitest run --config vitest.config.ts


 RUN  v4.1.11 /Users/aarusso/.codex/worktrees/stynx-canonical/detran/backend/domains/ops/snapshots


 Test Files  2 passed (2)
      Tests  2 passed (2)
   Start at  23:18:38
   Duration  837ms (transform 98ms, setup 0ms, import 46ms, tests 621ms, environment 0ms)


> @detran/ops-evidence@0.0.1 test:integration /Users/aarusso/.codex/worktrees/stynx-canonical/detran/backend/domains/ops/evidence
> DETRAN_TEST_TIER=integration vitest run --config vitest.config.ts


 RUN  v4.1.11 /Users/aarusso/.codex/worktrees/stynx-canonical/detran/backend/domains/ops/evidence


 Test Files  4 passed (4)
      Tests  5 passed (5)
   Start at  23:18:39
   Duration  2.83s (transform 116ms, setup 0ms, import 101ms, tests 2.40s, environment 0ms)


> @detran/ops-offline-sync@0.0.1 test:integration /Users/aarusso/.codex/worktrees/stynx-canonical/detran/backend/domains/ops/offline-sync
> DETRAN_TEST_TIER=integration vitest run --config vitest.config.ts


 RUN  v4.1.11 /Users/aarusso/.codex/worktrees/stynx-canonical/detran/backend/domains/ops/offline-sync


 Test Files  5 passed (5)
      Tests  45 passed (45)
   Start at  23:18:42
   Duration  4.00s (transform 183ms, setup 0ms, import 150ms, tests 3.43s, environment 0ms)


> @detran/ops-provisioning@0.0.1 test:integration /Users/aarusso/.codex/worktrees/stynx-canonical/detran/backend/domains/ops/provisioning
> DETRAN_TEST_TIER=integration vitest run --config vitest.config.ts


 RUN  v4.1.11 /Users/aarusso/.codex/worktrees/stynx-canonical/detran/backend/domains/ops/provisioning


 Test Files  4 passed (4)
      Tests  694 passed (694)
   Start at  23:18:47
   Duration  220.48s (transform 161ms, setup 0ms, import 1.81s, tests 218.30s, environment 0ms)


> @detran/inf-normative@0.0.1 test:integration /Users/aarusso/.codex/worktrees/stynx-canonical/detran/backend/domains/inf/normative
> DETRAN_TEST_TIER=integration vitest run --config vitest.config.ts


 RUN  v4.1.11 /Users/aarusso/.codex/worktrees/stynx-canonical/detran/backend/domains/inf/normative


 Test Files  2 passed (2)
      Tests  3 passed (3)
   Start at  23:22:28
   Duration  1.40s (transform 109ms, setup 0ms, import 63ms, tests 1.16s, environment 0ms)


> @detran/inf-infraction@0.0.1 test:integration /Users/aarusso/.codex/worktrees/stynx-canonical/detran/backend/domains/inf/infraction
> DETRAN_TEST_TIER=integration vitest run --config vitest.config.ts


 RUN  v4.1.11 /Users/aarusso/.codex/worktrees/stynx-canonical/detran/backend/domains/inf/infraction


 Test Files  1 passed (1)
      Tests  7 passed (7)
   Start at  23:22:29
   Duration  288ms (transform 16ms, setup 0ms, import 35ms, tests 161ms, environment 0ms)


> @detran/inf-notification@0.0.1 test:integration /Users/aarusso/.codex/worktrees/stynx-canonical/detran/backend/domains/inf/notification
> DETRAN_TEST_TIER=integration vitest run --config vitest.config.ts


 RUN  v4.1.11 /Users/aarusso/.codex/worktrees/stynx-canonical/detran/backend/domains/inf/notification


 Test Files  1 passed (1)
      Tests  7 passed (7)
   Start at  23:22:30
   Duration  286ms (transform 15ms, setup 0ms, import 35ms, tests 163ms, environment 0ms)


> @detran/inf-collection@0.0.1 test:integration /Users/aarusso/.codex/worktrees/stynx-canonical/detran/backend/domains/inf/collection
> DETRAN_TEST_TIER=integration vitest run --config vitest.config.ts


 RUN  v4.1.11 /Users/aarusso/.codex/worktrees/stynx-canonical/detran/backend/domains/inf/collection


 Test Files  1 passed (1)
      Tests  20 passed (20)
   Start at  23:22:31
   Duration  325ms (transform 19ms, setup 0ms, import 39ms, tests 197ms, environment 0ms)


> @detran/inf-rait-case@0.0.1 test:integration /Users/aarusso/.codex/worktrees/stynx-canonical/detran/backend/domains/inf/rait-case
> DETRAN_TEST_TIER=integration vitest run --config vitest.config.ts "--exclude" "**/rait-priority-upgrade.integration.spec.ts" "--passWithNoTests=false"


 RUN  v4.1.11 /Users/aarusso/.codex/worktrees/stynx-canonical/detran/backend/domains/inf/rait-case


 Test Files  4 passed (4)
      Tests  33 passed (33)
   Start at  23:22:32
   Duration  19.41s (transform 38ms, setup 0ms, import 117ms, tests 18.93s, environment 0ms)


> @detran/inf-rait-worklist@0.0.1 test:integration /Users/aarusso/.codex/worktrees/stynx-canonical/detran/backend/domains/inf/rait-worklist
> DETRAN_TEST_TIER=integration vitest run --config vitest.config.ts


 RUN  v4.1.11 /Users/aarusso/.codex/worktrees/stynx-canonical/detran/backend/domains/inf/rait-worklist


 Test Files  5 passed (5)
      Tests  42 passed (42)
   Start at  23:22:52
   Duration  2.04s (transform 334ms, setup 0ms, import 109ms, tests 1.49s, environment 0ms)


> @detran/inf-rait-session@0.0.1 test:integration /Users/aarusso/.codex/worktrees/stynx-canonical/detran/backend/domains/inf/rait-session
> DETRAN_TEST_TIER=integration vitest run --config vitest.config.ts


 RUN  v4.1.11 /Users/aarusso/.codex/worktrees/stynx-canonical/detran/backend/domains/inf/rait-session


 Test Files  4 passed (4)
      Tests  15 passed (15)
   Start at  23:22:54
   Duration  1.93s (transform 325ms, setup 0ms, import 83ms, tests 1.50s, environment 0ms)


> @detran/inf-rait-org@0.0.1 test:integration /Users/aarusso/.codex/worktrees/stynx-canonical/detran/backend/domains/inf/rait-org
> DETRAN_TEST_TIER=integration vitest run --config vitest.config.ts


 RUN  v4.1.11 /Users/aarusso/.codex/worktrees/stynx-canonical/detran/backend/domains/inf/rait-org


 Test Files  1 passed (1)
      Tests  25 passed (25)
   Start at  23:22:56
   Duration  371ms (transform 19ms, setup 0ms, import 40ms, tests 240ms, environment 0ms)


> @detran/inf-rait-integration@0.0.1 test:integration /Users/aarusso/.codex/worktrees/stynx-canonical/detran/backend/domains/inf/rait-integration
> DETRAN_TEST_TIER=integration vitest run --config vitest.config.ts


 RUN  v4.1.11 /Users/aarusso/.codex/worktrees/stynx-canonical/detran/backend/domains/inf/rait-integration


 Test Files  1 passed (1)
      Tests  11 passed (11)
   Start at  23:22:57
   Duration  282ms (transform 16ms, setup 0ms, import 36ms, tests 154ms, environment 0ms)


> @detran/portal-identity@0.0.1 test:integration /Users/aarusso/.codex/worktrees/stynx-canonical/detran/backend/domains/portal/identity
> DETRAN_TEST_TIER=integration vitest run --config vitest.config.ts


 RUN  v4.1.11 /Users/aarusso/.codex/worktrees/stynx-canonical/detran/backend/domains/portal/identity


 Test Files  2 passed (2)
      Tests  11 passed (11)
   Start at  23:22:58
   Duration  501ms (transform 22ms, setup 0ms, import 61ms, tests 262ms, environment 0ms)


> @detran/portal-requests@0.0.1 test:integration /Users/aarusso/.codex/worktrees/stynx-canonical/detran/backend/domains/portal/requests
> DETRAN_TEST_TIER=integration vitest run --config vitest.config.ts


 RUN  v4.1.11 /Users/aarusso/.codex/worktrees/stynx-canonical/detran/backend/domains/portal/requests


 Test Files  1 passed (1)
      Tests  3 passed (3)
   Start at  23:22:59
   Duration  990ms (transform 220ms, setup 0ms, import 687ms, tests 215ms, environment 0ms)


> @detran/portal-inbox@0.0.1 test:integration /Users/aarusso/.codex/worktrees/stynx-canonical/detran/backend/domains/portal/inbox
> DETRAN_TEST_TIER=integration vitest run --config vitest.config.ts


 RUN  v4.1.11 /Users/aarusso/.codex/worktrees/stynx-canonical/detran/backend/domains/portal/inbox


 Test Files  1 passed (1)
      Tests  2 passed (2)
   Start at  23:23:00
   Duration  1.06s (transform 289ms, setup 0ms, import 773ms, tests 191ms, environment 0ms)


> @detran/portal-citizen-service@0.0.1 test:integration /Users/aarusso/.codex/worktrees/stynx-canonical/detran/backend/domains/portal/citizen-service
> DETRAN_TEST_TIER=integration vitest run --config vitest.config.ts


 RUN  v4.1.11 /Users/aarusso/.codex/worktrees/stynx-canonical/detran/backend/domains/portal/citizen-service


 Test Files  1 passed (1)
      Tests  1 passed (1)
   Start at  23:23:02
   Duration  836ms (transform 188ms, setup 0ms, import 657ms, tests 83ms, environment 0ms)


> @detran/portal-projections@0.0.1 test:integration /Users/aarusso/.codex/worktrees/stynx-canonical/detran/backend/domains/portal/projections
> DETRAN_TEST_TIER=integration vitest run --config vitest.config.ts


 RUN  v4.1.11 /Users/aarusso/.codex/worktrees/stynx-canonical/detran/backend/domains/portal/projections

(node:887) DeprecationWarning: Calling client.query() when the client is already executing a query is deprecated and will be removed in pg@9.0. Use async/await or an external async flow control mechanism instead.
(Use `node --trace-deprecation ...` to show where the warning was created)

 Test Files  1 passed (1)
      Tests  7 passed (7)
   Start at  23:23:03
   Duration  1.23s (transform 234ms, setup 0ms, import 710ms, tests 425ms, environment 0ms)


> @detran/dashboard-monitor@0.0.1 test:integration /Users/aarusso/.codex/worktrees/stynx-canonical/detran/backend/domains/dashboard/monitor
> DETRAN_TEST_TIER=integration vitest run --config vitest.config.ts


 RUN  v4.1.11 /Users/aarusso/.codex/worktrees/stynx-canonical/detran/backend/domains/dashboard/monitor


 Test Files  14 passed (14)
      Tests  430 passed (430)
   Start at  23:23:05
   Duration  11.90s (transform 347ms, setup 0ms, import 4.02s, tests 6.64s, environment 1ms)


> detran@0.0.1 backend:test:prepare-legacy /Users/aarusso/.codex/worktrees/stynx-canonical/detran
> node backend/database/tests/prepare-rait-priority-upgraded-legacy.mjs

upgraded legacy fixture: 20 cases and priority schema verified

> detran@0.0.1 backend:test:e2e /Users/aarusso/.codex/worktrees/stynx-canonical/detran
> pnpm --filter @detran/app test:e2e && pnpm --filter @detran/ops-agency test:e2e && pnpm --filter @detran/ops-field test:e2e && pnpm --filter @detran/ops-snapshots test:e2e && pnpm --filter @detran/ops-evidence test:e2e && pnpm --filter @detran/ops-offline-sync test:e2e && pnpm --filter @detran/ops-provisioning test:e2e && pnpm --filter @detran/inf-ait test:e2e && pnpm --filter @detran/portal-identity test:e2e && pnpm --filter @detran/portal-requests test:e2e && pnpm --filter @detran/portal-inbox test:e2e && pnpm --filter @detran/portal-citizen-service test:e2e && pnpm --filter @detran/portal-projections test:e2e && pnpm --filter @detran/dashboard-monitor test:e2e


> @detran/app@0.0.1 test:e2e /Users/aarusso/.codex/worktrees/stynx-canonical/detran/backend/app
> DETRAN_TEST_TIER=e2e vitest run


 RUN  v4.1.11 /Users/aarusso/.codex/worktrees/stynx-canonical/detran/backend/app

[2026-09-27 23:23:32.293 -0300] INFO (2280): request completed
    route: "/v1/portal/identity/me"
    method: "GET"
    status: 200
    duration_ms: 149
[2026-09-27 23:23:32.312 -0300] INFO (2280): request completed
    route: "/v1/portal/identity/me"
    method: "GET"
    status: 200
    duration_ms: 16
[2026-09-27 23:23:32.325 -0300] INFO (2280): request completed
    route: "/v1/portal/identity/me"
    method: "GET"
    status: 200
    duration_ms: 11
[2026-09-27 23:23:32.363 -0300] INFO (2280): request completed
    route: "/v1/portal/aits/00000000-0000-7000-8000-0000f0000002"
    method: "GET"
    status: 200
    duration_ms: 13
[2026-09-27 23:23:32.373 -0300] INFO (2280): request completed
    route: "/v1/portal/services/defesa_previa"
    method: "GET"
    status: 200
    duration_ms: 8
[2026-09-27 23:23:32.397 -0300] INFO (2280): request completed
    route: "/v1/portal/requests"
    method: "POST"
    status: 422
    duration_ms: 17
[2026-09-27 23:23:32.412 -0300] INFO (2280): request completed
    route: "/v1/portal/requests"
    method: "POST"
    status: 422
    duration_ms: 13
[2026-09-27 23:23:32.422 -0300] INFO (2280): request completed
    route: "/v1/portal/aits/00000000-0000-7000-8000-0000f0000002"
    method: "GET"
    status: 200
    duration_ms: 9
[2026-09-27 23:23:32.428 -0300] INFO (2280): request completed
    route: "/v1/portal/services/indicacao_condutor"
    method: "GET"
    status: 200
    duration_ms: 5
[2026-09-27 23:23:32.440 -0300] INFO (2280): request completed
    route: "/v1/portal/requests"
    method: "POST"
    status: 422
    duration_ms: 11
[2026-09-27 23:23:32.455 -0300] INFO (2280): request completed
    route: "/v1/portal/requests"
    method: "POST"
    status: 422
    duration_ms: 13
[2026-09-27 23:23:32.477 -0300] INFO (2280): request completed
    route: "/v1/portal/requests?state=PROTOCOLADO&kind=defesa_previa&periodFrom=2026-01-01&periodTo=2026-12-31"
    method: "GET"
    status: 200
    duration_ms: 21
[2026-09-27 23:23:32.491 -0300] INFO (2280): request completed
    route: "/v1/portal/requests/00000000-0000-7000-8000-000070400e09"
    method: "GET"
    status: 200
    duration_ms: 12
[2026-09-27 23:23:32.506 -0300] INFO (2280): request completed
    route: "/v1/portal/requests/00000000-0000-7000-8000-000070400e09/decision"
    method: "GET"
    status: 200
    duration_ms: 14
[2026-09-27 23:23:32.517 -0300] INFO (2280): request completed
    route: "/v1/portal/requests/00000000-0000-7000-8000-000070400e09"
    method: "GET"
    status: 200
    duration_ms: 10
[2026-09-27 23:23:32.538 -0300] INFO (2280): request completed
    route: "/v1/portal/requests"
    method: "POST"
    status: 422
    duration_ms: 19
[2026-09-27 23:23:32.558 -0300] INFO (2280): request completed
    route: "/v1/portal/aits?status=em_recurso&page=1"
    method: "GET"
    status: 200
    duration_ms: 19
[2026-09-27 23:23:32.566 -0300] INFO (2280): request completed
    route: "/v1/portal/aits/00000000-0000-7000-8000-0000f0000001"
    method: "GET"
    status: 200
    duration_ms: 7
[2026-09-27 23:23:32.573 -0300] INFO (2280): request completed
    route: "/v1/portal/aits/00000000-0000-7000-8000-0000f0000001/points"
    method: "GET"
    status: 200
    duration_ms: 6
[2026-09-27 23:23:32.581 -0300] INFO (2280): request completed
    route: "/v1/portal/points-summary"
    method: "GET"
    status: 200
    duration_ms: 7
[2026-09-27 23:23:32.595 -0300] INFO (2280): request completed
    route: "/v1/portal/sne/enrollment"
    method: "GET"
    status: 200
    duration_ms: 13
[2026-09-27 23:23:32.603 -0300] INFO (2280): request completed
    route: "/v1/portal/sne/enrollment"
    method: "GET"
    status: 200
    duration_ms: 6
[2026-09-27 23:23:32.610 -0300] INFO (2280): request completed
    route: "/v1/portal/sne/enrollment"
    method: "GET"
    status: 200
    duration_ms: 6
[2026-09-27 23:23:32.651 -0300] INFO (2280): request completed
    route: "/v1/portal/sne/enrollment"
    method: "DELETE"
    status: 200
    duration_ms: 40
[2026-09-27 23:23:32.765 -0300] INFO (2280): request completed
    route: "/v1/portal/sne/enrollment"
    method: "POST"
    status: 201
    duration_ms: 112
[2026-09-27 23:23:32.776 -0300] INFO (2280): request completed
    route: "/v1/portal/sne/enrollment"
    method: "POST"
    status: 409
    duration_ms: 10
[2026-09-27 23:23:32.789 -0300] INFO (2280): request completed
    route: "/v1/portal/sne/enrollment"
    method: "POST"
    status: 201
    duration_ms: 12
[2026-09-27 23:23:32.798 -0300] INFO (2280): request completed
    route: "/v1/portal/sne/enrollment"
    method: "POST"
    status: 409
    duration_ms: 8
[2026-09-27 23:23:32.824 -0300] INFO (2280): request completed
    route: "/v1/portal/documents/cnh"
    method: "GET"
    status: 200
    duration_ms: 25
[2026-09-27 23:23:32.849 -0300] INFO (2280): request completed
    route: "/v1/portal/vehicles"
    method: "GET"
    status: 200
    duration_ms: 24
[2026-09-27 23:23:32.860 -0300] INFO (2280): request completed
    route: "/v1/portal/vehicles/00000000-0000-7000-8000-00007ff00001/clearance"
    method: "GET"
    status: 503
    duration_ms: 9
[2026-09-27 23:23:32.884 -0300] INFO (2280): request completed
    route: "/v1/portal/vehicles/00000000-0000-7000-8000-00007ff00001/crlv-e"
    method: "POST"
    status: 422
    duration_ms: 22
[2026-09-27 23:23:32.895 -0300] INFO (2280): request completed
    route: "/v1/portal/documents/cnh"
    method: "GET"
    status: 200
    duration_ms: 10
[2026-09-27 23:23:32.906 -0300] INFO (2280): request completed
    route: "/v1/portal/documents/cnh"
    method: "GET"
    status: 200
    duration_ms: 9
[2026-09-27 23:23:32.917 -0300] INFO (2280): request completed
    route: "/v1/portal/vehicles"
    method: "GET"
    status: 200
    duration_ms: 10
[2026-09-27 23:23:32.930 -0300] INFO (2280): request completed
    route: "/v1/portal/crashes"
    method: "GET"
    status: 200
    duration_ms: 12
[2026-09-27 23:23:32.943 -0300] INFO (2280): request completed
    route: "/v1/portal/crashes/00000000-0000-7000-8000-00007ff00003"
    method: "GET"
    status: 200
    duration_ms: 12
[2026-09-27 23:23:32.954 -0300] INFO (2280): request completed
    route: "/v1/portal/crashes"
    method: "GET"
    status: 200
    duration_ms: 9
[2026-09-27 23:23:32.965 -0300] INFO (2280): request completed
    route: "/v1/portal/exams"
    method: "GET"
    status: 200
    duration_ms: 10
[2026-09-27 23:23:32.977 -0300] INFO (2280): request completed
    route: "/v1/portal/exams/00000000-0000-7000-8000-00007ff00002"
    method: "GET"
    status: 200
    duration_ms: 10
[2026-09-27 23:23:32.986 -0300] INFO (2280): request completed
    route: "/v1/portal/requests"
    method: "POST"
    status: 404
    duration_ms: 8
[2026-09-27 23:23:32.996 -0300] INFO (2280): request completed
    route: "/v1/portal/exams"
    method: "GET"
    status: 200
    duration_ms: 8
[2026-09-27 23:23:33.013 -0300] INFO (2280): request completed
    route: "/v1/portal/manifestations"
    method: "POST"
    status: 201
    duration_ms: 16
[2026-09-27 23:23:33.028 -0300] INFO (2280): request completed
    route: "/v1/portal/manifestations"
    method: "POST"
    status: 201
    duration_ms: 14
[2026-09-27 23:23:33.043 -0300] INFO (2280): request completed
    route: "/v1/portal/manifestations"
    method: "POST"
    status: 201
    duration_ms: 14
[2026-09-27 23:23:33.061 -0300] INFO (2280): request completed
    route: "/v1/portal/evaluations"
    method: "POST"
    status: 201
    duration_ms: 17
[2026-09-27 23:23:33.076 -0300] INFO (2280): request completed
    route: "/v1/portal/manifestations"
    method: "POST"
    status: 201
    duration_ms: 14
[2026-09-27 23:23:33.083 -0300] INFO (2280): request completed
    route: "/v1/portal/aits/00000000-0000-7000-8000-0000f0000005"
    method: "GET"
    status: 200
    duration_ms: 6
[2026-09-27 23:23:33.092 -0300] INFO (2280): request completed
    route: "/v1/portal/requests"
    method: "POST"
    status: 422
    duration_ms: 8
[2026-09-27 23:23:33.109 -0300] INFO (2280): request completed
    route: "/v1/portal/requests/00000000-0000-7000-8000-000070400e99/draft"
    method: "PUT"
    status: 404
    duration_ms: 16
[2026-09-27 23:23:33.120 -0300] INFO (2280): request completed
    route: "/v1/portal/requests/00000000-0000-7000-8000-000070400e99/submit"
    method: "POST"
    status: 404
    duration_ms: 10
[2026-09-27 23:23:33.128 -0300] INFO (2280): request completed
    route: "/v1/portal/requests"
    method: "POST"
    status: 422
    duration_ms: 7
[2026-09-27 23:23:33.139 -0300] INFO (2280): request completed
    route: "/v1/portal/requests"
    method: "POST"
    status: 422
    duration_ms: 8
[2026-09-27 23:23:33.151 -0300] INFO (2280): request completed
    route: "/v1/portal/identity/me"
    method: "GET"
    status: 200
    duration_ms: 9
[2026-09-27 23:23:33.160 -0300] INFO (2280): request completed
    route: "/v1/portal/requests"
    method: "POST"
    status: 422
    duration_ms: 8
[2026-09-27 23:23:33.168 -0300] INFO (2280): request completed
    route: "/v1/portal/requests"
    method: "POST"
    status: 422
    duration_ms: 7
[2026-09-27 23:23:33.177 -0300] INFO (2280): request completed
    route: "/v1/portal/requests"
    method: "POST"
    status: 422
    duration_ms: 8
[2026-09-27 23:23:33.187 -0300] INFO (2280): request completed
    route: "/v1/portal/identity/me"
    method: "GET"
    status: 200
    duration_ms: 8
[2026-09-27 23:23:35.144 -0300] INFO (3944): request completed
    route: "/v1/portal/identity/me"
    method: "GET"
    status: 200
    duration_ms: 151
[2026-09-27 23:23:35.165 -0300] INFO (3944): request completed
    route: "/v1/portal/identity/me"
    method: "GET"
    status: 200
    duration_ms: 18
[2026-09-27 23:23:35.177 -0300] INFO (3944): request completed
    route: "/v1/portal/identity/me"
    method: "GET"
    status: 200
    duration_ms: 11
[2026-09-27 23:23:35.225 -0300] INFO (3944): request completed
    route: "/v1/portal/documents/cnh"
    method: "GET"
    status: 200
    duration_ms: 24
[2026-09-27 23:23:35.239 -0300] INFO (3944): request completed
    route: "/v1/portal/documents/cnh"
    method: "GET"
    status: 200
    duration_ms: 12
[2026-09-27 23:23:35.289 -0300] INFO (3944): request completed
    route: "/v1/portal/sne/enrollment"
    method: "POST"
    status: 201
    duration_ms: 40
[2026-09-27 23:23:35.304 -0300] INFO (3944): request completed
    route: "/v1/portal/sne/enrollment"
    method: "GET"
    status: 200
    duration_ms: 7
[2026-09-27 23:23:35.311 -0300] INFO (3944): request completed
    route: "/v1/portal/sne/enrollment"
    method: "GET"
    status: 200
    duration_ms: 6
[2026-09-27 23:23:35.325 -0300] INFO (3944): request completed
    route: "/v1/portal/sne/enrollment"
    method: "POST"
    status: 400
    duration_ms: 13
[2026-09-27 23:23:35.355 -0300] INFO (3944): request completed
    route: "/v1/portal/sne/enrollment"
    method: "POST"
    status: 201
    duration_ms: 25
[2026-09-27 23:23:35.370 -0300] INFO (3944): request completed
    route: "/v1/portal/sne/enrollment"
    method: "POST"
    status: 201
    duration_ms: 14
[2026-09-27 23:23:35.381 -0300] INFO (3944): request completed
    route: "/v1/portal/sne/enrollment"
    method: "POST"
    status: 409
    duration_ms: 10
[2026-09-27 23:23:35.398 -0300] INFO (3944): request completed
    route: "/v1/portal/push-subscriptions"
    method: "POST"
    status: 201
    duration_ms: 16
[2026-09-27 23:23:35.412 -0300] INFO (3944): request completed
    route: "/v1/portal/push-subscriptions"
    method: "POST"
    status: 201
    duration_ms: 12
[2026-09-27 23:23:35.421 -0300] INFO (3944): request completed
    route: "/v1/portal/push-subscriptions"
    method: "POST"
    status: 409
    duration_ms: 8
[2026-09-27 23:23:35.433 -0300] INFO (3944): request completed
    route: "/v1/portal/documents/cnh"
    method: "GET"
    status: 200
    duration_ms: 11
[2026-09-27 23:23:35.450 -0300] INFO (3944): request completed
    route: "/v1/portal/vehicles"
    method: "GET"
    status: 200
    duration_ms: 16
[2026-09-27 23:23:35.461 -0300] INFO (3944): request completed
    route: "/v1/portal/vehicles/00000000-0000-7000-8000-00007ff00001/clearance"
    method: "GET"
    status: 503
    duration_ms: 9
[2026-09-27 23:23:35.486 -0300] INFO (3944): request completed
    route: "/v1/portal/vehicles/00000000-0000-7000-8000-00007ff00001/crlv-e"
    method: "POST"
    status: 422
    duration_ms: 24
[2026-09-27 23:23:35.499 -0300] INFO (3944): request completed
    route: "/v1/portal/push-subscriptions"
    method: "POST"
    status: 201
    duration_ms: 12
[2026-09-27 23:23:35.512 -0300] INFO (3944): request completed
    route: "/v1/portal/push-subscriptions"
    method: "POST"
    status: 201
    duration_ms: 12
[2026-09-27 23:23:35.536 -0300] INFO (3944): request completed
    route: "/v1/portal/push-subscriptions"
    method: "POST"
    status: 201
    duration_ms: 20
[2026-09-27 23:23:35.552 -0300] INFO (3944): request completed
    route: "/v1/portal/documents/cnh"
    method: "GET"
    status: 200
    duration_ms: 15
[2026-09-27 23:23:35.564 -0300] INFO (3944): request completed
    route: "/v1/portal/documents/cnh"
    method: "GET"
    status: 200
    duration_ms: 11
[2026-09-27 23:23:35.574 -0300] INFO (3944): request completed
    route: "/v1/portal/documents/cnh"
    method: "GET"
    status: 200
    duration_ms: 9
[2026-09-27 23:23:35.591 -0300] INFO (3944): request completed
    route: "/v1/portal/vehicles"
    method: "GET"
    status: 200
    duration_ms: 16
[2026-09-27 23:23:35.601 -0300] INFO (3944): request completed
    route: "/v1/portal/vehicles/a1204f2f-07f6-551a-9e82-0e28038d3049/clearance"
    method: "GET"
    status: 503
    duration_ms: 9
[2026-09-27 23:23:37.671 -0300] INFO (3953): request completed
    route: "/v1/portal/identity/me"
    method: "GET"
    status: 200
    duration_ms: 149
[2026-09-27 23:23:37.688 -0300] INFO (3953): request completed
    route: "/v1/portal/identity/me"
    method: "GET"
    status: 200
    duration_ms: 14
[2026-09-27 23:23:37.699 -0300] INFO (3953): request completed
    route: "/v1/portal/identity/me"
    method: "GET"
    status: 200
    duration_ms: 10
[2026-09-27 23:23:37.738 -0300] INFO (3953): request completed
    route: "/v1/portal/identity/assurance/elevations"
    method: "POST"
    status: 422
    duration_ms: 21
[2026-09-27 23:23:37.758 -0300] INFO (3953): request completed
    route: "/v1/portal/identity/assurance/elevations/21575d50-2c91-4785-b27b-94b15d204571/complete"
    method: "POST"
    status: 422
    duration_ms: 18
[2026-09-27 23:23:37.774 -0300] INFO (3953): request completed
    route: "/v1/portal/identity/assurance/elevations"
    method: "POST"
    status: 400
    duration_ms: 14
[2026-09-27 23:23:37.789 -0300] INFO (3953): request completed
    route: "/v1/portal/identity/assurance/elevations/nao-uuid/complete"
    method: "POST"
    status: 400
    duration_ms: 14
[2026-09-27 23:23:37.816 -0300] INFO (3953): request completed
    route: "/v1/portal/identity/representations"
    method: "POST"
    status: 201
    duration_ms: 25
[2026-09-27 23:23:37.842 -0300] INFO (3953): request completed
    route: "/v1/portal/identity/representations"
    method: "POST"
    status: 400
    duration_ms: 25
[2026-09-27 23:23:37.860 -0300] INFO (3953): request completed
    route: "/v1/portal/identity/representations"
    method: "POST"
    status: 403
    duration_ms: 16
[2026-09-27 23:23:37.866 -0300] INFO (3953): request completed
    route: "/v1/portal/identity/representations"
    method: "GET"
    status: 200
    duration_ms: 5
[2026-09-27 23:23:37.896 -0300] INFO (3953): request completed
    route: "/v1/portal/identity/representations/6d0cc59d-734e-42a5-b60a-3a64809db850"
    method: "DELETE"
    status: 200
    duration_ms: 29
[2026-09-27 23:23:37.906 -0300] INFO (3953): request completed
    route: "/v1/portal/identity/me"
    method: "GET"
    status: 200
    duration_ms: 9
[2026-09-27 23:23:37.924 -0300] INFO (3953): request completed
    route: "/v1/portal/identity/representations/04689d32-2ece-4c4d-8bff-46c571c71faa"
    method: "DELETE"
    status: 404
    duration_ms: 17
[2026-09-27 23:23:37.940 -0300] INFO (3953): request completed
    route: "/v1/portal/identity/preferences"
    method: "PUT"
    status: 428
    duration_ms: 14
[2026-09-27 23:23:37.959 -0300] INFO (3953): request completed
    route: "/v1/portal/identity/preferences"
    method: "PUT"
    status: 422
    duration_ms: 18
[2026-09-27 23:23:37.972 -0300] INFO (3953): request completed
    route: "/v1/portal/requests"
    method: "POST"
    status: 400
    duration_ms: 11
[2026-09-27 23:23:38.003 -0300] INFO (3953): request completed
    route: "/v1/portal/requests"
    method: "POST"
    status: 201
    duration_ms: 30
[2026-09-27 23:23:38.017 -0300] INFO (3953): request completed
    route: "/v1/portal/requests"
    method: "POST"
    status: 201
    duration_ms: 13
[2026-09-27 23:23:38.026 -0300] INFO (3953): request completed
    route: "/v1/portal/requests"
    method: "POST"
    status: 409
    duration_ms: 8
[2026-09-27 23:23:38.053 -0300] INFO (3953): request completed
    route: "/v1/portal/requests/239f696b-3521-4b6d-90bd-acd852a1d77c/withdraw"
    method: "POST"
    status: 200
    duration_ms: 27
[2026-09-27 23:23:38.063 -0300] INFO (3953): request completed
    route: "/v1/portal/requests"
    method: "POST"
    status: 422
    duration_ms: 8
[2026-09-27 23:23:38.073 -0300] INFO (3953): request completed
    route: "/v1/portal/requests"
    method: "POST"
    status: 422
    duration_ms: 9
[2026-09-27 23:23:38.084 -0300] INFO (3953): request completed
    route: "/v1/portal/requests"
    method: "POST"
    status: 404
    duration_ms: 10
[2026-09-27 23:23:38.093 -0300] INFO (3953): request completed
    route: "/v1/portal/requests"
    method: "POST"
    status: 404
    duration_ms: 8
[2026-09-27 23:23:38.108 -0300] INFO (3953): request completed
    route: "/v1/portal/requests"
    method: "POST"
    status: 201
    duration_ms: 14
[2026-09-27 23:23:38.126 -0300] INFO (3953): request completed
    route: "/v1/portal/requests/910264fd-0d34-435b-a669-2d759ab9a4f8/draft"
    method: "PUT"
    status: 428
    duration_ms: 17
[2026-09-27 23:23:38.146 -0300] INFO (3953): request completed
    route: "/v1/portal/requests/910264fd-0d34-435b-a669-2d759ab9a4f8/draft"
    method: "PUT"
    status: 200
    duration_ms: 19
[2026-09-27 23:23:38.172 -0300] INFO (3953): request completed
    route: "/v1/portal/requests/910264fd-0d34-435b-a669-2d759ab9a4f8/submit"
    method: "POST"
    status: 200
    duration_ms: 25
[2026-09-27 23:23:38.195 -0300] INFO (3953): request completed
    route: "/v1/portal/requests"
    method: "GET"
    status: 200
    duration_ms: 22
[2026-09-27 23:23:38.202 -0300] INFO (3953): request completed
    route: "/v1/portal/requests?state=INVENTADO"
    method: "GET"
    status: 400
    duration_ms: 5
[2026-09-27 23:23:38.215 -0300] INFO (3953): request completed
    route: "/v1/portal/requests/910264fd-0d34-435b-a669-2d759ab9a4f8"
    method: "GET"
    status: 200
    duration_ms: 12
[2026-09-27 23:23:38.238 -0300] INFO (3953): request completed
    route: "/v1/portal/requests/910264fd-0d34-435b-a669-2d759ab9a4f8/evaluation"
    method: "POST"
    status: 201
    duration_ms: 22
[2026-09-27 23:23:38.251 -0300] INFO (3953): request completed
    route: "/v1/portal/requests/910264fd-0d34-435b-a669-2d759ab9a4f8/evaluation"
    method: "POST"
    status: 409
    duration_ms: 11
[2026-09-27 23:23:38.272 -0300] INFO (3953): request completed
    route: "/v1/portal/requests"
    method: "POST"
    status: 201
    duration_ms: 19
[2026-09-27 23:23:38.294 -0300] INFO (3953): request completed
    route: "/v1/portal/requests/51185960-3b15-46e8-ae8b-383681d0e19f/draft"
    method: "PUT"
    status: 200
    duration_ms: 21
[2026-09-27 23:23:38.305 -0300] INFO (3953): request completed
    route: "/v1/portal/requests/51185960-3b15-46e8-ae8b-383681d0e19f/submit"
    method: "POST"
    status: 403
    duration_ms: 10
[2026-09-27 23:23:38.313 -0300] INFO (3953): request completed
    route: "/v1/portal/requests/51185960-3b15-46e8-ae8b-383681d0e19f"
    method: "GET"
    status: 200
    duration_ms: 7
[2026-09-27 23:23:38.349 -0300] INFO (3953): request completed
    route: "/v1/portal/requests/51185960-3b15-46e8-ae8b-383681d0e19f/submit"
    method: "POST"
    status: 200
    duration_ms: 35
[2026-09-27 23:23:38.356 -0300] INFO (3953): request completed
    route: "/v1/portal/sne/enrollment"
    method: "GET"
    status: 200
    duration_ms: 5
[2026-09-27 23:23:38.362 -0300] INFO (3953): request completed
    route: "/v1/portal/requests/51185960-3b15-46e8-ae8b-383681d0e19f"
    method: "GET"
    status: 404
    duration_ms: 5
[2026-09-27 23:23:38.663 -0300] INFO (3953): request completed
    route: "/v1/portal/requests"
    method: "POST"
    status: 201
    duration_ms: 156
[2026-09-27 23:23:38.688 -0300] INFO (3953): request completed
    route: "/v1/portal/requests/1d0f2c40-28c8-4441-a80f-3abc7a649558/submit"
    method: "POST"
    status: 502
    duration_ms: 24
[2026-09-27 23:23:38.697 -0300] INFO (3953): request completed
    route: "/v1/portal/requests/1d0f2c40-28c8-4441-a80f-3abc7a649558"
    method: "GET"
    status: 200
    duration_ms: 8
[2026-09-27 23:23:38.710 -0300] INFO (3953): request completed
    route: "/v1/portal/requests/1d0f2c40-28c8-4441-a80f-3abc7a649558/submit"
    method: "POST"
    status: 502
    duration_ms: 12
[2026-09-27 23:23:38.720 -0300] INFO (3953): request completed
    route: "/v1/portal/requests/1d0f2c40-28c8-4441-a80f-3abc7a649558/submit"
    method: "POST"
    status: 409
    duration_ms: 9
[2026-09-27 23:23:38.744 -0300] INFO (3953): request completed
    route: "/v1/portal/requests"
    method: "POST"
    status: 201
    duration_ms: 17
[2026-09-27 23:23:38.769 -0300] INFO (3953): request completed
    route: "/v1/portal/requests/57bd2ca3-f1ee-4ad0-b01c-56a1da79e8a4/withdraw"
    method: "POST"
    status: 200
    duration_ms: 24
[2026-09-27 23:23:38.777 -0300] INFO (3953): request completed
    route: "/v1/portal/requests/51185960-3b15-46e8-ae8b-383681d0e19f"
    method: "GET"
    status: 200
    duration_ms: 7
[2026-09-27 23:23:38.797 -0300] INFO (3953): request completed
    route: "/v1/portal/requests/51185960-3b15-46e8-ae8b-383681d0e19f/withdraw"
    method: "POST"
    status: 409
    duration_ms: 19
[2026-09-27 23:23:38.817 -0300] INFO (3953): request completed
    route: "/v1/portal/requests"
    method: "POST"
    status: 201
    duration_ms: 19
[2026-09-27 23:23:38.838 -0300] INFO (3953): request completed
    route: "/v1/portal/requests/59164ade-d86e-41b9-811f-289006dd4160/withdraw"
    method: "POST"
    status: 400
    duration_ms: 20
[2026-09-27 23:23:38.863 -0300] INFO (3953): request completed
    route: "/v1/portal/requests/59164ade-d86e-41b9-811f-289006dd4160/withdraw"
    method: "POST"
    status: 200
    duration_ms: 24
[2026-09-27 23:23:38.870 -0300] INFO (3953): request completed
    route: "/v1/portal/requests/910264fd-0d34-435b-a669-2d759ab9a4f8"
    method: "GET"
    status: 404
    duration_ms: 6
[2026-09-27 23:23:38.876 -0300] INFO (3953): request completed
    route: "/v1/portal/requests/910264fd-0d34-435b-a669-2d759ab9a4f8/receipt"
    method: "GET"
    status: 422
    duration_ms: 5
[2026-09-27 23:23:38.893 -0300] INFO (3953): request completed
    route: "/v1/portal/requests"
    method: "POST"
    status: 201
    duration_ms: 16
[2026-09-27 23:23:38.899 -0300] INFO (3953): request completed
    route: "/v1/portal/requests/c12649fa-373a-4b54-a046-18d215a6ca9f/receipt"
    method: "GET"
    status: 404
    duration_ms: 5
[2026-09-27 23:23:38.905 -0300] INFO (3953): request completed
    route: "/v1/portal/requests/910264fd-0d34-435b-a669-2d759ab9a4f8/decision"
    method: "GET"
    status: 404
    duration_ms: 5
[2026-09-27 23:23:38.926 -0300] INFO (3953): request completed
    route: "/v1/portal/requests/c12649fa-373a-4b54-a046-18d215a6ca9f/attachments"
    method: "POST"
    status: 422
    duration_ms: 20
[2026-09-27 23:23:38.950 -0300] INFO (3953): request completed
    route: "/v1/portal/requests/c12649fa-373a-4b54-a046-18d215a6ca9f/withdraw"
    method: "POST"
    status: 200
    duration_ms: 23
[2026-09-27 23:23:38.961 -0300] INFO (3953): request completed
    route: "/v1/portal/requests/51185960-3b15-46e8-ae8b-383681d0e19f/diligences/df14395c-2265-4334-8b7f-22d14b0c97a0/responses"
    method: "POST"
    status: 422
    duration_ms: 10
[2026-09-27 23:23:38.970 -0300] INFO (3953): request completed
    route: "/v1/portal/requests/51185960-3b15-46e8-ae8b-383681d0e19f/diligences/cda4a373-312e-4fca-886f-c30a3a5b2ae0/responses"
    method: "POST"
    status: 400
    duration_ms: 8
[2026-09-27 23:23:38.972 -0300] INFO (3953): request completed
    route: "/v1/portal/requests"
    method: "POST"
    status: 403
    duration_ms: 0
[2026-09-27 23:23:38.973 -0300] INFO (3953): request completed
    route: "/v1/portal/requests"
    method: "GET"
    status: 403
    duration_ms: 0
[2026-09-27 23:23:41.052 -0300] INFO (3979): request completed
    route: "/v1/portal/identity/me"
    method: "GET"
    status: 200
    duration_ms: 151
[2026-09-27 23:23:41.067 -0300] INFO (3979): request completed
    route: "/v1/portal/identity/me"
    method: "GET"
    status: 200
    duration_ms: 12
[2026-09-27 23:23:41.078 -0300] INFO (3979): request completed
    route: "/v1/portal/identity/me"
    method: "GET"
    status: 200
    duration_ms: 10
[2026-09-27 23:23:41.109 -0300] INFO (3979): request completed
    route: "/v1/portal/aits"
    method: "GET"
    status: 200
    duration_ms: 14
[2026-09-27 23:23:41.120 -0300] INFO (3979): request completed
    route: "/v1/portal/aits?status=em_recurso"
    method: "GET"
    status: 200
    duration_ms: 8
[2026-09-27 23:23:41.128 -0300] INFO (3979): request completed
    route: "/v1/portal/aits?vehicle=FIX2E02"
    method: "GET"
    status: 200
    duration_ms: 7
[2026-09-27 23:23:41.131 -0300] INFO (3979): request completed
    route: "/v1/portal/aits?status=xyz"
    method: "GET"
    status: 400
    duration_ms: 2
[2026-09-27 23:23:41.139 -0300] INFO (3979): request completed
    route: "/v1/portal/aits?page=2&pageSize=5"
    method: "GET"
    status: 200
    duration_ms: 6
[2026-09-27 23:23:41.147 -0300] INFO (3979): request completed
    route: "/v1/portal/aits"
    method: "GET"
    status: 200
    duration_ms: 6
[2026-09-27 23:23:41.155 -0300] INFO (3979): request completed
    route: "/v1/portal/aits/00000000-0000-7000-8000-0000f0000002"
    method: "GET"
    status: 404
    duration_ms: 6
[2026-09-27 23:23:41.157 -0300] INFO (3979): request completed
    route: "/v1/portal/aits/nao-uuid"
    method: "GET"
    status: 400
    duration_ms: 0
[2026-09-27 23:23:41.168 -0300] INFO (3979): request completed
    route: "/v1/portal/aits/00000000-0000-7000-8000-0000f0000002"
    method: "GET"
    status: 200
    duration_ms: 7
[2026-09-27 23:23:41.176 -0300] INFO (3979): request completed
    route: "/v1/portal/aits/00000000-0000-7000-8000-0000f0000001"
    method: "GET"
    status: 404
    duration_ms: 6
[2026-09-27 23:23:41.182 -0300] INFO (3979): request completed
    route: "/v1/portal/aits/00000000-0000-7000-8000-0000f0000002/points"
    method: "GET"
    status: 200
    duration_ms: 6
[2026-09-27 23:23:41.189 -0300] INFO (3979): request completed
    route: "/v1/portal/points-summary"
    method: "GET"
    status: 200
    duration_ms: 6
[2026-09-27 23:23:41.198 -0300] INFO (3979): request completed
    route: "/v1/portal/points-summary"
    method: "GET"
    status: 200
    duration_ms: 5
[2026-09-27 23:23:41.207 -0300] INFO (3979): request completed
    route: "/v1/portal/inbox"
    method: "GET"
    status: 200
    duration_ms: 8
[2026-09-27 23:23:41.214 -0300] INFO (3979): request completed
    route: "/v1/portal/inbox?kind=informativo"
    method: "GET"
    status: 200
    duration_ms: 6
[2026-09-27 23:23:41.220 -0300] INFO (3979): request completed
    route: "/v1/portal/inbox?read=false"
    method: "GET"
    status: 200
    duration_ms: 5
[2026-09-27 23:23:41.225 -0300] INFO (3979): request completed
    route: "/v1/portal/inbox?kind=xyz"
    method: "GET"
    status: 400
    duration_ms: 4
[2026-09-27 23:23:41.268 -0300] INFO (3979): request completed
    route: "/v1/portal/inbox/00000000-0000-7000-8000-000070c000e1/read"
    method: "POST"
    status: 200
    duration_ms: 38
[2026-09-27 23:23:41.291 -0300] INFO (3979): request completed
    route: "/v1/portal/inbox/00000000-0000-7000-8000-000070c000e1/read"
    method: "POST"
    status: 200
    duration_ms: 22
[2026-09-27 23:23:41.325 -0300] INFO (3979): request completed
    route: "/v1/portal/inbox/00000000-0000-7000-8000-000070c000e3/read"
    method: "POST"
    status: 404
    duration_ms: 22
[2026-09-27 23:23:41.332 -0300] INFO (3979): request completed
    route: "/v1/portal/sne/enrollment"
    method: "GET"
    status: 200
    duration_ms: 5
[2026-09-27 23:23:41.344 -0300] INFO (3979): request completed
    route: "/v1/portal/sne/enrollment"
    method: "POST"
    status: 422
    duration_ms: 10
[2026-09-27 23:23:41.371 -0300] INFO (3979): request completed
    route: "/v1/portal/sne/enrollment"
    method: "POST"
    status: 201
    duration_ms: 26
[2026-09-27 23:23:41.384 -0300] INFO (3979): request completed
    route: "/v1/portal/sne/enrollment"
    method: "POST"
    status: 409
    duration_ms: 12
[2026-09-27 23:23:41.409 -0300] INFO (3979): request completed
    route: "/v1/portal/sne/enrollment"
    method: "DELETE"
    status: 200
    duration_ms: 24
[2026-09-27 23:23:41.427 -0300] INFO (3979): request completed
    route: "/v1/portal/sne/enrollment"
    method: "DELETE"
    status: 409
    duration_ms: 17
[2026-09-27 23:23:41.437 -0300] INFO (3979): request completed
    route: "/v1/portal/sne/enrollment"
    method: "POST"
    status: 403
    duration_ms: 9
[2026-09-27 23:23:41.445 -0300] INFO (3979): request completed
    route: "/v1/portal/sne/enrollment"
    method: "POST"
    status: 400
    duration_ms: 7
[2026-09-27 23:23:41.464 -0300] INFO (3979): request completed
    route: "/v1/portal/push-subscriptions"
    method: "POST"
    status: 201
    duration_ms: 15
[2026-09-27 23:23:41.479 -0300] INFO (3979): request completed
    route: "/v1/portal/push-subscriptions"
    method: "POST"
    status: 201
    duration_ms: 14
[2026-09-27 23:23:41.490 -0300] INFO (3979): request completed
    route: "/v1/portal/push-subscriptions"
    method: "POST"
    status: 400
    duration_ms: 8
[2026-09-27 23:23:41.504 -0300] INFO (3979): request completed
    route: "/v1/portal/documents/cnh"
    method: "GET"
    status: 200
    duration_ms: 13
[2026-09-27 23:23:41.516 -0300] INFO (3979): request completed
    route: "/v1/portal/documents/cnh"
    method: "GET"
    status: 200
    duration_ms: 11
[2026-09-27 23:23:41.521 -0300] INFO (3979): request completed
    route: "/v1/portal/documents/cnh?documentBytes=true"
    method: "GET"
    status: 422
    duration_ms: 4
[2026-09-27 23:23:41.532 -0300] INFO (3979): request completed
    route: "/v1/portal/vehicles"
    method: "GET"
    status: 200
    duration_ms: 10
[2026-09-27 23:23:41.538 -0300] INFO (3979): request completed
    route: "/v1/portal/vehicles/c62ede6f-d724-495b-9d56-f3600c21f6ae/clearance"
    method: "GET"
    status: 404
    duration_ms: 5
[2026-09-27 23:23:41.551 -0300] INFO (3979): request completed
    route: "/v1/portal/vehicles/00000000-0000-7000-8000-00007ff00001/clearance"
    method: "GET"
    status: 503
    duration_ms: 9
[2026-09-27 23:23:41.569 -0300] INFO (3979): request completed
    route: "/v1/portal/vehicles/00000000-0000-7000-8000-00007ff00001/crlv-e"
    method: "POST"
    status: 422
    duration_ms: 17
[2026-09-27 23:23:41.588 -0300] INFO (3979): request completed
    route: "/v1/portal/crashes"
    method: "GET"
    status: 200
    duration_ms: 10
[2026-09-27 23:23:41.599 -0300] INFO (3979): request completed
    route: "/v1/portal/exams"
    method: "GET"
    status: 200
    duration_ms: 10
[2026-09-27 23:23:41.605 -0300] INFO (3979): request completed
    route: "/v1/portal/crashes/00000000-0000-7000-8000-00007ff00003"
    method: "GET"
    status: 404
    duration_ms: 5
[2026-09-27 23:23:41.610 -0300] INFO (3979): request completed
    route: "/v1/portal/exams/00000000-0000-7000-8000-00007ff00002"
    method: "GET"
    status: 404
    duration_ms: 4
[2026-09-27 23:23:41.624 -0300] INFO (3979): request completed
    route: "/v1/portal/crashes/00000000-0000-7000-8000-00007ff00003"
    method: "GET"
    status: 200
    duration_ms: 8
[2026-09-27 23:23:41.634 -0300] INFO (3979): request completed
    route: "/v1/portal/exams/00000000-0000-7000-8000-00007ff00002"
    method: "GET"
    status: 200
    duration_ms: 8
[2026-09-27 23:23:41.642 -0300] INFO (3979): request completed
    route: "/v1/portal/crashes"
    method: "GET"
    status: 200
    duration_ms: 8
[2026-09-27 23:23:41.665 -0300] INFO (3979): request completed
    route: "/v1/portal/manifestations"
    method: "POST"
    status: 201
    duration_ms: 18
[2026-09-27 23:23:41.681 -0300] INFO (3979): request completed
    route: "/v1/portal/manifestations"
    method: "POST"
    status: 201
    duration_ms: 15
[2026-09-27 23:23:41.690 -0300] INFO (3979): request completed
    route: "/v1/portal/manifestations"
    method: "GET"
    status: 200
    duration_ms: 8
[2026-09-27 23:23:41.697 -0300] INFO (3979): request completed
    route: "/v1/portal/manifestations/96cebe10-25d1-4ce9-a9d9-7fc453182c0d"
    method: "GET"
    status: 200
    duration_ms: 6
[2026-09-27 23:23:41.704 -0300] INFO (3979): request completed
    route: "/v1/portal/manifestations"
    method: "POST"
    status: 400
    duration_ms: 6
[2026-09-27 23:23:41.719 -0300] INFO (3979): request completed
    route: "/v1/portal/manifestations"
    method: "POST"
    status: 201
    duration_ms: 14
[2026-09-27 23:23:41.726 -0300] INFO (3979): request completed
    route: "/v1/portal/manifestations"
    method: "POST"
    status: 400
    duration_ms: 6
[2026-09-27 23:23:41.727 -0300] INFO (3979): request completed
    route: "/v1/portal/manifestations"
    method: "GET"
    status: 403
    duration_ms: 0
[2026-09-27 23:23:41.750 -0300] INFO (3979): request completed
    route: "/v1/portal/manifestations/00000000-0000-7000-8000-000070700e01/acknowledge"
    method: "POST"
    status: 200
    duration_ms: 22
[2026-09-27 23:23:41.767 -0300] INFO (3979): request completed
    route: "/v1/portal/manifestations/00000000-0000-7000-8000-000070700e01/acknowledge"
    method: "POST"
    status: 409
    duration_ms: 16
[2026-09-27 23:23:41.786 -0300] INFO (3979): request completed
    route: "/v1/portal/evaluations"
    method: "POST"
    status: 201
    duration_ms: 18
[2026-09-27 23:23:41.797 -0300] INFO (3979): request completed
    route: "/v1/portal/evaluations"
    method: "POST"
    status: 409
    duration_ms: 9
[2026-09-27 23:23:41.806 -0300] INFO (3979): request completed
    route: "/v1/portal/evaluations"
    method: "POST"
    status: 409
    duration_ms: 8
[2026-09-27 23:23:41.824 -0300] INFO (3979): request completed
    route: "/v1/portal/evaluations"
    method: "POST"
    status: 201
    duration_ms: 17
[2026-09-27 23:23:41.838 -0300] INFO (3979): request completed
    route: "/v1/portal/evaluations"
    method: "POST"
    status: 404
    duration_ms: 13
[2026-09-27 23:23:41.847 -0300] INFO (3979): request completed
    route: "/v1/portal/service-charter/manifestar/deadline"
    method: "GET"
    status: 200
    duration_ms: 5
[2026-09-27 23:23:41.854 -0300] INFO (3979): request completed
    route: "/v1/portal/service-charter/nao_existe/deadline"
    method: "GET"
    status: 404
    duration_ms: 5
[2026-09-27 23:23:43.741 -0300] INFO (5018): request completed
    route: "/v1/dashboard/alerts"
    method: "GET"
    status: 403
    duration_ms: 73
[2026-09-27 23:23:43.768 -0300] INFO (5018): request completed
    route: "/v1/dashboard/alerts/00000000-0000-7000-8000-000081000102"
    method: "GET"
    status: 403
    duration_ms: 25
[2026-09-27 23:23:43.778 -0300] INFO (5018): request completed
    route: "/v1/dashboard/alerts"
    method: "GET"
    status: 403
    duration_ms: 1
[2026-09-27 23:23:43.780 -0300] INFO (5018): request completed
    route: "/v1/dashboard/alerts/00000000-0000-7000-8000-000081000102"
    method: "GET"
    status: 403
    duration_ms: 1
[2026-09-27 23:23:43.781 -0300] INFO (5018): request completed
    route: "/v1/dashboard/stream"
    method: "GET"
    status: 403
    duration_ms: 0
[2026-09-27 23:23:43.783 -0300] INFO (5018): request completed
    route: "/v1/dashboard/alerts"
    method: "GET"
    status: 403
    duration_ms: 1
[2026-09-27 23:23:43.784 -0300] INFO (5018): request completed
    route: "/v1/dashboard/alerts/00000000-0000-7000-8000-000081000102"
    method: "GET"
    status: 403
    duration_ms: 0
[2026-09-27 23:23:43.785 -0300] INFO (5018): request completed
    route: "/v1/dashboard/stream"
    method: "GET"
    status: 403
    duration_ms: 0
[2026-09-27 23:23:43.787 -0300] INFO (5018): request completed
    route: "/v1/dashboard/alerts"
    method: "GET"
    status: 403
    duration_ms: 1
[2026-09-27 23:23:43.788 -0300] INFO (5018): request completed
    route: "/v1/dashboard/alerts/00000000-0000-7000-8000-000081000102"
    method: "GET"
    status: 403
    duration_ms: 1
[2026-09-27 23:23:43.788 -0300] INFO (5018): request completed
    route: "/v1/dashboard/stream"
    method: "GET"
    status: 403
    duration_ms: 0
[2026-09-27 23:23:43.790 -0300] INFO (5018): request completed
    route: "/v1/dashboard/alerts"
    method: "GET"
    status: 403
    duration_ms: 1
[2026-09-27 23:23:43.791 -0300] INFO (5018): request completed
    route: "/v1/dashboard/alerts/00000000-0000-7000-8000-000081000102"
    method: "GET"
    status: 403
    duration_ms: 1
[2026-09-27 23:23:43.792 -0300] INFO (5018): request completed
    route: "/v1/dashboard/stream"
    method: "GET"
    status: 403
    duration_ms: 1
[2026-09-27 23:23:43.793 -0300] INFO (5018): request completed
    route: "/v1/dashboard/alerts"
    method: "GET"
    status: 403
    duration_ms: 1
[2026-09-27 23:23:43.794 -0300] INFO (5018): request completed
    route: "/v1/dashboard/alerts/00000000-0000-7000-8000-000081000102"
    method: "GET"
    status: 403
    duration_ms: 1
[2026-09-27 23:23:43.794 -0300] INFO (5018): request completed
    route: "/v1/dashboard/stream"
    method: "GET"
    status: 403
    duration_ms: 0
[2026-09-27 23:23:43.835 -0300] INFO (5018): request completed
    route: "/v1/dashboard/alerts"
    method: "GET"
    status: 200
    duration_ms: 40
[2026-09-27 23:23:43.876 -0300] INFO (5018): request completed
    route: "/v1/dashboard/alerts/00000000-0000-7000-8000-000081000102"
    method: "GET"
    status: 200
    duration_ms: 40
[2026-09-27 23:23:43.976 -0300] INFO (5018): request completed
    route: "/v1/dashboard/alerts"
    method: "GET"
    status: 200
    duration_ms: 94
[2026-09-27 23:23:44.017 -0300] INFO (5018): request completed
    route: "/v1/dashboard/alerts/00000000-0000-7000-8000-000081000102"
    method: "GET"
    status: 200
    duration_ms: 40
[2026-09-27 23:23:44.023 -0300] INFO (5018): request completed
    route: "/v1/dashboard/alerts"
    method: "GET"
    status: 403
    duration_ms: 0
[2026-09-27 23:23:44.024 -0300] INFO (5018): request completed
    route: "/v1/dashboard/alerts/00000000-0000-7000-8000-000081000102"
    method: "GET"
    status: 403
    duration_ms: 0
[2026-09-27 23:23:44.026 -0300] INFO (5018): request completed
    route: "/v1/dashboard/stream"
    method: "GET"
    status: 403
    duration_ms: 1
[2026-09-27 23:23:44.035 -0300] INFO (5018): request completed
    route: "/v1/dashboard/alerts"
    method: "GET"
    status: 200
    duration_ms: 9
[2026-09-27 23:23:44.049 -0300] INFO (5018): request completed
    route: "/v1/dashboard/alerts/00000000-0000-7000-8000-000081000102"
    method: "GET"
    status: 200
    duration_ms: 13
[2026-09-27 23:23:44.054 -0300] INFO (5018): request completed
    route: "/v1/dashboard/alerts"
    method: "GET"
    status: 403
    duration_ms: 0
[2026-09-27 23:23:44.055 -0300] INFO (5018): request completed
    route: "/v1/dashboard/alerts/00000000-0000-7000-8000-000081000102"
    method: "GET"
    status: 403
    duration_ms: 0
[2026-09-27 23:23:44.056 -0300] INFO (5018): request completed
    route: "/v1/dashboard/stream"
    method: "GET"
    status: 403
    duration_ms: 0
[2026-09-27 23:23:44.057 -0300] INFO (5018): request completed
    route: "/v1/dashboard/alerts"
    method: "GET"
    status: 403
    duration_ms: 0
[2026-09-27 23:23:44.058 -0300] INFO (5018): request completed
    route: "/v1/dashboard/alerts/00000000-0000-7000-8000-000081000102"
    method: "GET"
    status: 403
    duration_ms: 0
[2026-09-27 23:23:44.059 -0300] INFO (5018): request completed
    route: "/v1/dashboard/stream"
    method: "GET"
    status: 403
    duration_ms: 1
[2026-09-27 23:23:44.059 -0300] INFO (5018): request completed
    route: "/v1/dashboard/alerts"
    method: "GET"
    status: 403
    duration_ms: 0
[2026-09-27 23:23:44.060 -0300] INFO (5018): request completed
    route: "/v1/dashboard/alerts/00000000-0000-7000-8000-000081000102"
    method: "GET"
    status: 403
    duration_ms: 0
[2026-09-27 23:23:44.061 -0300] INFO (5018): request completed
    route: "/v1/dashboard/stream"
    method: "GET"
    status: 403
    duration_ms: 0
[2026-09-27 23:23:44.065 -0300] INFO (5018): request completed
    route: "/v1/dashboard/alerts"
    method: "GET"
    status: 403
    duration_ms: 3
[2026-09-27 23:23:44.070 -0300] INFO (5018): request completed
    route: "/v1/dashboard/alerts/00000000-0000-7000-8000-000081000102"
    method: "GET"
    status: 403
    duration_ms: 4
[2026-09-27 23:23:44.075 -0300] INFO (5018): request completed
    route: "/v1/dashboard/alerts"
    method: "GET"
    status: 403
    duration_ms: 0
[2026-09-27 23:23:44.076 -0300] INFO (5018): request completed
    route: "/v1/dashboard/alerts/00000000-0000-7000-8000-000081000102"
    method: "GET"
    status: 403
    duration_ms: 0
[2026-09-27 23:23:44.081 -0300] INFO (5018): request completed
    route: "/v1/dashboard/stream"
    method: "GET"
    status: 403
    duration_ms: 0
[2026-09-27 23:23:44.083 -0300] INFO (5018): request completed
    route: "/v1/dashboard/alerts"
    method: "GET"
    status: 403
    duration_ms: 1
[2026-09-27 23:23:44.084 -0300] INFO (5018): request completed
    route: "/v1/dashboard/alerts/00000000-0000-7000-8000-000081000102"
    method: "GET"
    status: 403
    duration_ms: 0
[2026-09-27 23:23:44.085 -0300] INFO (5018): request completed
    route: "/v1/dashboard/stream"
    method: "GET"
    status: 403
    duration_ms: 1
[2026-09-27 23:23:44.085 -0300] INFO (5018): request completed
    route: "/v1/dashboard/alerts"
    method: "GET"
    status: 403
    duration_ms: 0
[2026-09-27 23:23:44.086 -0300] INFO (5018): request completed
    route: "/v1/dashboard/alerts/00000000-0000-7000-8000-000081000102"
    method: "GET"
    status: 403
    duration_ms: 0
[2026-09-27 23:23:44.087 -0300] INFO (5018): request completed
    route: "/v1/dashboard/stream"
    method: "GET"
    status: 403
    duration_ms: 0
[2026-09-27 23:23:44.088 -0300] INFO (5018): request completed
    route: "/v1/dashboard/alerts"
    method: "GET"
    status: 403
    duration_ms: 1
[2026-09-27 23:23:44.088 -0300] INFO (5018): request completed
    route: "/v1/dashboard/alerts/00000000-0000-7000-8000-000081000102"
    method: "GET"
    status: 403
    duration_ms: 0
[2026-09-27 23:23:44.089 -0300] INFO (5018): request completed
    route: "/v1/dashboard/stream"
    method: "GET"
    status: 403
    duration_ms: 0
[2026-09-27 23:23:44.098 -0300] INFO (5018): request completed
    route: "/v1/dashboard/alerts"
    method: "GET"
    status: 200
    duration_ms: 9
[2026-09-27 23:23:44.110 -0300] INFO (5018): request completed
    route: "/v1/dashboard/alerts/00000000-0000-7000-8000-000081000102"
    method: "GET"
    status: 200
    duration_ms: 11
[2026-09-27 23:23:44.122 -0300] INFO (5018): request completed
    route: "/v1/dashboard/alerts"
    method: "GET"
    status: 200
    duration_ms: 8
[2026-09-27 23:23:44.136 -0300] INFO (5018): request completed
    route: "/v1/dashboard/alerts/00000000-0000-7000-8000-000081000102"
    method: "GET"
    status: 200
    duration_ms: 13
[2026-09-27 23:23:44.147 -0300] INFO (5018): request completed
    route: "/v1/dashboard/alerts"
    method: "GET"
    status: 200
    duration_ms: 7
[2026-09-27 23:23:44.159 -0300] INFO (5018): request completed
    route: "/v1/dashboard/alerts/00000000-0000-7000-8000-000081000102"
    method: "GET"
    status: 200
    duration_ms: 11
[2026-09-27 23:23:44.163 -0300] INFO (5018): request completed
    route: "/v1/dashboard/alerts"
    method: "GET"
    status: 403
    duration_ms: 0
[2026-09-27 23:23:44.164 -0300] INFO (5018): request completed
    route: "/v1/dashboard/alerts/00000000-0000-7000-8000-000081000102"
    method: "GET"
    status: 403
    duration_ms: 0
[2026-09-27 23:23:44.166 -0300] INFO (5018): request completed
    route: "/v1/dashboard/stream"
    method: "GET"
    status: 403
    duration_ms: 1
[2026-09-27 23:23:44.167 -0300] INFO (5018): request completed
    route: "/v1/dashboard/alerts"
    method: "GET"
    status: 403
    duration_ms: 1
[2026-09-27 23:23:44.168 -0300] INFO (5018): request completed
    route: "/v1/dashboard/alerts/00000000-0000-7000-8000-000081000102"
    method: "GET"
    status: 403
    duration_ms: 1
[2026-09-27 23:23:44.168 -0300] INFO (5018): request completed
    route: "/v1/dashboard/stream"
    method: "GET"
    status: 403
    duration_ms: 0
[2026-09-27 23:23:44.169 -0300] INFO (5018): request completed
    route: "/v1/dashboard/alerts"
    method: "GET"
    status: 403
    duration_ms: 1
[2026-09-27 23:23:44.169 -0300] INFO (5018): request completed
    route: "/v1/dashboard/alerts/00000000-0000-7000-8000-000081000102"
    method: "GET"
    status: 403
    duration_ms: 0
[2026-09-27 23:23:44.170 -0300] INFO (5018): request completed
    route: "/v1/dashboard/stream"
    method: "GET"
    status: 403
    duration_ms: 0
[2026-09-27 23:23:44.178 -0300] INFO (5018): request completed
    route: "/v1/dashboard/alerts"
    method: "GET"
    status: 200
    duration_ms: 8
[2026-09-27 23:23:44.190 -0300] INFO (5018): request completed
    route: "/v1/dashboard/alerts/00000000-0000-7000-8000-000081000102"
    method: "GET"
    status: 200
    duration_ms: 11
[2026-09-27 23:23:44.195 -0300] INFO (5018): request completed
    route: "/v1/dashboard/alerts"
    method: "GET"
    status: 403
    duration_ms: 0
[2026-09-27 23:23:44.196 -0300] INFO (5018): request completed
    route: "/v1/dashboard/alerts/00000000-0000-7000-8000-000081000102"
    method: "GET"
    status: 403
    duration_ms: 0
[2026-09-27 23:23:44.197 -0300] INFO (5018): request completed
    route: "/v1/dashboard/stream"
    method: "GET"
    status: 403
    duration_ms: 0
[2026-09-27 23:23:44.198 -0300] INFO (5018): request completed
    route: "/v1/dashboard/alerts"
    method: "GET"
    status: 403
    duration_ms: 0
[2026-09-27 23:23:44.199 -0300] INFO (5018): request completed
    route: "/v1/dashboard/alerts/00000000-0000-7000-8000-000081000102"
    method: "GET"
    status: 403
    duration_ms: 0
[2026-09-27 23:23:44.199 -0300] INFO (5018): request completed
    route: "/v1/dashboard/stream"
    method: "GET"
    status: 403
    duration_ms: 0
[2026-09-27 23:23:44.200 -0300] INFO (5018): request completed
    route: "/v1/dashboard/alerts"
    method: "GET"
    status: 403
    duration_ms: 0
[2026-09-27 23:23:44.201 -0300] INFO (5018): request completed
    route: "/v1/dashboard/alerts/00000000-0000-7000-8000-000081000102"
    method: "GET"
    status: 403
    duration_ms: 1
[2026-09-27 23:23:44.201 -0300] INFO (5018): request completed
    route: "/v1/dashboard/stream"
    method: "GET"
    status: 403
    duration_ms: 0
[2026-09-27 23:23:44.202 -0300] INFO (5018): request completed
    route: "/v1/dashboard/alerts"
    method: "GET"
    status: 403
    duration_ms: 0
[2026-09-27 23:23:44.202 -0300] INFO (5018): request completed
    route: "/v1/dashboard/alerts/00000000-0000-7000-8000-000081000102"
    method: "GET"
    status: 403
    duration_ms: 0
[2026-09-27 23:23:44.203 -0300] INFO (5018): request completed
    route: "/v1/dashboard/stream"
    method: "GET"
    status: 403
    duration_ms: 0
[2026-09-27 23:23:44.212 -0300] INFO (5018): request completed
    route: "/v1/dashboard/alerts"
    method: "GET"
    status: 200
    duration_ms: 9
[2026-09-27 23:23:44.225 -0300] INFO (5018): request completed
    route: "/v1/dashboard/alerts/00000000-0000-7000-8000-000081000102"
    method: "GET"
    status: 200
    duration_ms: 12
[2026-09-27 23:23:44.242 -0300] INFO (5018): request completed
    route: "/v1/dashboard/alerts"
    method: "GET"
    status: 200
    duration_ms: 13
[2026-09-27 23:23:44.258 -0300] INFO (5018): request completed
    route: "/v1/dashboard/alerts/00000000-0000-7000-8000-000081000102"
    method: "GET"
    status: 200
    duration_ms: 15
[2026-09-27 23:23:44.263 -0300] INFO (5018): request completed
    route: "/v1/dashboard/alerts"
    method: "GET"
    status: 403
    duration_ms: 0
[2026-09-27 23:23:44.264 -0300] INFO (5018): request completed
    route: "/v1/dashboard/alerts/00000000-0000-7000-8000-000081000102"
    method: "GET"
    status: 403
    duration_ms: 0
[2026-09-27 23:23:44.265 -0300] INFO (5018): request completed
    route: "/v1/dashboard/stream"
    method: "GET"
    status: 403
    duration_ms: 0
[2026-09-27 23:23:44.266 -0300] INFO (5018): request completed
    route: "/v1/dashboard/alerts"
    method: "GET"
    status: 403
    duration_ms: 0
[2026-09-27 23:23:44.267 -0300] INFO (5018): request completed
    route: "/v1/dashboard/alerts/00000000-0000-7000-8000-000081000102"
    method: "GET"
    status: 403
    duration_ms: 0
[2026-09-27 23:23:44.267 -0300] INFO (5018): request completed
    route: "/v1/dashboard/stream"
    method: "GET"
    status: 403
    duration_ms: 0
[2026-09-27 23:23:44.276 -0300] INFO (5018): request completed
    route: "/v1/dashboard/alerts"
    method: "GET"
    status: 200
    duration_ms: 8
[2026-09-27 23:23:44.289 -0300] INFO (5018): request completed
    route: "/v1/dashboard/alerts/00000000-0000-7000-8000-000081000102"
    method: "GET"
    status: 200
    duration_ms: 12
[2026-09-27 23:23:44.293 -0300] INFO (5018): request completed
    route: "/v1/dashboard/alerts"
    method: "GET"
    status: 403
    duration_ms: 0
[2026-09-27 23:23:44.294 -0300] INFO (5018): request completed
    route: "/v1/dashboard/alerts/00000000-0000-7000-8000-000081000102"
    method: "GET"
    status: 403
    duration_ms: 0
[2026-09-27 23:23:44.295 -0300] INFO (5018): request completed
    route: "/v1/dashboard/stream"
    method: "GET"
    status: 403
    duration_ms: 0
[2026-09-27 23:23:44.296 -0300] INFO (5018): request completed
    route: "/v1/dashboard/alerts"
    method: "GET"
    status: 403
    duration_ms: 0
[2026-09-27 23:23:44.297 -0300] INFO (5018): request completed
    route: "/v1/dashboard/alerts/00000000-0000-7000-8000-000081000102"
    method: "GET"
    status: 403
    duration_ms: 0
[2026-09-27 23:23:44.298 -0300] INFO (5018): request completed
    route: "/v1/dashboard/stream"
    method: "GET"
    status: 403
    duration_ms: 0
[2026-09-27 23:23:44.328 -0300] INFO (5018): request completed
    route: "/v1/dashboard/alerts/00000000-0000-7000-8000-000081000105/ack"
    method: "POST"
    status: 403
    duration_ms: 30
[2026-09-27 23:23:44.330 -0300] INFO (5018): request completed
    route: "/v1/dashboard/alerts/00000000-0000-7000-8000-000081000105/ack"
    method: "POST"
    status: 403
    duration_ms: 1
[2026-09-27 23:23:44.330 -0300] INFO (5018): request completed
    route: "/v1/dashboard/alerts/00000000-0000-7000-8000-000081000105/ack"
    method: "POST"
    status: 403
    duration_ms: 0
[2026-09-27 23:23:44.331 -0300] INFO (5018): request completed
    route: "/v1/dashboard/alerts/00000000-0000-7000-8000-000081000105/ack"
    method: "POST"
    status: 403
    duration_ms: 0
[2026-09-27 23:23:44.332 -0300] INFO (5018): request completed
    route: "/v1/dashboard/alerts/00000000-0000-7000-8000-000081000105/ack"
    method: "POST"
    status: 403
    duration_ms: 0
[2026-09-27 23:23:44.333 -0300] INFO (5018): request completed
    route: "/v1/dashboard/alerts/00000000-0000-7000-8000-000081000105/ack"
    method: "POST"
    status: 403
    duration_ms: 1
[2026-09-27 23:23:44.333 -0300] INFO (5018): request completed
    route: "/v1/dashboard/alerts/00000000-0000-7000-8000-000081000105/ack"
    method: "POST"
    status: 403
    duration_ms: 0
[2026-09-27 23:23:44.354 -0300] INFO (5018): request completed
    route: "/v1/dashboard/alerts/00000000-0000-7000-8000-000081000105/ack"
    method: "POST"
    status: 428
    duration_ms: 20
[2026-09-27 23:23:44.355 -0300] INFO (5018): request completed
    route: "/v1/dashboard/alerts/00000000-0000-7000-8000-000081000105/ack"
    method: "POST"
    status: 403
    duration_ms: 0
[2026-09-27 23:23:44.373 -0300] INFO (5018): request completed
    route: "/v1/dashboard/alerts/00000000-0000-7000-8000-000081000105/ack"
    method: "POST"
    status: 428
    duration_ms: 17
[2026-09-27 23:23:44.374 -0300] INFO (5018): request completed
    route: "/v1/dashboard/alerts/00000000-0000-7000-8000-000081000105/ack"
    method: "POST"
    status: 403
    duration_ms: 1
[2026-09-27 23:23:44.375 -0300] INFO (5018): request completed
    route: "/v1/dashboard/alerts/00000000-0000-7000-8000-000081000105/ack"
    method: "POST"
    status: 403
    duration_ms: 1
[2026-09-27 23:23:44.375 -0300] INFO (5018): request completed
    route: "/v1/dashboard/alerts/00000000-0000-7000-8000-000081000105/ack"
    method: "POST"
    status: 403
    duration_ms: 0
[2026-09-27 23:23:44.391 -0300] INFO (5018): request completed
    route: "/v1/dashboard/alerts/00000000-0000-7000-8000-000081000105/ack"
    method: "POST"
    status: 403
    duration_ms: 15
[2026-09-27 23:23:44.392 -0300] INFO (5018): request completed
    route: "/v1/dashboard/alerts/00000000-0000-7000-8000-000081000105/ack"
    method: "POST"
    status: 403
    duration_ms: 0
[2026-09-27 23:23:44.393 -0300] INFO (5018): request completed
    route: "/v1/dashboard/alerts/00000000-0000-7000-8000-000081000105/ack"
    method: "POST"
    status: 403
    duration_ms: 0
[2026-09-27 23:23:44.394 -0300] INFO (5018): request completed
    route: "/v1/dashboard/alerts/00000000-0000-7000-8000-000081000105/ack"
    method: "POST"
    status: 403
    duration_ms: 0
[2026-09-27 23:23:44.395 -0300] INFO (5018): request completed
    route: "/v1/dashboard/alerts/00000000-0000-7000-8000-000081000105/ack"
    method: "POST"
    status: 403
    duration_ms: 0
[2026-09-27 23:23:44.412 -0300] INFO (5018): request completed
    route: "/v1/dashboard/alerts/00000000-0000-7000-8000-000081000105/ack"
    method: "POST"
    status: 428
    duration_ms: 17
[2026-09-27 23:23:44.429 -0300] INFO (5018): request completed
    route: "/v1/dashboard/alerts/00000000-0000-7000-8000-000081000105/ack"
    method: "POST"
    status: 428
    duration_ms: 16
[2026-09-27 23:23:44.447 -0300] INFO (5018): request completed
    route: "/v1/dashboard/alerts/00000000-0000-7000-8000-000081000105/ack"
    method: "POST"
    status: 428
    duration_ms: 17
[2026-09-27 23:23:44.448 -0300] INFO (5018): request completed
    route: "/v1/dashboard/alerts/00000000-0000-7000-8000-000081000105/ack"
    method: "POST"
    status: 403
    duration_ms: 0
[2026-09-27 23:23:44.465 -0300] INFO (5018): request completed
    route: "/v1/dashboard/alerts/00000000-0000-7000-8000-000081000105/ack"
    method: "POST"
    status: 428
    duration_ms: 16
[2026-09-27 23:23:44.467 -0300] INFO (5018): request completed
    route: "/v1/dashboard/alerts/00000000-0000-7000-8000-000081000105/ack"
    method: "POST"
    status: 403
    duration_ms: 1
[2026-09-27 23:23:44.486 -0300] INFO (5018): request completed
    route: "/v1/dashboard/alerts/00000000-0000-7000-8000-000081000105/ack"
    method: "POST"
    status: 428
    duration_ms: 19
[2026-09-27 23:23:44.487 -0300] INFO (5018): request completed
    route: "/v1/dashboard/alerts/00000000-0000-7000-8000-000081000105/ack"
    method: "POST"
    status: 403
    duration_ms: 0
[2026-09-27 23:23:44.488 -0300] INFO (5018): request completed
    route: "/v1/dashboard/alerts/00000000-0000-7000-8000-000081000105/ack"
    method: "POST"
    status: 403
    duration_ms: 0
[2026-09-27 23:23:44.489 -0300] INFO (5018): request completed
    route: "/v1/dashboard/alerts/00000000-0000-7000-8000-000081000105/ack"
    method: "POST"
    status: 403
    duration_ms: 1
[2026-09-27 23:23:44.489 -0300] INFO (5018): request completed
    route: "/v1/dashboard/alerts/00000000-0000-7000-8000-000081000105/ack"
    method: "POST"
    status: 403
    duration_ms: 0
[2026-09-27 23:23:44.505 -0300] INFO (5018): request completed
    route: "/v1/dashboard/alerts/00000000-0000-7000-8000-000081000105/ack"
    method: "POST"
    status: 428
    duration_ms: 15
[2026-09-27 23:23:44.522 -0300] INFO (5018): request completed
    route: "/v1/dashboard/alerts/00000000-0000-7000-8000-000081000105/ack"
    method: "POST"
    status: 428
    duration_ms: 16
[2026-09-27 23:23:44.523 -0300] INFO (5018): request completed
    route: "/v1/dashboard/alerts/00000000-0000-7000-8000-000081000105/ack"
    method: "POST"
    status: 403
    duration_ms: 0
[2026-09-27 23:23:44.524 -0300] INFO (5018): request completed
    route: "/v1/dashboard/alerts/00000000-0000-7000-8000-000081000105/ack"
    method: "POST"
    status: 403
    duration_ms: 0
[2026-09-27 23:23:44.540 -0300] INFO (5018): request completed
    route: "/v1/dashboard/alerts/00000000-0000-7000-8000-000081000105/ack"
    method: "POST"
    status: 428
    duration_ms: 16
[2026-09-27 23:23:44.541 -0300] INFO (5018): request completed
    route: "/v1/dashboard/alerts/00000000-0000-7000-8000-000081000105/ack"
    method: "POST"
    status: 403
    duration_ms: 0
[2026-09-27 23:23:44.542 -0300] INFO (5018): request completed
    route: "/v1/dashboard/alerts/00000000-0000-7000-8000-000081000105/ack"
    method: "POST"
    status: 403
    duration_ms: 0
[2026-09-27 23:23:44.564 -0300] INFO (5018): request completed
    route: "/v1/dashboard/alerts/00000000-0000-7000-8000-000081000107/treating"
    method: "POST"
    status: 403
    duration_ms: 21
[2026-09-27 23:23:44.565 -0300] INFO (5018): request completed
    route: "/v1/dashboard/alerts/00000000-0000-7000-8000-000081000107/treating"
    method: "POST"
    status: 403
    duration_ms: 0
[2026-09-27 23:23:44.566 -0300] INFO (5018): request completed
    route: "/v1/dashboard/alerts/00000000-0000-7000-8000-000081000107/treating"
    method: "POST"
    status: 403
    duration_ms: 0
[2026-09-27 23:23:44.566 -0300] INFO (5018): request completed
    route: "/v1/dashboard/alerts/00000000-0000-7000-8000-000081000107/treating"
    method: "POST"
    status: 403
    duration_ms: 0
[2026-09-27 23:23:44.567 -0300] INFO (5018): request completed
    route: "/v1/dashboard/alerts/00000000-0000-7000-8000-000081000107/treating"
    method: "POST"
    status: 403
    duration_ms: 0
[2026-09-27 23:23:44.568 -0300] INFO (5018): request completed
    route: "/v1/dashboard/alerts/00000000-0000-7000-8000-000081000107/treating"
    method: "POST"
    status: 403
    duration_ms: 0
[2026-09-27 23:23:44.569 -0300] INFO (5018): request completed
    route: "/v1/dashboard/alerts/00000000-0000-7000-8000-000081000107/treating"
    method: "POST"
    status: 403
    duration_ms: 0
[2026-09-27 23:23:44.587 -0300] INFO (5018): request completed
    route: "/v1/dashboard/alerts/00000000-0000-7000-8000-000081000107/treating"
    method: "POST"
    status: 428
    duration_ms: 18
[2026-09-27 23:23:44.589 -0300] INFO (5018): request completed
    route: "/v1/dashboard/alerts/00000000-0000-7000-8000-000081000107/treating"
    method: "POST"
    status: 403
    duration_ms: 1
[2026-09-27 23:23:44.606 -0300] INFO (5018): request completed
    route: "/v1/dashboard/alerts/00000000-0000-7000-8000-000081000107/treating"
    method: "POST"
    status: 428
    duration_ms: 17
[2026-09-27 23:23:44.607 -0300] INFO (5018): request completed
    route: "/v1/dashboard/alerts/00000000-0000-7000-8000-000081000107/treating"
    method: "POST"
    status: 403
    duration_ms: 0
[2026-09-27 23:23:44.608 -0300] INFO (5018): request completed
    route: "/v1/dashboard/alerts/00000000-0000-7000-8000-000081000107/treating"
    method: "POST"
    status: 403
    duration_ms: 0
[2026-09-27 23:23:44.609 -0300] INFO (5018): request completed
    route: "/v1/dashboard/alerts/00000000-0000-7000-8000-000081000107/treating"
    method: "POST"
    status: 403
    duration_ms: 0
[2026-09-27 23:23:44.625 -0300] INFO (5018): request completed
    route: "/v1/dashboard/alerts/00000000-0000-7000-8000-000081000107/treating"
    method: "POST"
    status: 403
    duration_ms: 15
[2026-09-27 23:23:44.626 -0300] INFO (5018): request completed
    route: "/v1/dashboard/alerts/00000000-0000-7000-8000-000081000107/treating"
    method: "POST"
    status: 403
    duration_ms: 0
[2026-09-27 23:23:44.627 -0300] INFO (5018): request completed
    route: "/v1/dashboard/alerts/00000000-0000-7000-8000-000081000107/treating"
    method: "POST"
    status: 403
    duration_ms: 0
[2026-09-27 23:23:44.628 -0300] INFO (5018): request completed
    route: "/v1/dashboard/alerts/00000000-0000-7000-8000-000081000107/treating"
    method: "POST"
    status: 403
    duration_ms: 1
[2026-09-27 23:23:44.628 -0300] INFO (5018): request completed
    route: "/v1/dashboard/alerts/00000000-0000-7000-8000-000081000107/treating"
    method: "POST"
    status: 403
    duration_ms: 0
[2026-09-27 23:23:44.645 -0300] INFO (5018): request completed
    route: "/v1/dashboard/alerts/00000000-0000-7000-8000-000081000107/treating"
    method: "POST"
    status: 428
    duration_ms: 15
[2026-09-27 23:23:44.661 -0300] INFO (5018): request completed
    route: "/v1/dashboard/alerts/00000000-0000-7000-8000-000081000107/treating"
    method: "POST"
    status: 428
    duration_ms: 16
[2026-09-27 23:23:44.677 -0300] INFO (5018): request completed
    route: "/v1/dashboard/alerts/00000000-0000-7000-8000-000081000107/treating"
    method: "POST"
    status: 428
    duration_ms: 15
[2026-09-27 23:23:44.678 -0300] INFO (5018): request completed
    route: "/v1/dashboard/alerts/00000000-0000-7000-8000-000081000107/treating"
    method: "POST"
    status: 403
    duration_ms: 0
[2026-09-27 23:23:44.694 -0300] INFO (5018): request completed
    route: "/v1/dashboard/alerts/00000000-0000-7000-8000-000081000107/treating"
    method: "POST"
    status: 428
    duration_ms: 15
[2026-09-27 23:23:44.695 -0300] INFO (5018): request completed
    route: "/v1/dashboard/alerts/00000000-0000-7000-8000-000081000107/treating"
    method: "POST"
    status: 403
    duration_ms: 0
[2026-09-27 23:23:44.712 -0300] INFO (5018): request completed
    route: "/v1/dashboard/alerts/00000000-0000-7000-8000-000081000107/treating"
    method: "POST"
    status: 428
    duration_ms: 16
[2026-09-27 23:23:44.713 -0300] INFO (5018): request completed
    route: "/v1/dashboard/alerts/00000000-0000-7000-8000-000081000107/treating"
    method: "POST"
    status: 403
    duration_ms: 1
[2026-09-27 23:23:44.714 -0300] INFO (5018): request completed
    route: "/v1/dashboard/alerts/00000000-0000-7000-8000-000081000107/treating"
    method: "POST"
    status: 403
    duration_ms: 1
[2026-09-27 23:23:44.715 -0300] INFO (5018): request completed
    route: "/v1/dashboard/alerts/00000000-0000-7000-8000-000081000107/treating"
    method: "POST"
    status: 403
    duration_ms: 1
[2026-09-27 23:23:44.715 -0300] INFO (5018): request completed
    route: "/v1/dashboard/alerts/00000000-0000-7000-8000-000081000107/treating"
    method: "POST"
    status: 403
    duration_ms: 0
[2026-09-27 23:23:44.731 -0300] INFO (5018): request completed
    route: "/v1/dashboard/alerts/00000000-0000-7000-8000-000081000107/treating"
    method: "POST"
    status: 428
    duration_ms: 15
[2026-09-27 23:23:44.748 -0300] INFO (5018): request completed
    route: "/v1/dashboard/alerts/00000000-0000-7000-8000-000081000107/treating"
    method: "POST"
    status: 428
    duration_ms: 16
[2026-09-27 23:23:44.749 -0300] INFO (5018): request completed
    route: "/v1/dashboard/alerts/00000000-0000-7000-8000-000081000107/treating"
    method: "POST"
    status: 403
    duration_ms: 1
[2026-09-27 23:23:44.750 -0300] INFO (5018): request completed
    route: "/v1/dashboard/alerts/00000000-0000-7000-8000-000081000107/treating"
    method: "POST"
    status: 403
    duration_ms: 1
[2026-09-27 23:23:44.750 -0300] INFO (5018): request completed
    route: "/v1/dashboard/alerts/00000000-0000-7000-8000-000081000107/treating"
    method: "POST"
    status: 403
    duration_ms: 0
[2026-09-27 23:23:44.751 -0300] INFO (5018): request completed
    route: "/v1/dashboard/alerts/00000000-0000-7000-8000-000081000107/treating"
    method: "POST"
    status: 403
    duration_ms: 0
[2026-09-27 23:23:44.752 -0300] INFO (5018): request completed
    route: "/v1/dashboard/alerts/00000000-0000-7000-8000-000081000107/treating"
    method: "POST"
    status: 403
    duration_ms: 0
[2026-09-27 23:23:44.767 -0300] INFO (5018): request completed
    route: "/v1/dashboard/alerts/00000000-0000-7000-8000-000081000112/close"
    method: "POST"
    status: 403
    duration_ms: 15
[2026-09-27 23:23:44.768 -0300] INFO (5018): request completed
    route: "/v1/dashboard/alerts/00000000-0000-7000-8000-000081000112/close"
    method: "POST"
    status: 403
    duration_ms: 1
[2026-09-27 23:23:44.768 -0300] INFO (5018): request completed
    route: "/v1/dashboard/alerts/00000000-0000-7000-8000-000081000112/close"
    method: "POST"
    status: 403
    duration_ms: 0
[2026-09-27 23:23:44.769 -0300] INFO (5018): request completed
    route: "/v1/dashboard/alerts/00000000-0000-7000-8000-000081000112/close"
    method: "POST"
    status: 403
    duration_ms: 0
[2026-09-27 23:23:44.770 -0300] INFO (5018): request completed
    route: "/v1/dashboard/alerts/00000000-0000-7000-8000-000081000112/close"
    method: "POST"
    status: 403
    duration_ms: 0
[2026-09-27 23:23:44.770 -0300] INFO (5018): request completed
    route: "/v1/dashboard/alerts/00000000-0000-7000-8000-000081000112/close"
    method: "POST"
    status: 403
    duration_ms: 0
[2026-09-27 23:23:44.771 -0300] INFO (5018): request completed
    route: "/v1/dashboard/alerts/00000000-0000-7000-8000-000081000112/close"
    method: "POST"
    status: 403
    duration_ms: 0
[2026-09-27 23:23:44.772 -0300] INFO (5018): request completed
    route: "/v1/dashboard/alerts/00000000-0000-7000-8000-000081000112/close"
    method: "POST"
    status: 403
    duration_ms: 0
[2026-09-27 23:23:44.773 -0300] INFO (5018): request completed
    route: "/v1/dashboard/alerts/00000000-0000-7000-8000-000081000112/close"
    method: "POST"
    status: 403
    duration_ms: 1
[2026-09-27 23:23:44.790 -0300] INFO (5018): request completed
    route: "/v1/dashboard/alerts/00000000-0000-7000-8000-000081000112/close"
    method: "POST"
    status: 428
    duration_ms: 17
[2026-09-27 23:23:44.791 -0300] INFO (5018): request completed
    route: "/v1/dashboard/alerts/00000000-0000-7000-8000-000081000112/close"
    method: "POST"
    status: 403
    duration_ms: 0
[2026-09-27 23:23:44.792 -0300] INFO (5018): request completed
    route: "/v1/dashboard/alerts/00000000-0000-7000-8000-000081000112/close"
    method: "POST"
    status: 403
    duration_ms: 0
[2026-09-27 23:23:44.793 -0300] INFO (5018): request completed
    route: "/v1/dashboard/alerts/00000000-0000-7000-8000-000081000112/close"
    method: "POST"
    status: 403
    duration_ms: 0
[2026-09-27 23:23:44.809 -0300] INFO (5018): request completed
    route: "/v1/dashboard/alerts/00000000-0000-7000-8000-000081000112/close"
    method: "POST"
    status: 403
    duration_ms: 15
[2026-09-27 23:23:44.810 -0300] INFO (5018): request completed
    route: "/v1/dashboard/alerts/00000000-0000-7000-8000-000081000112/close"
    method: "POST"
    status: 403
    duration_ms: 0
[2026-09-27 23:23:44.812 -0300] INFO (5018): request completed
    route: "/v1/dashboard/alerts/00000000-0000-7000-8000-000081000112/close"
    method: "POST"
    status: 403
    duration_ms: 1
[2026-09-27 23:23:44.812 -0300] INFO (5018): request completed
    route: "/v1/dashboard/alerts/00000000-0000-7000-8000-000081000112/close"
    method: "POST"
    status: 403
    duration_ms: 0
[2026-09-27 23:23:44.813 -0300] INFO (5018): request completed
    route: "/v1/dashboard/alerts/00000000-0000-7000-8000-000081000112/close"
    method: "POST"
    status: 403
    duration_ms: 0
[2026-09-27 23:23:44.814 -0300] INFO (5018): request completed
    route: "/v1/dashboard/alerts/00000000-0000-7000-8000-000081000112/close"
    method: "POST"
    status: 403
    duration_ms: 0
[2026-09-27 23:23:44.815 -0300] INFO (5018): request completed
    route: "/v1/dashboard/alerts/00000000-0000-7000-8000-000081000112/close"
    method: "POST"
    status: 403
    duration_ms: 1
[2026-09-27 23:23:44.834 -0300] INFO (5018): request completed
    route: "/v1/dashboard/alerts/00000000-0000-7000-8000-000081000112/close"
    method: "POST"
    status: 428
    duration_ms: 19
[2026-09-27 23:23:44.835 -0300] INFO (5018): request completed
    route: "/v1/dashboard/alerts/00000000-0000-7000-8000-000081000112/close"
    method: "POST"
    status: 403
    duration_ms: 0
[2026-09-27 23:23:44.836 -0300] INFO (5018): request completed
    route: "/v1/dashboard/alerts/00000000-0000-7000-8000-000081000112/close"
    method: "POST"
    status: 403
    duration_ms: 0
[2026-09-27 23:23:44.837 -0300] INFO (5018): request completed
    route: "/v1/dashboard/alerts/00000000-0000-7000-8000-000081000112/close"
    method: "POST"
    status: 403
    duration_ms: 0
[2026-09-27 23:23:44.838 -0300] INFO (5018): request completed
    route: "/v1/dashboard/alerts/00000000-0000-7000-8000-000081000112/close"
    method: "POST"
    status: 403
    duration_ms: 1
[2026-09-27 23:23:44.838 -0300] INFO (5018): request completed
    route: "/v1/dashboard/alerts/00000000-0000-7000-8000-000081000112/close"
    method: "POST"
    status: 403
    duration_ms: 0
[2026-09-27 23:23:44.839 -0300] INFO (5018): request completed
    route: "/v1/dashboard/alerts/00000000-0000-7000-8000-000081000112/close"
    method: "POST"
    status: 403
    duration_ms: 0
[2026-09-27 23:23:44.840 -0300] INFO (5018): request completed
    route: "/v1/dashboard/alerts/00000000-0000-7000-8000-000081000112/close"
    method: "POST"
    status: 403
    duration_ms: 1
[2026-09-27 23:23:44.840 -0300] INFO (5018): request completed
    route: "/v1/dashboard/alerts/00000000-0000-7000-8000-000081000112/close"
    method: "POST"
    status: 403
    duration_ms: 0
[2026-09-27 23:23:44.841 -0300] INFO (5018): request completed
    route: "/v1/dashboard/alerts/00000000-0000-7000-8000-000081000112/close"
    method: "POST"
    status: 403
    duration_ms: 0
[2026-09-27 23:23:44.841 -0300] INFO (5018): request completed
    route: "/v1/dashboard/alerts/00000000-0000-7000-8000-000081000112/close"
    method: "POST"
    status: 403
    duration_ms: 0
[2026-09-27 23:23:44.842 -0300] INFO (5018): request completed
    route: "/v1/dashboard/alerts/00000000-0000-7000-8000-000081000112/close"
    method: "POST"
    status: 403
    duration_ms: 0
[2026-09-27 23:23:44.843 -0300] INFO (5018): request completed
    route: "/v1/dashboard/alerts/00000000-0000-7000-8000-000081000112/close"
    method: "POST"
    status: 403
    duration_ms: 0
[2026-09-27 23:23:44.861 -0300] INFO (5018): request completed
    route: "/v1/dashboard/alerts/00000000-0000-7000-8000-000081000112/close"
    method: "POST"
    status: 428
    duration_ms: 17
[2026-09-27 23:23:44.862 -0300] INFO (5018): request completed
    route: "/v1/dashboard/alerts/00000000-0000-7000-8000-000081000112/close"
    method: "POST"
    status: 403
    duration_ms: 0
[2026-09-27 23:23:44.863 -0300] INFO (5018): request completed
    route: "/v1/dashboard/alerts/00000000-0000-7000-8000-000081000112/close"
    method: "POST"
    status: 403
    duration_ms: 1
[2026-09-27 23:23:44.879 -0300] INFO (5018): request completed
    route: "/v1/dashboard/alerts/00000000-0000-7000-8000-000081000105/root-cause"
    method: "POST"
    status: 403
    duration_ms: 16
[2026-09-27 23:23:44.880 -0300] INFO (5018): request completed
    route: "/v1/dashboard/alerts/00000000-0000-7000-8000-000081000105/root-cause"
    method: "POST"
    status: 403
    duration_ms: 0
[2026-09-27 23:23:44.881 -0300] INFO (5018): request completed
    route: "/v1/dashboard/alerts/00000000-0000-7000-8000-000081000105/root-cause"
    method: "POST"
    status: 403
    duration_ms: 0
[2026-09-27 23:23:44.882 -0300] INFO (5018): request completed
    route: "/v1/dashboard/alerts/00000000-0000-7000-8000-000081000105/root-cause"
    method: "POST"
    status: 403
    duration_ms: 1
[2026-09-27 23:23:44.882 -0300] INFO (5018): request completed
    route: "/v1/dashboard/alerts/00000000-0000-7000-8000-000081000105/root-cause"
    method: "POST"
    status: 403
    duration_ms: 0
[2026-09-27 23:23:44.883 -0300] INFO (5018): request completed
    route: "/v1/dashboard/alerts/00000000-0000-7000-8000-000081000105/root-cause"
    method: "POST"
    status: 403
    duration_ms: 0
[2026-09-27 23:23:44.884 -0300] INFO (5018): request completed
    route: "/v1/dashboard/alerts/00000000-0000-7000-8000-000081000105/root-cause"
    method: "POST"
    status: 403
    duration_ms: 1
[2026-09-27 23:23:44.884 -0300] INFO (5018): request completed
    route: "/v1/dashboard/alerts/00000000-0000-7000-8000-000081000105/root-cause"
    method: "POST"
    status: 403
    duration_ms: 0
[2026-09-27 23:23:44.885 -0300] INFO (5018): request completed
    route: "/v1/dashboard/alerts/00000000-0000-7000-8000-000081000105/root-cause"
    method: "POST"
    status: 403
    duration_ms: 0
[2026-09-27 23:23:44.903 -0300] INFO (5018): request completed
    route: "/v1/dashboard/alerts/00000000-0000-7000-8000-000081000105/root-cause"
    method: "POST"
    status: 428
    duration_ms: 17
[2026-09-27 23:23:44.904 -0300] INFO (5018): request completed
    route: "/v1/dashboard/alerts/00000000-0000-7000-8000-000081000105/root-cause"
    method: "POST"
    status: 403
    duration_ms: 0
[2026-09-27 23:23:44.905 -0300] INFO (5018): request completed
    route: "/v1/dashboard/alerts/00000000-0000-7000-8000-000081000105/root-cause"
    method: "POST"
    status: 403
    duration_ms: 0
[2026-09-27 23:23:44.905 -0300] INFO (5018): request completed
    route: "/v1/dashboard/alerts/00000000-0000-7000-8000-000081000105/root-cause"
    method: "POST"
    status: 403
    duration_ms: 0
[2026-09-27 23:23:44.921 -0300] INFO (5018): request completed
    route: "/v1/dashboard/alerts/00000000-0000-7000-8000-000081000105/root-cause"
    method: "POST"
    status: 403
    duration_ms: 15
[2026-09-27 23:23:44.922 -0300] INFO (5018): request completed
    route: "/v1/dashboard/alerts/00000000-0000-7000-8000-000081000105/root-cause"
    method: "POST"
    status: 403
    duration_ms: 0
[2026-09-27 23:23:44.923 -0300] INFO (5018): request completed
    route: "/v1/dashboard/alerts/00000000-0000-7000-8000-000081000105/root-cause"
    method: "POST"
    status: 403
    duration_ms: 1
[2026-09-27 23:23:44.923 -0300] INFO (5018): request completed
    route: "/v1/dashboard/alerts/00000000-0000-7000-8000-000081000105/root-cause"
    method: "POST"
    status: 403
    duration_ms: 0
[2026-09-27 23:23:44.924 -0300] INFO (5018): request completed
    route: "/v1/dashboard/alerts/00000000-0000-7000-8000-000081000105/root-cause"
    method: "POST"
    status: 403
    duration_ms: 0
[2026-09-27 23:23:44.924 -0300] INFO (5018): request completed
    route: "/v1/dashboard/alerts/00000000-0000-7000-8000-000081000105/root-cause"
    method: "POST"
    status: 403
    duration_ms: 0
[2026-09-27 23:23:44.925 -0300] INFO (5018): request completed
    route: "/v1/dashboard/alerts/00000000-0000-7000-8000-000081000105/root-cause"
    method: "POST"
    status: 403
    duration_ms: 0
[2026-09-27 23:23:44.943 -0300] INFO (5018): request completed
    route: "/v1/dashboard/alerts/00000000-0000-7000-8000-000081000105/root-cause"
    method: "POST"
    status: 428
    duration_ms: 17
[2026-09-27 23:23:44.944 -0300] INFO (5018): request completed
    route: "/v1/dashboard/alerts/00000000-0000-7000-8000-000081000105/root-cause"
    method: "POST"
    status: 403
    duration_ms: 0
[2026-09-27 23:23:44.961 -0300] INFO (5018): request completed
    route: "/v1/dashboard/alerts/00000000-0000-7000-8000-000081000105/root-cause"
    method: "POST"
    status: 428
    duration_ms: 16
[2026-09-27 23:23:44.962 -0300] INFO (5018): request completed
    route: "/v1/dashboard/alerts/00000000-0000-7000-8000-000081000105/root-cause"
    method: "POST"
    status: 403
    duration_ms: 0
[2026-09-27 23:23:44.963 -0300] INFO (5018): request completed
    route: "/v1/dashboard/alerts/00000000-0000-7000-8000-000081000105/root-cause"
    method: "POST"
    status: 403
    duration_ms: 0
[2026-09-27 23:23:44.964 -0300] INFO (5018): request completed
    route: "/v1/dashboard/alerts/00000000-0000-7000-8000-000081000105/root-cause"
    method: "POST"
    status: 403
    duration_ms: 0
[2026-09-27 23:23:44.965 -0300] INFO (5018): request completed
    route: "/v1/dashboard/alerts/00000000-0000-7000-8000-000081000105/root-cause"
    method: "POST"
    status: 403
    duration_ms: 0
[2026-09-27 23:23:44.966 -0300] INFO (5018): request completed
    route: "/v1/dashboard/alerts/00000000-0000-7000-8000-000081000105/root-cause"
    method: "POST"
    status: 403
    duration_ms: 1
[2026-09-27 23:23:44.966 -0300] INFO (5018): request completed
    route: "/v1/dashboard/alerts/00000000-0000-7000-8000-000081000105/root-cause"
    method: "POST"
    status: 403
    duration_ms: 0
[2026-09-27 23:23:44.967 -0300] INFO (5018): request completed
    route: "/v1/dashboard/alerts/00000000-0000-7000-8000-000081000105/root-cause"
    method: "POST"
    status: 403
    duration_ms: 0
[2026-09-27 23:23:44.968 -0300] INFO (5018): request completed
    route: "/v1/dashboard/alerts/00000000-0000-7000-8000-000081000105/root-cause"
    method: "POST"
    status: 403
    duration_ms: 1
[2026-09-27 23:23:44.968 -0300] INFO (5018): request completed
    route: "/v1/dashboard/alerts/00000000-0000-7000-8000-000081000105/root-cause"
    method: "POST"
    status: 403
    duration_ms: 0
[2026-09-27 23:23:44.969 -0300] INFO (5018): request completed
    route: "/v1/dashboard/alerts/00000000-0000-7000-8000-000081000105/root-cause"
    method: "POST"
    status: 403
    duration_ms: 0
[2026-09-27 23:23:44.970 -0300] INFO (5018): request completed
    route: "/v1/dashboard/alerts/00000000-0000-7000-8000-000081000105/root-cause"
    method: "POST"
    status: 403
    duration_ms: 0
[2026-09-27 23:23:44.971 -0300] INFO (5018): request completed
    route: "/v1/dashboard/alerts/00000000-0000-7000-8000-000081000105/root-cause"
    method: "POST"
    status: 403
    duration_ms: 0
[2026-09-27 23:23:44.971 -0300] INFO (5018): request completed
    route: "/v1/dashboard/alerts/00000000-0000-7000-8000-000081000105/root-cause"
    method: "POST"
    status: 403
    duration_ms: 0
[2026-09-27 23:23:44.976 -0300] INFO (5018): request completed
    route: "/v1/dashboard/alerts/00000000-0000-7000-8000-000081000102/incident"
    method: "GET"
    status: 403
    duration_ms: 4
[2026-09-27 23:23:44.977 -0300] INFO (5018): request completed
    route: "/v1/dashboard/alerts/00000000-0000-7000-8000-000081000102/incident"
    method: "GET"
    status: 403
    duration_ms: 0
[2026-09-27 23:23:44.978 -0300] INFO (5018): request completed
    route: "/v1/dashboard/alerts/00000000-0000-7000-8000-000081000102/incident"
    method: "GET"
    status: 403
    duration_ms: 0
[2026-09-27 23:23:44.979 -0300] INFO (5018): request completed
    route: "/v1/dashboard/alerts/00000000-0000-7000-8000-000081000102/incident"
    method: "GET"
    status: 403
    duration_ms: 0
[2026-09-27 23:23:44.980 -0300] INFO (5018): request completed
    route: "/v1/dashboard/alerts/00000000-0000-7000-8000-000081000102/incident"
    method: "GET"
    status: 403
    duration_ms: 0
[2026-09-27 23:23:44.980 -0300] INFO (5018): request completed
    route: "/v1/dashboard/alerts/00000000-0000-7000-8000-000081000102/incident"
    method: "GET"
    status: 403
    duration_ms: 0
[2026-09-27 23:23:44.985 -0300] INFO (5018): request completed
    route: "/v1/dashboard/alerts/00000000-0000-7000-8000-000081000102/incident"
    method: "GET"
    status: 404
    duration_ms: 4
[2026-09-27 23:23:44.990 -0300] INFO (5018): request completed
    route: "/v1/dashboard/alerts/00000000-0000-7000-8000-000081000102/incident"
    method: "GET"
    status: 404
    duration_ms: 4
[2026-09-27 23:23:44.990 -0300] INFO (5018): request completed
    route: "/v1/dashboard/alerts/00000000-0000-7000-8000-000081000102/incident"
    method: "GET"
    status: 403
    duration_ms: 0
[2026-09-27 23:23:44.995 -0300] INFO (5018): request completed
    route: "/v1/dashboard/alerts/00000000-0000-7000-8000-000081000102/incident"
    method: "GET"
    status: 404
    duration_ms: 4
[2026-09-27 23:23:44.995 -0300] INFO (5018): request completed
    route: "/v1/dashboard/alerts/00000000-0000-7000-8000-000081000102/incident"
    method: "GET"
    status: 403
    duration_ms: 0
[2026-09-27 23:23:44.996 -0300] INFO (5018): request completed
    route: "/v1/dashboard/alerts/00000000-0000-7000-8000-000081000102/incident"
    method: "GET"
    status: 403
    duration_ms: 0
[2026-09-27 23:23:44.997 -0300] INFO (5018): request completed
    route: "/v1/dashboard/alerts/00000000-0000-7000-8000-000081000102/incident"
    method: "GET"
    status: 403
    duration_ms: 0
[2026-09-27 23:23:45.001 -0300] INFO (5018): request completed
    route: "/v1/dashboard/alerts/00000000-0000-7000-8000-000081000102/incident"
    method: "GET"
    status: 403
    duration_ms: 4
[2026-09-27 23:23:45.001 -0300] INFO (5018): request completed
    route: "/v1/dashboard/alerts/00000000-0000-7000-8000-000081000102/incident"
    method: "GET"
    status: 403
    duration_ms: 0
[2026-09-27 23:23:45.002 -0300] INFO (5018): request completed
    route: "/v1/dashboard/alerts/00000000-0000-7000-8000-000081000102/incident"
    method: "GET"
    status: 403
    duration_ms: 0
[2026-09-27 23:23:45.003 -0300] INFO (5018): request completed
    route: "/v1/dashboard/alerts/00000000-0000-7000-8000-000081000102/incident"
    method: "GET"
    status: 403
    duration_ms: 0
[2026-09-27 23:23:45.004 -0300] INFO (5018): request completed
    route: "/v1/dashboard/alerts/00000000-0000-7000-8000-000081000102/incident"
    method: "GET"
    status: 403
    duration_ms: 0
[2026-09-27 23:23:45.008 -0300] INFO (5018): request completed
    route: "/v1/dashboard/alerts/00000000-0000-7000-8000-000081000102/incident"
    method: "GET"
    status: 404
    duration_ms: 4
[2026-09-27 23:23:45.016 -0300] INFO (5018): request completed
    route: "/v1/dashboard/alerts/00000000-0000-7000-8000-000081000102/incident"
    method: "GET"
    status: 404
    duration_ms: 7
[2026-09-27 23:23:45.021 -0300] INFO (5018): request completed
    route: "/v1/dashboard/alerts/00000000-0000-7000-8000-000081000102/incident"
    method: "GET"
    status: 404
    duration_ms: 4
[2026-09-27 23:23:45.022 -0300] INFO (5018): request completed
    route: "/v1/dashboard/alerts/00000000-0000-7000-8000-000081000102/incident"
    method: "GET"
    status: 403
    duration_ms: 1
[2026-09-27 23:23:45.022 -0300] INFO (5018): request completed
    route: "/v1/dashboard/alerts/00000000-0000-7000-8000-000081000102/incident"
    method: "GET"
    status: 403
    duration_ms: 0
[2026-09-27 23:23:45.023 -0300] INFO (5018): request completed
    route: "/v1/dashboard/alerts/00000000-0000-7000-8000-000081000102/incident"
    method: "GET"
    status: 403
    duration_ms: 0
[2026-09-27 23:23:45.028 -0300] INFO (5018): request completed
    route: "/v1/dashboard/alerts/00000000-0000-7000-8000-000081000102/incident"
    method: "GET"
    status: 404
    duration_ms: 4
[2026-09-27 23:23:45.028 -0300] INFO (5018): request completed
    route: "/v1/dashboard/alerts/00000000-0000-7000-8000-000081000102/incident"
    method: "GET"
    status: 403
    duration_ms: 0
[2026-09-27 23:23:45.029 -0300] INFO (5018): request completed
    route: "/v1/dashboard/alerts/00000000-0000-7000-8000-000081000102/incident"
    method: "GET"
    status: 403
    duration_ms: 0
[2026-09-27 23:23:45.030 -0300] INFO (5018): request completed
    route: "/v1/dashboard/alerts/00000000-0000-7000-8000-000081000102/incident"
    method: "GET"
    status: 403
    duration_ms: 0
[2026-09-27 23:23:45.031 -0300] INFO (5018): request completed
    route: "/v1/dashboard/alerts/00000000-0000-7000-8000-000081000102/incident"
    method: "GET"
    status: 403
    duration_ms: 0
[2026-09-27 23:23:45.035 -0300] INFO (5018): request completed
    route: "/v1/dashboard/alerts/00000000-0000-7000-8000-000081000102/incident"
    method: "GET"
    status: 404
    duration_ms: 4
[2026-09-27 23:23:45.039 -0300] INFO (5018): request completed
    route: "/v1/dashboard/alerts/00000000-0000-7000-8000-000081000102/incident"
    method: "GET"
    status: 404
    duration_ms: 3
[2026-09-27 23:23:45.040 -0300] INFO (5018): request completed
    route: "/v1/dashboard/alerts/00000000-0000-7000-8000-000081000102/incident"
    method: "GET"
    status: 403
    duration_ms: 0
[2026-09-27 23:23:45.041 -0300] INFO (5018): request completed
    route: "/v1/dashboard/alerts/00000000-0000-7000-8000-000081000102/incident"
    method: "GET"
    status: 403
    duration_ms: 0
[2026-09-27 23:23:45.041 -0300] INFO (5018): request completed
    route: "/v1/dashboard/alerts/00000000-0000-7000-8000-000081000102/incident"
    method: "GET"
    status: 403
    duration_ms: 0
[2026-09-27 23:23:45.042 -0300] INFO (5018): request completed
    route: "/v1/dashboard/alerts/00000000-0000-7000-8000-000081000102/incident"
    method: "GET"
    status: 403
    duration_ms: 0
[2026-09-27 23:23:45.043 -0300] INFO (5018): request completed
    route: "/v1/dashboard/alerts/00000000-0000-7000-8000-000081000102/incident"
    method: "GET"
    status: 403
    duration_ms: 0
[2026-09-27 23:23:45.054 -0300] INFO (5018): request completed
    route: "/v1/dashboard/duties"
    method: "GET"
    status: 200
    duration_ms: 10
[2026-09-27 23:23:45.060 -0300] INFO (5018): request completed
    route: "/v1/dashboard/duties"
    method: "GET"
    status: 200
    duration_ms: 5
[2026-09-27 23:23:45.066 -0300] INFO (5018): request completed
    route: "/v1/dashboard/duties"
    method: "GET"
    status: 200
    duration_ms: 5
[2026-09-27 23:23:45.072 -0300] INFO (5018): request completed
    route: "/v1/dashboard/duties"
    method: "GET"
    status: 200
    duration_ms: 5
[2026-09-27 23:23:45.078 -0300] INFO (5018): request completed
    route: "/v1/dashboard/duties"
    method: "GET"
    status: 200
    duration_ms: 5
[2026-09-27 23:23:45.084 -0300] INFO (5018): request completed
    route: "/v1/dashboard/duties"
    method: "GET"
    status: 200
    duration_ms: 5
[2026-09-27 23:23:45.090 -0300] INFO (5018): request completed
    route: "/v1/dashboard/duties"
    method: "GET"
    status: 200
    duration_ms: 5
[2026-09-27 23:23:45.095 -0300] INFO (5018): request completed
    route: "/v1/dashboard/duties"
    method: "GET"
    status: 200
    duration_ms: 4
[2026-09-27 23:23:45.101 -0300] INFO (5018): request completed
    route: "/v1/dashboard/duties"
    method: "GET"
    status: 200
    duration_ms: 5
[2026-09-27 23:23:45.108 -0300] INFO (5018): request completed
    route: "/v1/dashboard/duties"
    method: "GET"
    status: 200
    duration_ms: 6
[2026-09-27 23:23:45.114 -0300] INFO (5018): request completed
    route: "/v1/dashboard/duties"
    method: "GET"
    status: 200
    duration_ms: 6
[2026-09-27 23:23:45.120 -0300] INFO (5018): request completed
    route: "/v1/dashboard/duties"
    method: "GET"
    status: 200
    duration_ms: 6
[2026-09-27 23:23:45.125 -0300] INFO (5018): request completed
    route: "/v1/dashboard/duties"
    method: "GET"
    status: 200
    duration_ms: 4
[2026-09-27 23:23:45.131 -0300] INFO (5018): request completed
    route: "/v1/dashboard/duties"
    method: "GET"
    status: 200
    duration_ms: 5
[2026-09-27 23:23:45.132 -0300] INFO (5018): request completed
    route: "/v1/dashboard/duties"
    method: "GET"
    status: 403
    duration_ms: 1
[2026-09-27 23:23:45.137 -0300] INFO (5018): request completed
    route: "/v1/dashboard/duties"
    method: "GET"
    status: 200
    duration_ms: 5
[2026-09-27 23:23:45.142 -0300] INFO (5018): request completed
    route: "/v1/dashboard/duties"
    method: "GET"
    status: 200
    duration_ms: 5
[2026-09-27 23:23:45.148 -0300] INFO (5018): request completed
    route: "/v1/dashboard/duties"
    method: "GET"
    status: 200
    duration_ms: 5
[2026-09-27 23:23:45.154 -0300] INFO (5018): request completed
    route: "/v1/dashboard/duties"
    method: "GET"
    status: 200
    duration_ms: 5
[2026-09-27 23:23:45.160 -0300] INFO (5018): request completed
    route: "/v1/dashboard/duties"
    method: "GET"
    status: 200
    duration_ms: 5
[2026-09-27 23:23:45.166 -0300] INFO (5018): request completed
    route: "/v1/dashboard/duties"
    method: "GET"
    status: 200
    duration_ms: 5
[2026-09-27 23:23:45.171 -0300] INFO (5018): request completed
    route: "/v1/dashboard/duties"
    method: "GET"
    status: 200
    duration_ms: 5
[2026-09-27 23:23:45.177 -0300] INFO (5018): request completed
    route: "/v1/dashboard/duties"
    method: "GET"
    status: 200
    duration_ms: 5
[2026-09-27 23:23:45.183 -0300] INFO (5018): request completed
    route: "/v1/dashboard/duties"
    method: "GET"
    status: 200
    duration_ms: 5
[2026-09-27 23:23:45.189 -0300] INFO (5018): request completed
    route: "/v1/dashboard/duties"
    method: "GET"
    status: 200
    duration_ms: 5
[2026-09-27 23:23:45.194 -0300] INFO (5018): request completed
    route: "/v1/dashboard/duties"
    method: "GET"
    status: 200
    duration_ms: 4
[2026-09-27 23:23:45.200 -0300] INFO (5018): request completed
    route: "/v1/dashboard/duties"
    method: "GET"
    status: 200
    duration_ms: 5
[2026-09-27 23:23:45.205 -0300] INFO (5018): request completed
    route: "/v1/dashboard/duties"
    method: "GET"
    status: 200
    duration_ms: 4
[2026-09-27 23:23:45.211 -0300] INFO (5018): request completed
    route: "/v1/dashboard/duties"
    method: "GET"
    status: 200
    duration_ms: 5
[2026-09-27 23:23:45.217 -0300] INFO (5018): request completed
    route: "/v1/dashboard/duties"
    method: "GET"
    status: 200
    duration_ms: 5
[2026-09-27 23:23:45.223 -0300] INFO (5018): request completed
    route: "/v1/dashboard/duties"
    method: "GET"
    status: 200
    duration_ms: 5
[2026-09-27 23:23:45.228 -0300] INFO (5018): request completed
    route: "/v1/dashboard/duties"
    method: "GET"
    status: 200
    duration_ms: 5
[2026-09-27 23:23:45.234 -0300] INFO (5018): request completed
    route: "/v1/dashboard/duties"
    method: "GET"
    status: 200
    duration_ms: 5
[2026-09-27 23:23:45.239 -0300] INFO (5018): request completed
    route: "/v1/dashboard/duties"
    method: "GET"
    status: 200
    duration_ms: 5
[2026-09-27 23:23:45.244 -0300] INFO (5018): request completed
    route: "/v1/dashboard/duties"
    method: "GET"
    status: 200
    duration_ms: 5
[2026-09-27 23:23:45.245 -0300] INFO (5018): request completed
    route: "/v1/dashboard/duties"
    method: "GET"
    status: 403
    duration_ms: 0
[2026-09-27 23:23:45.252 -0300] INFO (5018): request completed
    route: "/v1/dashboard/duties/00000000-0000-7000-8000-000080001001/cycles"
    method: "GET"
    status: 200
    duration_ms: 6
[2026-09-27 23:23:45.257 -0300] INFO (5018): request completed
    route: "/v1/dashboard/duties/00000000-0000-7000-8000-000080001001/cycles/2026-09"
    method: "GET"
    status: 200
    duration_ms: 4
[2026-09-27 23:23:45.263 -0300] INFO (5018): request completed
    route: "/v1/dashboard/duties/00000000-0000-7000-8000-000080001001/cycles"
    method: "GET"
    status: 200
    duration_ms: 5
[2026-09-27 23:23:45.268 -0300] INFO (5018): request completed
    route: "/v1/dashboard/duties/00000000-0000-7000-8000-000080001001/cycles/2026-09"
    method: "GET"
    status: 200
    duration_ms: 5
[2026-09-27 23:23:45.272 -0300] INFO (5018): request completed
    route: "/v1/dashboard/duties/00000000-0000-7000-8000-000080001001/cycles"
    method: "GET"
    status: 200
    duration_ms: 4
[2026-09-27 23:23:45.278 -0300] INFO (5018): request completed
    route: "/v1/dashboard/duties/00000000-0000-7000-8000-000080001001/cycles/2026-09"
    method: "GET"
    status: 200
    duration_ms: 5
[2026-09-27 23:23:45.283 -0300] INFO (5018): request completed
    route: "/v1/dashboard/duties/00000000-0000-7000-8000-000080001001/cycles"
    method: "GET"
    status: 200
    duration_ms: 5
[2026-09-27 23:23:45.289 -0300] INFO (5018): request completed
    route: "/v1/dashboard/duties/00000000-0000-7000-8000-000080001001/cycles/2026-09"
    method: "GET"
    status: 200
    duration_ms: 5
[2026-09-27 23:23:45.294 -0300] INFO (5018): request completed
    route: "/v1/dashboard/duties/00000000-0000-7000-8000-000080001001/cycles"
    method: "GET"
    status: 200
    duration_ms: 5
[2026-09-27 23:23:45.299 -0300] INFO (5018): request completed
    route: "/v1/dashboard/duties/00000000-0000-7000-8000-000080001001/cycles/2026-09"
    method: "GET"
    status: 200
    duration_ms: 5
[2026-09-27 23:23:45.304 -0300] INFO (5018): request completed
    route: "/v1/dashboard/duties/00000000-0000-7000-8000-000080001001/cycles"
    method: "GET"
    status: 200
    duration_ms: 5
[2026-09-27 23:23:45.310 -0300] INFO (5018): request completed
    route: "/v1/dashboard/duties/00000000-0000-7000-8000-000080001001/cycles/2026-09"
    method: "GET"
    status: 200
    duration_ms: 5
[2026-09-27 23:23:45.316 -0300] INFO (5018): request completed
    route: "/v1/dashboard/duties/00000000-0000-7000-8000-000080001001/cycles"
    method: "GET"
    status: 200
    duration_ms: 5
[2026-09-27 23:23:45.321 -0300] INFO (5018): request completed
    route: "/v1/dashboard/duties/00000000-0000-7000-8000-000080001001/cycles/2026-09"
    method: "GET"
    status: 200
    duration_ms: 5
[2026-09-27 23:23:45.328 -0300] INFO (5018): request completed
    route: "/v1/dashboard/duties/00000000-0000-7000-8000-000080001001/cycles"
    method: "GET"
    status: 200
    duration_ms: 6
[2026-09-27 23:23:45.333 -0300] INFO (5018): request completed
    route: "/v1/dashboard/duties/00000000-0000-7000-8000-000080001001/cycles/2026-09"
    method: "GET"
    status: 200
    duration_ms: 5
[2026-09-27 23:23:45.339 -0300] INFO (5018): request completed
    route: "/v1/dashboard/duties/00000000-0000-7000-8000-000080001001/cycles"
    method: "GET"
    status: 200
    duration_ms: 5
[2026-09-27 23:23:45.344 -0300] INFO (5018): request completed
    route: "/v1/dashboard/duties/00000000-0000-7000-8000-000080001001/cycles/2026-09"
    method: "GET"
    status: 200
    duration_ms: 5
[2026-09-27 23:23:45.350 -0300] INFO (5018): request completed
    route: "/v1/dashboard/duties/00000000-0000-7000-8000-000080001001/cycles"
    method: "GET"
    status: 200
    duration_ms: 5
[2026-09-27 23:23:45.355 -0300] INFO (5018): request completed
    route: "/v1/dashboard/duties/00000000-0000-7000-8000-000080001001/cycles/2026-09"
    method: "GET"
    status: 200
    duration_ms: 5
[2026-09-27 23:23:45.361 -0300] INFO (5018): request completed
    route: "/v1/dashboard/duties/00000000-0000-7000-8000-000080001001/cycles"
    method: "GET"
    status: 200
    duration_ms: 5
[2026-09-27 23:23:45.366 -0300] INFO (5018): request completed
    route: "/v1/dashboard/duties/00000000-0000-7000-8000-000080001001/cycles/2026-09"
    method: "GET"
    status: 200
    duration_ms: 4
[2026-09-27 23:23:45.372 -0300] INFO (5018): request completed
    route: "/v1/dashboard/duties/00000000-0000-7000-8000-000080001001/cycles"
    method: "GET"
    status: 200
    duration_ms: 5
[2026-09-27 23:23:45.379 -0300] INFO (5018): request completed
    route: "/v1/dashboard/duties/00000000-0000-7000-8000-000080001001/cycles/2026-09"
    method: "GET"
    status: 200
    duration_ms: 6
[2026-09-27 23:23:45.385 -0300] INFO (5018): request completed
    route: "/v1/dashboard/duties/00000000-0000-7000-8000-000080001001/cycles"
    method: "GET"
    status: 200
    duration_ms: 5
[2026-09-27 23:23:45.391 -0300] INFO (5018): request completed
    route: "/v1/dashboard/duties/00000000-0000-7000-8000-000080001001/cycles/2026-09"
    method: "GET"
    status: 200
    duration_ms: 5
[2026-09-27 23:23:45.397 -0300] INFO (5018): request completed
    route: "/v1/dashboard/duties/00000000-0000-7000-8000-000080001001/cycles"
    method: "GET"
    status: 200
    duration_ms: 5
[2026-09-27 23:23:45.403 -0300] INFO (5018): request completed
    route: "/v1/dashboard/duties/00000000-0000-7000-8000-000080001001/cycles/2026-09"
    method: "GET"
    status: 200
    duration_ms: 6
[2026-09-27 23:23:45.404 -0300] INFO (5018): request completed
    route: "/v1/dashboard/duties/00000000-0000-7000-8000-000080001001/cycles"
    method: "GET"
    status: 403
    duration_ms: 0
[2026-09-27 23:23:45.405 -0300] INFO (5018): request completed
    route: "/v1/dashboard/duties/00000000-0000-7000-8000-000080001001/cycles/2026-09"
    method: "GET"
    status: 403
    duration_ms: 0
[2026-09-27 23:23:45.412 -0300] INFO (5018): request completed
    route: "/v1/dashboard/duties/00000000-0000-7000-8000-000080001001/cycles"
    method: "GET"
    status: 200
    duration_ms: 6
[2026-09-27 23:23:45.418 -0300] INFO (5018): request completed
    route: "/v1/dashboard/duties/00000000-0000-7000-8000-000080001001/cycles/2026-09"
    method: "GET"
    status: 200
    duration_ms: 6
[2026-09-27 23:23:45.424 -0300] INFO (5018): request completed
    route: "/v1/dashboard/duties/00000000-0000-7000-8000-000080001001/cycles"
    method: "GET"
    status: 200
    duration_ms: 5
[2026-09-27 23:23:45.430 -0300] INFO (5018): request completed
    route: "/v1/dashboard/duties/00000000-0000-7000-8000-000080001001/cycles/2026-09"
    method: "GET"
    status: 200
    duration_ms: 6
[2026-09-27 23:23:45.436 -0300] INFO (5018): request completed
    route: "/v1/dashboard/duties/00000000-0000-7000-8000-000080001001/cycles"
    method: "GET"
    status: 200
    duration_ms: 5
[2026-09-27 23:23:45.442 -0300] INFO (5018): request completed
    route: "/v1/dashboard/duties/00000000-0000-7000-8000-000080001001/cycles/2026-09"
    method: "GET"
    status: 200
    duration_ms: 5
[2026-09-27 23:23:45.448 -0300] INFO (5018): request completed
    route: "/v1/dashboard/duties/00000000-0000-7000-8000-000080001001/cycles"
    method: "GET"
    status: 200
    duration_ms: 5
[2026-09-27 23:23:45.454 -0300] INFO (5018): request completed
    route: "/v1/dashboard/duties/00000000-0000-7000-8000-000080001001/cycles/2026-09"
    method: "GET"
    status: 200
    duration_ms: 5
[2026-09-27 23:23:45.460 -0300] INFO (5018): request completed
    route: "/v1/dashboard/duties/00000000-0000-7000-8000-000080001001/cycles"
    method: "GET"
    status: 200
    duration_ms: 5
[2026-09-27 23:23:45.465 -0300] INFO (5018): request completed
    route: "/v1/dashboard/duties/00000000-0000-7000-8000-000080001001/cycles/2026-09"
    method: "GET"
    status: 200
    duration_ms: 5
[2026-09-27 23:23:45.472 -0300] INFO (5018): request completed
    route: "/v1/dashboard/duties/00000000-0000-7000-8000-000080001001/cycles"
    method: "GET"
    status: 200
    duration_ms: 6
[2026-09-27 23:23:45.478 -0300] INFO (5018): request completed
    route: "/v1/dashboard/duties/00000000-0000-7000-8000-000080001001/cycles/2026-09"
    method: "GET"
    status: 200
    duration_ms: 6
[2026-09-27 23:23:45.484 -0300] INFO (5018): request completed
    route: "/v1/dashboard/duties/00000000-0000-7000-8000-000080001001/cycles"
    method: "GET"
    status: 200
    duration_ms: 5
[2026-09-27 23:23:45.489 -0300] INFO (5018): request completed
    route: "/v1/dashboard/duties/00000000-0000-7000-8000-000080001001/cycles/2026-09"
    method: "GET"
    status: 200
    duration_ms: 5
[2026-09-27 23:23:45.494 -0300] INFO (5018): request completed
    route: "/v1/dashboard/duties/00000000-0000-7000-8000-000080001001/cycles"
    method: "GET"
    status: 200
    duration_ms: 4
[2026-09-27 23:23:45.499 -0300] INFO (5018): request completed
    route: "/v1/dashboard/duties/00000000-0000-7000-8000-000080001001/cycles/2026-09"
    method: "GET"
    status: 200
    duration_ms: 4
[2026-09-27 23:23:45.504 -0300] INFO (5018): request completed
    route: "/v1/dashboard/duties/00000000-0000-7000-8000-000080001001/cycles"
    method: "GET"
    status: 200
    duration_ms: 5
[2026-09-27 23:23:45.509 -0300] INFO (5018): request completed
    route: "/v1/dashboard/duties/00000000-0000-7000-8000-000080001001/cycles/2026-09"
    method: "GET"
    status: 200
    duration_ms: 4
[2026-09-27 23:23:45.518 -0300] INFO (5018): request completed
    route: "/v1/dashboard/duties/00000000-0000-7000-8000-000080001001/cycles"
    method: "GET"
    status: 200
    duration_ms: 6
[2026-09-27 23:23:45.523 -0300] INFO (5018): request completed
    route: "/v1/dashboard/duties/00000000-0000-7000-8000-000080001001/cycles/2026-09"
    method: "GET"
    status: 200
    duration_ms: 4
[2026-09-27 23:23:45.528 -0300] INFO (5018): request completed
    route: "/v1/dashboard/duties/00000000-0000-7000-8000-000080001001/cycles"
    method: "GET"
    status: 200
    duration_ms: 4
[2026-09-27 23:23:45.533 -0300] INFO (5018): request completed
    route: "/v1/dashboard/duties/00000000-0000-7000-8000-000080001001/cycles/2026-09"
    method: "GET"
    status: 200
    duration_ms: 4
[2026-09-27 23:23:45.538 -0300] INFO (5018): request completed
    route: "/v1/dashboard/duties/00000000-0000-7000-8000-000080001001/cycles"
    method: "GET"
    status: 200
    duration_ms: 5
[2026-09-27 23:23:45.543 -0300] INFO (5018): request completed
    route: "/v1/dashboard/duties/00000000-0000-7000-8000-000080001001/cycles/2026-09"
    method: "GET"
    status: 200
    duration_ms: 4
[2026-09-27 23:23:45.548 -0300] INFO (5018): request completed
    route: "/v1/dashboard/duties/00000000-0000-7000-8000-000080001001/cycles"
    method: "GET"
    status: 200
    duration_ms: 5
[2026-09-27 23:23:45.554 -0300] INFO (5018): request completed
    route: "/v1/dashboard/duties/00000000-0000-7000-8000-000080001001/cycles/2026-09"
    method: "GET"
    status: 200
    duration_ms: 5
[2026-09-27 23:23:45.559 -0300] INFO (5018): request completed
    route: "/v1/dashboard/duties/00000000-0000-7000-8000-000080001001/cycles"
    method: "GET"
    status: 200
    duration_ms: 4
[2026-09-27 23:23:45.564 -0300] INFO (5018): request completed
    route: "/v1/dashboard/duties/00000000-0000-7000-8000-000080001001/cycles/2026-09"
    method: "GET"
    status: 200
    duration_ms: 4
[2026-09-27 23:23:45.574 -0300] INFO (5018): request completed
    route: "/v1/dashboard/duties/00000000-0000-7000-8000-000080001001/cycles"
    method: "GET"
    status: 200
    duration_ms: 9
[2026-09-27 23:23:45.585 -0300] INFO (5018): request completed
    route: "/v1/dashboard/duties/00000000-0000-7000-8000-000080001001/cycles/2026-09"
    method: "GET"
    status: 200
    duration_ms: 10
[2026-09-27 23:23:45.591 -0300] INFO (5018): request completed
    route: "/v1/dashboard/duties/00000000-0000-7000-8000-000080001001/cycles"
    method: "GET"
    status: 200
    duration_ms: 5
[2026-09-27 23:23:45.596 -0300] INFO (5018): request completed
    route: "/v1/dashboard/duties/00000000-0000-7000-8000-000080001001/cycles/2026-09"
    method: "GET"
    status: 200
    duration_ms: 5
[2026-09-27 23:23:45.601 -0300] INFO (5018): request completed
    route: "/v1/dashboard/duties/00000000-0000-7000-8000-000080001001/cycles"
    method: "GET"
    status: 200
    duration_ms: 4
[2026-09-27 23:23:45.606 -0300] INFO (5018): request completed
    route: "/v1/dashboard/duties/00000000-0000-7000-8000-000080001001/cycles/2026-09"
    method: "GET"
    status: 200
    duration_ms: 4
[2026-09-27 23:23:45.612 -0300] INFO (5018): request completed
    route: "/v1/dashboard/duties/00000000-0000-7000-8000-000080001001/cycles"
    method: "GET"
    status: 200
    duration_ms: 5
[2026-09-27 23:23:45.617 -0300] INFO (5018): request completed
    route: "/v1/dashboard/duties/00000000-0000-7000-8000-000080001001/cycles/2026-09"
    method: "GET"
    status: 200
    duration_ms: 5
[2026-09-27 23:23:45.623 -0300] INFO (5018): request completed
    route: "/v1/dashboard/duties/00000000-0000-7000-8000-000080001001/cycles"
    method: "GET"
    status: 200
    duration_ms: 5
[2026-09-27 23:23:45.627 -0300] INFO (5018): request completed
    route: "/v1/dashboard/duties/00000000-0000-7000-8000-000080001001/cycles/2026-09"
    method: "GET"
    status: 200
    duration_ms: 4
[2026-09-27 23:23:45.632 -0300] INFO (5018): request completed
    route: "/v1/dashboard/duties/00000000-0000-7000-8000-000080001001/cycles"
    method: "GET"
    status: 200
    duration_ms: 4
[2026-09-27 23:23:45.637 -0300] INFO (5018): request completed
    route: "/v1/dashboard/duties/00000000-0000-7000-8000-000080001001/cycles/2026-09"
    method: "GET"
    status: 200
    duration_ms: 4
[2026-09-27 23:23:45.638 -0300] INFO (5018): request completed
    route: "/v1/dashboard/duties/00000000-0000-7000-8000-000080001001/cycles"
    method: "GET"
    status: 403
    duration_ms: 1
[2026-09-27 23:23:45.638 -0300] INFO (5018): request completed
    route: "/v1/dashboard/duties/00000000-0000-7000-8000-000080001001/cycles/2026-09"
    method: "GET"
    status: 403
    duration_ms: 0
[2026-09-27 23:23:45.659 -0300] INFO (5018): request completed
    route: "/v1/dashboard/duties/00000000-0000-7000-8000-000080001001/cycles/2026-09/start"
    method: "POST"
    status: 428
    duration_ms: 20
[2026-09-27 23:23:45.660 -0300] INFO (5018): request completed
    route: "/v1/dashboard/duties/00000000-0000-7000-8000-000080001001/cycles/2026-09/start"
    method: "POST"
    status: 403
    duration_ms: 0
[2026-09-27 23:23:45.662 -0300] INFO (5018): request completed
    route: "/v1/dashboard/duties/00000000-0000-7000-8000-000080001001/cycles/2026-09/start"
    method: "POST"
    status: 403
    duration_ms: 1
[2026-09-27 23:23:45.662 -0300] INFO (5018): request completed
    route: "/v1/dashboard/duties/00000000-0000-7000-8000-000080001001/cycles/2026-09/start"
    method: "POST"
    status: 403
    duration_ms: 0
[2026-09-27 23:23:45.663 -0300] INFO (5018): request completed
    route: "/v1/dashboard/duties/00000000-0000-7000-8000-000080001001/cycles/2026-09/start"
    method: "POST"
    status: 403
    duration_ms: 0
[2026-09-27 23:23:45.664 -0300] INFO (5018): request completed
    route: "/v1/dashboard/duties/00000000-0000-7000-8000-000080001001/cycles/2026-09/start"
    method: "POST"
    status: 403
    duration_ms: 0
[2026-09-27 23:23:45.665 -0300] INFO (5018): request completed
    route: "/v1/dashboard/duties/00000000-0000-7000-8000-000080001001/cycles/2026-09/start"
    method: "POST"
    status: 403
    duration_ms: 0
[2026-09-27 23:23:45.665 -0300] INFO (5018): request completed
    route: "/v1/dashboard/duties/00000000-0000-7000-8000-000080001001/cycles/2026-09/start"
    method: "POST"
    status: 403
    duration_ms: 0
[2026-09-27 23:23:45.666 -0300] INFO (5018): request completed
    route: "/v1/dashboard/duties/00000000-0000-7000-8000-000080001001/cycles/2026-09/start"
    method: "POST"
    status: 403
    duration_ms: 0
[2026-09-27 23:23:45.686 -0300] INFO (5018): request completed
    route: "/v1/dashboard/duties/00000000-0000-7000-8000-000080001001/cycles/2026-09/start"
    method: "POST"
    status: 428
    duration_ms: 20
[2026-09-27 23:23:45.687 -0300] INFO (5018): request completed
    route: "/v1/dashboard/duties/00000000-0000-7000-8000-000080001001/cycles/2026-09/start"
    method: "POST"
    status: 403
    duration_ms: 0
[2026-09-27 23:23:45.688 -0300] INFO (5018): request completed
    route: "/v1/dashboard/duties/00000000-0000-7000-8000-000080001001/cycles/2026-09/start"
    method: "POST"
    status: 403
    duration_ms: 0
[2026-09-27 23:23:45.689 -0300] INFO (5018): request completed
    route: "/v1/dashboard/duties/00000000-0000-7000-8000-000080001001/cycles/2026-09/start"
    method: "POST"
    status: 403
    duration_ms: 0
[2026-09-27 23:23:45.708 -0300] INFO (5018): request completed
    route: "/v1/dashboard/duties/00000000-0000-7000-8000-000080001001/cycles/2026-09/start"
    method: "POST"
    status: 428
    duration_ms: 18
[2026-09-27 23:23:45.709 -0300] INFO (5018): request completed
    route: "/v1/dashboard/duties/00000000-0000-7000-8000-000080001001/cycles/2026-09/start"
    method: "POST"
    status: 403
    duration_ms: 0
[2026-09-27 23:23:45.710 -0300] INFO (5018): request completed
    route: "/v1/dashboard/duties/00000000-0000-7000-8000-000080001001/cycles/2026-09/start"
    method: "POST"
    status: 403
    duration_ms: 0
[2026-09-27 23:23:45.711 -0300] INFO (5018): request completed
    route: "/v1/dashboard/duties/00000000-0000-7000-8000-000080001001/cycles/2026-09/start"
    method: "POST"
    status: 403
    duration_ms: 0
[2026-09-27 23:23:45.712 -0300] INFO (5018): request completed
    route: "/v1/dashboard/duties/00000000-0000-7000-8000-000080001001/cycles/2026-09/start"
    method: "POST"
    status: 403
    duration_ms: 0
[2026-09-27 23:23:45.713 -0300] INFO (5018): request completed
    route: "/v1/dashboard/duties/00000000-0000-7000-8000-000080001001/cycles/2026-09/start"
    method: "POST"
    status: 403
    duration_ms: 0
[2026-09-27 23:23:45.732 -0300] INFO (5018): request completed
    route: "/v1/dashboard/duties/00000000-0000-7000-8000-000080001001/cycles/2026-09/start"
    method: "POST"
    status: 428
    duration_ms: 19
[2026-09-27 23:23:45.751 -0300] INFO (5018): request completed
    route: "/v1/dashboard/duties/00000000-0000-7000-8000-000080001001/cycles/2026-09/start"
    method: "POST"
    status: 428
    duration_ms: 19
[2026-09-27 23:23:45.752 -0300] INFO (5018): request completed
    route: "/v1/dashboard/duties/00000000-0000-7000-8000-000080001001/cycles/2026-09/start"
    method: "POST"
    status: 403
    duration_ms: 1
[2026-09-27 23:23:45.753 -0300] INFO (5018): request completed
    route: "/v1/dashboard/duties/00000000-0000-7000-8000-000080001001/cycles/2026-09/start"
    method: "POST"
    status: 403
    duration_ms: 0
[2026-09-27 23:23:45.754 -0300] INFO (5018): request completed
    route: "/v1/dashboard/duties/00000000-0000-7000-8000-000080001001/cycles/2026-09/start"
    method: "POST"
    status: 403
    duration_ms: 1
[2026-09-27 23:23:45.754 -0300] INFO (5018): request completed
    route: "/v1/dashboard/duties/00000000-0000-7000-8000-000080001001/cycles/2026-09/start"
    method: "POST"
    status: 403
    duration_ms: 0
[2026-09-27 23:23:45.755 -0300] INFO (5018): request completed
    route: "/v1/dashboard/duties/00000000-0000-7000-8000-000080001001/cycles/2026-09/start"
    method: "POST"
    status: 403
    duration_ms: 0
[2026-09-27 23:23:45.756 -0300] INFO (5018): request completed
    route: "/v1/dashboard/duties/00000000-0000-7000-8000-000080001001/cycles/2026-09/start"
    method: "POST"
    status: 403
    duration_ms: 1
[2026-09-27 23:23:45.756 -0300] INFO (5018): request completed
    route: "/v1/dashboard/duties/00000000-0000-7000-8000-000080001001/cycles/2026-09/start"
    method: "POST"
    status: 403
    duration_ms: 0
[2026-09-27 23:23:45.757 -0300] INFO (5018): request completed
    route: "/v1/dashboard/duties/00000000-0000-7000-8000-000080001001/cycles/2026-09/start"
    method: "POST"
    status: 403
    duration_ms: 0
[2026-09-27 23:23:45.758 -0300] INFO (5018): request completed
    route: "/v1/dashboard/duties/00000000-0000-7000-8000-000080001001/cycles/2026-09/start"
    method: "POST"
    status: 403
    duration_ms: 1
[2026-09-27 23:23:45.758 -0300] INFO (5018): request completed
    route: "/v1/dashboard/duties/00000000-0000-7000-8000-000080001001/cycles/2026-09/start"
    method: "POST"
    status: 403
    duration_ms: 0
[2026-09-27 23:23:45.759 -0300] INFO (5018): request completed
    route: "/v1/dashboard/duties/00000000-0000-7000-8000-000080001001/cycles/2026-09/start"
    method: "POST"
    status: 403
    duration_ms: 1
[2026-09-27 23:23:45.759 -0300] INFO (5018): request completed
    route: "/v1/dashboard/duties/00000000-0000-7000-8000-000080001001/cycles/2026-09/start"
    method: "POST"
    status: 403
    duration_ms: 0
[2026-09-27 23:23:45.760 -0300] INFO (5018): request completed
    route: "/v1/dashboard/duties/00000000-0000-7000-8000-000080001001/cycles/2026-09/start"
    method: "POST"
    status: 403
    duration_ms: 0
[2026-09-27 23:23:45.779 -0300] INFO (5018): request completed
    route: "/v1/dashboard/duties/00000000-0000-7000-8000-000080001001/cycles/2026-09/start"
    method: "POST"
    status: 428
    duration_ms: 18
[2026-09-27 23:23:45.780 -0300] INFO (5018): request completed
    route: "/v1/dashboard/duties/00000000-0000-7000-8000-000080001001/cycles/2026-09/start"
    method: "POST"
    status: 403
    duration_ms: 1
[2026-09-27 23:23:45.797 -0300] INFO (5018): request completed
    route: "/v1/dashboard/duties/00000000-0000-7000-8000-000080001001/cycles/2026-09/prepare"
    method: "POST"
    status: 428
    duration_ms: 17
[2026-09-27 23:23:45.798 -0300] INFO (5018): request completed
    route: "/v1/dashboard/duties/00000000-0000-7000-8000-000080001001/cycles/2026-09/prepare"
    method: "POST"
    status: 403
    duration_ms: 0
[2026-09-27 23:23:45.799 -0300] INFO (5018): request completed
    route: "/v1/dashboard/duties/00000000-0000-7000-8000-000080001001/cycles/2026-09/prepare"
    method: "POST"
    status: 403
    duration_ms: 0
[2026-09-27 23:23:45.799 -0300] INFO (5018): request completed
    route: "/v1/dashboard/duties/00000000-0000-7000-8000-000080001001/cycles/2026-09/prepare"
    method: "POST"
    status: 403
    duration_ms: 0
[2026-09-27 23:23:45.800 -0300] INFO (5018): request completed
    route: "/v1/dashboard/duties/00000000-0000-7000-8000-000080001001/cycles/2026-09/prepare"
    method: "POST"
    status: 403
    duration_ms: 0
[2026-09-27 23:23:45.801 -0300] INFO (5018): request completed
    route: "/v1/dashboard/duties/00000000-0000-7000-8000-000080001001/cycles/2026-09/prepare"
    method: "POST"
    status: 403
    duration_ms: 1
[2026-09-27 23:23:45.801 -0300] INFO (5018): request completed
    route: "/v1/dashboard/duties/00000000-0000-7000-8000-000080001001/cycles/2026-09/prepare"
    method: "POST"
    status: 403
    duration_ms: 0
[2026-09-27 23:23:45.802 -0300] INFO (5018): request completed
    route: "/v1/dashboard/duties/00000000-0000-7000-8000-000080001001/cycles/2026-09/prepare"
    method: "POST"
    status: 403
    duration_ms: 0
[2026-09-27 23:23:45.803 -0300] INFO (5018): request completed
    route: "/v1/dashboard/duties/00000000-0000-7000-8000-000080001001/cycles/2026-09/prepare"
    method: "POST"
    status: 403
    duration_ms: 0
[2026-09-27 23:23:45.821 -0300] INFO (5018): request completed
    route: "/v1/dashboard/duties/00000000-0000-7000-8000-000080001001/cycles/2026-09/prepare"
    method: "POST"
    status: 428
    duration_ms: 17
[2026-09-27 23:23:45.823 -0300] INFO (5018): request completed
    route: "/v1/dashboard/duties/00000000-0000-7000-8000-000080001001/cycles/2026-09/prepare"
    method: "POST"
    status: 403
    duration_ms: 1
[2026-09-27 23:23:45.823 -0300] INFO (5018): request completed
    route: "/v1/dashboard/duties/00000000-0000-7000-8000-000080001001/cycles/2026-09/prepare"
    method: "POST"
    status: 403
    duration_ms: 0
[2026-09-27 23:23:45.824 -0300] INFO (5018): request completed
    route: "/v1/dashboard/duties/00000000-0000-7000-8000-000080001001/cycles/2026-09/prepare"
    method: "POST"
    status: 403
    duration_ms: 0
[2026-09-27 23:23:45.841 -0300] INFO (5018): request completed
    route: "/v1/dashboard/duties/00000000-0000-7000-8000-000080001001/cycles/2026-09/prepare"
    method: "POST"
    status: 428
    duration_ms: 16
[2026-09-27 23:23:45.842 -0300] INFO (5018): request completed
    route: "/v1/dashboard/duties/00000000-0000-7000-8000-000080001001/cycles/2026-09/prepare"
    method: "POST"
    status: 403
    duration_ms: 0
[2026-09-27 23:23:45.844 -0300] INFO (5018): request completed
    route: "/v1/dashboard/duties/00000000-0000-7000-8000-000080001001/cycles/2026-09/prepare"
    method: "POST"
    status: 403
    duration_ms: 1
[2026-09-27 23:23:45.844 -0300] INFO (5018): request completed
    route: "/v1/dashboard/duties/00000000-0000-7000-8000-000080001001/cycles/2026-09/prepare"
    method: "POST"
    status: 403
    duration_ms: 0
[2026-09-27 23:23:45.845 -0300] INFO (5018): request completed
    route: "/v1/dashboard/duties/00000000-0000-7000-8000-000080001001/cycles/2026-09/prepare"
    method: "POST"
    status: 403
    duration_ms: 0
[2026-09-27 23:23:45.846 -0300] INFO (5018): request completed
    route: "/v1/dashboard/duties/00000000-0000-7000-8000-000080001001/cycles/2026-09/prepare"
    method: "POST"
    status: 403
    duration_ms: 0
[2026-09-27 23:23:45.863 -0300] INFO (5018): request completed
    route: "/v1/dashboard/duties/00000000-0000-7000-8000-000080001001/cycles/2026-09/prepare"
    method: "POST"
    status: 428
    duration_ms: 17
[2026-09-27 23:23:45.880 -0300] INFO (5018): request completed
    route: "/v1/dashboard/duties/00000000-0000-7000-8000-000080001001/cycles/2026-09/prepare"
    method: "POST"
    status: 428
    duration_ms: 16
[2026-09-27 23:23:45.881 -0300] INFO (5018): request completed
    route: "/v1/dashboard/duties/00000000-0000-7000-8000-000080001001/cycles/2026-09/prepare"
    method: "POST"
    status: 403
    duration_ms: 0
[2026-09-27 23:23:45.882 -0300] INFO (5018): request completed
    route: "/v1/dashboard/duties/00000000-0000-7000-8000-000080001001/cycles/2026-09/prepare"
    method: "POST"
    status: 403
    duration_ms: 1
[2026-09-27 23:23:45.882 -0300] INFO (5018): request completed
    route: "/v1/dashboard/duties/00000000-0000-7000-8000-000080001001/cycles/2026-09/prepare"
    method: "POST"
    status: 403
    duration_ms: 0
[2026-09-27 23:23:45.883 -0300] INFO (5018): request completed
    route: "/v1/dashboard/duties/00000000-0000-7000-8000-000080001001/cycles/2026-09/prepare"
    method: "POST"
    status: 403
    duration_ms: 1
[2026-09-27 23:23:45.883 -0300] INFO (5018): request completed
    route: "/v1/dashboard/duties/00000000-0000-7000-8000-000080001001/cycles/2026-09/prepare"
    method: "POST"
    status: 403
    duration_ms: 0
[2026-09-27 23:23:45.884 -0300] INFO (5018): request completed
    route: "/v1/dashboard/duties/00000000-0000-7000-8000-000080001001/cycles/2026-09/prepare"
    method: "POST"
    status: 403
    duration_ms: 0
[2026-09-27 23:23:45.884 -0300] INFO (5018): request completed
    route: "/v1/dashboard/duties/00000000-0000-7000-8000-000080001001/cycles/2026-09/prepare"
    method: "POST"
    status: 403
    duration_ms: 0
[2026-09-27 23:23:45.885 -0300] INFO (5018): request completed
    route: "/v1/dashboard/duties/00000000-0000-7000-8000-000080001001/cycles/2026-09/prepare"
    method: "POST"
    status: 403
    duration_ms: 0
[2026-09-27 23:23:45.886 -0300] INFO (5018): request completed
    route: "/v1/dashboard/duties/00000000-0000-7000-8000-000080001001/cycles/2026-09/prepare"
    method: "POST"
    status: 403
    duration_ms: 1
[2026-09-27 23:23:45.886 -0300] INFO (5018): request completed
    route: "/v1/dashboard/duties/00000000-0000-7000-8000-000080001001/cycles/2026-09/prepare"
    method: "POST"
    status: 403
    duration_ms: 0
[2026-09-27 23:23:45.887 -0300] INFO (5018): request completed
    route: "/v1/dashboard/duties/00000000-0000-7000-8000-000080001001/cycles/2026-09/prepare"
    method: "POST"
    status: 403
    duration_ms: 1
[2026-09-27 23:23:45.887 -0300] INFO (5018): request completed
    route: "/v1/dashboard/duties/00000000-0000-7000-8000-000080001001/cycles/2026-09/prepare"
    method: "POST"
    status: 403
    duration_ms: 0
[2026-09-27 23:23:45.888 -0300] INFO (5018): request completed
    route: "/v1/dashboard/duties/00000000-0000-7000-8000-000080001001/cycles/2026-09/prepare"
    method: "POST"
    status: 403
    duration_ms: 0
[2026-09-27 23:23:45.905 -0300] INFO (5018): request completed
    route: "/v1/dashboard/duties/00000000-0000-7000-8000-000080001001/cycles/2026-09/prepare"
    method: "POST"
    status: 428
    duration_ms: 17
[2026-09-27 23:23:45.906 -0300] INFO (5018): request completed
    route: "/v1/dashboard/duties/00000000-0000-7000-8000-000080001001/cycles/2026-09/prepare"
    method: "POST"
    status: 403
    duration_ms: 0
[2026-09-27 23:23:45.925 -0300] INFO (5018): request completed
    route: "/v1/dashboard/duties/00000000-0000-7000-8000-000080001001/cycles/2026-09/submit"
    method: "POST"
    status: 428
    duration_ms: 18
[2026-09-27 23:23:45.926 -0300] INFO (5018): request completed
    route: "/v1/dashboard/duties/00000000-0000-7000-8000-000080001001/cycles/2026-09/submit"
    method: "POST"
    status: 403
    duration_ms: 0
[2026-09-27 23:23:45.927 -0300] INFO (5018): request completed
    route: "/v1/dashboard/duties/00000000-0000-7000-8000-000080001001/cycles/2026-09/submit"
    method: "POST"
    status: 403
    duration_ms: 0
[2026-09-27 23:23:45.928 -0300] INFO (5018): request completed
    route: "/v1/dashboard/duties/00000000-0000-7000-8000-000080001001/cycles/2026-09/submit"
    method: "POST"
    status: 403
    duration_ms: 0
[2026-09-27 23:23:45.929 -0300] INFO (5018): request completed
    route: "/v1/dashboard/duties/00000000-0000-7000-8000-000080001001/cycles/2026-09/submit"
    method: "POST"
    status: 403
    duration_ms: 1
[2026-09-27 23:23:45.929 -0300] INFO (5018): request completed
    route: "/v1/dashboard/duties/00000000-0000-7000-8000-000080001001/cycles/2026-09/submit"
    method: "POST"
    status: 403
    duration_ms: 0
[2026-09-27 23:23:45.930 -0300] INFO (5018): request completed
    route: "/v1/dashboard/duties/00000000-0000-7000-8000-000080001001/cycles/2026-09/submit"
    method: "POST"
    status: 403
    duration_ms: 0
[2026-09-27 23:23:45.930 -0300] INFO (5018): request completed
    route: "/v1/dashboard/duties/00000000-0000-7000-8000-000080001001/cycles/2026-09/submit"
    method: "POST"
    status: 403
    duration_ms: 0
[2026-09-27 23:23:45.931 -0300] INFO (5018): request completed
    route: "/v1/dashboard/duties/00000000-0000-7000-8000-000080001001/cycles/2026-09/submit"
    method: "POST"
    status: 403
    duration_ms: 0
[2026-09-27 23:23:45.948 -0300] INFO (5018): request completed
    route: "/v1/dashboard/duties/00000000-0000-7000-8000-000080001001/cycles/2026-09/submit"
    method: "POST"
    status: 428
    duration_ms: 17
[2026-09-27 23:23:45.949 -0300] INFO (5018): request completed
    route: "/v1/dashboard/duties/00000000-0000-7000-8000-000080001001/cycles/2026-09/submit"
    method: "POST"
    status: 403
    duration_ms: 0
[2026-09-27 23:23:45.950 -0300] INFO (5018): request completed
    route: "/v1/dashboard/duties/00000000-0000-7000-8000-000080001001/cycles/2026-09/submit"
    method: "POST"
    status: 403
    duration_ms: 0
[2026-09-27 23:23:45.951 -0300] INFO (5018): request completed
    route: "/v1/dashboard/duties/00000000-0000-7000-8000-000080001001/cycles/2026-09/submit"
    method: "POST"
    status: 403
    duration_ms: 0
[2026-09-27 23:23:45.969 -0300] INFO (5018): request completed
    route: "/v1/dashboard/duties/00000000-0000-7000-8000-000080001001/cycles/2026-09/submit"
    method: "POST"
    status: 428
    duration_ms: 17
[2026-09-27 23:23:45.970 -0300] INFO (5018): request completed
    route: "/v1/dashboard/duties/00000000-0000-7000-8000-000080001001/cycles/2026-09/submit"
    method: "POST"
    status: 403
    duration_ms: 0
[2026-09-27 23:23:45.971 -0300] INFO (5018): request completed
    route: "/v1/dashboard/duties/00000000-0000-7000-8000-000080001001/cycles/2026-09/submit"
    method: "POST"
    status: 403
    duration_ms: 0
[2026-09-27 23:23:45.972 -0300] INFO (5018): request completed
    route: "/v1/dashboard/duties/00000000-0000-7000-8000-000080001001/cycles/2026-09/submit"
    method: "POST"
    status: 403
    duration_ms: 0
[2026-09-27 23:23:45.973 -0300] INFO (5018): request completed
    route: "/v1/dashboard/duties/00000000-0000-7000-8000-000080001001/cycles/2026-09/submit"
    method: "POST"
    status: 403
    duration_ms: 1
[2026-09-27 23:23:45.973 -0300] INFO (5018): request completed
    route: "/v1/dashboard/duties/00000000-0000-7000-8000-000080001001/cycles/2026-09/submit"
    method: "POST"
    status: 403
    duration_ms: 0
[2026-09-27 23:23:45.990 -0300] INFO (5018): request completed
    route: "/v1/dashboard/duties/00000000-0000-7000-8000-000080001001/cycles/2026-09/submit"
    method: "POST"
    status: 428
    duration_ms: 16
[2026-09-27 23:23:46.005 -0300] INFO (5018): request completed
    route: "/v1/dashboard/duties/00000000-0000-7000-8000-000080001001/cycles/2026-09/submit"
    method: "POST"
    status: 428
    duration_ms: 14
[2026-09-27 23:23:46.006 -0300] INFO (5018): request completed
    route: "/v1/dashboard/duties/00000000-0000-7000-8000-000080001001/cycles/2026-09/submit"
    method: "POST"
    status: 403
    duration_ms: 0
[2026-09-27 23:23:46.007 -0300] INFO (5018): request completed
    route: "/v1/dashboard/duties/00000000-0000-7000-8000-000080001001/cycles/2026-09/submit"
    method: "POST"
    status: 403
    duration_ms: 0
[2026-09-27 23:23:46.008 -0300] INFO (5018): request completed
    route: "/v1/dashboard/duties/00000000-0000-7000-8000-000080001001/cycles/2026-09/submit"
    method: "POST"
    status: 403
    duration_ms: 1
[2026-09-27 23:23:46.011 -0300] INFO (5018): request completed
    route: "/v1/dashboard/duties/00000000-0000-7000-8000-000080001001/cycles/2026-09/submit"
    method: "POST"
    status: 403
    duration_ms: 0
[2026-09-27 23:23:46.012 -0300] INFO (5018): request completed
    route: "/v1/dashboard/duties/00000000-0000-7000-8000-000080001001/cycles/2026-09/submit"
    method: "POST"
    status: 403
    duration_ms: 0
[2026-09-27 23:23:46.012 -0300] INFO (5018): request completed
    route: "/v1/dashboard/duties/00000000-0000-7000-8000-000080001001/cycles/2026-09/submit"
    method: "POST"
    status: 403
    duration_ms: 0
[2026-09-27 23:23:46.013 -0300] INFO (5018): request completed
    route: "/v1/dashboard/duties/00000000-0000-7000-8000-000080001001/cycles/2026-09/submit"
    method: "POST"
    status: 403
    duration_ms: 0
[2026-09-27 23:23:46.014 -0300] INFO (5018): request completed
    route: "/v1/dashboard/duties/00000000-0000-7000-8000-000080001001/cycles/2026-09/submit"
    method: "POST"
    status: 403
    duration_ms: 1
[2026-09-27 23:23:46.014 -0300] INFO (5018): request completed
    route: "/v1/dashboard/duties/00000000-0000-7000-8000-000080001001/cycles/2026-09/submit"
    method: "POST"
    status: 403
    duration_ms: 0
[2026-09-27 23:23:46.015 -0300] INFO (5018): request completed
    route: "/v1/dashboard/duties/00000000-0000-7000-8000-000080001001/cycles/2026-09/submit"
    method: "POST"
    status: 403
    duration_ms: 0
[2026-09-27 23:23:46.016 -0300] INFO (5018): request completed
    route: "/v1/dashboard/duties/00000000-0000-7000-8000-000080001001/cycles/2026-09/submit"
    method: "POST"
    status: 403
    duration_ms: 1
[2026-09-27 23:23:46.016 -0300] INFO (5018): request completed
    route: "/v1/dashboard/duties/00000000-0000-7000-8000-000080001001/cycles/2026-09/submit"
    method: "POST"
    status: 403
    duration_ms: 0
[2026-09-27 23:23:46.017 -0300] INFO (5018): request completed
    route: "/v1/dashboard/duties/00000000-0000-7000-8000-000080001001/cycles/2026-09/submit"
    method: "POST"
    status: 403
    duration_ms: 0
[2026-09-27 23:23:46.035 -0300] INFO (5018): request completed
    route: "/v1/dashboard/duties/00000000-0000-7000-8000-000080001001/cycles/2026-09/submit"
    method: "POST"
    status: 428
    duration_ms: 17
[2026-09-27 23:23:46.036 -0300] INFO (5018): request completed
    route: "/v1/dashboard/duties/00000000-0000-7000-8000-000080001001/cycles/2026-09/submit"
    method: "POST"
    status: 403
    duration_ms: 1
[2026-09-27 23:23:46.058 -0300] INFO (5018): request completed
    route: "/v1/dashboard/duties/00000000-0000-7000-8000-000080001001/cycles/2026-09/prove"
    method: "POST"
    status: 428
    duration_ms: 22
[2026-09-27 23:23:46.059 -0300] INFO (5018): request completed
    route: "/v1/dashboard/duties/00000000-0000-7000-8000-000080001001/cycles/2026-09/prove"
    method: "POST"
    status: 403
    duration_ms: 0
[2026-09-27 23:23:46.060 -0300] INFO (5018): request completed
    route: "/v1/dashboard/duties/00000000-0000-7000-8000-000080001001/cycles/2026-09/prove"
    method: "POST"
    status: 403
    duration_ms: 0
[2026-09-27 23:23:46.061 -0300] INFO (5018): request completed
    route: "/v1/dashboard/duties/00000000-0000-7000-8000-000080001001/cycles/2026-09/prove"
    method: "POST"
    status: 403
    duration_ms: 0
[2026-09-27 23:23:46.061 -0300] INFO (5018): request completed
    route: "/v1/dashboard/duties/00000000-0000-7000-8000-000080001001/cycles/2026-09/prove"
    method: "POST"
    status: 403
    duration_ms: 0
[2026-09-27 23:23:46.062 -0300] INFO (5018): request completed
    route: "/v1/dashboard/duties/00000000-0000-7000-8000-000080001001/cycles/2026-09/prove"
    method: "POST"
    status: 403
    duration_ms: 0
[2026-09-27 23:23:46.063 -0300] INFO (5018): request completed
    route: "/v1/dashboard/duties/00000000-0000-7000-8000-000080001001/cycles/2026-09/prove"
    method: "POST"
    status: 403
    duration_ms: 0
[2026-09-27 23:23:46.064 -0300] INFO (5018): request completed
    route: "/v1/dashboard/duties/00000000-0000-7000-8000-000080001001/cycles/2026-09/prove"
    method: "POST"
    status: 403
    duration_ms: 1
[2026-09-27 23:23:46.065 -0300] INFO (5018): request completed
    route: "/v1/dashboard/duties/00000000-0000-7000-8000-000080001001/cycles/2026-09/prove"
    method: "POST"
    status: 403
    duration_ms: 1
[2026-09-27 23:23:46.082 -0300] INFO (5018): request completed
    route: "/v1/dashboard/duties/00000000-0000-7000-8000-000080001001/cycles/2026-09/prove"
    method: "POST"
    status: 428
    duration_ms: 17
[2026-09-27 23:23:46.083 -0300] INFO (5018): request completed
    route: "/v1/dashboard/duties/00000000-0000-7000-8000-000080001001/cycles/2026-09/prove"
    method: "POST"
    status: 403
    duration_ms: 0
[2026-09-27 23:23:46.084 -0300] INFO (5018): request completed
    route: "/v1/dashboard/duties/00000000-0000-7000-8000-000080001001/cycles/2026-09/prove"
    method: "POST"
    status: 403
    duration_ms: 0
[2026-09-27 23:23:46.085 -0300] INFO (5018): request completed
    route: "/v1/dashboard/duties/00000000-0000-7000-8000-000080001001/cycles/2026-09/prove"
    method: "POST"
    status: 403
    duration_ms: 0
[2026-09-27 23:23:46.103 -0300] INFO (5018): request completed
    route: "/v1/dashboard/duties/00000000-0000-7000-8000-000080001001/cycles/2026-09/prove"
    method: "POST"
    status: 428
    duration_ms: 17
[2026-09-27 23:23:46.105 -0300] INFO (5018): request completed
    route: "/v1/dashboard/duties/00000000-0000-7000-8000-000080001001/cycles/2026-09/prove"
    method: "POST"
    status: 403
    duration_ms: 1
[2026-09-27 23:23:46.106 -0300] INFO (5018): request completed
    route: "/v1/dashboard/duties/00000000-0000-7000-8000-000080001001/cycles/2026-09/prove"
    method: "POST"
    status: 403
    duration_ms: 1
[2026-09-27 23:23:46.107 -0300] INFO (5018): request completed
    route: "/v1/dashboard/duties/00000000-0000-7000-8000-000080001001/cycles/2026-09/prove"
    method: "POST"
    status: 403
    duration_ms: 1
[2026-09-27 23:23:46.107 -0300] INFO (5018): request completed
    route: "/v1/dashboard/duties/00000000-0000-7000-8000-000080001001/cycles/2026-09/prove"
    method: "POST"
    status: 403
    duration_ms: 0
[2026-09-27 23:23:46.108 -0300] INFO (5018): request completed
    route: "/v1/dashboard/duties/00000000-0000-7000-8000-000080001001/cycles/2026-09/prove"
    method: "POST"
    status: 403
    duration_ms: 0
[2026-09-27 23:23:46.131 -0300] INFO (5018): request completed
    route: "/v1/dashboard/duties/00000000-0000-7000-8000-000080001001/cycles/2026-09/prove"
    method: "POST"
    status: 428
    duration_ms: 22
[2026-09-27 23:23:46.151 -0300] INFO (5018): request completed
    route: "/v1/dashboard/duties/00000000-0000-7000-8000-000080001001/cycles/2026-09/prove"
    method: "POST"
    status: 428
    duration_ms: 19
[2026-09-27 23:23:46.153 -0300] INFO (5018): request completed
    route: "/v1/dashboard/duties/00000000-0000-7000-8000-000080001001/cycles/2026-09/prove"
    method: "POST"
    status: 403
    duration_ms: 1
[2026-09-27 23:23:46.154 -0300] INFO (5018): request completed
    route: "/v1/dashboard/duties/00000000-0000-7000-8000-000080001001/cycles/2026-09/prove"
    method: "POST"
    status: 403
    duration_ms: 0
[2026-09-27 23:23:46.154 -0300] INFO (5018): request completed
    route: "/v1/dashboard/duties/00000000-0000-7000-8000-000080001001/cycles/2026-09/prove"
    method: "POST"
    status: 403
    duration_ms: 0
[2026-09-27 23:23:46.155 -0300] INFO (5018): request completed
    route: "/v1/dashboard/duties/00000000-0000-7000-8000-000080001001/cycles/2026-09/prove"
    method: "POST"
    status: 403
    duration_ms: 0
[2026-09-27 23:23:46.156 -0300] INFO (5018): request completed
    route: "/v1/dashboard/duties/00000000-0000-7000-8000-000080001001/cycles/2026-09/prove"
    method: "POST"
    status: 403
    duration_ms: 0
[2026-09-27 23:23:46.156 -0300] INFO (5018): request completed
    route: "/v1/dashboard/duties/00000000-0000-7000-8000-000080001001/cycles/2026-09/prove"
    method: "POST"
    status: 403
    duration_ms: 0
[2026-09-27 23:23:46.157 -0300] INFO (5018): request completed
    route: "/v1/dashboard/duties/00000000-0000-7000-8000-000080001001/cycles/2026-09/prove"
    method: "POST"
    status: 403
    duration_ms: 0
[2026-09-27 23:23:46.158 -0300] INFO (5018): request completed
    route: "/v1/dashboard/duties/00000000-0000-7000-8000-000080001001/cycles/2026-09/prove"
    method: "POST"
    status: 403
    duration_ms: 0
[2026-09-27 23:23:46.158 -0300] INFO (5018): request completed
    route: "/v1/dashboard/duties/00000000-0000-7000-8000-000080001001/cycles/2026-09/prove"
    method: "POST"
    status: 403
    duration_ms: 0
[2026-09-27 23:23:46.159 -0300] INFO (5018): request completed
    route: "/v1/dashboard/duties/00000000-0000-7000-8000-000080001001/cycles/2026-09/prove"
    method: "POST"
    status: 403
    duration_ms: 0
[2026-09-27 23:23:46.160 -0300] INFO (5018): request completed
    route: "/v1/dashboard/duties/00000000-0000-7000-8000-000080001001/cycles/2026-09/prove"
    method: "POST"
    status: 403
    duration_ms: 1
[2026-09-27 23:23:46.161 -0300] INFO (5018): request completed
    route: "/v1/dashboard/duties/00000000-0000-7000-8000-000080001001/cycles/2026-09/prove"
    method: "POST"
    status: 403
    duration_ms: 1
[2026-09-27 23:23:46.161 -0300] INFO (5018): request completed
    route: "/v1/dashboard/duties/00000000-0000-7000-8000-000080001001/cycles/2026-09/prove"
    method: "POST"
    status: 403
    duration_ms: 0
[2026-09-27 23:23:46.180 -0300] INFO (5018): request completed
    route: "/v1/dashboard/duties/00000000-0000-7000-8000-000080001001/cycles/2026-09/prove"
    method: "POST"
    status: 428
    duration_ms: 18
[2026-09-27 23:23:46.181 -0300] INFO (5018): request completed
    route: "/v1/dashboard/duties/00000000-0000-7000-8000-000080001001/cycles/2026-09/prove"
    method: "POST"
    status: 403
    duration_ms: 0
[2026-09-27 23:23:46.199 -0300] INFO (5018): request completed
    route: "/v1/dashboard/duties/00000000-0000-7000-8000-000080001001/cycles/2026-09/archive"
    method: "POST"
    status: 428
    duration_ms: 17
[2026-09-27 23:23:46.200 -0300] INFO (5018): request completed
    route: "/v1/dashboard/duties/00000000-0000-7000-8000-000080001001/cycles/2026-09/archive"
    method: "POST"
    status: 403
    duration_ms: 0
[2026-09-27 23:23:46.202 -0300] INFO (5018): request completed
    route: "/v1/dashboard/duties/00000000-0000-7000-8000-000080001001/cycles/2026-09/archive"
    method: "POST"
    status: 403
    duration_ms: 1
[2026-09-27 23:23:46.203 -0300] INFO (5018): request completed
    route: "/v1/dashboard/duties/00000000-0000-7000-8000-000080001001/cycles/2026-09/archive"
    method: "POST"
    status: 403
    duration_ms: 1
[2026-09-27 23:23:46.203 -0300] INFO (5018): request completed
    route: "/v1/dashboard/duties/00000000-0000-7000-8000-000080001001/cycles/2026-09/archive"
    method: "POST"
    status: 403
    duration_ms: 0
[2026-09-27 23:23:46.204 -0300] INFO (5018): request completed
    route: "/v1/dashboard/duties/00000000-0000-7000-8000-000080001001/cycles/2026-09/archive"
    method: "POST"
    status: 403
    duration_ms: 0
[2026-09-27 23:23:46.205 -0300] INFO (5018): request completed
    route: "/v1/dashboard/duties/00000000-0000-7000-8000-000080001001/cycles/2026-09/archive"
    method: "POST"
    status: 403
    duration_ms: 0
[2026-09-27 23:23:46.206 -0300] INFO (5018): request completed
    route: "/v1/dashboard/duties/00000000-0000-7000-8000-000080001001/cycles/2026-09/archive"
    method: "POST"
    status: 403
    duration_ms: 0
[2026-09-27 23:23:46.207 -0300] INFO (5018): request completed
    route: "/v1/dashboard/duties/00000000-0000-7000-8000-000080001001/cycles/2026-09/archive"
    method: "POST"
    status: 403
    duration_ms: 1
[2026-09-27 23:23:46.226 -0300] INFO (5018): request completed
    route: "/v1/dashboard/duties/00000000-0000-7000-8000-000080001001/cycles/2026-09/archive"
    method: "POST"
    status: 428
    duration_ms: 19
[2026-09-27 23:23:46.227 -0300] INFO (5018): request completed
    route: "/v1/dashboard/duties/00000000-0000-7000-8000-000080001001/cycles/2026-09/archive"
    method: "POST"
    status: 403
    duration_ms: 0
[2026-09-27 23:23:46.228 -0300] INFO (5018): request completed
    route: "/v1/dashboard/duties/00000000-0000-7000-8000-000080001001/cycles/2026-09/archive"
    method: "POST"
    status: 403
    duration_ms: 0
[2026-09-27 23:23:46.229 -0300] INFO (5018): request completed
    route: "/v1/dashboard/duties/00000000-0000-7000-8000-000080001001/cycles/2026-09/archive"
    method: "POST"
    status: 403
    duration_ms: 1
[2026-09-27 23:23:46.247 -0300] INFO (5018): request completed
    route: "/v1/dashboard/duties/00000000-0000-7000-8000-000080001001/cycles/2026-09/archive"
    method: "POST"
    status: 428
    duration_ms: 18
[2026-09-27 23:23:46.248 -0300] INFO (5018): request completed
    route: "/v1/dashboard/duties/00000000-0000-7000-8000-000080001001/cycles/2026-09/archive"
    method: "POST"
    status: 403
    duration_ms: 1
[2026-09-27 23:23:46.249 -0300] INFO (5018): request completed
    route: "/v1/dashboard/duties/00000000-0000-7000-8000-000080001001/cycles/2026-09/archive"
    method: "POST"
    status: 403
    duration_ms: 1
[2026-09-27 23:23:46.249 -0300] INFO (5018): request completed
    route: "/v1/dashboard/duties/00000000-0000-7000-8000-000080001001/cycles/2026-09/archive"
    method: "POST"
    status: 403
    duration_ms: 0
[2026-09-27 23:23:46.250 -0300] INFO (5018): request completed
    route: "/v1/dashboard/duties/00000000-0000-7000-8000-000080001001/cycles/2026-09/archive"
    method: "POST"
    status: 403
    duration_ms: 0
[2026-09-27 23:23:46.251 -0300] INFO (5018): request completed
    route: "/v1/dashboard/duties/00000000-0000-7000-8000-000080001001/cycles/2026-09/archive"
    method: "POST"
    status: 403
    duration_ms: 0
[2026-09-27 23:23:46.268 -0300] INFO (5018): request completed
    route: "/v1/dashboard/duties/00000000-0000-7000-8000-000080001001/cycles/2026-09/archive"
    method: "POST"
    status: 428
    duration_ms: 17
[2026-09-27 23:23:46.285 -0300] INFO (5018): request completed
    route: "/v1/dashboard/duties/00000000-0000-7000-8000-000080001001/cycles/2026-09/archive"
    method: "POST"
    status: 428
    duration_ms: 16
[2026-09-27 23:23:46.286 -0300] INFO (5018): request completed
    route: "/v1/dashboard/duties/00000000-0000-7000-8000-000080001001/cycles/2026-09/archive"
    method: "POST"
    status: 403
    duration_ms: 0
[2026-09-27 23:23:46.287 -0300] INFO (5018): request completed
    route: "/v1/dashboard/duties/00000000-0000-7000-8000-000080001001/cycles/2026-09/archive"
    method: "POST"
    status: 403
    duration_ms: 1
[2026-09-27 23:23:46.287 -0300] INFO (5018): request completed
    route: "/v1/dashboard/duties/00000000-0000-7000-8000-000080001001/cycles/2026-09/archive"
    method: "POST"
    status: 403
    duration_ms: 0
[2026-09-27 23:23:46.288 -0300] INFO (5018): request completed
    route: "/v1/dashboard/duties/00000000-0000-7000-8000-000080001001/cycles/2026-09/archive"
    method: "POST"
    status: 403
    duration_ms: 1
[2026-09-27 23:23:46.288 -0300] INFO (5018): request completed
    route: "/v1/dashboard/duties/00000000-0000-7000-8000-000080001001/cycles/2026-09/archive"
    method: "POST"
    status: 403
    duration_ms: 0
[2026-09-27 23:23:46.289 -0300] INFO (5018): request completed
    route: "/v1/dashboard/duties/00000000-0000-7000-8000-000080001001/cycles/2026-09/archive"
    method: "POST"
    status: 403
    duration_ms: 1
[2026-09-27 23:23:46.289 -0300] INFO (5018): request completed
    route: "/v1/dashboard/duties/00000000-0000-7000-8000-000080001001/cycles/2026-09/archive"
    method: "POST"
    status: 403
    duration_ms: 0
[2026-09-27 23:23:46.290 -0300] INFO (5018): request completed
    route: "/v1/dashboard/duties/00000000-0000-7000-8000-000080001001/cycles/2026-09/archive"
    method: "POST"
    status: 403
    duration_ms: 0
[2026-09-27 23:23:46.290 -0300] INFO (5018): request completed
    route: "/v1/dashboard/duties/00000000-0000-7000-8000-000080001001/cycles/2026-09/archive"
    method: "POST"
    status: 403
    duration_ms: 0
[2026-09-27 23:23:46.291 -0300] INFO (5018): request completed
    route: "/v1/dashboard/duties/00000000-0000-7000-8000-000080001001/cycles/2026-09/archive"
    method: "POST"
    status: 403
    duration_ms: 0
[2026-09-27 23:23:46.292 -0300] INFO (5018): request completed
    route: "/v1/dashboard/duties/00000000-0000-7000-8000-000080001001/cycles/2026-09/archive"
    method: "POST"
    status: 403
    duration_ms: 1
[2026-09-27 23:23:46.292 -0300] INFO (5018): request completed
    route: "/v1/dashboard/duties/00000000-0000-7000-8000-000080001001/cycles/2026-09/archive"
    method: "POST"
    status: 403
    duration_ms: 0
[2026-09-27 23:23:46.310 -0300] INFO (5018): request completed
    route: "/v1/dashboard/duties/00000000-0000-7000-8000-000080001001/cycles/2026-09/archive"
    method: "POST"
    status: 428
    duration_ms: 17
[2026-09-27 23:23:46.311 -0300] INFO (5018): request completed
    route: "/v1/dashboard/duties/00000000-0000-7000-8000-000080001001/cycles/2026-09/archive"
    method: "POST"
    status: 403
    duration_ms: 0
[2026-09-27 23:23:46.312 -0300] INFO (5018): request completed
    route: "/v1/dashboard/duties/00000000-0000-7000-8000-000080001001/cycles/2026-09/archive"
    method: "POST"
    status: 403
    duration_ms: 0
[2026-09-27 23:23:46.319 -0300] INFO (5018): request completed
    route: "/v1/dashboard/indicators"
    method: "GET"
    status: 200
    duration_ms: 6
[2026-09-27 23:23:46.332 -0300] INFO (5018): request completed
    route: "/v1/dashboard/indicators/IND-DASH-101"
    method: "GET"
    status: 200
    duration_ms: 12
[2026-09-27 23:23:46.338 -0300] INFO (5018): request completed
    route: "/v1/dashboard/indicators"
    method: "GET"
    status: 200
    duration_ms: 6
[2026-09-27 23:23:46.346 -0300] INFO (5018): request completed
    route: "/v1/dashboard/indicators/IND-DASH-101"
    method: "GET"
    status: 200
    duration_ms: 7
[2026-09-27 23:23:46.351 -0300] INFO (5018): request completed
    route: "/v1/dashboard/indicators"
    method: "GET"
    status: 200
    duration_ms: 5
[2026-09-27 23:23:46.358 -0300] INFO (5018): request completed
    route: "/v1/dashboard/indicators/IND-DASH-101"
    method: "GET"
    status: 200
    duration_ms: 6
[2026-09-27 23:23:46.364 -0300] INFO (5018): request completed
    route: "/v1/dashboard/indicators"
    method: "GET"
    status: 200
    duration_ms: 5
[2026-09-27 23:23:46.371 -0300] INFO (5018): request completed
    route: "/v1/dashboard/indicators/IND-DASH-101"
    method: "GET"
    status: 200
    duration_ms: 7
[2026-09-27 23:23:46.376 -0300] INFO (5018): request completed
    route: "/v1/dashboard/indicators"
    method: "GET"
    status: 200
    duration_ms: 5
[2026-09-27 23:23:46.383 -0300] INFO (5018): request completed
    route: "/v1/dashboard/indicators/IND-DASH-101"
    method: "GET"
    status: 200
    duration_ms: 6
[2026-09-27 23:23:46.389 -0300] INFO (5018): request completed
    route: "/v1/dashboard/indicators"
    method: "GET"
    status: 200
    duration_ms: 6
[2026-09-27 23:23:46.396 -0300] INFO (5018): request completed
    route: "/v1/dashboard/indicators/IND-DASH-101"
    method: "GET"
    status: 200
    duration_ms: 6
[2026-09-27 23:23:46.401 -0300] INFO (5018): request completed
    route: "/v1/dashboard/indicators"
    method: "GET"
    status: 200
    duration_ms: 5
[2026-09-27 23:23:46.410 -0300] INFO (5018): request completed
    route: "/v1/dashboard/indicators/IND-DASH-101"
    method: "GET"
    status: 200
    duration_ms: 8
[2026-09-27 23:23:46.416 -0300] INFO (5018): request completed
    route: "/v1/dashboard/indicators"
    method: "GET"
    status: 200
    duration_ms: 5
[2026-09-27 23:23:46.423 -0300] INFO (5018): request completed
    route: "/v1/dashboard/indicators/IND-DASH-101"
    method: "GET"
    status: 200
    duration_ms: 6
[2026-09-27 23:23:46.429 -0300] INFO (5018): request completed
    route: "/v1/dashboard/indicators"
    method: "GET"
    status: 200
    duration_ms: 5
[2026-09-27 23:23:46.436 -0300] INFO (5018): request completed
    route: "/v1/dashboard/indicators/IND-DASH-101"
    method: "GET"
    status: 200
    duration_ms: 6
[2026-09-27 23:23:46.441 -0300] INFO (5018): request completed
    route: "/v1/dashboard/indicators"
    method: "GET"
    status: 200
    duration_ms: 4
[2026-09-27 23:23:46.448 -0300] INFO (5018): request completed
    route: "/v1/dashboard/indicators/IND-DASH-101"
    method: "GET"
    status: 200
    duration_ms: 6
[2026-09-27 23:23:46.454 -0300] INFO (5018): request completed
    route: "/v1/dashboard/indicators"
    method: "GET"
    status: 200
    duration_ms: 5
[2026-09-27 23:23:46.462 -0300] INFO (5018): request completed
    route: "/v1/dashboard/indicators/IND-DASH-101"
    method: "GET"
    status: 200
    duration_ms: 7
[2026-09-27 23:23:46.468 -0300] INFO (5018): request completed
    route: "/v1/dashboard/indicators"
    method: "GET"
    status: 200
    duration_ms: 5
[2026-09-27 23:23:46.475 -0300] INFO (5018): request completed
    route: "/v1/dashboard/indicators/IND-DASH-101"
    method: "GET"
    status: 200
    duration_ms: 6
[2026-09-27 23:23:46.481 -0300] INFO (5018): request completed
    route: "/v1/dashboard/indicators"
    method: "GET"
    status: 200
    duration_ms: 5
[2026-09-27 23:23:46.488 -0300] INFO (5018): request completed
    route: "/v1/dashboard/indicators/IND-DASH-101"
    method: "GET"
    status: 200
    duration_ms: 6
[2026-09-27 23:23:46.493 -0300] INFO (5018): request completed
    route: "/v1/dashboard/indicators"
    method: "GET"
    status: 200
    duration_ms: 4
[2026-09-27 23:23:46.500 -0300] INFO (5018): request completed
    route: "/v1/dashboard/indicators/IND-DASH-101"
    method: "GET"
    status: 200
    duration_ms: 6
[2026-09-27 23:23:46.500 -0300] INFO (5018): request completed
    route: "/v1/dashboard/indicators"
    method: "GET"
    status: 403
    duration_ms: 0
[2026-09-27 23:23:46.501 -0300] INFO (5018): request completed
    route: "/v1/dashboard/indicators/IND-DASH-101"
    method: "GET"
    status: 403
    duration_ms: 0
[2026-09-27 23:23:46.505 -0300] INFO (5018): request completed
    route: "/v1/dashboard/indicators"
    method: "GET"
    status: 200
    duration_ms: 4
[2026-09-27 23:23:46.512 -0300] INFO (5018): request completed
    route: "/v1/dashboard/indicators/IND-DASH-101"
    method: "GET"
    status: 200
    duration_ms: 6
[2026-09-27 23:23:46.519 -0300] INFO (5018): request completed
    route: "/v1/dashboard/indicators"
    method: "GET"
    status: 200
    duration_ms: 7
[2026-09-27 23:23:46.526 -0300] INFO (5018): request completed
    route: "/v1/dashboard/indicators/IND-DASH-101"
    method: "GET"
    status: 200
    duration_ms: 6
[2026-09-27 23:23:46.531 -0300] INFO (5018): request completed
    route: "/v1/dashboard/indicators"
    method: "GET"
    status: 200
    duration_ms: 4
[2026-09-27 23:23:46.537 -0300] INFO (5018): request completed
    route: "/v1/dashboard/indicators/IND-DASH-101"
    method: "GET"
    status: 200
    duration_ms: 5
[2026-09-27 23:23:46.542 -0300] INFO (5018): request completed
    route: "/v1/dashboard/indicators"
    method: "GET"
    status: 200
    duration_ms: 4
[2026-09-27 23:23:46.549 -0300] INFO (5018): request completed
    route: "/v1/dashboard/indicators/IND-DASH-101"
    method: "GET"
    status: 200
    duration_ms: 6
[2026-09-27 23:23:46.554 -0300] INFO (5018): request completed
    route: "/v1/dashboard/indicators"
    method: "GET"
    status: 200
    duration_ms: 4
[2026-09-27 23:23:46.561 -0300] INFO (5018): request completed
    route: "/v1/dashboard/indicators/IND-DASH-101"
    method: "GET"
    status: 200
    duration_ms: 6
[2026-09-27 23:23:46.567 -0300] INFO (5018): request completed
    route: "/v1/dashboard/indicators"
    method: "GET"
    status: 200
    duration_ms: 5
[2026-09-27 23:23:46.573 -0300] INFO (5018): request completed
    route: "/v1/dashboard/indicators/IND-DASH-101"
    method: "GET"
    status: 200
    duration_ms: 6
[2026-09-27 23:23:46.579 -0300] INFO (5018): request completed
    route: "/v1/dashboard/indicators"
    method: "GET"
    status: 200
    duration_ms: 5
[2026-09-27 23:23:46.586 -0300] INFO (5018): request completed
    route: "/v1/dashboard/indicators/IND-DASH-101"
    method: "GET"
    status: 200
    duration_ms: 7
[2026-09-27 23:23:46.591 -0300] INFO (5018): request completed
    route: "/v1/dashboard/indicators"
    method: "GET"
    status: 200
    duration_ms: 5
[2026-09-27 23:23:46.598 -0300] INFO (5018): request completed
    route: "/v1/dashboard/indicators/IND-DASH-101"
    method: "GET"
    status: 200
    duration_ms: 6
[2026-09-27 23:23:46.604 -0300] INFO (5018): request completed
    route: "/v1/dashboard/indicators"
    method: "GET"
    status: 200
    duration_ms: 5
[2026-09-27 23:23:46.612 -0300] INFO (5018): request completed
    route: "/v1/dashboard/indicators/IND-DASH-101"
    method: "GET"
    status: 200
    duration_ms: 7
[2026-09-27 23:23:46.618 -0300] INFO (5018): request completed
    route: "/v1/dashboard/indicators"
    method: "GET"
    status: 200
    duration_ms: 5
[2026-09-27 23:23:46.625 -0300] INFO (5018): request completed
    route: "/v1/dashboard/indicators/IND-DASH-101"
    method: "GET"
    status: 200
    duration_ms: 6
[2026-09-27 23:23:46.631 -0300] INFO (5018): request completed
    route: "/v1/dashboard/indicators"
    method: "GET"
    status: 200
    duration_ms: 5
[2026-09-27 23:23:46.638 -0300] INFO (5018): request completed
    route: "/v1/dashboard/indicators/IND-DASH-101"
    method: "GET"
    status: 200
    duration_ms: 6
[2026-09-27 23:23:46.644 -0300] INFO (5018): request completed
    route: "/v1/dashboard/indicators"
    method: "GET"
    status: 200
    duration_ms: 5
[2026-09-27 23:23:46.651 -0300] INFO (5018): request completed
    route: "/v1/dashboard/indicators/IND-DASH-101"
    method: "GET"
    status: 200
    duration_ms: 7
[2026-09-27 23:23:46.658 -0300] INFO (5018): request completed
    route: "/v1/dashboard/indicators"
    method: "GET"
    status: 200
    duration_ms: 6
[2026-09-27 23:23:46.666 -0300] INFO (5018): request completed
    route: "/v1/dashboard/indicators/IND-DASH-101"
    method: "GET"
    status: 200
    duration_ms: 7
[2026-09-27 23:23:46.672 -0300] INFO (5018): request completed
    route: "/v1/dashboard/indicators"
    method: "GET"
    status: 200
    duration_ms: 5
[2026-09-27 23:23:46.678 -0300] INFO (5018): request completed
    route: "/v1/dashboard/indicators/IND-DASH-101"
    method: "GET"
    status: 200
    duration_ms: 6
[2026-09-27 23:23:46.683 -0300] INFO (5018): request completed
    route: "/v1/dashboard/indicators"
    method: "GET"
    status: 200
    duration_ms: 4
[2026-09-27 23:23:46.691 -0300] INFO (5018): request completed
    route: "/v1/dashboard/indicators/IND-DASH-101"
    method: "GET"
    status: 200
    duration_ms: 7
[2026-09-27 23:23:46.697 -0300] INFO (5018): request completed
    route: "/v1/dashboard/indicators"
    method: "GET"
    status: 200
    duration_ms: 6
[2026-09-27 23:23:46.704 -0300] INFO (5018): request completed
    route: "/v1/dashboard/indicators/IND-DASH-101"
    method: "GET"
    status: 200
    duration_ms: 6
[2026-09-27 23:23:46.710 -0300] INFO (5018): request completed
    route: "/v1/dashboard/indicators"
    method: "GET"
    status: 200
    duration_ms: 5
[2026-09-27 23:23:46.718 -0300] INFO (5018): request completed
    route: "/v1/dashboard/indicators/IND-DASH-101"
    method: "GET"
    status: 200
    duration_ms: 8
[2026-09-27 23:23:46.723 -0300] INFO (5018): request completed
    route: "/v1/dashboard/indicators"
    method: "GET"
    status: 200
    duration_ms: 5
[2026-09-27 23:23:46.730 -0300] INFO (5018): request completed
    route: "/v1/dashboard/indicators/IND-DASH-101"
    method: "GET"
    status: 200
    duration_ms: 6
[2026-09-27 23:23:46.735 -0300] INFO (5018): request completed
    route: "/v1/dashboard/indicators"
    method: "GET"
    status: 200
    duration_ms: 4
[2026-09-27 23:23:46.743 -0300] INFO (5018): request completed
    route: "/v1/dashboard/indicators/IND-DASH-101"
    method: "GET"
    status: 200
    duration_ms: 7
[2026-09-27 23:23:46.749 -0300] INFO (5018): request completed
    route: "/v1/dashboard/indicators"
    method: "GET"
    status: 200
    duration_ms: 5
[2026-09-27 23:23:46.756 -0300] INFO (5018): request completed
    route: "/v1/dashboard/indicators/IND-DASH-101"
    method: "GET"
    status: 200
    duration_ms: 6
[2026-09-27 23:23:46.757 -0300] INFO (5018): request completed
    route: "/v1/dashboard/indicators"
    method: "GET"
    status: 403
    duration_ms: 0
[2026-09-27 23:23:46.758 -0300] INFO (5018): request completed
    route: "/v1/dashboard/indicators/IND-DASH-101"
    method: "GET"
    status: 403
    duration_ms: 0
[2026-09-27 23:23:46.764 -0300] INFO (5018): request completed
    route: "/v1/dashboard/indicator-configs"
    method: "GET"
    status: 200
    duration_ms: 6
[2026-09-27 23:23:46.769 -0300] INFO (5018): request completed
    route: "/v1/dashboard/indicator-configs/00000000-0000-7000-8000-000084000301"
    method: "GET"
    status: 200
    duration_ms: 5
[2026-09-27 23:23:46.770 -0300] INFO (5018): request completed
    route: "/v1/dashboard/indicator-configs"
    method: "GET"
    status: 403
    duration_ms: 0
[2026-09-27 23:23:46.771 -0300] INFO (5018): request completed
    route: "/v1/dashboard/indicator-configs/00000000-0000-7000-8000-000084000301"
    method: "GET"
    status: 403
    duration_ms: 1
[2026-09-27 23:23:46.771 -0300] INFO (5018): request completed
    route: "/v1/dashboard/indicator-configs"
    method: "GET"
    status: 403
    duration_ms: 0
[2026-09-27 23:23:46.772 -0300] INFO (5018): request completed
    route: "/v1/dashboard/indicator-configs/00000000-0000-7000-8000-000084000301"
    method: "GET"
    status: 403
    duration_ms: 0
[2026-09-27 23:23:46.772 -0300] INFO (5018): request completed
    route: "/v1/dashboard/indicator-configs"
    method: "GET"
    status: 403
    duration_ms: 0
[2026-09-27 23:23:46.773 -0300] INFO (5018): request completed
    route: "/v1/dashboard/indicator-configs/00000000-0000-7000-8000-000084000301"
    method: "GET"
    status: 403
    duration_ms: 0
[2026-09-27 23:23:46.774 -0300] INFO (5018): request completed
    route: "/v1/dashboard/indicator-configs"
    method: "GET"
    status: 403
    duration_ms: 1
[2026-09-27 23:23:46.774 -0300] INFO (5018): request completed
    route: "/v1/dashboard/indicator-configs/00000000-0000-7000-8000-000084000301"
    method: "GET"
    status: 403
    duration_ms: 0
[2026-09-27 23:23:46.775 -0300] INFO (5018): request completed
    route: "/v1/dashboard/indicator-configs"
    method: "GET"
    status: 403
    duration_ms: 0
[2026-09-27 23:23:46.775 -0300] INFO (5018): request completed
    route: "/v1/dashboard/indicator-configs/00000000-0000-7000-8000-000084000301"
    method: "GET"
    status: 403
    duration_ms: 0
[2026-09-27 23:23:46.780 -0300] INFO (5018): request completed
    route: "/v1/dashboard/indicator-configs"
    method: "GET"
    status: 200
    duration_ms: 4
[2026-09-27 23:23:46.786 -0300] INFO (5018): request completed
    route: "/v1/dashboard/indicator-configs/00000000-0000-7000-8000-000084000301"
    method: "GET"
    status: 200
    duration_ms: 5
[2026-09-27 23:23:46.786 -0300] INFO (5018): request completed
    route: "/v1/dashboard/indicator-configs"
    method: "GET"
    status: 403
    duration_ms: 0
[2026-09-27 23:23:46.787 -0300] INFO (5018): request completed
    route: "/v1/dashboard/indicator-configs/00000000-0000-7000-8000-000084000301"
    method: "GET"
    status: 403
    duration_ms: 0
[2026-09-27 23:23:46.787 -0300] INFO (5018): request completed
    route: "/v1/dashboard/indicator-configs"
    method: "GET"
    status: 403
    duration_ms: 0
[2026-09-27 23:23:46.788 -0300] INFO (5018): request completed
    route: "/v1/dashboard/indicator-configs/00000000-0000-7000-8000-000084000301"
    method: "GET"
    status: 403
    duration_ms: 0
[2026-09-27 23:23:46.792 -0300] INFO (5018): request completed
    route: "/v1/dashboard/indicator-configs"
    method: "GET"
    status: 200
    duration_ms: 3
[2026-09-27 23:23:46.797 -0300] INFO (5018): request completed
    route: "/v1/dashboard/indicator-configs/00000000-0000-7000-8000-000084000301"
    method: "GET"
    status: 200
    duration_ms: 4
[2026-09-27 23:23:46.798 -0300] INFO (5018): request completed
    route: "/v1/dashboard/indicator-configs"
    method: "GET"
    status: 403
    duration_ms: 0
[2026-09-27 23:23:46.799 -0300] INFO (5018): request completed
    route: "/v1/dashboard/indicator-configs/00000000-0000-7000-8000-000084000301"
    method: "GET"
    status: 403
    duration_ms: 1
[2026-09-27 23:23:46.799 -0300] INFO (5018): request completed
    route: "/v1/dashboard/indicator-configs"
    method: "GET"
    status: 403
    duration_ms: 0
[2026-09-27 23:23:46.800 -0300] INFO (5018): request completed
    route: "/v1/dashboard/indicator-configs/00000000-0000-7000-8000-000084000301"
    method: "GET"
    status: 403
    duration_ms: 1
[2026-09-27 23:23:46.800 -0300] INFO (5018): request completed
    route: "/v1/dashboard/indicator-configs"
    method: "GET"
    status: 403
    duration_ms: 0
[2026-09-27 23:23:46.800 -0300] INFO (5018): request completed
    route: "/v1/dashboard/indicator-configs/00000000-0000-7000-8000-000084000301"
    method: "GET"
    status: 403
    duration_ms: 0
[2026-09-27 23:23:46.806 -0300] INFO (5018): request completed
    route: "/v1/dashboard/indicator-configs"
    method: "GET"
    status: 200
    duration_ms: 5
[2026-09-27 23:23:46.812 -0300] INFO (5018): request completed
    route: "/v1/dashboard/indicator-configs/00000000-0000-7000-8000-000084000301"
    method: "GET"
    status: 200
    duration_ms: 5
[2026-09-27 23:23:46.814 -0300] INFO (5018): request completed
    route: "/v1/dashboard/indicator-configs"
    method: "GET"
    status: 403
    duration_ms: 1
[2026-09-27 23:23:46.814 -0300] INFO (5018): request completed
    route: "/v1/dashboard/indicator-configs/00000000-0000-7000-8000-000084000301"
    method: "GET"
    status: 403
    duration_ms: 0
[2026-09-27 23:23:46.815 -0300] INFO (5018): request completed
    route: "/v1/dashboard/indicator-configs"
    method: "GET"
    status: 403
    duration_ms: 0
[2026-09-27 23:23:46.816 -0300] INFO (5018): request completed
    route: "/v1/dashboard/indicator-configs/00000000-0000-7000-8000-000084000301"
    method: "GET"
    status: 403
    duration_ms: 0
[2026-09-27 23:23:46.817 -0300] INFO (5018): request completed
    route: "/v1/dashboard/indicator-configs"
    method: "GET"
    status: 403
    duration_ms: 0
[2026-09-27 23:23:46.818 -0300] INFO (5018): request completed
    route: "/v1/dashboard/indicator-configs/00000000-0000-7000-8000-000084000301"
    method: "GET"
    status: 403
    duration_ms: 1
[2026-09-27 23:23:46.819 -0300] INFO (5018): request completed
    route: "/v1/dashboard/indicator-configs"
    method: "GET"
    status: 403
    duration_ms: 1
[2026-09-27 23:23:46.820 -0300] INFO (5018): request completed
    route: "/v1/dashboard/indicator-configs/00000000-0000-7000-8000-000084000301"
    method: "GET"
    status: 403
    duration_ms: 1
[2026-09-27 23:23:46.820 -0300] INFO (5018): request completed
    route: "/v1/dashboard/indicator-configs"
    method: "GET"
    status: 403
    duration_ms: 0
[2026-09-27 23:23:46.821 -0300] INFO (5018): request completed
    route: "/v1/dashboard/indicator-configs/00000000-0000-7000-8000-000084000301"
    method: "GET"
    status: 403
    duration_ms: 0
[2026-09-27 23:23:46.828 -0300] INFO (5018): request completed
    route: "/v1/dashboard/indicator-configs"
    method: "GET"
    status: 200
    duration_ms: 6
[2026-09-27 23:23:46.834 -0300] INFO (5018): request completed
    route: "/v1/dashboard/indicator-configs/00000000-0000-7000-8000-000084000301"
    method: "GET"
    status: 200
    duration_ms: 5
[2026-09-27 23:23:46.840 -0300] INFO (5018): request completed
    route: "/v1/dashboard/indicator-configs"
    method: "GET"
    status: 200
    duration_ms: 5
[2026-09-27 23:23:46.846 -0300] INFO (5018): request completed
    route: "/v1/dashboard/indicator-configs/00000000-0000-7000-8000-000084000301"
    method: "GET"
    status: 200
    duration_ms: 5
[2026-09-27 23:23:46.851 -0300] INFO (5018): request completed
    route: "/v1/dashboard/indicator-configs"
    method: "GET"
    status: 200
    duration_ms: 4
[2026-09-27 23:23:46.856 -0300] INFO (5018): request completed
    route: "/v1/dashboard/indicator-configs/00000000-0000-7000-8000-000084000301"
    method: "GET"
    status: 200
    duration_ms: 4
[2026-09-27 23:23:46.857 -0300] INFO (5018): request completed
    route: "/v1/dashboard/indicator-configs"
    method: "GET"
    status: 403
    duration_ms: 0
[2026-09-27 23:23:46.857 -0300] INFO (5018): request completed
    route: "/v1/dashboard/indicator-configs/00000000-0000-7000-8000-000084000301"
    method: "GET"
    status: 403
    duration_ms: 0
[2026-09-27 23:23:46.858 -0300] INFO (5018): request completed
    route: "/v1/dashboard/indicator-configs"
    method: "GET"
    status: 403
    duration_ms: 0
[2026-09-27 23:23:46.858 -0300] INFO (5018): request completed
    route: "/v1/dashboard/indicator-configs/00000000-0000-7000-8000-000084000301"
    method: "GET"
    status: 403
    duration_ms: 0
[2026-09-27 23:23:46.859 -0300] INFO (5018): request completed
    route: "/v1/dashboard/indicator-configs"
    method: "GET"
    status: 403
    duration_ms: 0
[2026-09-27 23:23:46.860 -0300] INFO (5018): request completed
    route: "/v1/dashboard/indicator-configs/00000000-0000-7000-8000-000084000301"
    method: "GET"
    status: 403
    duration_ms: 0
[2026-09-27 23:23:46.861 -0300] INFO (5018): request completed
    route: "/v1/dashboard/indicator-configs"
    method: "GET"
    status: 403
    duration_ms: 0
[2026-09-27 23:23:46.861 -0300] INFO (5018): request completed
    route: "/v1/dashboard/indicator-configs/00000000-0000-7000-8000-000084000301"
    method: "GET"
    status: 403
    duration_ms: 0
[2026-09-27 23:23:46.862 -0300] INFO (5018): request completed
    route: "/v1/dashboard/indicator-configs"
    method: "GET"
    status: 403
    duration_ms: 0
[2026-09-27 23:23:46.862 -0300] INFO (5018): request completed
    route: "/v1/dashboard/indicator-configs/00000000-0000-7000-8000-000084000301"
    method: "GET"
    status: 403
    duration_ms: 0
[2026-09-27 23:23:46.863 -0300] INFO (5018): request completed
    route: "/v1/dashboard/indicator-configs"
    method: "GET"
    status: 403
    duration_ms: 0
[2026-09-27 23:23:46.863 -0300] INFO (5018): request completed
    route: "/v1/dashboard/indicator-configs/00000000-0000-7000-8000-000084000301"
    method: "GET"
    status: 403
    duration_ms: 0
[2026-09-27 23:23:46.864 -0300] INFO (5018): request completed
    route: "/v1/dashboard/indicator-configs"
    method: "GET"
    status: 403
    duration_ms: 0
[2026-09-27 23:23:46.864 -0300] INFO (5018): request completed
    route: "/v1/dashboard/indicator-configs/00000000-0000-7000-8000-000084000301"
    method: "GET"
    status: 403
    duration_ms: 0
[2026-09-27 23:23:46.865 -0300] INFO (5018): request completed
    route: "/v1/dashboard/indicator-configs"
    method: "GET"
    status: 403
    duration_ms: 0
[2026-09-27 23:23:46.865 -0300] INFO (5018): request completed
    route: "/v1/dashboard/indicator-configs/00000000-0000-7000-8000-000084000301"
    method: "GET"
    status: 403
    duration_ms: 0
[2026-09-27 23:23:46.866 -0300] INFO (5018): request completed
    route: "/v1/dashboard/indicator-configs"
    method: "GET"
    status: 403
    duration_ms: 0
[2026-09-27 23:23:46.866 -0300] INFO (5018): request completed
    route: "/v1/dashboard/indicator-configs/00000000-0000-7000-8000-000084000301"
    method: "GET"
    status: 403
    duration_ms: 0
[2026-09-27 23:23:46.866 -0300] INFO (5018): request completed
    route: "/v1/dashboard/indicator-configs"
    method: "GET"
    status: 403
    duration_ms: 0
[2026-09-27 23:23:46.867 -0300] INFO (5018): request completed
    route: "/v1/dashboard/indicator-configs/00000000-0000-7000-8000-000084000301"
    method: "GET"
    status: 403
    duration_ms: 0
[2026-09-27 23:23:46.868 -0300] INFO (5018): request completed
    route: "/v1/dashboard/indicator-configs"
    method: "GET"
    status: 403
    duration_ms: 1
[2026-09-27 23:23:46.868 -0300] INFO (5018): request completed
    route: "/v1/dashboard/indicator-configs/00000000-0000-7000-8000-000084000301"
    method: "GET"
    status: 403
    duration_ms: 0
[2026-09-27 23:23:46.869 -0300] INFO (5018): request completed
    route: "/v1/dashboard/indicator-configs"
    method: "GET"
    status: 403
    duration_ms: 0
[2026-09-27 23:23:46.870 -0300] INFO (5018): request completed
    route: "/v1/dashboard/indicator-configs/00000000-0000-7000-8000-000084000301"
    method: "GET"
    status: 403
    duration_ms: 0
[2026-09-27 23:23:46.870 -0300] INFO (5018): request completed
    route: "/v1/dashboard/indicator-configs"
    method: "GET"
    status: 403
    duration_ms: 0
[2026-09-27 23:23:46.871 -0300] INFO (5018): request completed
    route: "/v1/dashboard/indicator-configs/00000000-0000-7000-8000-000084000301"
    method: "GET"
    status: 403
    duration_ms: 0
[2026-09-27 23:23:46.871 -0300] INFO (5018): request completed
    route: "/v1/dashboard/indicator-configs"
    method: "GET"
    status: 403
    duration_ms: 0
[2026-09-27 23:23:46.872 -0300] INFO (5018): request completed
    route: "/v1/dashboard/indicator-configs/00000000-0000-7000-8000-000084000301"
    method: "GET"
    status: 403
    duration_ms: 1
[2026-09-27 23:23:46.889 -0300] INFO (5018): request completed
    route: "/v1/dashboard/indicator-configs/00000000-0000-7000-8000-000084000301"
    method: "PATCH"
    status: 428
    duration_ms: 17
[2026-09-27 23:23:46.890 -0300] INFO (5018): request completed
    route: "/v1/dashboard/indicator-configs/00000000-0000-7000-8000-000084000301"
    method: "PATCH"
    status: 403
    duration_ms: 0
[2026-09-27 23:23:46.891 -0300] INFO (5018): request completed
    route: "/v1/dashboard/indicator-configs/00000000-0000-7000-8000-000084000301"
    method: "PATCH"
    status: 403
    duration_ms: 0
[2026-09-27 23:23:46.891 -0300] INFO (5018): request completed
    route: "/v1/dashboard/indicator-configs/00000000-0000-7000-8000-000084000301"
    method: "PATCH"
    status: 403
    duration_ms: 0
[2026-09-27 23:23:46.892 -0300] INFO (5018): request completed
    route: "/v1/dashboard/indicator-configs/00000000-0000-7000-8000-000084000301"
    method: "PATCH"
    status: 403
    duration_ms: 0
[2026-09-27 23:23:46.893 -0300] INFO (5018): request completed
    route: "/v1/dashboard/indicator-configs/00000000-0000-7000-8000-000084000301"
    method: "PATCH"
    status: 403
    duration_ms: 1
[2026-09-27 23:23:46.894 -0300] INFO (5018): request completed
    route: "/v1/dashboard/indicator-configs/00000000-0000-7000-8000-000084000301"
    method: "PATCH"
    status: 403
    duration_ms: 1
[2026-09-27 23:23:46.895 -0300] INFO (5018): request completed
    route: "/v1/dashboard/indicator-configs/00000000-0000-7000-8000-000084000301"
    method: "PATCH"
    status: 403
    duration_ms: 1
[2026-09-27 23:23:46.895 -0300] INFO (5018): request completed
    route: "/v1/dashboard/indicator-configs/00000000-0000-7000-8000-000084000301"
    method: "PATCH"
    status: 403
    duration_ms: 0
[2026-09-27 23:23:46.915 -0300] INFO (5018): request completed
    route: "/v1/dashboard/indicator-configs/00000000-0000-7000-8000-000084000301"
    method: "PATCH"
    status: 428
    duration_ms: 19
[2026-09-27 23:23:46.916 -0300] INFO (5018): request completed
    route: "/v1/dashboard/indicator-configs/00000000-0000-7000-8000-000084000301"
    method: "PATCH"
    status: 403
    duration_ms: 0
[2026-09-27 23:23:46.917 -0300] INFO (5018): request completed
    route: "/v1/dashboard/indicator-configs/00000000-0000-7000-8000-000084000301"
    method: "PATCH"
    status: 403
    duration_ms: 0
[2026-09-27 23:23:46.918 -0300] INFO (5018): request completed
    route: "/v1/dashboard/indicator-configs/00000000-0000-7000-8000-000084000301"
    method: "PATCH"
    status: 403
    duration_ms: 1
[2026-09-27 23:23:46.934 -0300] INFO (5018): request completed
    route: "/v1/dashboard/indicator-configs/00000000-0000-7000-8000-000084000301"
    method: "PATCH"
    status: 428
    duration_ms: 16
[2026-09-27 23:23:46.935 -0300] INFO (5018): request completed
    route: "/v1/dashboard/indicator-configs/00000000-0000-7000-8000-000084000301"
    method: "PATCH"
    status: 403
    duration_ms: 0
[2026-09-27 23:23:46.936 -0300] INFO (5018): request completed
    route: "/v1/dashboard/indicator-configs/00000000-0000-7000-8000-000084000301"
    method: "PATCH"
    status: 403
    duration_ms: 0
[2026-09-27 23:23:46.937 -0300] INFO (5018): request completed
    route: "/v1/dashboard/indicator-configs/00000000-0000-7000-8000-000084000301"
    method: "PATCH"
    status: 403
    duration_ms: 0
[2026-09-27 23:23:46.938 -0300] INFO (5018): request completed
    route: "/v1/dashboard/indicator-configs/00000000-0000-7000-8000-000084000301"
    method: "PATCH"
    status: 403
    duration_ms: 0
[2026-09-27 23:23:46.938 -0300] INFO (5018): request completed
    route: "/v1/dashboard/indicator-configs/00000000-0000-7000-8000-000084000301"
    method: "PATCH"
    status: 403
    duration_ms: 0
[2026-09-27 23:23:46.955 -0300] INFO (5018): request completed
    route: "/v1/dashboard/indicator-configs/00000000-0000-7000-8000-000084000301"
    method: "PATCH"
    status: 428
    duration_ms: 16
[2026-09-27 23:23:46.973 -0300] INFO (5018): request completed
    route: "/v1/dashboard/indicator-configs/00000000-0000-7000-8000-000084000301"
    method: "PATCH"
    status: 428
    duration_ms: 17
[2026-09-27 23:23:46.991 -0300] INFO (5018): request completed
    route: "/v1/dashboard/indicator-configs/00000000-0000-7000-8000-000084000301"
    method: "PATCH"
    status: 428
    duration_ms: 17
[2026-09-27 23:23:46.992 -0300] INFO (5018): request completed
    route: "/v1/dashboard/indicator-configs/00000000-0000-7000-8000-000084000301"
    method: "PATCH"
    status: 403
    duration_ms: 1
[2026-09-27 23:23:46.993 -0300] INFO (5018): request completed
    route: "/v1/dashboard/indicator-configs/00000000-0000-7000-8000-000084000301"
    method: "PATCH"
    status: 403
    duration_ms: 1
[2026-09-27 23:23:46.993 -0300] INFO (5018): request completed
    route: "/v1/dashboard/indicator-configs/00000000-0000-7000-8000-000084000301"
    method: "PATCH"
    status: 403
    duration_ms: 0
[2026-09-27 23:23:46.994 -0300] INFO (5018): request completed
    route: "/v1/dashboard/indicator-configs/00000000-0000-7000-8000-000084000301"
    method: "PATCH"
    status: 403
    duration_ms: 0
[2026-09-27 23:23:46.995 -0300] INFO (5018): request completed
    route: "/v1/dashboard/indicator-configs/00000000-0000-7000-8000-000084000301"
    method: "PATCH"
    status: 403
    duration_ms: 1
[2026-09-27 23:23:46.995 -0300] INFO (5018): request completed
    route: "/v1/dashboard/indicator-configs/00000000-0000-7000-8000-000084000301"
    method: "PATCH"
    status: 403
    duration_ms: 0
[2026-09-27 23:23:46.996 -0300] INFO (5018): request completed
    route: "/v1/dashboard/indicator-configs/00000000-0000-7000-8000-000084000301"
    method: "PATCH"
    status: 403
    duration_ms: 1
[2026-09-27 23:23:46.996 -0300] INFO (5018): request completed
    route: "/v1/dashboard/indicator-configs/00000000-0000-7000-8000-000084000301"
    method: "PATCH"
    status: 403
    duration_ms: 0
[2026-09-27 23:23:46.997 -0300] INFO (5018): request completed
    route: "/v1/dashboard/indicator-configs/00000000-0000-7000-8000-000084000301"
    method: "PATCH"
    status: 403
    duration_ms: 1
[2026-09-27 23:23:46.997 -0300] INFO (5018): request completed
    route: "/v1/dashboard/indicator-configs/00000000-0000-7000-8000-000084000301"
    method: "PATCH"
    status: 403
    duration_ms: 0
[2026-09-27 23:23:46.997 -0300] INFO (5018): request completed
    route: "/v1/dashboard/indicator-configs/00000000-0000-7000-8000-000084000301"
    method: "PATCH"
    status: 403
    duration_ms: 0
[2026-09-27 23:23:46.998 -0300] INFO (5018): request completed
    route: "/v1/dashboard/indicator-configs/00000000-0000-7000-8000-000084000301"
    method: "PATCH"
    status: 403
    duration_ms: 0
[2026-09-27 23:23:46.998 -0300] INFO (5018): request completed
    route: "/v1/dashboard/indicator-configs/00000000-0000-7000-8000-000084000301"
    method: "PATCH"
    status: 403
    duration_ms: 0
[2026-09-27 23:23:46.999 -0300] INFO (5018): request completed
    route: "/v1/dashboard/indicator-configs/00000000-0000-7000-8000-000084000301"
    method: "PATCH"
    status: 403
    duration_ms: 0
[2026-09-27 23:23:47.015 -0300] INFO (5018): request completed
    route: "/v1/dashboard/indicator-configs/00000000-0000-7000-8000-000084000301/publish"
    method: "POST"
    status: 428
    duration_ms: 16
[2026-09-27 23:23:47.016 -0300] INFO (5018): request completed
    route: "/v1/dashboard/indicator-configs/00000000-0000-7000-8000-000084000301/publish"
    method: "POST"
    status: 403
    duration_ms: 0
[2026-09-27 23:23:47.017 -0300] INFO (5018): request completed
    route: "/v1/dashboard/indicator-configs/00000000-0000-7000-8000-000084000301/publish"
    method: "POST"
    status: 403
    duration_ms: 0
[2026-09-27 23:23:47.017 -0300] INFO (5018): request completed
    route: "/v1/dashboard/indicator-configs/00000000-0000-7000-8000-000084000301/publish"
    method: "POST"
    status: 403
    duration_ms: 0
[2026-09-27 23:23:47.018 -0300] INFO (5018): request completed
    route: "/v1/dashboard/indicator-configs/00000000-0000-7000-8000-000084000301/publish"
    method: "POST"
    status: 403
    duration_ms: 0
[2026-09-27 23:23:47.018 -0300] INFO (5018): request completed
    route: "/v1/dashboard/indicator-configs/00000000-0000-7000-8000-000084000301/publish"
    method: "POST"
    status: 403
    duration_ms: 0
[2026-09-27 23:23:47.019 -0300] INFO (5018): request completed
    route: "/v1/dashboard/indicator-configs/00000000-0000-7000-8000-000084000301/publish"
    method: "POST"
    status: 403
    duration_ms: 0
[2026-09-27 23:23:47.019 -0300] INFO (5018): request completed
    route: "/v1/dashboard/indicator-configs/00000000-0000-7000-8000-000084000301/publish"
    method: "POST"
    status: 403
    duration_ms: 0
[2026-09-27 23:23:47.020 -0300] INFO (5018): request completed
    route: "/v1/dashboard/indicator-configs/00000000-0000-7000-8000-000084000301/publish"
    method: "POST"
    status: 403
    duration_ms: 0
[2026-09-27 23:23:47.035 -0300] INFO (5018): request completed
    route: "/v1/dashboard/indicator-configs/00000000-0000-7000-8000-000084000301/publish"
    method: "POST"
    status: 428
    duration_ms: 14
[2026-09-27 23:23:47.036 -0300] INFO (5018): request completed
    route: "/v1/dashboard/indicator-configs/00000000-0000-7000-8000-000084000301/publish"
    method: "POST"
    status: 403
    duration_ms: 0
[2026-09-27 23:23:47.037 -0300] INFO (5018): request completed
    route: "/v1/dashboard/indicator-configs/00000000-0000-7000-8000-000084000301/publish"
    method: "POST"
    status: 403
    duration_ms: 0
[2026-09-27 23:23:47.037 -0300] INFO (5018): request completed
    route: "/v1/dashboard/indicator-configs/00000000-0000-7000-8000-000084000301/publish"
    method: "POST"
    status: 403
    duration_ms: 0
[2026-09-27 23:23:47.053 -0300] INFO (5018): request completed
    route: "/v1/dashboard/indicator-configs/00000000-0000-7000-8000-000084000301/publish"
    method: "POST"
    status: 428
    duration_ms: 15
[2026-09-27 23:23:47.054 -0300] INFO (5018): request completed
    route: "/v1/dashboard/indicator-configs/00000000-0000-7000-8000-000084000301/publish"
    method: "POST"
    status: 403
    duration_ms: 0
[2026-09-27 23:23:47.055 -0300] INFO (5018): request completed
    route: "/v1/dashboard/indicator-configs/00000000-0000-7000-8000-000084000301/publish"
    method: "POST"
    status: 403
    duration_ms: 0
[2026-09-27 23:23:47.055 -0300] INFO (5018): request completed
    route: "/v1/dashboard/indicator-configs/00000000-0000-7000-8000-000084000301/publish"
    method: "POST"
    status: 403
    duration_ms: 0
[2026-09-27 23:23:47.056 -0300] INFO (5018): request completed
    route: "/v1/dashboard/indicator-configs/00000000-0000-7000-8000-000084000301/publish"
    method: "POST"
    status: 403
    duration_ms: 0
[2026-09-27 23:23:47.057 -0300] INFO (5018): request completed
    route: "/v1/dashboard/indicator-configs/00000000-0000-7000-8000-000084000301/publish"
    method: "POST"
    status: 403
    duration_ms: 0
[2026-09-27 23:23:47.071 -0300] INFO (5018): request completed
    route: "/v1/dashboard/indicator-configs/00000000-0000-7000-8000-000084000301/publish"
    method: "POST"
    status: 428
    duration_ms: 14
[2026-09-27 23:23:47.087 -0300] INFO (5018): request completed
    route: "/v1/dashboard/indicator-configs/00000000-0000-7000-8000-000084000301/publish"
    method: "POST"
    status: 428
    duration_ms: 15
[2026-09-27 23:23:47.102 -0300] INFO (5018): request completed
    route: "/v1/dashboard/indicator-configs/00000000-0000-7000-8000-000084000301/publish"
    method: "POST"
    status: 428
    duration_ms: 15
[2026-09-27 23:23:47.103 -0300] INFO (5018): request completed
    route: "/v1/dashboard/indicator-configs/00000000-0000-7000-8000-000084000301/publish"
    method: "POST"
    status: 403
    duration_ms: 0
[2026-09-27 23:23:47.104 -0300] INFO (5018): request completed
    route: "/v1/dashboard/indicator-configs/00000000-0000-7000-8000-000084000301/publish"
    method: "POST"
    status: 403
    duration_ms: 0
[2026-09-27 23:23:47.105 -0300] INFO (5018): request completed
    route: "/v1/dashboard/indicator-configs/00000000-0000-7000-8000-000084000301/publish"
    method: "POST"
    status: 403
    duration_ms: 0
[2026-09-27 23:23:47.105 -0300] INFO (5018): request completed
    route: "/v1/dashboard/indicator-configs/00000000-0000-7000-8000-000084000301/publish"
    method: "POST"
    status: 403
    duration_ms: 0
[2026-09-27 23:23:47.106 -0300] INFO (5018): request completed
    route: "/v1/dashboard/indicator-configs/00000000-0000-7000-8000-000084000301/publish"
    method: "POST"
    status: 403
    duration_ms: 0
[2026-09-27 23:23:47.106 -0300] INFO (5018): request completed
    route: "/v1/dashboard/indicator-configs/00000000-0000-7000-8000-000084000301/publish"
    method: "POST"
    status: 403
    duration_ms: 0
[2026-09-27 23:23:47.107 -0300] INFO (5018): request completed
    route: "/v1/dashboard/indicator-configs/00000000-0000-7000-8000-000084000301/publish"
    method: "POST"
    status: 403
    duration_ms: 0
[2026-09-27 23:23:47.107 -0300] INFO (5018): request completed
    route: "/v1/dashboard/indicator-configs/00000000-0000-7000-8000-000084000301/publish"
    method: "POST"
    status: 403
    duration_ms: 0
[2026-09-27 23:23:47.108 -0300] INFO (5018): request completed
    route: "/v1/dashboard/indicator-configs/00000000-0000-7000-8000-000084000301/publish"
    method: "POST"
    status: 403
    duration_ms: 0
[2026-09-27 23:23:47.108 -0300] INFO (5018): request completed
    route: "/v1/dashboard/indicator-configs/00000000-0000-7000-8000-000084000301/publish"
    method: "POST"
    status: 403
    duration_ms: 0
[2026-09-27 23:23:47.109 -0300] INFO (5018): request completed
    route: "/v1/dashboard/indicator-configs/00000000-0000-7000-8000-000084000301/publish"
    method: "POST"
    status: 403
    duration_ms: 0
[2026-09-27 23:23:47.109 -0300] INFO (5018): request completed
    route: "/v1/dashboard/indicator-configs/00000000-0000-7000-8000-000084000301/publish"
    method: "POST"
    status: 403
    duration_ms: 0
[2026-09-27 23:23:47.110 -0300] INFO (5018): request completed
    route: "/v1/dashboard/indicator-configs/00000000-0000-7000-8000-000084000301/publish"
    method: "POST"
    status: 403
    duration_ms: 0
[2026-09-27 23:23:47.111 -0300] INFO (5018): request completed
    route: "/v1/dashboard/indicator-configs/00000000-0000-7000-8000-000084000301/publish"
    method: "POST"
    status: 403
    duration_ms: 1
[2026-09-27 23:23:47.117 -0300] INFO (5018): request completed
    route: "/v1/dashboard/bi-panels"
    method: "GET"
    status: 200
    duration_ms: 6
[2026-09-27 23:23:47.123 -0300] INFO (5018): request completed
    route: "/v1/dashboard/bi-panels/00000000-0000-7000-8000-000084000401"
    method: "GET"
    status: 200
    duration_ms: 5
[2026-09-27 23:23:47.124 -0300] INFO (5018): request completed
    route: "/v1/dashboard/bi-panels"
    method: "GET"
    status: 403
    duration_ms: 1
[2026-09-27 23:23:47.124 -0300] INFO (5018): request completed
    route: "/v1/dashboard/bi-panels/00000000-0000-7000-8000-000084000401"
    method: "GET"
    status: 403
    duration_ms: 0
[2026-09-27 23:23:47.125 -0300] INFO (5018): request completed
    route: "/v1/dashboard/bi-panels"
    method: "GET"
    status: 403
    duration_ms: 0
[2026-09-27 23:23:47.126 -0300] INFO (5018): request completed
    route: "/v1/dashboard/bi-panels/00000000-0000-7000-8000-000084000401"
    method: "GET"
    status: 403
    duration_ms: 1
[2026-09-27 23:23:47.126 -0300] INFO (5018): request completed
    route: "/v1/dashboard/bi-panels"
    method: "GET"
    status: 403
    duration_ms: 0
[2026-09-27 23:23:47.127 -0300] INFO (5018): request completed
    route: "/v1/dashboard/bi-panels/00000000-0000-7000-8000-000084000401"
    method: "GET"
    status: 403
    duration_ms: 1
[2026-09-27 23:23:47.127 -0300] INFO (5018): request completed
    route: "/v1/dashboard/bi-panels"
    method: "GET"
    status: 403
    duration_ms: 0
[2026-09-27 23:23:47.127 -0300] INFO (5018): request completed
    route: "/v1/dashboard/bi-panels/00000000-0000-7000-8000-000084000401"
    method: "GET"
    status: 403
    duration_ms: 0
[2026-09-27 23:23:47.128 -0300] INFO (5018): request completed
    route: "/v1/dashboard/bi-panels"
    method: "GET"
    status: 403
    duration_ms: 0
[2026-09-27 23:23:47.128 -0300] INFO (5018): request completed
    route: "/v1/dashboard/bi-panels/00000000-0000-7000-8000-000084000401"
    method: "GET"
    status: 403
    duration_ms: 0
[2026-09-27 23:23:47.133 -0300] INFO (5018): request completed
    route: "/v1/dashboard/bi-panels"
    method: "GET"
    status: 200
    duration_ms: 4
[2026-09-27 23:23:47.138 -0300] INFO (5018): request completed
    route: "/v1/dashboard/bi-panels/00000000-0000-7000-8000-000084000401"
    method: "GET"
    status: 200
    duration_ms: 4
[2026-09-27 23:23:47.139 -0300] INFO (5018): request completed
    route: "/v1/dashboard/bi-panels"
    method: "GET"
    status: 403
    duration_ms: 0
[2026-09-27 23:23:47.140 -0300] INFO (5018): request completed
    route: "/v1/dashboard/bi-panels/00000000-0000-7000-8000-000084000401"
    method: "GET"
    status: 403
    duration_ms: 0
[2026-09-27 23:23:47.141 -0300] INFO (5018): request completed
    route: "/v1/dashboard/bi-panels"
    method: "GET"
    status: 403
    duration_ms: 0
[2026-09-27 23:23:47.142 -0300] INFO (5018): request completed
    route: "/v1/dashboard/bi-panels/00000000-0000-7000-8000-000084000401"
    method: "GET"
    status: 403
    duration_ms: 1
[2026-09-27 23:23:47.147 -0300] INFO (5018): request completed
    route: "/v1/dashboard/bi-panels"
    method: "GET"
    status: 200
    duration_ms: 5
[2026-09-27 23:23:47.152 -0300] INFO (5018): request completed
    route: "/v1/dashboard/bi-panels/00000000-0000-7000-8000-000084000401"
    method: "GET"
    status: 200
    duration_ms: 5
[2026-09-27 23:23:47.153 -0300] INFO (5018): request completed
    route: "/v1/dashboard/bi-panels"
    method: "GET"
    status: 403
    duration_ms: 0
[2026-09-27 23:23:47.154 -0300] INFO (5018): request completed
    route: "/v1/dashboard/bi-panels/00000000-0000-7000-8000-000084000401"
    method: "GET"
    status: 403
    duration_ms: 0
[2026-09-27 23:23:47.154 -0300] INFO (5018): request completed
    route: "/v1/dashboard/bi-panels"
    method: "GET"
    status: 403
    duration_ms: 0
[2026-09-27 23:23:47.155 -0300] INFO (5018): request completed
    route: "/v1/dashboard/bi-panels/00000000-0000-7000-8000-000084000401"
    method: "GET"
    status: 403
    duration_ms: 0
[2026-09-27 23:23:47.156 -0300] INFO (5018): request completed
    route: "/v1/dashboard/bi-panels"
    method: "GET"
    status: 403
    duration_ms: 0
[2026-09-27 23:23:47.156 -0300] INFO (5018): request completed
    route: "/v1/dashboard/bi-panels/00000000-0000-7000-8000-000084000401"
    method: "GET"
    status: 403
    duration_ms: 0
[2026-09-27 23:23:47.162 -0300] INFO (5018): request completed
    route: "/v1/dashboard/bi-panels"
    method: "GET"
    status: 200
    duration_ms: 5
[2026-09-27 23:23:47.166 -0300] INFO (5018): request completed
    route: "/v1/dashboard/bi-panels/00000000-0000-7000-8000-000084000401"
    method: "GET"
    status: 200
    duration_ms: 4
[2026-09-27 23:23:47.167 -0300] INFO (5018): request completed
    route: "/v1/dashboard/bi-panels"
    method: "GET"
    status: 403
    duration_ms: 1
[2026-09-27 23:23:47.167 -0300] INFO (5018): request completed
    route: "/v1/dashboard/bi-panels/00000000-0000-7000-8000-000084000401"
    method: "GET"
    status: 403
    duration_ms: 0
[2026-09-27 23:23:47.168 -0300] INFO (5018): request completed
    route: "/v1/dashboard/bi-panels"
    method: "GET"
    status: 403
    duration_ms: 0
[2026-09-27 23:23:47.168 -0300] INFO (5018): request completed
    route: "/v1/dashboard/bi-panels/00000000-0000-7000-8000-000084000401"
    method: "GET"
    status: 403
    duration_ms: 0
[2026-09-27 23:23:47.169 -0300] INFO (5018): request completed
    route: "/v1/dashboard/bi-panels"
    method: "GET"
    status: 403
    duration_ms: 0
[2026-09-27 23:23:47.169 -0300] INFO (5018): request completed
    route: "/v1/dashboard/bi-panels/00000000-0000-7000-8000-000084000401"
    method: "GET"
    status: 403
    duration_ms: 0
[2026-09-27 23:23:47.170 -0300] INFO (5018): request completed
    route: "/v1/dashboard/bi-panels"
    method: "GET"
    status: 403
    duration_ms: 0
[2026-09-27 23:23:47.171 -0300] INFO (5018): request completed
    route: "/v1/dashboard/bi-panels/00000000-0000-7000-8000-000084000401"
    method: "GET"
    status: 403
    duration_ms: 0
[2026-09-27 23:23:47.172 -0300] INFO (5018): request completed
    route: "/v1/dashboard/bi-panels"
    method: "GET"
    status: 403
    duration_ms: 1
[2026-09-27 23:23:47.172 -0300] INFO (5018): request completed
    route: "/v1/dashboard/bi-panels/00000000-0000-7000-8000-000084000401"
    method: "GET"
    status: 403
    duration_ms: 0
[2026-09-27 23:23:47.177 -0300] INFO (5018): request completed
    route: "/v1/dashboard/bi-panels"
    method: "GET"
    status: 200
    duration_ms: 5
[2026-09-27 23:23:47.183 -0300] INFO (5018): request completed
    route: "/v1/dashboard/bi-panels/00000000-0000-7000-8000-000084000401"
    method: "GET"
    status: 200
    duration_ms: 5
[2026-09-27 23:23:47.188 -0300] INFO (5018): request completed
    route: "/v1/dashboard/bi-panels"
    method: "GET"
    status: 200
    duration_ms: 5
[2026-09-27 23:23:47.193 -0300] INFO (5018): request completed
    route: "/v1/dashboard/bi-panels/00000000-0000-7000-8000-000084000401"
    method: "GET"
    status: 200
    duration_ms: 5
[2026-09-27 23:23:47.198 -0300] INFO (5018): request completed
    route: "/v1/dashboard/bi-panels"
    method: "GET"
    status: 200
    duration_ms: 4
[2026-09-27 23:23:47.203 -0300] INFO (5018): request completed
    route: "/v1/dashboard/bi-panels/00000000-0000-7000-8000-000084000401"
    method: "GET"
    status: 200
    duration_ms: 5
[2026-09-27 23:23:47.204 -0300] INFO (5018): request completed
    route: "/v1/dashboard/bi-panels"
    method: "GET"
    status: 403
    duration_ms: 1
[2026-09-27 23:23:47.204 -0300] INFO (5018): request completed
    route: "/v1/dashboard/bi-panels/00000000-0000-7000-8000-000084000401"
    method: "GET"
    status: 403
    duration_ms: 0
[2026-09-27 23:23:47.205 -0300] INFO (5018): request completed
    route: "/v1/dashboard/bi-panels"
    method: "GET"
    status: 403
    duration_ms: 0
[2026-09-27 23:23:47.205 -0300] INFO (5018): request completed
    route: "/v1/dashboard/bi-panels/00000000-0000-7000-8000-000084000401"
    method: "GET"
    status: 403
    duration_ms: 0
[2026-09-27 23:23:47.206 -0300] INFO (5018): request completed
    route: "/v1/dashboard/bi-panels"
    method: "GET"
    status: 403
    duration_ms: 0
[2026-09-27 23:23:47.206 -0300] INFO (5018): request completed
    route: "/v1/dashboard/bi-panels/00000000-0000-7000-8000-000084000401"
    method: "GET"
    status: 403
    duration_ms: 0
[2026-09-27 23:23:47.207 -0300] INFO (5018): request completed
    route: "/v1/dashboard/bi-panels"
    method: "GET"
    status: 403
    duration_ms: 0
[2026-09-27 23:23:47.207 -0300] INFO (5018): request completed
    route: "/v1/dashboard/bi-panels/00000000-0000-7000-8000-000084000401"
    method: "GET"
    status: 403
    duration_ms: 0
[2026-09-27 23:23:47.208 -0300] INFO (5018): request completed
    route: "/v1/dashboard/bi-panels"
    method: "GET"
    status: 403
    duration_ms: 0
[2026-09-27 23:23:47.208 -0300] INFO (5018): request completed
    route: "/v1/dashboard/bi-panels/00000000-0000-7000-8000-000084000401"
    method: "GET"
    status: 403
    duration_ms: 0
[2026-09-27 23:23:47.209 -0300] INFO (5018): request completed
    route: "/v1/dashboard/bi-panels"
    method: "GET"
    status: 403
    duration_ms: 0
[2026-09-27 23:23:47.209 -0300] INFO (5018): request completed
    route: "/v1/dashboard/bi-panels/00000000-0000-7000-8000-000084000401"
    method: "GET"
    status: 403
    duration_ms: 0
[2026-09-27 23:23:47.210 -0300] INFO (5018): request completed
    route: "/v1/dashboard/bi-panels"
    method: "GET"
    status: 403
    duration_ms: 0
[2026-09-27 23:23:47.211 -0300] INFO (5018): request completed
    route: "/v1/dashboard/bi-panels/00000000-0000-7000-8000-000084000401"
    method: "GET"
    status: 403
    duration_ms: 0
[2026-09-27 23:23:47.211 -0300] INFO (5018): request completed
    route: "/v1/dashboard/bi-panels"
    method: "GET"
    status: 403
    duration_ms: 0
[2026-09-27 23:23:47.212 -0300] INFO (5018): request completed
    route: "/v1/dashboard/bi-panels/00000000-0000-7000-8000-000084000401"
    method: "GET"
    status: 403
    duration_ms: 0
[2026-09-27 23:23:47.212 -0300] INFO (5018): request completed
    route: "/v1/dashboard/bi-panels"
    method: "GET"
    status: 403
    duration_ms: 0
[2026-09-27 23:23:47.213 -0300] INFO (5018): request completed
    route: "/v1/dashboard/bi-panels/00000000-0000-7000-8000-000084000401"
    method: "GET"
    status: 403
    duration_ms: 0
[2026-09-27 23:23:47.213 -0300] INFO (5018): request completed
    route: "/v1/dashboard/bi-panels"
    method: "GET"
    status: 403
    duration_ms: 0
[2026-09-27 23:23:47.214 -0300] INFO (5018): request completed
    route: "/v1/dashboard/bi-panels/00000000-0000-7000-8000-000084000401"
    method: "GET"
    status: 403
    duration_ms: 0
[2026-09-27 23:23:47.214 -0300] INFO (5018): request completed
    route: "/v1/dashboard/bi-panels"
    method: "GET"
    status: 403
    duration_ms: 0
[2026-09-27 23:23:47.215 -0300] INFO (5018): request completed
    route: "/v1/dashboard/bi-panels/00000000-0000-7000-8000-000084000401"
    method: "GET"
    status: 403
    duration_ms: 0
[2026-09-27 23:23:47.216 -0300] INFO (5018): request completed
    route: "/v1/dashboard/bi-panels"
    method: "GET"
    status: 403
    duration_ms: 1
[2026-09-27 23:23:47.216 -0300] INFO (5018): request completed
    route: "/v1/dashboard/bi-panels/00000000-0000-7000-8000-000084000401"
    method: "GET"
    status: 403
    duration_ms: 0
[2026-09-27 23:23:47.217 -0300] INFO (5018): request completed
    route: "/v1/dashboard/bi-panels"
    method: "GET"
    status: 403
    duration_ms: 0
[2026-09-27 23:23:47.217 -0300] INFO (5018): request completed
    route: "/v1/dashboard/bi-panels/00000000-0000-7000-8000-000084000401"
    method: "GET"
    status: 403
    duration_ms: 0
[2026-09-27 23:23:47.218 -0300] INFO (5018): request completed
    route: "/v1/dashboard/bi-panels"
    method: "GET"
    status: 403
    duration_ms: 0
[2026-09-27 23:23:47.219 -0300] INFO (5018): request completed
    route: "/v1/dashboard/bi-panels/00000000-0000-7000-8000-000084000401"
    method: "GET"
    status: 403
    duration_ms: 1
[2026-09-27 23:23:47.233 -0300] INFO (5018): request completed
    route: "/v1/dashboard/bi-panels"
    method: "POST"
    status: 400
    duration_ms: 14
[2026-09-27 23:23:47.250 -0300] INFO (5018): request completed
    route: "/v1/dashboard/bi-panels/00000000-0000-7000-8000-000084000401"
    method: "PATCH"
    status: 428
    duration_ms: 16
[2026-09-27 23:23:47.267 -0300] INFO (5018): request completed
    route: "/v1/dashboard/bi-panels/00000000-0000-7000-8000-000084000401/publish"
    method: "POST"
    status: 428
    duration_ms: 17
[2026-09-27 23:23:47.268 -0300] INFO (5018): request completed
    route: "/v1/dashboard/bi-panels"
    method: "POST"
    status: 403
    duration_ms: 0
[2026-09-27 23:23:47.269 -0300] INFO (5018): request completed
    route: "/v1/dashboard/bi-panels/00000000-0000-7000-8000-000084000401"
    method: "PATCH"
    status: 403
    duration_ms: 0
[2026-09-27 23:23:47.270 -0300] INFO (5018): request completed
    route: "/v1/dashboard/bi-panels/00000000-0000-7000-8000-000084000401/publish"
    method: "POST"
    status: 403
    duration_ms: 0
[2026-09-27 23:23:47.271 -0300] INFO (5018): request completed
    route: "/v1/dashboard/bi-panels"
    method: "POST"
    status: 403
    duration_ms: 1
[2026-09-27 23:23:47.271 -0300] INFO (5018): request completed
    route: "/v1/dashboard/bi-panels/00000000-0000-7000-8000-000084000401"
    method: "PATCH"
    status: 403
    duration_ms: 0
[2026-09-27 23:23:47.272 -0300] INFO (5018): request completed
    route: "/v1/dashboard/bi-panels/00000000-0000-7000-8000-000084000401/publish"
    method: "POST"
    status: 403
    duration_ms: 1
[2026-09-27 23:23:47.272 -0300] INFO (5018): request completed
    route: "/v1/dashboard/bi-panels"
    method: "POST"
    status: 403
    duration_ms: 0
[2026-09-27 23:23:47.273 -0300] INFO (5018): request completed
    route: "/v1/dashboard/bi-panels/00000000-0000-7000-8000-000084000401"
    method: "PATCH"
    status: 403
    duration_ms: 1
[2026-09-27 23:23:47.273 -0300] INFO (5018): request completed
    route: "/v1/dashboard/bi-panels/00000000-0000-7000-8000-000084000401/publish"
    method: "POST"
    status: 403
    duration_ms: 0
[2026-09-27 23:23:47.274 -0300] INFO (5018): request completed
    route: "/v1/dashboard/bi-panels"
    method: "POST"
    status: 403
    duration_ms: 1
[2026-09-27 23:23:47.274 -0300] INFO (5018): request completed
    route: "/v1/dashboard/bi-panels/00000000-0000-7000-8000-000084000401"
    method: "PATCH"
    status: 403
    duration_ms: 0
[2026-09-27 23:23:47.274 -0300] INFO (5018): request completed
    route: "/v1/dashboard/bi-panels/00000000-0000-7000-8000-000084000401/publish"
    method: "POST"
    status: 403
    duration_ms: 0
[2026-09-27 23:23:47.275 -0300] INFO (5018): request completed
    route: "/v1/dashboard/bi-panels"
    method: "POST"
    status: 403
    duration_ms: 0
[2026-09-27 23:23:47.276 -0300] INFO (5018): request completed
    route: "/v1/dashboard/bi-panels/00000000-0000-7000-8000-000084000401"
    method: "PATCH"
    status: 403
    duration_ms: 1
[2026-09-27 23:23:47.276 -0300] INFO (5018): request completed
    route: "/v1/dashboard/bi-panels/00000000-0000-7000-8000-000084000401/publish"
    method: "POST"
    status: 403
    duration_ms: 0
[2026-09-27 23:23:47.277 -0300] INFO (5018): request completed
    route: "/v1/dashboard/bi-panels"
    method: "POST"
    status: 403
    duration_ms: 0
[2026-09-27 23:23:47.278 -0300] INFO (5018): request completed
    route: "/v1/dashboard/bi-panels/00000000-0000-7000-8000-000084000401"
    method: "PATCH"
    status: 403
    duration_ms: 0
[2026-09-27 23:23:47.282 -0300] INFO (5018): request completed
    route: "/v1/dashboard/bi-panels/00000000-0000-7000-8000-000084000401/publish"
    method: "POST"
    status: 403
    duration_ms: 1
[2026-09-27 23:23:47.283 -0300] INFO (5018): request completed
    route: "/v1/dashboard/bi-panels"
    method: "POST"
    status: 403
    duration_ms: 0
[2026-09-27 23:23:47.284 -0300] INFO (5018): request completed
    route: "/v1/dashboard/bi-panels/00000000-0000-7000-8000-000084000401"
    method: "PATCH"
    status: 403
    duration_ms: 1
[2026-09-27 23:23:47.284 -0300] INFO (5018): request completed
    route: "/v1/dashboard/bi-panels/00000000-0000-7000-8000-000084000401/publish"
    method: "POST"
    status: 403
    duration_ms: 0
[2026-09-27 23:23:47.285 -0300] INFO (5018): request completed
    route: "/v1/dashboard/bi-panels"
    method: "POST"
    status: 403
    duration_ms: 0
[2026-09-27 23:23:47.286 -0300] INFO (5018): request completed
    route: "/v1/dashboard/bi-panels/00000000-0000-7000-8000-000084000401"
    method: "PATCH"
    status: 403
    duration_ms: 1
[2026-09-27 23:23:47.286 -0300] INFO (5018): request completed
    route: "/v1/dashboard/bi-panels/00000000-0000-7000-8000-000084000401/publish"
    method: "POST"
    status: 403
    duration_ms: 0
[2026-09-27 23:23:47.307 -0300] INFO (5018): request completed
    route: "/v1/dashboard/bi-panels"
    method: "POST"
    status: 400
    duration_ms: 20
[2026-09-27 23:23:47.325 -0300] INFO (5018): request completed
    route: "/v1/dashboard/bi-panels/00000000-0000-7000-8000-000084000401"
    method: "PATCH"
    status: 428
    duration_ms: 17
[2026-09-27 23:23:47.342 -0300] INFO (5018): request completed
    route: "/v1/dashboard/bi-panels/00000000-0000-7000-8000-000084000401/publish"
    method: "POST"
    status: 428
    duration_ms: 17
[2026-09-27 23:23:47.343 -0300] INFO (5018): request completed
    route: "/v1/dashboard/bi-panels"
    method: "POST"
    status: 403
    duration_ms: 1
[2026-09-27 23:23:47.344 -0300] INFO (5018): request completed
    route: "/v1/dashboard/bi-panels/00000000-0000-7000-8000-000084000401"
    method: "PATCH"
    status: 403
    duration_ms: 1
[2026-09-27 23:23:47.345 -0300] INFO (5018): request completed
    route: "/v1/dashboard/bi-panels/00000000-0000-7000-8000-000084000401/publish"
    method: "POST"
    status: 403
    duration_ms: 1
[2026-09-27 23:23:47.345 -0300] INFO (5018): request completed
    route: "/v1/dashboard/bi-panels"
    method: "POST"
    status: 403
    duration_ms: 0
[2026-09-27 23:23:47.346 -0300] INFO (5018): request completed
    route: "/v1/dashboard/bi-panels/00000000-0000-7000-8000-000084000401"
    method: "PATCH"
    status: 403
    duration_ms: 0
[2026-09-27 23:23:47.347 -0300] INFO (5018): request completed
    route: "/v1/dashboard/bi-panels/00000000-0000-7000-8000-000084000401/publish"
    method: "POST"
    status: 403
    duration_ms: 0
[2026-09-27 23:23:47.347 -0300] INFO (5018): request completed
    route: "/v1/dashboard/bi-panels"
    method: "POST"
    status: 403
    duration_ms: 0
[2026-09-27 23:23:47.348 -0300] INFO (5018): request completed
    route: "/v1/dashboard/bi-panels/00000000-0000-7000-8000-000084000401"
    method: "PATCH"
    status: 403
    duration_ms: 0
[2026-09-27 23:23:47.348 -0300] INFO (5018): request completed
    route: "/v1/dashboard/bi-panels/00000000-0000-7000-8000-000084000401/publish"
    method: "POST"
    status: 403
    duration_ms: 0
[2026-09-27 23:23:47.362 -0300] INFO (5018): request completed
    route: "/v1/dashboard/bi-panels"
    method: "POST"
    status: 400
    duration_ms: 13
[2026-09-27 23:23:47.378 -0300] INFO (5018): request completed
    route: "/v1/dashboard/bi-panels/00000000-0000-7000-8000-000084000401"
    method: "PATCH"
    status: 428
    duration_ms: 15
[2026-09-27 23:23:47.394 -0300] INFO (5018): request completed
    route: "/v1/dashboard/bi-panels/00000000-0000-7000-8000-000084000401/publish"
    method: "POST"
    status: 428
    duration_ms: 15
[2026-09-27 23:23:47.395 -0300] INFO (5018): request completed
    route: "/v1/dashboard/bi-panels"
    method: "POST"
    status: 403
    duration_ms: 0
[2026-09-27 23:23:47.396 -0300] INFO (5018): request completed
    route: "/v1/dashboard/bi-panels/00000000-0000-7000-8000-000084000401"
    method: "PATCH"
    status: 403
    duration_ms: 1
[2026-09-27 23:23:47.396 -0300] INFO (5018): request completed
    route: "/v1/dashboard/bi-panels/00000000-0000-7000-8000-000084000401/publish"
    method: "POST"
    status: 403
    duration_ms: 0
[2026-09-27 23:23:47.397 -0300] INFO (5018): request completed
    route: "/v1/dashboard/bi-panels"
    method: "POST"
    status: 403
    duration_ms: 1
[2026-09-27 23:23:47.397 -0300] INFO (5018): request completed
    route: "/v1/dashboard/bi-panels/00000000-0000-7000-8000-000084000401"
    method: "PATCH"
    status: 403
    duration_ms: 0
[2026-09-27 23:23:47.398 -0300] INFO (5018): request completed
    route: "/v1/dashboard/bi-panels/00000000-0000-7000-8000-000084000401/publish"
    method: "POST"
    status: 403
    duration_ms: 1
[2026-09-27 23:23:47.398 -0300] INFO (5018): request completed
    route: "/v1/dashboard/bi-panels"
    method: "POST"
    status: 403
    duration_ms: 0
[2026-09-27 23:23:47.399 -0300] INFO (5018): request completed
    route: "/v1/dashboard/bi-panels/00000000-0000-7000-8000-000084000401"
    method: "PATCH"
    status: 403
    duration_ms: 1
[2026-09-27 23:23:47.399 -0300] INFO (5018): request completed
    route: "/v1/dashboard/bi-panels/00000000-0000-7000-8000-000084000401/publish"
    method: "POST"
    status: 403
    duration_ms: 0
[2026-09-27 23:23:47.400 -0300] INFO (5018): request completed
    route: "/v1/dashboard/bi-panels"
    method: "POST"
    status: 403
    duration_ms: 1
[2026-09-27 23:23:47.400 -0300] INFO (5018): request completed
    route: "/v1/dashboard/bi-panels/00000000-0000-7000-8000-000084000401"
    method: "PATCH"
    status: 403
    duration_ms: 0
[2026-09-27 23:23:47.401 -0300] INFO (5018): request completed
    route: "/v1/dashboard/bi-panels/00000000-0000-7000-8000-000084000401/publish"
    method: "POST"
    status: 403
    duration_ms: 0
[2026-09-27 23:23:47.402 -0300] INFO (5018): request completed
    route: "/v1/dashboard/bi-panels"
    method: "POST"
    status: 403
    duration_ms: 1
[2026-09-27 23:23:47.402 -0300] INFO (5018): request completed
    route: "/v1/dashboard/bi-panels/00000000-0000-7000-8000-000084000401"
    method: "PATCH"
    status: 403
    duration_ms: 0
[2026-09-27 23:23:47.403 -0300] INFO (5018): request completed
    route: "/v1/dashboard/bi-panels/00000000-0000-7000-8000-000084000401/publish"
    method: "POST"
    status: 403
    duration_ms: 0
[2026-09-27 23:23:47.418 -0300] INFO (5018): request completed
    route: "/v1/dashboard/bi-panels"
    method: "POST"
    status: 400
    duration_ms: 15
[2026-09-27 23:23:47.435 -0300] INFO (5018): request completed
    route: "/v1/dashboard/bi-panels/00000000-0000-7000-8000-000084000401"
    method: "PATCH"
    status: 428
    duration_ms: 17
[2026-09-27 23:23:47.453 -0300] INFO (5018): request completed
    route: "/v1/dashboard/bi-panels/00000000-0000-7000-8000-000084000401/publish"
    method: "POST"
    status: 428
    duration_ms: 17
[2026-09-27 23:23:47.466 -0300] INFO (5018): request completed
    route: "/v1/dashboard/bi-panels"
    method: "POST"
    status: 400
    duration_ms: 13
[2026-09-27 23:23:47.483 -0300] INFO (5018): request completed
    route: "/v1/dashboard/bi-panels/00000000-0000-7000-8000-000084000401"
    method: "PATCH"
    status: 428
    duration_ms: 16
[2026-09-27 23:23:47.501 -0300] INFO (5018): request completed
    route: "/v1/dashboard/bi-panels/00000000-0000-7000-8000-000084000401/publish"
    method: "POST"
    status: 428
    duration_ms: 17
[2026-09-27 23:23:47.515 -0300] INFO (5018): request completed
    route: "/v1/dashboard/bi-panels"
    method: "POST"
    status: 400
    duration_ms: 13
[2026-09-27 23:23:47.533 -0300] INFO (5018): request completed
    route: "/v1/dashboard/bi-panels/00000000-0000-7000-8000-000084000401"
    method: "PATCH"
    status: 428
    duration_ms: 17
[2026-09-27 23:23:47.550 -0300] INFO (5018): request completed
    route: "/v1/dashboard/bi-panels/00000000-0000-7000-8000-000084000401/publish"
    method: "POST"
    status: 428
    duration_ms: 17
[2026-09-27 23:23:47.551 -0300] INFO (5018): request completed
    route: "/v1/dashboard/bi-panels"
    method: "POST"
    status: 403
    duration_ms: 1
[2026-09-27 23:23:47.552 -0300] INFO (5018): request completed
    route: "/v1/dashboard/bi-panels/00000000-0000-7000-8000-000084000401"
    method: "PATCH"
    status: 403
    duration_ms: 1
[2026-09-27 23:23:47.553 -0300] INFO (5018): request completed
    route: "/v1/dashboard/bi-panels/00000000-0000-7000-8000-000084000401/publish"
    method: "POST"
    status: 403
    duration_ms: 1
[2026-09-27 23:23:47.553 -0300] INFO (5018): request completed
    route: "/v1/dashboard/bi-panels"
    method: "POST"
    status: 403
    duration_ms: 0
[2026-09-27 23:23:47.554 -0300] INFO (5018): request completed
    route: "/v1/dashboard/bi-panels/00000000-0000-7000-8000-000084000401"
    method: "PATCH"
    status: 403
    duration_ms: 0
[2026-09-27 23:23:47.554 -0300] INFO (5018): request completed
    route: "/v1/dashboard/bi-panels/00000000-0000-7000-8000-000084000401/publish"
    method: "POST"
    status: 403
    duration_ms: 0
[2026-09-27 23:23:47.555 -0300] INFO (5018): request completed
    route: "/v1/dashboard/bi-panels"
    method: "POST"
    status: 403
    duration_ms: 0
[2026-09-27 23:23:47.556 -0300] INFO (5018): request completed
    route: "/v1/dashboard/bi-panels/00000000-0000-7000-8000-000084000401"
    method: "PATCH"
    status: 403
    duration_ms: 0
[2026-09-27 23:23:47.556 -0300] INFO (5018): request completed
    route: "/v1/dashboard/bi-panels/00000000-0000-7000-8000-000084000401/publish"
    method: "POST"
    status: 403
    duration_ms: 0
[2026-09-27 23:23:47.557 -0300] INFO (5018): request completed
    route: "/v1/dashboard/bi-panels"
    method: "POST"
    status: 403
    duration_ms: 0
[2026-09-27 23:23:47.557 -0300] INFO (5018): request completed
    route: "/v1/dashboard/bi-panels/00000000-0000-7000-8000-000084000401"
    method: "PATCH"
    status: 403
    duration_ms: 0
[2026-09-27 23:23:47.558 -0300] INFO (5018): request completed
    route: "/v1/dashboard/bi-panels/00000000-0000-7000-8000-000084000401/publish"
    method: "POST"
    status: 403
    duration_ms: 0
[2026-09-27 23:23:47.558 -0300] INFO (5018): request completed
    route: "/v1/dashboard/bi-panels"
    method: "POST"
    status: 403
    duration_ms: 0
[2026-09-27 23:23:47.559 -0300] INFO (5018): request completed
    route: "/v1/dashboard/bi-panels/00000000-0000-7000-8000-000084000401"
    method: "PATCH"
    status: 403
    duration_ms: 0
[2026-09-27 23:23:47.559 -0300] INFO (5018): request completed
    route: "/v1/dashboard/bi-panels/00000000-0000-7000-8000-000084000401/publish"
    method: "POST"
    status: 403
    duration_ms: 0
[2026-09-27 23:23:47.560 -0300] INFO (5018): request completed
    route: "/v1/dashboard/bi-panels"
    method: "POST"
    status: 403
    duration_ms: 0
[2026-09-27 23:23:47.560 -0300] INFO (5018): request completed
    route: "/v1/dashboard/bi-panels/00000000-0000-7000-8000-000084000401"
    method: "PATCH"
    status: 403
    duration_ms: 0
[2026-09-27 23:23:47.560 -0300] INFO (5018): request completed
    route: "/v1/dashboard/bi-panels/00000000-0000-7000-8000-000084000401/publish"
    method: "POST"
    status: 403
    duration_ms: 0
[2026-09-27 23:23:47.561 -0300] INFO (5018): request completed
    route: "/v1/dashboard/bi-panels"
    method: "POST"
    status: 403
    duration_ms: 0
[2026-09-27 23:23:47.561 -0300] INFO (5018): request completed
    route: "/v1/dashboard/bi-panels/00000000-0000-7000-8000-000084000401"
    method: "PATCH"
    status: 403
    duration_ms: 0
[2026-09-27 23:23:47.562 -0300] INFO (5018): request completed
    route: "/v1/dashboard/bi-panels/00000000-0000-7000-8000-000084000401/publish"
    method: "POST"
    status: 403
    duration_ms: 0
[2026-09-27 23:23:47.562 -0300] INFO (5018): request completed
    route: "/v1/dashboard/bi-panels"
    method: "POST"
    status: 403
    duration_ms: 0
[2026-09-27 23:23:47.563 -0300] INFO (5018): request completed
    route: "/v1/dashboard/bi-panels/00000000-0000-7000-8000-000084000401"
    method: "PATCH"
    status: 403
    duration_ms: 0
[2026-09-27 23:23:47.564 -0300] INFO (5018): request completed
    route: "/v1/dashboard/bi-panels/00000000-0000-7000-8000-000084000401/publish"
    method: "POST"
    status: 403
    duration_ms: 1
[2026-09-27 23:23:47.564 -0300] INFO (5018): request completed
    route: "/v1/dashboard/bi-panels"
    method: "POST"
    status: 403
    duration_ms: 0
[2026-09-27 23:23:47.565 -0300] INFO (5018): request completed
    route: "/v1/dashboard/bi-panels/00000000-0000-7000-8000-000084000401"
    method: "PATCH"
    status: 403
    duration_ms: 0
[2026-09-27 23:23:47.566 -0300] INFO (5018): request completed
    route: "/v1/dashboard/bi-panels/00000000-0000-7000-8000-000084000401/publish"
    method: "POST"
    status: 403
    duration_ms: 1
[2026-09-27 23:23:47.566 -0300] INFO (5018): request completed
    route: "/v1/dashboard/bi-panels"
    method: "POST"
    status: 403
    duration_ms: 0
[2026-09-27 23:23:47.567 -0300] INFO (5018): request completed
    route: "/v1/dashboard/bi-panels/00000000-0000-7000-8000-000084000401"
    method: "PATCH"
    status: 403
    duration_ms: 1
[2026-09-27 23:23:47.567 -0300] INFO (5018): request completed
    route: "/v1/dashboard/bi-panels/00000000-0000-7000-8000-000084000401/publish"
    method: "POST"
    status: 403
    duration_ms: 0
[2026-09-27 23:23:47.568 -0300] INFO (5018): request completed
    route: "/v1/dashboard/bi-panels"
    method: "POST"
    status: 403
    duration_ms: 0
[2026-09-27 23:23:47.568 -0300] INFO (5018): request completed
    route: "/v1/dashboard/bi-panels/00000000-0000-7000-8000-000084000401"
    method: "PATCH"
    status: 403
    duration_ms: 0
[2026-09-27 23:23:47.569 -0300] INFO (5018): request completed
    route: "/v1/dashboard/bi-panels/00000000-0000-7000-8000-000084000401/publish"
    method: "POST"
    status: 403
    duration_ms: 0
[2026-09-27 23:23:47.570 -0300] INFO (5018): request completed
    route: "/v1/dashboard/bi-panels"
    method: "POST"
    status: 403
    duration_ms: 0
[2026-09-27 23:23:47.570 -0300] INFO (5018): request completed
    route: "/v1/dashboard/bi-panels/00000000-0000-7000-8000-000084000401"
    method: "PATCH"
    status: 403
    duration_ms: 0
[2026-09-27 23:23:47.571 -0300] INFO (5018): request completed
    route: "/v1/dashboard/bi-panels/00000000-0000-7000-8000-000084000401/publish"
    method: "POST"
    status: 403
    duration_ms: 0
[2026-09-27 23:23:47.571 -0300] INFO (5018): request completed
    route: "/v1/dashboard/bi-panels"
    method: "POST"
    status: 403
    duration_ms: 0
[2026-09-27 23:23:47.572 -0300] INFO (5018): request completed
    route: "/v1/dashboard/bi-panels/00000000-0000-7000-8000-000084000401"
    method: "PATCH"
    status: 403
    duration_ms: 1
[2026-09-27 23:23:47.572 -0300] INFO (5018): request completed
    route: "/v1/dashboard/bi-panels/00000000-0000-7000-8000-000084000401/publish"
    method: "POST"
    status: 403
    duration_ms: 0
[2026-09-27 23:23:47.573 -0300] INFO (5018): request completed
    route: "/v1/dashboard/bi-panels"
    method: "POST"
    status: 403
    duration_ms: 1
[2026-09-27 23:23:47.573 -0300] INFO (5018): request completed
    route: "/v1/dashboard/bi-panels/00000000-0000-7000-8000-000084000401"
    method: "PATCH"
    status: 403
    duration_ms: 0
[2026-09-27 23:23:47.573 -0300] INFO (5018): request completed
    route: "/v1/dashboard/bi-panels/00000000-0000-7000-8000-000084000401/publish"
    method: "POST"
    status: 403
    duration_ms: 0
[2026-09-27 23:23:47.581 -0300] INFO (5018): request completed
    route: "/v1/dashboard/generated-reports"
    method: "GET"
    status: 200
    duration_ms: 7
[2026-09-27 23:23:47.586 -0300] INFO (5018): request completed
    route: "/v1/dashboard/generated-reports/00000000-0000-7000-8000-000084000501"
    method: "GET"
    status: 200
    duration_ms: 5
[2026-09-27 23:23:47.587 -0300] INFO (5018): request completed
    route: "/v1/dashboard/generated-reports"
    method: "GET"
    status: 403
    duration_ms: 0
[2026-09-27 23:23:47.588 -0300] INFO (5018): request completed
    route: "/v1/dashboard/generated-reports/00000000-0000-7000-8000-000084000501"
    method: "GET"
    status: 403
    duration_ms: 0
[2026-09-27 23:23:47.589 -0300] INFO (5018): request completed
    route: "/v1/dashboard/generated-reports"
    method: "GET"
    status: 403
    duration_ms: 1
[2026-09-27 23:23:47.589 -0300] INFO (5018): request completed
    route: "/v1/dashboard/generated-reports/00000000-0000-7000-8000-000084000501"
    method: "GET"
    status: 403
    duration_ms: 0
[2026-09-27 23:23:47.590 -0300] INFO (5018): request completed
    route: "/v1/dashboard/generated-reports"
    method: "GET"
    status: 403
    duration_ms: 0
[2026-09-27 23:23:47.590 -0300] INFO (5018): request completed
    route: "/v1/dashboard/generated-reports/00000000-0000-7000-8000-000084000501"
    method: "GET"
    status: 403
    duration_ms: 0
[2026-09-27 23:23:47.591 -0300] INFO (5018): request completed
    route: "/v1/dashboard/generated-reports"
    method: "GET"
    status: 403
    duration_ms: 1
[2026-09-27 23:23:47.591 -0300] INFO (5018): request completed
    route: "/v1/dashboard/generated-reports/00000000-0000-7000-8000-000084000501"
    method: "GET"
    status: 403
    duration_ms: 0
[2026-09-27 23:23:47.591 -0300] INFO (5018): request completed
    route: "/v1/dashboard/generated-reports"
    method: "GET"
    status: 403
    duration_ms: 0
[2026-09-27 23:23:47.592 -0300] INFO (5018): request completed
    route: "/v1/dashboard/generated-reports/00000000-0000-7000-8000-000084000501"
    method: "GET"
    status: 403
    duration_ms: 0
[2026-09-27 23:23:47.598 -0300] INFO (5018): request completed
    route: "/v1/dashboard/generated-reports"
    method: "GET"
    status: 200
    duration_ms: 6
[2026-09-27 23:23:47.603 -0300] INFO (5018): request completed
    route: "/v1/dashboard/generated-reports/00000000-0000-7000-8000-000084000501"
    method: "GET"
    status: 200
    duration_ms: 5
[2026-09-27 23:23:47.604 -0300] INFO (5018): request completed
    route: "/v1/dashboard/generated-reports"
    method: "GET"
    status: 403
    duration_ms: 1
[2026-09-27 23:23:47.604 -0300] INFO (5018): request completed
    route: "/v1/dashboard/generated-reports/00000000-0000-7000-8000-000084000501"
    method: "GET"
    status: 403
    duration_ms: 0
[2026-09-27 23:23:47.605 -0300] INFO (5018): request completed
    route: "/v1/dashboard/generated-reports"
    method: "GET"
    status: 403
    duration_ms: 0
[2026-09-27 23:23:47.606 -0300] INFO (5018): request completed
    route: "/v1/dashboard/generated-reports/00000000-0000-7000-8000-000084000501"
    method: "GET"
    status: 403
    duration_ms: 1
[2026-09-27 23:23:47.610 -0300] INFO (5018): request completed
    route: "/v1/dashboard/generated-reports"
    method: "GET"
    status: 200
    duration_ms: 4
[2026-09-27 23:23:47.615 -0300] INFO (5018): request completed
    route: "/v1/dashboard/generated-reports/00000000-0000-7000-8000-000084000501"
    method: "GET"
    status: 200
    duration_ms: 4
[2026-09-27 23:23:47.616 -0300] INFO (5018): request completed
    route: "/v1/dashboard/generated-reports"
    method: "GET"
    status: 403
    duration_ms: 1
[2026-09-27 23:23:47.616 -0300] INFO (5018): request completed
    route: "/v1/dashboard/generated-reports/00000000-0000-7000-8000-000084000501"
    method: "GET"
    status: 403
    duration_ms: 0
[2026-09-27 23:23:47.617 -0300] INFO (5018): request completed
    route: "/v1/dashboard/generated-reports"
    method: "GET"
    status: 403
    duration_ms: 0
[2026-09-27 23:23:47.617 -0300] INFO (5018): request completed
    route: "/v1/dashboard/generated-reports/00000000-0000-7000-8000-000084000501"
    method: "GET"
    status: 403
    duration_ms: 0
[2026-09-27 23:23:47.618 -0300] INFO (5018): request completed
    route: "/v1/dashboard/generated-reports"
    method: "GET"
    status: 403
    duration_ms: 0
[2026-09-27 23:23:47.618 -0300] INFO (5018): request completed
    route: "/v1/dashboard/generated-reports/00000000-0000-7000-8000-000084000501"
    method: "GET"
    status: 403
    duration_ms: 0
[2026-09-27 23:23:47.623 -0300] INFO (5018): request completed
    route: "/v1/dashboard/generated-reports"
    method: "GET"
    status: 200
    duration_ms: 4
[2026-09-27 23:23:47.628 -0300] INFO (5018): request completed
    route: "/v1/dashboard/generated-reports/00000000-0000-7000-8000-000084000501"
    method: "GET"
    status: 200
    duration_ms: 4
[2026-09-27 23:23:47.629 -0300] INFO (5018): request completed
    route: "/v1/dashboard/generated-reports"
    method: "GET"
    status: 403
    duration_ms: 1
[2026-09-27 23:23:47.629 -0300] INFO (5018): request completed
    route: "/v1/dashboard/generated-reports/00000000-0000-7000-8000-000084000501"
    method: "GET"
    status: 403
    duration_ms: 0
[2026-09-27 23:23:47.630 -0300] INFO (5018): request completed
    route: "/v1/dashboard/generated-reports"
    method: "GET"
    status: 403
    duration_ms: 0
[2026-09-27 23:23:47.631 -0300] INFO (5018): request completed
    route: "/v1/dashboard/generated-reports/00000000-0000-7000-8000-000084000501"
    method: "GET"
    status: 403
    duration_ms: 1
[2026-09-27 23:23:47.631 -0300] INFO (5018): request completed
    route: "/v1/dashboard/generated-reports"
    method: "GET"
    status: 403
    duration_ms: 0
[2026-09-27 23:23:47.632 -0300] INFO (5018): request completed
    route: "/v1/dashboard/generated-reports/00000000-0000-7000-8000-000084000501"
    method: "GET"
    status: 403
    duration_ms: 0
[2026-09-27 23:23:47.632 -0300] INFO (5018): request completed
    route: "/v1/dashboard/generated-reports"
    method: "GET"
    status: 403
    duration_ms: 0
[2026-09-27 23:23:47.633 -0300] INFO (5018): request completed
    route: "/v1/dashboard/generated-reports/00000000-0000-7000-8000-000084000501"
    method: "GET"
    status: 403
    duration_ms: 0
[2026-09-27 23:23:47.633 -0300] INFO (5018): request completed
    route: "/v1/dashboard/generated-reports"
    method: "GET"
    status: 403
    duration_ms: 0
[2026-09-27 23:23:47.634 -0300] INFO (5018): request completed
    route: "/v1/dashboard/generated-reports/00000000-0000-7000-8000-000084000501"
    method: "GET"
    status: 403
    duration_ms: 0
[2026-09-27 23:23:47.639 -0300] INFO (5018): request completed
    route: "/v1/dashboard/generated-reports"
    method: "GET"
    status: 200
    duration_ms: 4
[2026-09-27 23:23:47.644 -0300] INFO (5018): request completed
    route: "/v1/dashboard/generated-reports/00000000-0000-7000-8000-000084000501"
    method: "GET"
    status: 200
    duration_ms: 4
[2026-09-27 23:23:47.650 -0300] INFO (5018): request completed
    route: "/v1/dashboard/generated-reports"
    method: "GET"
    status: 200
    duration_ms: 5
[2026-09-27 23:23:47.657 -0300] INFO (5018): request completed
    route: "/v1/dashboard/generated-reports/00000000-0000-7000-8000-000084000501"
    method: "GET"
    status: 200
    duration_ms: 6
[2026-09-27 23:23:47.663 -0300] INFO (5018): request completed
    route: "/v1/dashboard/generated-reports"
    method: "GET"
    status: 200
    duration_ms: 6
[2026-09-27 23:23:47.668 -0300] INFO (5018): request completed
    route: "/v1/dashboard/generated-reports/00000000-0000-7000-8000-000084000501"
    method: "GET"
    status: 200
    duration_ms: 5
[2026-09-27 23:23:47.668 -0300] INFO (5018): request completed
    route: "/v1/dashboard/generated-reports"
    method: "GET"
    status: 403
    duration_ms: 0
[2026-09-27 23:23:47.669 -0300] INFO (5018): request completed
    route: "/v1/dashboard/generated-reports/00000000-0000-7000-8000-000084000501"
    method: "GET"
    status: 403
    duration_ms: 0
[2026-09-27 23:23:47.670 -0300] INFO (5018): request completed
    route: "/v1/dashboard/generated-reports"
    method: "GET"
    status: 403
    duration_ms: 0
[2026-09-27 23:23:47.671 -0300] INFO (5018): request completed
    route: "/v1/dashboard/generated-reports/00000000-0000-7000-8000-000084000501"
    method: "GET"
    status: 403
    duration_ms: 1
[2026-09-27 23:23:47.671 -0300] INFO (5018): request completed
    route: "/v1/dashboard/generated-reports"
    method: "GET"
    status: 403
    duration_ms: 0
[2026-09-27 23:23:47.671 -0300] INFO (5018): request completed
    route: "/v1/dashboard/generated-reports/00000000-0000-7000-8000-000084000501"
    method: "GET"
    status: 403
    duration_ms: 0
[2026-09-27 23:23:47.672 -0300] INFO (5018): request completed
    route: "/v1/dashboard/generated-reports"
    method: "GET"
    status: 403
    duration_ms: 0
[2026-09-27 23:23:47.672 -0300] INFO (5018): request completed
    route: "/v1/dashboard/generated-reports/00000000-0000-7000-8000-000084000501"
    method: "GET"
    status: 403
    duration_ms: 0
[2026-09-27 23:23:47.673 -0300] INFO (5018): request completed
    route: "/v1/dashboard/generated-reports"
    method: "GET"
    status: 403
    duration_ms: 0
[2026-09-27 23:23:47.673 -0300] INFO (5018): request completed
    route: "/v1/dashboard/generated-reports/00000000-0000-7000-8000-000084000501"
    method: "GET"
    status: 403
    duration_ms: 0
[2026-09-27 23:23:47.674 -0300] INFO (5018): request completed
    route: "/v1/dashboard/generated-reports"
    method: "GET"
    status: 403
    duration_ms: 1
[2026-09-27 23:23:47.674 -0300] INFO (5018): request completed
    route: "/v1/dashboard/generated-reports/00000000-0000-7000-8000-000084000501"
    method: "GET"
    status: 403
    duration_ms: 0
[2026-09-27 23:23:47.674 -0300] INFO (5018): request completed
    route: "/v1/dashboard/generated-reports"
    method: "GET"
    status: 403
    duration_ms: 0
[2026-09-27 23:23:47.675 -0300] INFO (5018): request completed
    route: "/v1/dashboard/generated-reports/00000000-0000-7000-8000-000084000501"
    method: "GET"
    status: 403
    duration_ms: 0
[2026-09-27 23:23:47.675 -0300] INFO (5018): request completed
    route: "/v1/dashboard/generated-reports"
    method: "GET"
    status: 403
    duration_ms: 0
[2026-09-27 23:23:47.676 -0300] INFO (5018): request completed
    route: "/v1/dashboard/generated-reports/00000000-0000-7000-8000-000084000501"
    method: "GET"
    status: 403
    duration_ms: 0
[2026-09-27 23:23:47.677 -0300] INFO (5018): request completed
    route: "/v1/dashboard/generated-reports"
    method: "GET"
    status: 403
    duration_ms: 1
[2026-09-27 23:23:47.677 -0300] INFO (5018): request completed
    route: "/v1/dashboard/generated-reports/00000000-0000-7000-8000-000084000501"
    method: "GET"
    status: 403
    duration_ms: 0
[2026-09-27 23:23:47.678 -0300] INFO (5018): request completed
    route: "/v1/dashboard/generated-reports"
    method: "GET"
    status: 403
    duration_ms: 0
[2026-09-27 23:23:47.678 -0300] INFO (5018): request completed
    route: "/v1/dashboard/generated-reports/00000000-0000-7000-8000-000084000501"
    method: "GET"
    status: 403
    duration_ms: 0
[2026-09-27 23:23:47.679 -0300] INFO (5018): request completed
    route: "/v1/dashboard/generated-reports"
    method: "GET"
    status: 403
    duration_ms: 0
[2026-09-27 23:23:47.679 -0300] INFO (5018): request completed
    route: "/v1/dashboard/generated-reports/00000000-0000-7000-8000-000084000501"
    method: "GET"
    status: 403
    duration_ms: 0
[2026-09-27 23:23:47.680 -0300] INFO (5018): request completed
    route: "/v1/dashboard/generated-reports"
    method: "GET"
    status: 403
    duration_ms: 0
[2026-09-27 23:23:47.680 -0300] INFO (5018): request completed
    route: "/v1/dashboard/generated-reports/00000000-0000-7000-8000-000084000501"
    method: "GET"
    status: 403
    duration_ms: 0
[2026-09-27 23:23:47.681 -0300] INFO (5018): request completed
    route: "/v1/dashboard/generated-reports"
    method: "GET"
    status: 403
    duration_ms: 0
[2026-09-27 23:23:47.681 -0300] INFO (5018): request completed
    route: "/v1/dashboard/generated-reports/00000000-0000-7000-8000-000084000501"
    method: "GET"
    status: 403
    duration_ms: 0
[2026-09-27 23:23:47.682 -0300] INFO (5018): request completed
    route: "/v1/dashboard/generated-reports"
    method: "GET"
    status: 403
    duration_ms: 0
[2026-09-27 23:23:47.682 -0300] INFO (5018): request completed
    route: "/v1/dashboard/generated-reports/00000000-0000-7000-8000-000084000501"
    method: "GET"
    status: 403
    duration_ms: 0
[2026-09-27 23:23:47.698 -0300] INFO (5018): request completed
    route: "/v1/dashboard/generated-reports"
    method: "POST"
    status: 400
    duration_ms: 15
[2026-09-27 23:23:47.699 -0300] INFO (5018): request completed
    route: "/v1/dashboard/generated-reports"
    method: "POST"
    status: 403
    duration_ms: 0
[2026-09-27 23:23:47.700 -0300] INFO (5018): request completed
    route: "/v1/dashboard/generated-reports"
    method: "POST"
    status: 403
    duration_ms: 0
[2026-09-27 23:23:47.700 -0300] INFO (5018): request completed
    route: "/v1/dashboard/generated-reports"
    method: "POST"
    status: 403
    duration_ms: 0
[2026-09-27 23:23:47.701 -0300] INFO (5018): request completed
    route: "/v1/dashboard/generated-reports"
    method: "POST"
    status: 403
    duration_ms: 0
[2026-09-27 23:23:47.701 -0300] INFO (5018): request completed
    route: "/v1/dashboard/generated-reports"
    method: "POST"
    status: 403
    duration_ms: 0
[2026-09-27 23:23:47.702 -0300] INFO (5018): request completed
    route: "/v1/dashboard/generated-reports"
    method: "POST"
    status: 403
    duration_ms: 0
[2026-09-27 23:23:47.702 -0300] INFO (5018): request completed
    route: "/v1/dashboard/generated-reports"
    method: "POST"
    status: 403
    duration_ms: 0
[2026-09-27 23:23:47.703 -0300] INFO (5018): request completed
    route: "/v1/dashboard/generated-reports"
    method: "POST"
    status: 403
    duration_ms: 0
[2026-09-27 23:23:47.721 -0300] INFO (5018): request completed
    route: "/v1/dashboard/generated-reports"
    method: "POST"
    status: 400
    duration_ms: 15
[2026-09-27 23:23:47.723 -0300] INFO (5018): request completed
    route: "/v1/dashboard/generated-reports"
    method: "POST"
    status: 403
    duration_ms: 1
[2026-09-27 23:23:47.724 -0300] INFO (5018): request completed
    route: "/v1/dashboard/generated-reports"
    method: "POST"
    status: 403
    duration_ms: 1
[2026-09-27 23:23:47.724 -0300] INFO (5018): request completed
    route: "/v1/dashboard/generated-reports"
    method: "POST"
    status: 403
    duration_ms: 0
[2026-09-27 23:23:47.738 -0300] INFO (5018): request completed
    route: "/v1/dashboard/generated-reports"
    method: "POST"
    status: 400
    duration_ms: 13
[2026-09-27 23:23:47.739 -0300] INFO (5018): request completed
    route: "/v1/dashboard/generated-reports"
    method: "POST"
    status: 403
    duration_ms: 0
[2026-09-27 23:23:47.740 -0300] INFO (5018): request completed
    route: "/v1/dashboard/generated-reports"
    method: "POST"
    status: 403
    duration_ms: 1
[2026-09-27 23:23:47.740 -0300] INFO (5018): request completed
    route: "/v1/dashboard/generated-reports"
    method: "POST"
    status: 403
    duration_ms: 0
[2026-09-27 23:23:47.741 -0300] INFO (5018): request completed
    route: "/v1/dashboard/generated-reports"
    method: "POST"
    status: 403
    duration_ms: 0
[2026-09-27 23:23:47.742 -0300] INFO (5018): request completed
    route: "/v1/dashboard/generated-reports"
    method: "POST"
    status: 403
    duration_ms: 1
[2026-09-27 23:23:47.755 -0300] INFO (5018): request completed
    route: "/v1/dashboard/generated-reports"
    method: "POST"
    status: 400
    duration_ms: 13
[2026-09-27 23:23:47.769 -0300] INFO (5018): request completed
    route: "/v1/dashboard/generated-reports"
    method: "POST"
    status: 400
    duration_ms: 13
[2026-09-27 23:23:47.781 -0300] INFO (5018): request completed
    route: "/v1/dashboard/generated-reports"
    method: "POST"
    status: 400
    duration_ms: 12
[2026-09-27 23:23:47.782 -0300] INFO (5018): request completed
    route: "/v1/dashboard/generated-reports"
    method: "POST"
    status: 403
    duration_ms: 1
[2026-09-27 23:23:47.782 -0300] INFO (5018): request completed
    route: "/v1/dashboard/generated-reports"
    method: "POST"
    status: 403
    duration_ms: 0
[2026-09-27 23:23:47.783 -0300] INFO (5018): request completed
    route: "/v1/dashboard/generated-reports"
    method: "POST"
    status: 403
    duration_ms: 0
[2026-09-27 23:23:47.784 -0300] INFO (5018): request completed
    route: "/v1/dashboard/generated-reports"
    method: "POST"
    status: 403
    duration_ms: 0
[2026-09-27 23:23:47.784 -0300] INFO (5018): request completed
    route: "/v1/dashboard/generated-reports"
    method: "POST"
    status: 403
    duration_ms: 0
[2026-09-27 23:23:47.785 -0300] INFO (5018): request completed
    route: "/v1/dashboard/generated-reports"
    method: "POST"
    status: 403
    duration_ms: 0
[2026-09-27 23:23:47.786 -0300] INFO (5018): request completed
    route: "/v1/dashboard/generated-reports"
    method: "POST"
    status: 403
    duration_ms: 0
[2026-09-27 23:23:47.787 -0300] INFO (5018): request completed
    route: "/v1/dashboard/generated-reports"
    method: "POST"
    status: 403
    duration_ms: 1
[2026-09-27 23:23:47.787 -0300] INFO (5018): request completed
    route: "/v1/dashboard/generated-reports"
    method: "POST"
    status: 403
    duration_ms: 0
[2026-09-27 23:23:47.788 -0300] INFO (5018): request completed
    route: "/v1/dashboard/generated-reports"
    method: "POST"
    status: 403
    duration_ms: 1
[2026-09-27 23:23:47.788 -0300] INFO (5018): request completed
    route: "/v1/dashboard/generated-reports"
    method: "POST"
    status: 403
    duration_ms: 0
[2026-09-27 23:23:47.789 -0300] INFO (5018): request completed
    route: "/v1/dashboard/generated-reports"
    method: "POST"
    status: 403
    duration_ms: 1
[2026-09-27 23:23:47.789 -0300] INFO (5018): request completed
    route: "/v1/dashboard/generated-reports"
    method: "POST"
    status: 403
    duration_ms: 0
[2026-09-27 23:23:47.790 -0300] INFO (5018): request completed
    route: "/v1/dashboard/generated-reports"
    method: "POST"
    status: 403
    duration_ms: 0
[2026-09-27 23:23:47.808 -0300] INFO (5018): request completed
    route: "/v1/dashboard/generated-reports/00000000-0000-7000-8000-000084000501/complete"
    method: "POST"
    status: 428
    duration_ms: 18
[2026-09-27 23:23:47.809 -0300] INFO (5018): request completed
    route: "/v1/dashboard/generated-reports/00000000-0000-7000-8000-000084000501/complete"
    method: "POST"
    status: 403
    duration_ms: 0
[2026-09-27 23:23:47.810 -0300] INFO (5018): request completed
    route: "/v1/dashboard/generated-reports/00000000-0000-7000-8000-000084000501/complete"
    method: "POST"
    status: 403
    duration_ms: 0
[2026-09-27 23:23:47.811 -0300] INFO (5018): request completed
    route: "/v1/dashboard/generated-reports/00000000-0000-7000-8000-000084000501/complete"
    method: "POST"
    status: 403
    duration_ms: 1
[2026-09-27 23:23:47.812 -0300] INFO (5018): request completed
    route: "/v1/dashboard/generated-reports/00000000-0000-7000-8000-000084000501/complete"
    method: "POST"
    status: 403
    duration_ms: 1
[2026-09-27 23:23:47.812 -0300] INFO (5018): request completed
    route: "/v1/dashboard/generated-reports/00000000-0000-7000-8000-000084000501/complete"
    method: "POST"
    status: 403
    duration_ms: 0
[2026-09-27 23:23:47.813 -0300] INFO (5018): request completed
    route: "/v1/dashboard/generated-reports/00000000-0000-7000-8000-000084000501/complete"
    method: "POST"
    status: 403
    duration_ms: 0
[2026-09-27 23:23:47.814 -0300] INFO (5018): request completed
    route: "/v1/dashboard/generated-reports/00000000-0000-7000-8000-000084000501/complete"
    method: "POST"
    status: 403
    duration_ms: 0
[2026-09-27 23:23:47.815 -0300] INFO (5018): request completed
    route: "/v1/dashboard/generated-reports/00000000-0000-7000-8000-000084000501/complete"
    method: "POST"
    status: 403
    duration_ms: 1
[2026-09-27 23:23:47.835 -0300] INFO (5018): request completed
    route: "/v1/dashboard/generated-reports/00000000-0000-7000-8000-000084000501/complete"
    method: "POST"
    status: 428
    duration_ms: 20
[2026-09-27 23:23:47.836 -0300] INFO (5018): request completed
    route: "/v1/dashboard/generated-reports/00000000-0000-7000-8000-000084000501/complete"
    method: "POST"
    status: 403
    duration_ms: 0
[2026-09-27 23:23:47.837 -0300] INFO (5018): request completed
    route: "/v1/dashboard/generated-reports/00000000-0000-7000-8000-000084000501/complete"
    method: "POST"
    status: 403
    duration_ms: 1
[2026-09-27 23:23:47.837 -0300] INFO (5018): request completed
    route: "/v1/dashboard/generated-reports/00000000-0000-7000-8000-000084000501/complete"
    method: "POST"
    status: 403
    duration_ms: 0
[2026-09-27 23:23:47.854 -0300] INFO (5018): request completed
    route: "/v1/dashboard/generated-reports/00000000-0000-7000-8000-000084000501/complete"
    method: "POST"
    status: 428
    duration_ms: 16
[2026-09-27 23:23:47.855 -0300] INFO (5018): request completed
    route: "/v1/dashboard/generated-reports/00000000-0000-7000-8000-000084000501/complete"
    method: "POST"
    status: 403
    duration_ms: 0
[2026-09-27 23:23:47.856 -0300] INFO (5018): request completed
    route: "/v1/dashboard/generated-reports/00000000-0000-7000-8000-000084000501/complete"
    method: "POST"
    status: 403
    duration_ms: 1
[2026-09-27 23:23:47.856 -0300] INFO (5018): request completed
    route: "/v1/dashboard/generated-reports/00000000-0000-7000-8000-000084000501/complete"
    method: "POST"
    status: 403
    duration_ms: 0
[2026-09-27 23:23:47.857 -0300] INFO (5018): request completed
    route: "/v1/dashboard/generated-reports/00000000-0000-7000-8000-000084000501/complete"
    method: "POST"
    status: 403
    duration_ms: 0
[2026-09-27 23:23:47.858 -0300] INFO (5018): request completed
    route: "/v1/dashboard/generated-reports/00000000-0000-7000-8000-000084000501/complete"
    method: "POST"
    status: 403
    duration_ms: 0
[2026-09-27 23:23:47.859 -0300] INFO (5018): request completed
    route: "/v1/dashboard/generated-reports/00000000-0000-7000-8000-000084000501/complete"
    method: "POST"
    status: 403
    duration_ms: 1
[2026-09-27 23:23:47.874 -0300] INFO (5018): request completed
    route: "/v1/dashboard/generated-reports/00000000-0000-7000-8000-000084000501/complete"
    method: "POST"
    status: 428
    duration_ms: 15
[2026-09-27 23:23:47.891 -0300] INFO (5018): request completed
    route: "/v1/dashboard/generated-reports/00000000-0000-7000-8000-000084000501/complete"
    method: "POST"
    status: 428
    duration_ms: 16
[2026-09-27 23:23:47.892 -0300] INFO (5018): request completed
    route: "/v1/dashboard/generated-reports/00000000-0000-7000-8000-000084000501/complete"
    method: "POST"
    status: 403
    duration_ms: 0
[2026-09-27 23:23:47.893 -0300] INFO (5018): request completed
    route: "/v1/dashboard/generated-reports/00000000-0000-7000-8000-000084000501/complete"
    method: "POST"
    status: 403
    duration_ms: 0
[2026-09-27 23:23:47.894 -0300] INFO (5018): request completed
    route: "/v1/dashboard/generated-reports/00000000-0000-7000-8000-000084000501/complete"
    method: "POST"
    status: 403
    duration_ms: 0
[2026-09-27 23:23:47.895 -0300] INFO (5018): request completed
    route: "/v1/dashboard/generated-reports/00000000-0000-7000-8000-000084000501/complete"
    method: "POST"
    status: 403
    duration_ms: 0
[2026-09-27 23:23:47.895 -0300] INFO (5018): request completed
    route: "/v1/dashboard/generated-reports/00000000-0000-7000-8000-000084000501/complete"
    method: "POST"
    status: 403
    duration_ms: 0
[2026-09-27 23:23:47.896 -0300] INFO (5018): request completed
    route: "/v1/dashboard/generated-reports/00000000-0000-7000-8000-000084000501/complete"
    method: "POST"
    status: 403
    duration_ms: 0
[2026-09-27 23:23:47.896 -0300] INFO (5018): request completed
    route: "/v1/dashboard/generated-reports/00000000-0000-7000-8000-000084000501/complete"
    method: "POST"
    status: 403
    duration_ms: 0
[2026-09-27 23:23:47.897 -0300] INFO (5018): request completed
    route: "/v1/dashboard/generated-reports/00000000-0000-7000-8000-000084000501/complete"
    method: "POST"
    status: 403
    duration_ms: 0
[2026-09-27 23:23:47.897 -0300] INFO (5018): request completed
    route: "/v1/dashboard/generated-reports/00000000-0000-7000-8000-000084000501/complete"
    method: "POST"
    status: 403
    duration_ms: 0
[2026-09-27 23:23:47.898 -0300] INFO (5018): request completed
    route: "/v1/dashboard/generated-reports/00000000-0000-7000-8000-000084000501/complete"
    method: "POST"
    status: 403
    duration_ms: 0
[2026-09-27 23:23:47.898 -0300] INFO (5018): request completed
    route: "/v1/dashboard/generated-reports/00000000-0000-7000-8000-000084000501/complete"
    method: "POST"
    status: 403
    duration_ms: 0
[2026-09-27 23:23:47.899 -0300] INFO (5018): request completed
    route: "/v1/dashboard/generated-reports/00000000-0000-7000-8000-000084000501/complete"
    method: "POST"
    status: 403
    duration_ms: 0
[2026-09-27 23:23:47.899 -0300] INFO (5018): request completed
    route: "/v1/dashboard/generated-reports/00000000-0000-7000-8000-000084000501/complete"
    method: "POST"
    status: 403
    duration_ms: 0
[2026-09-27 23:23:47.900 -0300] INFO (5018): request completed
    route: "/v1/dashboard/generated-reports/00000000-0000-7000-8000-000084000501/complete"
    method: "POST"
    status: 403
    duration_ms: 0
[2026-09-27 23:23:47.919 -0300] INFO (5018): request completed
    route: "/v1/dashboard/generated-reports/00000000-0000-7000-8000-000084000501/fail"
    method: "POST"
    status: 428
    duration_ms: 19
[2026-09-27 23:23:47.920 -0300] INFO (5018): request completed
    route: "/v1/dashboard/generated-reports/00000000-0000-7000-8000-000084000501/fail"
    method: "POST"
    status: 403
    duration_ms: 0
[2026-09-27 23:23:47.921 -0300] INFO (5018): request completed
    route: "/v1/dashboard/generated-reports/00000000-0000-7000-8000-000084000501/fail"
    method: "POST"
    status: 403
    duration_ms: 0
[2026-09-27 23:23:47.921 -0300] INFO (5018): request completed
    route: "/v1/dashboard/generated-reports/00000000-0000-7000-8000-000084000501/fail"
    method: "POST"
    status: 403
    duration_ms: 0
[2026-09-27 23:23:47.922 -0300] INFO (5018): request completed
    route: "/v1/dashboard/generated-reports/00000000-0000-7000-8000-000084000501/fail"
    method: "POST"
    status: 403
    duration_ms: 0
[2026-09-27 23:23:47.922 -0300] INFO (5018): request completed
    route: "/v1/dashboard/generated-reports/00000000-0000-7000-8000-000084000501/fail"
    method: "POST"
    status: 403
    duration_ms: 0
[2026-09-27 23:23:47.923 -0300] INFO (5018): request completed
    route: "/v1/dashboard/generated-reports/00000000-0000-7000-8000-000084000501/fail"
    method: "POST"
    status: 403
    duration_ms: 0
[2026-09-27 23:23:47.923 -0300] INFO (5018): request completed
    route: "/v1/dashboard/generated-reports/00000000-0000-7000-8000-000084000501/fail"
    method: "POST"
    status: 403
    duration_ms: 0
[2026-09-27 23:23:47.924 -0300] INFO (5018): request completed
    route: "/v1/dashboard/generated-reports/00000000-0000-7000-8000-000084000501/fail"
    method: "POST"
    status: 403
    duration_ms: 1
[2026-09-27 23:23:47.940 -0300] INFO (5018): request completed
    route: "/v1/dashboard/generated-reports/00000000-0000-7000-8000-000084000501/fail"
    method: "POST"
    status: 428
    duration_ms: 16
[2026-09-27 23:23:47.942 -0300] INFO (5018): request completed
    route: "/v1/dashboard/generated-reports/00000000-0000-7000-8000-000084000501/fail"
    method: "POST"
    status: 403
    duration_ms: 1
[2026-09-27 23:23:47.943 -0300] INFO (5018): request completed
    route: "/v1/dashboard/generated-reports/00000000-0000-7000-8000-000084000501/fail"
    method: "POST"
    status: 403
    duration_ms: 1
[2026-09-27 23:23:47.943 -0300] INFO (5018): request completed
    route: "/v1/dashboard/generated-reports/00000000-0000-7000-8000-000084000501/fail"
    method: "POST"
    status: 403
    duration_ms: 0
[2026-09-27 23:23:47.961 -0300] INFO (5018): request completed
    route: "/v1/dashboard/generated-reports/00000000-0000-7000-8000-000084000501/fail"
    method: "POST"
    status: 428
    duration_ms: 17
[2026-09-27 23:23:47.963 -0300] INFO (5018): request completed
    route: "/v1/dashboard/generated-reports/00000000-0000-7000-8000-000084000501/fail"
    method: "POST"
    status: 403
    duration_ms: 1
[2026-09-27 23:23:47.963 -0300] INFO (5018): request completed
    route: "/v1/dashboard/generated-reports/00000000-0000-7000-8000-000084000501/fail"
    method: "POST"
    status: 403
    duration_ms: 0
[2026-09-27 23:23:47.964 -0300] INFO (5018): request completed
    route: "/v1/dashboard/generated-reports/00000000-0000-7000-8000-000084000501/fail"
    method: "POST"
    status: 403
    duration_ms: 0
[2026-09-27 23:23:47.964 -0300] INFO (5018): request completed
    route: "/v1/dashboard/generated-reports/00000000-0000-7000-8000-000084000501/fail"
    method: "POST"
    status: 403
    duration_ms: 0
[2026-09-27 23:23:47.965 -0300] INFO (5018): request completed
    route: "/v1/dashboard/generated-reports/00000000-0000-7000-8000-000084000501/fail"
    method: "POST"
    status: 403
    duration_ms: 0
[2026-09-27 23:23:47.966 -0300] INFO (5018): request completed
    route: "/v1/dashboard/generated-reports/00000000-0000-7000-8000-000084000501/fail"
    method: "POST"
    status: 403
    duration_ms: 1
[2026-09-27 23:23:47.984 -0300] INFO (5018): request completed
    route: "/v1/dashboard/generated-reports/00000000-0000-7000-8000-000084000501/fail"
    method: "POST"
    status: 428
    duration_ms: 18
[2026-09-27 23:23:48.003 -0300] INFO (5018): request completed
    route: "/v1/dashboard/generated-reports/00000000-0000-7000-8000-000084000501/fail"
    method: "POST"
    status: 428
    duration_ms: 18
[2026-09-27 23:23:48.004 -0300] INFO (5018): request completed
    route: "/v1/dashboard/generated-reports/00000000-0000-7000-8000-000084000501/fail"
    method: "POST"
    status: 403
    duration_ms: 0
[2026-09-27 23:23:48.004 -0300] INFO (5018): request completed
    route: "/v1/dashboard/generated-reports/00000000-0000-7000-8000-000084000501/fail"
    method: "POST"
    status: 403
    duration_ms: 0
[2026-09-27 23:23:48.005 -0300] INFO (5018): request completed
    route: "/v1/dashboard/generated-reports/00000000-0000-7000-8000-000084000501/fail"
    method: "POST"
    status: 403
    duration_ms: 0
[2026-09-27 23:23:48.006 -0300] INFO (5018): request completed
    route: "/v1/dashboard/generated-reports/00000000-0000-7000-8000-000084000501/fail"
    method: "POST"
    status: 403
    duration_ms: 0
[2026-09-27 23:23:48.007 -0300] INFO (5018): request completed
    route: "/v1/dashboard/generated-reports/00000000-0000-7000-8000-000084000501/fail"
    method: "POST"
    status: 403
    duration_ms: 0
[2026-09-27 23:23:48.008 -0300] INFO (5018): request completed
    route: "/v1/dashboard/generated-reports/00000000-0000-7000-8000-000084000501/fail"
    method: "POST"
    status: 403
    duration_ms: 1
[2026-09-27 23:23:48.008 -0300] INFO (5018): request completed
    route: "/v1/dashboard/generated-reports/00000000-0000-7000-8000-000084000501/fail"
    method: "POST"
    status: 403
    duration_ms: 0
[2026-09-27 23:23:48.009 -0300] INFO (5018): request completed
    route: "/v1/dashboard/generated-reports/00000000-0000-7000-8000-000084000501/fail"
    method: "POST"
    status: 403
    duration_ms: 0
[2026-09-27 23:23:48.010 -0300] INFO (5018): request completed
    route: "/v1/dashboard/generated-reports/00000000-0000-7000-8000-000084000501/fail"
    method: "POST"
    status: 403
    duration_ms: 1
[2026-09-27 23:23:48.011 -0300] INFO (5018): request completed
    route: "/v1/dashboard/generated-reports/00000000-0000-7000-8000-000084000501/fail"
    method: "POST"
    status: 403
    duration_ms: 1
[2026-09-27 23:23:48.011 -0300] INFO (5018): request completed
    route: "/v1/dashboard/generated-reports/00000000-0000-7000-8000-000084000501/fail"
    method: "POST"
    status: 403
    duration_ms: 0
[2026-09-27 23:23:48.012 -0300] INFO (5018): request completed
    route: "/v1/dashboard/generated-reports/00000000-0000-7000-8000-000084000501/fail"
    method: "POST"
    status: 403
    duration_ms: 0
[2026-09-27 23:23:48.013 -0300] INFO (5018): request completed
    route: "/v1/dashboard/generated-reports/00000000-0000-7000-8000-000084000501/fail"
    method: "POST"
    status: 403
    duration_ms: 1
[2026-09-27 23:23:48.013 -0300] INFO (5018): request completed
    route: "/v1/dashboard/generated-reports/00000000-0000-7000-8000-000084000501/fail"
    method: "POST"
    status: 403
    duration_ms: 0
[2026-09-27 23:23:48.018 -0300] INFO (5018): request completed
    route: "/v1/dashboard/sources"
    method: "GET"
    status: 403
    duration_ms: 5
[2026-09-27 23:23:48.023 -0300] INFO (5018): request completed
    route: "/v1/dashboard/sources/00000000-0000-7000-8000-000081000401"
    method: "GET"
    status: 403
    duration_ms: 5
[2026-09-27 23:23:48.024 -0300] INFO (5018): request completed
    route: "/v1/dashboard/sources"
    method: "GET"
    status: 403
    duration_ms: 1
[2026-09-27 23:23:48.024 -0300] INFO (5018): request completed
    route: "/v1/dashboard/sources/00000000-0000-7000-8000-000081000401"
    method: "GET"
    status: 403
    duration_ms: 0
[2026-09-27 23:23:48.025 -0300] INFO (5018): request completed
    route: "/v1/dashboard/sources"
    method: "GET"
    status: 403
    duration_ms: 0
[2026-09-27 23:23:48.025 -0300] INFO (5018): request completed
    route: "/v1/dashboard/sources/00000000-0000-7000-8000-000081000401"
    method: "GET"
    status: 403
    duration_ms: 0
[2026-09-27 23:23:48.026 -0300] INFO (5018): request completed
    route: "/v1/dashboard/sources"
    method: "GET"
    status: 403
    duration_ms: 1
[2026-09-27 23:23:48.026 -0300] INFO (5018): request completed
    route: "/v1/dashboard/sources/00000000-0000-7000-8000-000081000401"
    method: "GET"
    status: 403
    duration_ms: 0
[2026-09-27 23:23:48.026 -0300] INFO (5018): request completed
    route: "/v1/dashboard/sources"
    method: "GET"
    status: 403
    duration_ms: 0
[2026-09-27 23:23:48.027 -0300] INFO (5018): request completed
    route: "/v1/dashboard/sources/00000000-0000-7000-8000-000081000401"
    method: "GET"
    status: 403
    duration_ms: 0
[2026-09-27 23:23:48.027 -0300] INFO (5018): request completed
    route: "/v1/dashboard/sources"
    method: "GET"
    status: 403
    duration_ms: 0
[2026-09-27 23:23:48.028 -0300] INFO (5018): request completed
    route: "/v1/dashboard/sources/00000000-0000-7000-8000-000081000401"
    method: "GET"
    status: 403
    duration_ms: 0
[2026-09-27 23:23:48.033 -0300] INFO (5018): request completed
    route: "/v1/dashboard/sources"
    method: "GET"
    status: 200
    duration_ms: 5
[2026-09-27 23:23:48.038 -0300] INFO (5018): request completed
    route: "/v1/dashboard/sources/00000000-0000-7000-8000-000081000401"
    method: "GET"
    status: 200
    duration_ms: 4
[2026-09-27 23:23:48.039 -0300] INFO (5018): request completed
    route: "/v1/dashboard/sources"
    method: "GET"
    status: 403
    duration_ms: 0
[2026-09-27 23:23:48.040 -0300] INFO (5018): request completed
    route: "/v1/dashboard/sources/00000000-0000-7000-8000-000081000401"
    method: "GET"
    status: 403
    duration_ms: 0
[2026-09-27 23:23:48.040 -0300] INFO (5018): request completed
    route: "/v1/dashboard/sources"
    method: "GET"
    status: 403
    duration_ms: 0
[2026-09-27 23:23:48.041 -0300] INFO (5018): request completed
    route: "/v1/dashboard/sources/00000000-0000-7000-8000-000081000401"
    method: "GET"
    status: 403
    duration_ms: 0
[2026-09-27 23:23:48.045 -0300] INFO (5018): request completed
    route: "/v1/dashboard/sources"
    method: "GET"
    status: 200
    duration_ms: 4
[2026-09-27 23:23:48.050 -0300] INFO (5018): request completed
    route: "/v1/dashboard/sources/00000000-0000-7000-8000-000081000401"
    method: "GET"
    status: 200
    duration_ms: 4
[2026-09-27 23:23:48.051 -0300] INFO (5018): request completed
    route: "/v1/dashboard/sources"
    method: "GET"
    status: 403
    duration_ms: 0
[2026-09-27 23:23:48.052 -0300] INFO (5018): request completed
    route: "/v1/dashboard/sources/00000000-0000-7000-8000-000081000401"
    method: "GET"
    status: 403
    duration_ms: 0
[2026-09-27 23:23:48.053 -0300] INFO (5018): request completed
    route: "/v1/dashboard/sources"
    method: "GET"
    status: 403
    duration_ms: 1
[2026-09-27 23:23:48.053 -0300] INFO (5018): request completed
    route: "/v1/dashboard/sources/00000000-0000-7000-8000-000081000401"
    method: "GET"
    status: 403
    duration_ms: 0
[2026-09-27 23:23:48.053 -0300] INFO (5018): request completed
    route: "/v1/dashboard/sources"
    method: "GET"
    status: 403
    duration_ms: 0
[2026-09-27 23:23:48.054 -0300] INFO (5018): request completed
    route: "/v1/dashboard/sources/00000000-0000-7000-8000-000081000401"
    method: "GET"
    status: 403
    duration_ms: 0
[2026-09-27 23:23:48.057 -0300] INFO (5018): request completed
    route: "/v1/dashboard/sources"
    method: "GET"
    status: 403
    duration_ms: 3
[2026-09-27 23:23:48.060 -0300] INFO (5018): request completed
    route: "/v1/dashboard/sources/00000000-0000-7000-8000-000081000401"
    method: "GET"
    status: 403
    duration_ms: 3
[2026-09-27 23:23:48.061 -0300] INFO (5018): request completed
    route: "/v1/dashboard/sources"
    method: "GET"
    status: 403
    duration_ms: 0
[2026-09-27 23:23:48.061 -0300] INFO (5018): request completed
    route: "/v1/dashboard/sources/00000000-0000-7000-8000-000081000401"
    method: "GET"
    status: 403
    duration_ms: 0
[2026-09-27 23:23:48.062 -0300] INFO (5018): request completed
    route: "/v1/dashboard/sources"
    method: "GET"
    status: 403
    duration_ms: 0
[2026-09-27 23:23:48.062 -0300] INFO (5018): request completed
    route: "/v1/dashboard/sources/00000000-0000-7000-8000-000081000401"
    method: "GET"
    status: 403
    duration_ms: 0
[2026-09-27 23:23:48.063 -0300] INFO (5018): request completed
    route: "/v1/dashboard/sources"
    method: "GET"
    status: 403
    duration_ms: 1
[2026-09-27 23:23:48.063 -0300] INFO (5018): request completed
    route: "/v1/dashboard/sources/00000000-0000-7000-8000-000081000401"
    method: "GET"
    status: 403
    duration_ms: 0
[2026-09-27 23:23:48.064 -0300] INFO (5018): request completed
    route: "/v1/dashboard/sources"
    method: "GET"
    status: 403
    duration_ms: 0
[2026-09-27 23:23:48.064 -0300] INFO (5018): request completed
    route: "/v1/dashboard/sources/00000000-0000-7000-8000-000081000401"
    method: "GET"
    status: 403
    duration_ms: 0
[2026-09-27 23:23:48.065 -0300] INFO (5018): request completed
    route: "/v1/dashboard/sources"
    method: "GET"
    status: 403
    duration_ms: 1
[2026-09-27 23:23:48.065 -0300] INFO (5018): request completed
    route: "/v1/dashboard/sources/00000000-0000-7000-8000-000081000401"
    method: "GET"
    status: 403
    duration_ms: 0
[2026-09-27 23:23:48.066 -0300] INFO (5018): request completed
    route: "/v1/dashboard/sources"
    method: "GET"
    status: 403
    duration_ms: 1
[2026-09-27 23:23:48.066 -0300] INFO (5018): request completed
    route: "/v1/dashboard/sources/00000000-0000-7000-8000-000081000401"
    method: "GET"
    status: 403
    duration_ms: 0
[2026-09-27 23:23:48.071 -0300] INFO (5018): request completed
    route: "/v1/dashboard/sources"
    method: "GET"
    status: 200
    duration_ms: 5
[2026-09-27 23:23:48.076 -0300] INFO (5018): request completed
    route: "/v1/dashboard/sources/00000000-0000-7000-8000-000081000401"
    method: "GET"
    status: 200
    duration_ms: 5
[2026-09-27 23:23:48.077 -0300] INFO (5018): request completed
    route: "/v1/dashboard/sources"
    method: "GET"
    status: 403
    duration_ms: 1
[2026-09-27 23:23:48.077 -0300] INFO (5018): request completed
    route: "/v1/dashboard/sources/00000000-0000-7000-8000-000081000401"
    method: "GET"
    status: 403
    duration_ms: 0
[2026-09-27 23:23:48.082 -0300] INFO (5018): request completed
    route: "/v1/dashboard/sources"
    method: "GET"
    status: 200
    duration_ms: 4
[2026-09-27 23:23:48.088 -0300] INFO (5018): request completed
    route: "/v1/dashboard/sources/00000000-0000-7000-8000-000081000401"
    method: "GET"
    status: 200
    duration_ms: 5
[2026-09-27 23:23:48.089 -0300] INFO (5018): request completed
    route: "/v1/dashboard/sources"
    method: "GET"
    status: 403
    duration_ms: 0
[2026-09-27 23:23:48.090 -0300] INFO (5018): request completed
    route: "/v1/dashboard/sources/00000000-0000-7000-8000-000081000401"
    method: "GET"
    status: 403
    duration_ms: 0
[2026-09-27 23:23:48.091 -0300] INFO (5018): request completed
    route: "/v1/dashboard/sources"
    method: "GET"
    status: 403
    duration_ms: 1
[2026-09-27 23:23:48.091 -0300] INFO (5018): request completed
    route: "/v1/dashboard/sources/00000000-0000-7000-8000-000081000401"
    method: "GET"
    status: 403
    duration_ms: 0
[2026-09-27 23:23:48.092 -0300] INFO (5018): request completed
    route: "/v1/dashboard/sources"
    method: "GET"
    status: 403
    duration_ms: 0
[2026-09-27 23:23:48.092 -0300] INFO (5018): request completed
    route: "/v1/dashboard/sources/00000000-0000-7000-8000-000081000401"
    method: "GET"
    status: 403
    duration_ms: 0
[2026-09-27 23:23:48.093 -0300] INFO (5018): request completed
    route: "/v1/dashboard/sources"
    method: "GET"
    status: 403
    duration_ms: 0
[2026-09-27 23:23:48.094 -0300] INFO (5018): request completed
    route: "/v1/dashboard/sources/00000000-0000-7000-8000-000081000401"
    method: "GET"
    status: 403
    duration_ms: 0
[2026-09-27 23:23:48.095 -0300] INFO (5018): request completed
    route: "/v1/dashboard/sources"
    method: "GET"
    status: 403
    duration_ms: 1
[2026-09-27 23:23:48.095 -0300] INFO (5018): request completed
    route: "/v1/dashboard/sources/00000000-0000-7000-8000-000081000401"
    method: "GET"
    status: 403
    duration_ms: 0
[2026-09-27 23:23:48.096 -0300] INFO (5018): request completed
    route: "/v1/dashboard/sources"
    method: "GET"
    status: 403
    duration_ms: 1
[2026-09-27 23:23:48.096 -0300] INFO (5018): request completed
    route: "/v1/dashboard/sources/00000000-0000-7000-8000-000081000401"
    method: "GET"
    status: 403
    duration_ms: 0
[2026-09-27 23:23:48.097 -0300] INFO (5018): request completed
    route: "/v1/dashboard/sources"
    method: "GET"
    status: 403
    duration_ms: 1
[2026-09-27 23:23:48.097 -0300] INFO (5018): request completed
    route: "/v1/dashboard/sources/00000000-0000-7000-8000-000081000401"
    method: "GET"
    status: 403
    duration_ms: 0
[2026-09-27 23:23:48.098 -0300] INFO (5018): request completed
    route: "/v1/dashboard/sources"
    method: "GET"
    status: 403
    duration_ms: 0
[2026-09-27 23:23:48.098 -0300] INFO (5018): request completed
    route: "/v1/dashboard/sources/00000000-0000-7000-8000-000081000401"
    method: "GET"
    status: 403
    duration_ms: 0
[2026-09-27 23:23:48.099 -0300] INFO (5018): request completed
    route: "/v1/dashboard/sources"
    method: "GET"
    status: 403
    duration_ms: 0
[2026-09-27 23:23:48.099 -0300] INFO (5018): request completed
    route: "/v1/dashboard/sources/00000000-0000-7000-8000-000081000401"
    method: "GET"
    status: 403
    duration_ms: 0
[2026-09-27 23:23:48.100 -0300] INFO (5018): request completed
    route: "/v1/dashboard/sources"
    method: "GET"
    status: 403
    duration_ms: 1
[2026-09-27 23:23:48.100 -0300] INFO (5018): request completed
    route: "/v1/dashboard/sources/00000000-0000-7000-8000-000081000401"
    method: "GET"
    status: 403
    duration_ms: 0
[2026-09-27 23:23:48.107 -0300] INFO (5018): request completed
    route: "/v1/dashboard/sources"
    method: "GET"
    status: 200
    duration_ms: 7
[2026-09-27 23:23:48.112 -0300] INFO (5018): request completed
    route: "/v1/dashboard/sources/00000000-0000-7000-8000-000081000401"
    method: "GET"
    status: 200
    duration_ms: 4
[2026-09-27 23:23:48.113 -0300] INFO (5018): request completed
    route: "/v1/dashboard/sources"
    method: "GET"
    status: 403
    duration_ms: 0
[2026-09-27 23:23:48.114 -0300] INFO (5018): request completed
    route: "/v1/dashboard/sources/00000000-0000-7000-8000-000081000401"
    method: "GET"
    status: 403
    duration_ms: 0
[2026-09-27 23:23:48.115 -0300] INFO (5018): request completed
    route: "/v1/dashboard/sources"
    method: "GET"
    status: 403
    duration_ms: 0
[2026-09-27 23:23:48.116 -0300] INFO (5018): request completed
    route: "/v1/dashboard/sources/00000000-0000-7000-8000-000081000401"
    method: "GET"
    status: 403
    duration_ms: 1
[2026-09-27 23:23:48.131 -0300] INFO (5018): request completed
    route: "/v1/dashboard/exports"
    method: "POST"
    status: 403
    duration_ms: 15
[2026-09-27 23:23:48.132 -0300] INFO (5018): request completed
    route: "/v1/dashboard/exports"
    method: "POST"
    status: 403
    duration_ms: 0
[2026-09-27 23:23:48.133 -0300] INFO (5018): request completed
    route: "/v1/dashboard/exports"
    method: "POST"
    status: 403
    duration_ms: 0
[2026-09-27 23:23:48.134 -0300] INFO (5018): request completed
    route: "/v1/dashboard/exports"
    method: "POST"
    status: 403
    duration_ms: 1
[2026-09-27 23:23:48.134 -0300] INFO (5018): request completed
    route: "/v1/dashboard/exports"
    method: "POST"
    status: 403
    duration_ms: 0
[2026-09-27 23:23:48.135 -0300] INFO (5018): request completed
    route: "/v1/dashboard/exports"
    method: "POST"
    status: 403
    duration_ms: 1
[2026-09-27 23:23:48.135 -0300] INFO (5018): request completed
    route: "/v1/dashboard/exports"
    method: "POST"
    status: 403
    duration_ms: 0
[2026-09-27 23:23:48.151 -0300] INFO (5018): request completed
    route: "/v1/dashboard/exports"
    method: "POST"
    status: 400
    duration_ms: 16
[2026-09-27 23:23:48.152 -0300] INFO (5018): request completed
    route: "/v1/dashboard/exports"
    method: "POST"
    status: 403
    duration_ms: 0
[2026-09-27 23:23:48.166 -0300] INFO (5018): request completed
    route: "/v1/dashboard/exports"
    method: "POST"
    status: 400
    duration_ms: 13
[2026-09-27 23:23:48.167 -0300] INFO (5018): request completed
    route: "/v1/dashboard/exports"
    method: "POST"
    status: 403
    duration_ms: 0
[2026-09-27 23:23:48.168 -0300] INFO (5018): request completed
    route: "/v1/dashboard/exports"
    method: "POST"
    status: 403
    duration_ms: 1
[2026-09-27 23:23:48.168 -0300] INFO (5018): request completed
    route: "/v1/dashboard/exports"
    method: "POST"
    status: 403
    duration_ms: 0
[2026-09-27 23:23:48.182 -0300] INFO (5018): request completed
    route: "/v1/dashboard/exports"
    method: "POST"
    status: 403
    duration_ms: 13
[2026-09-27 23:23:48.184 -0300] INFO (5018): request completed
    route: "/v1/dashboard/exports"
    method: "POST"
    status: 403
    duration_ms: 1
[2026-09-27 23:23:48.184 -0300] INFO (5018): request completed
    route: "/v1/dashboard/exports"
    method: "POST"
    status: 403
    duration_ms: 0
[2026-09-27 23:23:48.185 -0300] INFO (5018): request completed
    route: "/v1/dashboard/exports"
    method: "POST"
    status: 403
    duration_ms: 0
[2026-09-27 23:23:48.186 -0300] INFO (5018): request completed
    route: "/v1/dashboard/exports"
    method: "POST"
    status: 403
    duration_ms: 1
[2026-09-27 23:23:48.200 -0300] INFO (5018): request completed
    route: "/v1/dashboard/exports"
    method: "POST"
    status: 400
    duration_ms: 14
[2026-09-27 23:23:48.217 -0300] INFO (5018): request completed
    route: "/v1/dashboard/exports"
    method: "POST"
    status: 400
    duration_ms: 16
[2026-09-27 23:23:48.233 -0300] INFO (5018): request completed
    route: "/v1/dashboard/exports"
    method: "POST"
    status: 400
    duration_ms: 16
[2026-09-27 23:23:48.248 -0300] INFO (5018): request completed
    route: "/v1/dashboard/exports"
    method: "POST"
    status: 400
    duration_ms: 14
[2026-09-27 23:23:48.263 -0300] INFO (5018): request completed
    route: "/v1/dashboard/exports"
    method: "POST"
    status: 400
    duration_ms: 15
[2026-09-27 23:23:48.264 -0300] INFO (5018): request completed
    route: "/v1/dashboard/exports"
    method: "POST"
    status: 403
    duration_ms: 1
[2026-09-27 23:23:48.279 -0300] INFO (5018): request completed
    route: "/v1/dashboard/exports"
    method: "POST"
    status: 400
    duration_ms: 15
[2026-09-27 23:23:48.280 -0300] INFO (5018): request completed
    route: "/v1/dashboard/exports"
    method: "POST"
    status: 403
    duration_ms: 1
[2026-09-27 23:23:48.280 -0300] INFO (5018): request completed
    route: "/v1/dashboard/exports"
    method: "POST"
    status: 403
    duration_ms: 0
[2026-09-27 23:23:48.281 -0300] INFO (5018): request completed
    route: "/v1/dashboard/exports"
    method: "POST"
    status: 403
    duration_ms: 0
[2026-09-27 23:23:48.282 -0300] INFO (5018): request completed
    route: "/v1/dashboard/exports"
    method: "POST"
    status: 403
    duration_ms: 0
[2026-09-27 23:23:48.298 -0300] INFO (5018): request completed
    route: "/v1/dashboard/exports"
    method: "POST"
    status: 400
    duration_ms: 15
[2026-09-27 23:23:48.314 -0300] INFO (5018): request completed
    route: "/v1/dashboard/exports"
    method: "POST"
    status: 400
    duration_ms: 15
[2026-09-27 23:23:48.316 -0300] INFO (5018): request completed
    route: "/v1/dashboard/exports"
    method: "POST"
    status: 403
    duration_ms: 1
[2026-09-27 23:23:48.316 -0300] INFO (5018): request completed
    route: "/v1/dashboard/exports"
    method: "POST"
    status: 403
    duration_ms: 0
[2026-09-27 23:23:48.332 -0300] INFO (5018): request completed
    route: "/v1/dashboard/exports"
    method: "POST"
    status: 400
    duration_ms: 15
[2026-09-27 23:23:48.347 -0300] INFO (5018): request completed
    route: "/v1/dashboard/exports"
    method: "POST"
    status: 400
    duration_ms: 14
[2026-09-27 23:23:48.348 -0300] INFO (5018): request completed
    route: "/v1/dashboard/exports"
    method: "POST"
    status: 403
    duration_ms: 0
[2026-09-27 23:23:48.361 -0300] INFO (5018): request completed
    route: "/v1/dashboard/exports/00000000-0000-7000-8000-000081000501/approve"
    method: "POST"
    status: 400
    duration_ms: 12
[2026-09-27 23:23:48.363 -0300] INFO (5018): request completed
    route: "/v1/dashboard/exports/00000000-0000-7000-8000-000081000501/approve"
    method: "POST"
    status: 403
    duration_ms: 1
[2026-09-27 23:23:48.364 -0300] INFO (5018): request completed
    route: "/v1/dashboard/exports/00000000-0000-7000-8000-000081000501/approve"
    method: "POST"
    status: 403
    duration_ms: 1
[2026-09-27 23:23:48.365 -0300] INFO (5018): request completed
    route: "/v1/dashboard/exports/00000000-0000-7000-8000-000081000501/approve"
    method: "POST"
    status: 403
    duration_ms: 1
[2026-09-27 23:23:48.365 -0300] INFO (5018): request completed
    route: "/v1/dashboard/exports/00000000-0000-7000-8000-000081000501/approve"
    method: "POST"
    status: 403
    duration_ms: 0
[2026-09-27 23:23:48.365 -0300] INFO (5018): request completed
    route: "/v1/dashboard/exports/00000000-0000-7000-8000-000081000501/approve"
    method: "POST"
    status: 403
    duration_ms: 0
[2026-09-27 23:23:48.366 -0300] INFO (5018): request completed
    route: "/v1/dashboard/exports/00000000-0000-7000-8000-000081000501/approve"
    method: "POST"
    status: 403
    duration_ms: 0
[2026-09-27 23:23:48.366 -0300] INFO (5018): request completed
    route: "/v1/dashboard/exports/00000000-0000-7000-8000-000081000501/approve"
    method: "POST"
    status: 403
    duration_ms: 0
[2026-09-27 23:23:48.367 -0300] INFO (5018): request completed
    route: "/v1/dashboard/exports/00000000-0000-7000-8000-000081000501/approve"
    method: "POST"
    status: 403
    duration_ms: 0
[2026-09-27 23:23:48.380 -0300] INFO (5018): request completed
    route: "/v1/dashboard/exports/00000000-0000-7000-8000-000081000501/approve"
    method: "POST"
    status: 400
    duration_ms: 13
[2026-09-27 23:23:48.381 -0300] INFO (5018): request completed
    route: "/v1/dashboard/exports/00000000-0000-7000-8000-000081000501/approve"
    method: "POST"
    status: 403
    duration_ms: 0
[2026-09-27 23:23:48.382 -0300] INFO (5018): request completed
    route: "/v1/dashboard/exports/00000000-0000-7000-8000-000081000501/approve"
    method: "POST"
    status: 403
    duration_ms: 0
[2026-09-27 23:23:48.383 -0300] INFO (5018): request completed
    route: "/v1/dashboard/exports/00000000-0000-7000-8000-000081000501/approve"
    method: "POST"
    status: 403
    duration_ms: 1
[2026-09-27 23:23:48.395 -0300] INFO (5018): request completed
    route: "/v1/dashboard/exports/00000000-0000-7000-8000-000081000501/approve"
    method: "POST"
    status: 400
    duration_ms: 12
[2026-09-27 23:23:48.397 -0300] INFO (5018): request completed
    route: "/v1/dashboard/exports/00000000-0000-7000-8000-000081000501/approve"
    method: "POST"
    status: 403
    duration_ms: 1
[2026-09-27 23:23:48.397 -0300] INFO (5018): request completed
    route: "/v1/dashboard/exports/00000000-0000-7000-8000-000081000501/approve"
    method: "POST"
    status: 403
    duration_ms: 0
[2026-09-27 23:23:48.398 -0300] INFO (5018): request completed
    route: "/v1/dashboard/exports/00000000-0000-7000-8000-000081000501/approve"
    method: "POST"
    status: 403
    duration_ms: 1
[2026-09-27 23:23:48.398 -0300] INFO (5018): request completed
    route: "/v1/dashboard/exports/00000000-0000-7000-8000-000081000501/approve"
    method: "POST"
    status: 403
    duration_ms: 0
[2026-09-27 23:23:48.399 -0300] INFO (5018): request completed
    route: "/v1/dashboard/exports/00000000-0000-7000-8000-000081000501/approve"
    method: "POST"
    status: 403
    duration_ms: 1
[2026-09-27 23:23:48.412 -0300] INFO (5018): request completed
    route: "/v1/dashboard/exports/00000000-0000-7000-8000-000081000501/approve"
    method: "POST"
    status: 400
    duration_ms: 13
[2026-09-27 23:23:48.425 -0300] INFO (5018): request completed
    route: "/v1/dashboard/exports/00000000-0000-7000-8000-000081000501/approve"
    method: "POST"
    status: 400
    duration_ms: 12
[2026-09-27 23:23:48.426 -0300] INFO (5018): request completed
    route: "/v1/dashboard/exports/00000000-0000-7000-8000-000081000501/approve"
    method: "POST"
    status: 403
    duration_ms: 0
[2026-09-27 23:23:48.427 -0300] INFO (5018): request completed
    route: "/v1/dashboard/exports/00000000-0000-7000-8000-000081000501/approve"
    method: "POST"
    status: 403
    duration_ms: 0
[2026-09-27 23:23:48.428 -0300] INFO (5018): request completed
    route: "/v1/dashboard/exports/00000000-0000-7000-8000-000081000501/approve"
    method: "POST"
    status: 403
    duration_ms: 0
[2026-09-27 23:23:48.429 -0300] INFO (5018): request completed
    route: "/v1/dashboard/exports/00000000-0000-7000-8000-000081000501/approve"
    method: "POST"
    status: 403
    duration_ms: 1
[2026-09-27 23:23:48.429 -0300] INFO (5018): request completed
    route: "/v1/dashboard/exports/00000000-0000-7000-8000-000081000501/approve"
    method: "POST"
    status: 403
    duration_ms: 0
[2026-09-27 23:23:48.430 -0300] INFO (5018): request completed
    route: "/v1/dashboard/exports/00000000-0000-7000-8000-000081000501/approve"
    method: "POST"
    status: 403
    duration_ms: 0
[2026-09-27 23:23:48.430 -0300] INFO (5018): request completed
    route: "/v1/dashboard/exports/00000000-0000-7000-8000-000081000501/approve"
    method: "POST"
    status: 403
    duration_ms: 0
[2026-09-27 23:23:48.431 -0300] INFO (5018): request completed
    route: "/v1/dashboard/exports/00000000-0000-7000-8000-000081000501/approve"
    method: "POST"
    status: 403
    duration_ms: 0
[2026-09-27 23:23:48.431 -0300] INFO (5018): request completed
    route: "/v1/dashboard/exports/00000000-0000-7000-8000-000081000501/approve"
    method: "POST"
    status: 403
    duration_ms: 0
[2026-09-27 23:23:48.432 -0300] INFO (5018): request completed
    route: "/v1/dashboard/exports/00000000-0000-7000-8000-000081000501/approve"
    method: "POST"
    status: 403
    duration_ms: 0
[2026-09-27 23:23:48.432 -0300] INFO (5018): request completed
    route: "/v1/dashboard/exports/00000000-0000-7000-8000-000081000501/approve"
    method: "POST"
    status: 403
    duration_ms: 0
[2026-09-27 23:23:48.433 -0300] INFO (5018): request completed
    route: "/v1/dashboard/exports/00000000-0000-7000-8000-000081000501/approve"
    method: "POST"
    status: 403
    duration_ms: 0
[2026-09-27 23:23:48.433 -0300] INFO (5018): request completed
    route: "/v1/dashboard/exports/00000000-0000-7000-8000-000081000501/approve"
    method: "POST"
    status: 403
    duration_ms: 0
[2026-09-27 23:23:48.434 -0300] INFO (5018): request completed
    route: "/v1/dashboard/exports/00000000-0000-7000-8000-000081000501/approve"
    method: "POST"
    status: 403
    duration_ms: 0
[2026-09-27 23:23:48.434 -0300] INFO (5018): request completed
    route: "/v1/dashboard/exports/00000000-0000-7000-8000-000081000501/approve"
    method: "POST"
    status: 403
    duration_ms: 0
[2026-09-27 23:23:48.439 -0300] INFO (5018): request completed
    route: "/v1/dashboard/audit-trail"
    method: "GET"
    status: 403
    duration_ms: 4
[2026-09-27 23:23:48.440 -0300] INFO (5018): request completed
    route: "/v1/dashboard/audit-trail"
    method: "GET"
    status: 403
    duration_ms: 0
[2026-09-27 23:23:48.441 -0300] INFO (5018): request completed
    route: "/v1/dashboard/audit-trail"
    method: "GET"
    status: 403
    duration_ms: 1
[2026-09-27 23:23:48.441 -0300] INFO (5018): request completed
    route: "/v1/dashboard/audit-trail"
    method: "GET"
    status: 403
    duration_ms: 0
[2026-09-27 23:23:48.442 -0300] INFO (5018): request completed
    route: "/v1/dashboard/audit-trail"
    method: "GET"
    status: 403
    duration_ms: 0
[2026-09-27 23:23:48.443 -0300] INFO (5018): request completed
    route: "/v1/dashboard/audit-trail"
    method: "GET"
    status: 403
    duration_ms: 0
[2026-09-27 23:23:48.455 -0300] INFO (5018): request completed
    route: "/v1/dashboard/audit-trail"
    method: "GET"
    status: 200
    duration_ms: 12
[2026-09-27 23:23:48.463 -0300] INFO (5018): request completed
    route: "/v1/dashboard/audit-trail"
    method: "GET"
    status: 200
    duration_ms: 7
[2026-09-27 23:23:48.465 -0300] INFO (5018): request completed
    route: "/v1/dashboard/audit-trail"
    method: "GET"
    status: 403
    duration_ms: 1
[2026-09-27 23:23:48.471 -0300] INFO (5018): request completed
    route: "/v1/dashboard/audit-trail"
    method: "GET"
    status: 200
    duration_ms: 6
[2026-09-27 23:23:48.472 -0300] INFO (5018): request completed
    route: "/v1/dashboard/audit-trail"
    method: "GET"
    status: 403
    duration_ms: 0
[2026-09-27 23:23:48.473 -0300] INFO (5018): request completed
    route: "/v1/dashboard/audit-trail"
    method: "GET"
    status: 403
    duration_ms: 0
[2026-09-27 23:23:48.479 -0300] INFO (5018): request completed
    route: "/v1/dashboard/audit-trail"
    method: "GET"
    status: 200
    duration_ms: 6
[2026-09-27 23:23:48.483 -0300] INFO (5018): request completed
    route: "/v1/dashboard/audit-trail"
    method: "GET"
    status: 403
    duration_ms: 3
[2026-09-27 23:23:48.483 -0300] INFO (5018): request completed
    route: "/v1/dashboard/audit-trail"
    method: "GET"
    status: 403
    duration_ms: 0
[2026-09-27 23:23:48.484 -0300] INFO (5018): request completed
    route: "/v1/dashboard/audit-trail"
    method: "GET"
    status: 403
    duration_ms: 0
[2026-09-27 23:23:48.485 -0300] INFO (5018): request completed
    route: "/v1/dashboard/audit-trail"
    method: "GET"
    status: 403
    duration_ms: 0
[2026-09-27 23:23:48.486 -0300] INFO (5018): request completed
    route: "/v1/dashboard/audit-trail"
    method: "GET"
    status: 403
    duration_ms: 1
[2026-09-27 23:23:48.492 -0300] INFO (5018): request completed
    route: "/v1/dashboard/audit-trail"
    method: "GET"
    status: 200
    duration_ms: 6
[2026-09-27 23:23:48.498 -0300] INFO (5018): request completed
    route: "/v1/dashboard/audit-trail"
    method: "GET"
    status: 200
    duration_ms: 6
[2026-09-27 23:23:48.504 -0300] INFO (5018): request completed
    route: "/v1/dashboard/audit-trail"
    method: "GET"
    status: 200
    duration_ms: 5
[2026-09-27 23:23:48.505 -0300] INFO (5018): request completed
    route: "/v1/dashboard/audit-trail"
    method: "GET"
    status: 403
    duration_ms: 0
[2026-09-27 23:23:48.506 -0300] INFO (5018): request completed
    route: "/v1/dashboard/audit-trail"
    method: "GET"
    status: 403
    duration_ms: 0
[2026-09-27 23:23:48.506 -0300] INFO (5018): request completed
    route: "/v1/dashboard/audit-trail"
    method: "GET"
    status: 403
    duration_ms: 0
[2026-09-27 23:23:48.512 -0300] INFO (5018): request completed
    route: "/v1/dashboard/audit-trail"
    method: "GET"
    status: 200
    duration_ms: 5
[2026-09-27 23:23:48.513 -0300] INFO (5018): request completed
    route: "/v1/dashboard/audit-trail"
    method: "GET"
    status: 403
    duration_ms: 0
[2026-09-27 23:23:48.514 -0300] INFO (5018): request completed
    route: "/v1/dashboard/audit-trail"
    method: "GET"
    status: 403
    duration_ms: 0
[2026-09-27 23:23:48.515 -0300] INFO (5018): request completed
    route: "/v1/dashboard/audit-trail"
    method: "GET"
    status: 403
    duration_ms: 0
[2026-09-27 23:23:48.515 -0300] INFO (5018): request completed
    route: "/v1/dashboard/audit-trail"
    method: "GET"
    status: 403
    duration_ms: 0
[2026-09-27 23:23:48.522 -0300] INFO (5018): request completed
    route: "/v1/dashboard/audit-trail"
    method: "GET"
    status: 200
    duration_ms: 6
[2026-09-27 23:23:48.528 -0300] INFO (5018): request completed
    route: "/v1/dashboard/audit-trail"
    method: "GET"
    status: 200
    duration_ms: 6
[2026-09-27 23:23:48.529 -0300] INFO (5018): request completed
    route: "/v1/dashboard/audit-trail"
    method: "GET"
    status: 403
    duration_ms: 1
[2026-09-27 23:23:48.529 -0300] INFO (5018): request completed
    route: "/v1/dashboard/audit-trail"
    method: "GET"
    status: 403
    duration_ms: 0
[2026-09-27 23:23:48.530 -0300] INFO (5018): request completed
    route: "/v1/dashboard/audit-trail"
    method: "GET"
    status: 403
    duration_ms: 0
[2026-09-27 23:23:48.531 -0300] INFO (5018): request completed
    route: "/v1/dashboard/audit-trail"
    method: "GET"
    status: 403
    duration_ms: 0
[2026-09-27 23:23:48.532 -0300] INFO (5018): request completed
    route: "/v1/dashboard/audit-trail"
    method: "GET"
    status: 403
    duration_ms: 1
[2026-09-27 23:23:48.536 -0300] INFO (5018): request completed
    route: "/v1/dashboard/comparisons?dimension=pool"
    method: "GET"
    status: 403
    duration_ms: 4
[2026-09-27 23:23:48.537 -0300] INFO (5018): request completed
    route: "/v1/dashboard/comparisons?dimension=pool"
    method: "GET"
    status: 403
    duration_ms: 0
[2026-09-27 23:23:48.538 -0300] INFO (5018): request completed
    route: "/v1/dashboard/comparisons?dimension=pool"
    method: "GET"
    status: 403
    duration_ms: 0
[2026-09-27 23:23:48.539 -0300] INFO (5018): request completed
    route: "/v1/dashboard/comparisons?dimension=pool"
    method: "GET"
    status: 403
    duration_ms: 0
[2026-09-27 23:23:48.539 -0300] INFO (5018): request completed
    route: "/v1/dashboard/comparisons?dimension=pool"
    method: "GET"
    status: 403
    duration_ms: 0
[2026-09-27 23:23:48.540 -0300] INFO (5018): request completed
    route: "/v1/dashboard/comparisons?dimension=pool"
    method: "GET"
    status: 403
    duration_ms: 0
[2026-09-27 23:23:48.551 -0300] INFO (5018): request completed
    route: "/v1/dashboard/comparisons?dimension=pool"
    method: "GET"
    status: 200
    duration_ms: 11
[2026-09-27 23:23:48.558 -0300] INFO (5018): request completed
    route: "/v1/dashboard/comparisons?dimension=pool"
    method: "GET"
    status: 200
    duration_ms: 6
[2026-09-27 23:23:48.560 -0300] INFO (5018): request completed
    route: "/v1/dashboard/comparisons?dimension=pool"
    method: "GET"
    status: 403
    duration_ms: 1
[2026-09-27 23:23:48.566 -0300] INFO (5018): request completed
    route: "/v1/dashboard/comparisons?dimension=pool"
    method: "GET"
    status: 200
    duration_ms: 6
[2026-09-27 23:23:48.567 -0300] INFO (5018): request completed
    route: "/v1/dashboard/comparisons?dimension=pool"
    method: "GET"
    status: 403
    duration_ms: 1
[2026-09-27 23:23:48.567 -0300] INFO (5018): request completed
    route: "/v1/dashboard/comparisons?dimension=pool"
    method: "GET"
    status: 403
    duration_ms: 0
[2026-09-27 23:23:48.568 -0300] INFO (5018): request completed
    route: "/v1/dashboard/comparisons?dimension=pool"
    method: "GET"
    status: 403
    duration_ms: 0
[2026-09-27 23:23:48.571 -0300] INFO (5018): request completed
    route: "/v1/dashboard/comparisons?dimension=pool"
    method: "GET"
    status: 403
    duration_ms: 2
[2026-09-27 23:23:48.572 -0300] INFO (5018): request completed
    route: "/v1/dashboard/comparisons?dimension=pool"
    method: "GET"
    status: 403
    duration_ms: 0
[2026-09-27 23:23:48.573 -0300] INFO (5018): request completed
    route: "/v1/dashboard/comparisons?dimension=pool"
    method: "GET"
    status: 403
    duration_ms: 0
[2026-09-27 23:23:48.573 -0300] INFO (5018): request completed
    route: "/v1/dashboard/comparisons?dimension=pool"
    method: "GET"
    status: 403
    duration_ms: 0
[2026-09-27 23:23:48.574 -0300] INFO (5018): request completed
    route: "/v1/dashboard/comparisons?dimension=pool"
    method: "GET"
    status: 403
    duration_ms: 1
[2026-09-27 23:23:48.580 -0300] INFO (5018): request completed
    route: "/v1/dashboard/comparisons?dimension=pool"
    method: "GET"
    status: 200
    duration_ms: 6
[2026-09-27 23:23:48.587 -0300] INFO (5018): request completed
    route: "/v1/dashboard/comparisons?dimension=pool"
    method: "GET"
    status: 200
    duration_ms: 7
[2026-09-27 23:23:48.593 -0300] INFO (5018): request completed
    route: "/v1/dashboard/comparisons?dimension=pool"
    method: "GET"
    status: 200
    duration_ms: 5
[2026-09-27 23:23:48.603 -0300] INFO (5018): request completed
    route: "/v1/dashboard/comparisons?dimension=pool"
    method: "GET"
    status: 200
    duration_ms: 9
[2026-09-27 23:23:48.604 -0300] INFO (5018): request completed
    route: "/v1/dashboard/comparisons?dimension=pool"
    method: "GET"
    status: 403
    duration_ms: 0
[2026-09-27 23:23:48.605 -0300] INFO (5018): request completed
    route: "/v1/dashboard/comparisons?dimension=pool"
    method: "GET"
    status: 403
    duration_ms: 0
[2026-09-27 23:23:48.611 -0300] INFO (5018): request completed
    route: "/v1/dashboard/comparisons?dimension=pool"
    method: "GET"
    status: 200
    duration_ms: 6
[2026-09-27 23:23:48.612 -0300] INFO (5018): request completed
    route: "/v1/dashboard/comparisons?dimension=pool"
    method: "GET"
    status: 403
    duration_ms: 1
[2026-09-27 23:23:48.612 -0300] INFO (5018): request completed
    route: "/v1/dashboard/comparisons?dimension=pool"
    method: "GET"
    status: 403
    duration_ms: 0
[2026-09-27 23:23:48.613 -0300] INFO (5018): request completed
    route: "/v1/dashboard/comparisons?dimension=pool"
    method: "GET"
    status: 403
    duration_ms: 0
[2026-09-27 23:23:48.614 -0300] INFO (5018): request completed
    route: "/v1/dashboard/comparisons?dimension=pool"
    method: "GET"
    status: 403
    duration_ms: 0
[2026-09-27 23:23:48.622 -0300] INFO (5018): request completed
    route: "/v1/dashboard/comparisons?dimension=pool"
    method: "GET"
    status: 200
    duration_ms: 8
[2026-09-27 23:23:48.628 -0300] INFO (5018): request completed
    route: "/v1/dashboard/comparisons?dimension=pool"
    method: "GET"
    status: 200
    duration_ms: 6
[2026-09-27 23:23:48.629 -0300] INFO (5018): request completed
    route: "/v1/dashboard/comparisons?dimension=pool"
    method: "GET"
    status: 403
    duration_ms: 0
[2026-09-27 23:23:48.630 -0300] INFO (5018): request completed
    route: "/v1/dashboard/comparisons?dimension=pool"
    method: "GET"
    status: 403
    duration_ms: 0
[2026-09-27 23:23:48.631 -0300] INFO (5018): request completed
    route: "/v1/dashboard/comparisons?dimension=pool"
    method: "GET"
    status: 403
    duration_ms: 0
[2026-09-27 23:23:48.631 -0300] INFO (5018): request completed
    route: "/v1/dashboard/comparisons?dimension=pool"
    method: "GET"
    status: 403
    duration_ms: 0
[2026-09-27 23:23:48.632 -0300] INFO (5018): request completed
    route: "/v1/dashboard/comparisons?dimension=pool"
    method: "GET"
    status: 403
    duration_ms: 0
[2026-09-27 23:23:48.640 -0300] INFO (5018): request completed
    route: "/v1/dashboard/transparency/checklist"
    method: "GET"
    status: 200
    duration_ms: 8
[2026-09-27 23:23:48.641 -0300] INFO (5018): request completed
    route: "/v1/dashboard/transparency/checklist"
    method: "GET"
    status: 403
    duration_ms: 0
[2026-09-27 23:23:48.642 -0300] INFO (5018): request completed
    route: "/v1/dashboard/transparency/checklist"
    method: "GET"
    status: 403
    duration_ms: 0
[2026-09-27 23:23:48.643 -0300] INFO (5018): request completed
    route: "/v1/dashboard/transparency/checklist"
    method: "GET"
    status: 403
    duration_ms: 1
[2026-09-27 23:23:48.644 -0300] INFO (5018): request completed
    route: "/v1/dashboard/transparency/checklist"
    method: "GET"
    status: 403
    duration_ms: 1
[2026-09-27 23:23:48.644 -0300] INFO (5018): request completed
    route: "/v1/dashboard/transparency/checklist"
    method: "GET"
    status: 403
    duration_ms: 0
[2026-09-27 23:23:48.651 -0300] INFO (5018): request completed
    route: "/v1/dashboard/transparency/checklist"
    method: "GET"
    status: 200
    duration_ms: 6
[2026-09-27 23:23:48.652 -0300] INFO (5018): request completed
    route: "/v1/dashboard/transparency/checklist"
    method: "GET"
    status: 403
    duration_ms: 0
[2026-09-27 23:23:48.653 -0300] INFO (5018): request completed
    route: "/v1/dashboard/transparency/checklist"
    method: "GET"
    status: 403
    duration_ms: 0
[2026-09-27 23:23:48.659 -0300] INFO (5018): request completed
    route: "/v1/dashboard/transparency/checklist"
    method: "GET"
    status: 200
    duration_ms: 6
[2026-09-27 23:23:48.660 -0300] INFO (5018): request completed
    route: "/v1/dashboard/transparency/checklist"
    method: "GET"
    status: 403
    duration_ms: 0
[2026-09-27 23:23:48.661 -0300] INFO (5018): request completed
    route: "/v1/dashboard/transparency/checklist"
    method: "GET"
    status: 403
    duration_ms: 0
[2026-09-27 23:23:48.662 -0300] INFO (5018): request completed
    route: "/v1/dashboard/transparency/checklist"
    method: "GET"
    status: 403
    duration_ms: 0
[2026-09-27 23:23:48.671 -0300] INFO (5018): request completed
    route: "/v1/dashboard/transparency/checklist"
    method: "GET"
    status: 200
    duration_ms: 8
[2026-09-27 23:23:48.672 -0300] INFO (5018): request completed
    route: "/v1/dashboard/transparency/checklist"
    method: "GET"
    status: 403
    duration_ms: 0
[2026-09-27 23:23:48.673 -0300] INFO (5018): request completed
    route: "/v1/dashboard/transparency/checklist"
    method: "GET"
    status: 403
    duration_ms: 0
[2026-09-27 23:23:48.674 -0300] INFO (5018): request completed
    route: "/v1/dashboard/transparency/checklist"
    method: "GET"
    status: 403
    duration_ms: 1
[2026-09-27 23:23:48.674 -0300] INFO (5018): request completed
    route: "/v1/dashboard/transparency/checklist"
    method: "GET"
    status: 403
    duration_ms: 0
[2026-09-27 23:23:48.675 -0300] INFO (5018): request completed
    route: "/v1/dashboard/transparency/checklist"
    method: "GET"
    status: 403
    duration_ms: 0
[2026-09-27 23:23:48.684 -0300] INFO (5018): request completed
    route: "/v1/dashboard/transparency/checklist"
    method: "GET"
    status: 200
    duration_ms: 8
[2026-09-27 23:23:48.690 -0300] INFO (5018): request completed
    route: "/v1/dashboard/transparency/checklist"
    method: "GET"
    status: 200
    duration_ms: 6
[2026-09-27 23:23:48.690 -0300] INFO (5018): request completed
    route: "/v1/dashboard/transparency/checklist"
    method: "GET"
    status: 403
    duration_ms: 0
[2026-09-27 23:23:48.691 -0300] INFO (5018): request completed
    route: "/v1/dashboard/transparency/checklist"
    method: "GET"
    status: 403
    duration_ms: 0
[2026-09-27 23:23:48.692 -0300] INFO (5018): request completed
    route: "/v1/dashboard/transparency/checklist"
    method: "GET"
    status: 403
    duration_ms: 1
[2026-09-27 23:23:48.692 -0300] INFO (5018): request completed
    route: "/v1/dashboard/transparency/checklist"
    method: "GET"
    status: 403
    duration_ms: 0
[2026-09-27 23:23:48.693 -0300] INFO (5018): request completed
    route: "/v1/dashboard/transparency/checklist"
    method: "GET"
    status: 403
    duration_ms: 0
[2026-09-27 23:23:48.693 -0300] INFO (5018): request completed
    route: "/v1/dashboard/transparency/checklist"
    method: "GET"
    status: 403
    duration_ms: 0
[2026-09-27 23:23:48.694 -0300] INFO (5018): request completed
    route: "/v1/dashboard/transparency/checklist"
    method: "GET"
    status: 403
    duration_ms: 0
[2026-09-27 23:23:48.694 -0300] INFO (5018): request completed
    route: "/v1/dashboard/transparency/checklist"
    method: "GET"
    status: 403
    duration_ms: 0
[2026-09-27 23:23:48.695 -0300] INFO (5018): request completed
    route: "/v1/dashboard/transparency/checklist"
    method: "GET"
    status: 403
    duration_ms: 0
[2026-09-27 23:23:48.695 -0300] INFO (5018): request completed
    route: "/v1/dashboard/transparency/checklist"
    method: "GET"
    status: 403
    duration_ms: 0
[2026-09-27 23:23:48.696 -0300] INFO (5018): request completed
    route: "/v1/dashboard/transparency/checklist"
    method: "GET"
    status: 403
    duration_ms: 0
[2026-09-27 23:23:48.696 -0300] INFO (5018): request completed
    route: "/v1/dashboard/transparency/checklist"
    method: "GET"
    status: 403
    duration_ms: 0
[2026-09-27 23:23:48.697 -0300] INFO (5018): request completed
    route: "/v1/dashboard/transparency/checklist"
    method: "GET"
    status: 403
    duration_ms: 0
[2026-09-27 23:23:48.698 -0300] INFO (5018): request completed
    route: "/v1/dashboard/transparency/checklist"
    method: "GET"
    status: 403
    duration_ms: 0
[2026-09-27 23:23:48.699 -0300] INFO (5018): request completed
    route: "/v1/dashboard/transparency/checklist"
    method: "GET"
    status: 403
    duration_ms: 1
[2026-09-27 23:23:48.719 -0300] INFO (5018): request completed
    route: "/v1/dashboard/transparency/audits"
    method: "POST"
    status: 400
    duration_ms: 20
[2026-09-27 23:23:48.720 -0300] INFO (5018): request completed
    route: "/v1/dashboard/transparency/audits"
    method: "POST"
    status: 403
    duration_ms: 0
[2026-09-27 23:23:48.721 -0300] INFO (5018): request completed
    route: "/v1/dashboard/transparency/audits"
    method: "POST"
    status: 403
    duration_ms: 0
[2026-09-27 23:23:48.722 -0300] INFO (5018): request completed
    route: "/v1/dashboard/transparency/audits"
    method: "POST"
    status: 403
    duration_ms: 0
[2026-09-27 23:23:48.723 -0300] INFO (5018): request completed
    route: "/v1/dashboard/transparency/audits"
    method: "POST"
    status: 403
    duration_ms: 0
[2026-09-27 23:23:48.723 -0300] INFO (5018): request completed
    route: "/v1/dashboard/transparency/audits"
    method: "POST"
    status: 403
    duration_ms: 0
[2026-09-27 23:23:48.724 -0300] INFO (5018): request completed
    route: "/v1/dashboard/transparency/audits"
    method: "POST"
    status: 403
    duration_ms: 0
[2026-09-27 23:23:48.725 -0300] INFO (5018): request completed
    route: "/v1/dashboard/transparency/audits"
    method: "POST"
    status: 403
    duration_ms: 1
[2026-09-27 23:23:48.725 -0300] INFO (5018): request completed
    route: "/v1/dashboard/transparency/audits"
    method: "POST"
    status: 403
    duration_ms: 0
[2026-09-27 23:23:48.741 -0300] INFO (5018): request completed
    route: "/v1/dashboard/transparency/audits"
    method: "POST"
    status: 400
    duration_ms: 15
[2026-09-27 23:23:48.742 -0300] INFO (5018): request completed
    route: "/v1/dashboard/transparency/audits"
    method: "POST"
    status: 403
    duration_ms: 1
[2026-09-27 23:23:48.742 -0300] INFO (5018): request completed
    route: "/v1/dashboard/transparency/audits"
    method: "POST"
    status: 403
    duration_ms: 0
[2026-09-27 23:23:48.743 -0300] INFO (5018): request completed
    route: "/v1/dashboard/transparency/audits"
    method: "POST"
    status: 403
    duration_ms: 0
[2026-09-27 23:23:48.761 -0300] INFO (5018): request completed
    route: "/v1/dashboard/transparency/audits"
    method: "POST"
    status: 400
    duration_ms: 17
[2026-09-27 23:23:48.763 -0300] INFO (5018): request completed
    route: "/v1/dashboard/transparency/audits"
    method: "POST"
    status: 403
    duration_ms: 1
[2026-09-27 23:23:48.763 -0300] INFO (5018): request completed
    route: "/v1/dashboard/transparency/audits"
    method: "POST"
    status: 403
    duration_ms: 0
[2026-09-27 23:23:48.764 -0300] INFO (5018): request completed
    route: "/v1/dashboard/transparency/audits"
    method: "POST"
    status: 403
    duration_ms: 0
[2026-09-27 23:23:48.764 -0300] INFO (5018): request completed
    route: "/v1/dashboard/transparency/audits"
    method: "POST"
    status: 403
    duration_ms: 0
[2026-09-27 23:23:48.765 -0300] INFO (5018): request completed
    route: "/v1/dashboard/transparency/audits"
    method: "POST"
    status: 403
    duration_ms: 0
[2026-09-27 23:23:48.780 -0300] INFO (5018): request completed
    route: "/v1/dashboard/transparency/audits"
    method: "POST"
    status: 400
    duration_ms: 14
[2026-09-27 23:23:48.795 -0300] INFO (5018): request completed
    route: "/v1/dashboard/transparency/audits"
    method: "POST"
    status: 400
    duration_ms: 14
[2026-09-27 23:23:48.796 -0300] INFO (5018): request completed
    route: "/v1/dashboard/transparency/audits"
    method: "POST"
    status: 403
    duration_ms: 0
[2026-09-27 23:23:48.797 -0300] INFO (5018): request completed
    route: "/v1/dashboard/transparency/audits"
    method: "POST"
    status: 403
    duration_ms: 0
[2026-09-27 23:23:48.798 -0300] INFO (5018): request completed
    route: "/v1/dashboard/transparency/audits"
    method: "POST"
    status: 403
    duration_ms: 0
[2026-09-27 23:23:48.798 -0300] INFO (5018): request completed
    route: "/v1/dashboard/transparency/audits"
    method: "POST"
    status: 403
    duration_ms: 0
[2026-09-27 23:23:48.799 -0300] INFO (5018): request completed
    route: "/v1/dashboard/transparency/audits"
    method: "POST"
    status: 403
    duration_ms: 0
[2026-09-27 23:23:48.799 -0300] INFO (5018): request completed
    route: "/v1/dashboard/transparency/audits"
    method: "POST"
    status: 403
    duration_ms: 0
[2026-09-27 23:23:48.800 -0300] INFO (5018): request completed
    route: "/v1/dashboard/transparency/audits"
    method: "POST"
    status: 403
    duration_ms: 0
[2026-09-27 23:23:48.801 -0300] INFO (5018): request completed
    route: "/v1/dashboard/transparency/audits"
    method: "POST"
    status: 403
    duration_ms: 1
[2026-09-27 23:23:48.802 -0300] INFO (5018): request completed
    route: "/v1/dashboard/transparency/audits"
    method: "POST"
    status: 403
    duration_ms: 1
[2026-09-27 23:23:48.802 -0300] INFO (5018): request completed
    route: "/v1/dashboard/transparency/audits"
    method: "POST"
    status: 403
    duration_ms: 0
[2026-09-27 23:23:48.803 -0300] INFO (5018): request completed
    route: "/v1/dashboard/transparency/audits"
    method: "POST"
    status: 403
    duration_ms: 0
[2026-09-27 23:23:48.804 -0300] INFO (5018): request completed
    route: "/v1/dashboard/transparency/audits"
    method: "POST"
    status: 403
    duration_ms: 0
[2026-09-27 23:23:48.805 -0300] INFO (5018): request completed
    route: "/v1/dashboard/transparency/audits"
    method: "POST"
    status: 403
    duration_ms: 0
[2026-09-27 23:23:48.805 -0300] INFO (5018): request completed
    route: "/v1/dashboard/transparency/audits"
    method: "POST"
    status: 403
    duration_ms: 0
[2026-09-27 23:23:48.806 -0300] INFO (5018): request completed
    route: "/v1/dashboard/transparency/audits"
    method: "POST"
    status: 403
    duration_ms: 0
[2026-09-27 23:23:48.813 -0300] INFO (5018): request completed
    route: "/v1/dashboard/datasets"
    method: "GET"
    status: 200
    duration_ms: 7
[2026-09-27 23:23:48.825 -0300] INFO (5018): request completed
    route: "/v1/dashboard/open-data/alerts-by-severity-month"
    method: "GET"
    status: 200
    duration_ms: 11
[2026-09-27 23:23:48.830 -0300] INFO (5018): request completed
    route: "/v1/dashboard/datasets"
    method: "GET"
    status: 200
    duration_ms: 4
[2026-09-27 23:23:48.839 -0300] INFO (5018): request completed
    route: "/v1/dashboard/open-data/alerts-by-severity-month"
    method: "GET"
    status: 200
    duration_ms: 8
[2026-09-27 23:23:48.844 -0300] INFO (5018): request completed
    route: "/v1/dashboard/datasets"
    method: "GET"
    status: 200
    duration_ms: 4
[2026-09-27 23:23:48.851 -0300] INFO (5018): request completed
    route: "/v1/dashboard/open-data/alerts-by-severity-month"
    method: "GET"
    status: 200
    duration_ms: 6
[2026-09-27 23:23:48.856 -0300] INFO (5018): request completed
    route: "/v1/dashboard/datasets"
    method: "GET"
    status: 200
    duration_ms: 4
[2026-09-27 23:23:48.864 -0300] INFO (5018): request completed
    route: "/v1/dashboard/open-data/alerts-by-severity-month"
    method: "GET"
    status: 200
    duration_ms: 7
[2026-09-27 23:23:48.869 -0300] INFO (5018): request completed
    route: "/v1/dashboard/datasets"
    method: "GET"
    status: 200
    duration_ms: 4
[2026-09-27 23:23:48.876 -0300] INFO (5018): request completed
    route: "/v1/dashboard/open-data/alerts-by-severity-month"
    method: "GET"
    status: 200
    duration_ms: 7
[2026-09-27 23:23:48.882 -0300] INFO (5018): request completed
    route: "/v1/dashboard/datasets"
    method: "GET"
    status: 200
    duration_ms: 5
[2026-09-27 23:23:48.890 -0300] INFO (5018): request completed
    route: "/v1/dashboard/open-data/alerts-by-severity-month"
    method: "GET"
    status: 200
    duration_ms: 7
[2026-09-27 23:23:48.896 -0300] INFO (5018): request completed
    route: "/v1/dashboard/datasets"
    method: "GET"
    status: 200
    duration_ms: 5
[2026-09-27 23:23:48.903 -0300] INFO (5018): request completed
    route: "/v1/dashboard/open-data/alerts-by-severity-month"
    method: "GET"
    status: 200
    duration_ms: 7
[2026-09-27 23:23:48.908 -0300] INFO (5018): request completed
    route: "/v1/dashboard/datasets"
    method: "GET"
    status: 200
    duration_ms: 5
[2026-09-27 23:23:48.915 -0300] INFO (5018): request completed
    route: "/v1/dashboard/open-data/alerts-by-severity-month"
    method: "GET"
    status: 200
    duration_ms: 7
[2026-09-27 23:23:48.920 -0300] INFO (5018): request completed
    route: "/v1/dashboard/datasets"
    method: "GET"
    status: 200
    duration_ms: 4
[2026-09-27 23:23:48.929 -0300] INFO (5018): request completed
    route: "/v1/dashboard/open-data/alerts-by-severity-month"
    method: "GET"
    status: 200
    duration_ms: 8
[2026-09-27 23:23:48.934 -0300] INFO (5018): request completed
    route: "/v1/dashboard/datasets"
    method: "GET"
    status: 200
    duration_ms: 4
[2026-09-27 23:23:48.942 -0300] INFO (5018): request completed
    route: "/v1/dashboard/open-data/alerts-by-severity-month"
    method: "GET"
    status: 200
    duration_ms: 7
[2026-09-27 23:23:48.947 -0300] INFO (5018): request completed
    route: "/v1/dashboard/datasets"
    method: "GET"
    status: 200
    duration_ms: 4
[2026-09-27 23:23:48.955 -0300] INFO (5018): request completed
    route: "/v1/dashboard/open-data/alerts-by-severity-month"
    method: "GET"
    status: 200
    duration_ms: 7
[2026-09-27 23:23:48.960 -0300] INFO (5018): request completed
    route: "/v1/dashboard/datasets"
    method: "GET"
    status: 200
    duration_ms: 5
[2026-09-27 23:23:48.968 -0300] INFO (5018): request completed
    route: "/v1/dashboard/open-data/alerts-by-severity-month"
    method: "GET"
    status: 200
    duration_ms: 7
[2026-09-27 23:23:48.975 -0300] INFO (5018): request completed
    route: "/v1/dashboard/datasets"
    method: "GET"
    status: 200
    duration_ms: 6
[2026-09-27 23:23:48.982 -0300] INFO (5018): request completed
    route: "/v1/dashboard/open-data/alerts-by-severity-month"
    method: "GET"
    status: 200
    duration_ms: 6
[2026-09-27 23:23:48.988 -0300] INFO (5018): request completed
    route: "/v1/dashboard/datasets"
    method: "GET"
    status: 200
    duration_ms: 5
[2026-09-27 23:23:48.995 -0300] INFO (5018): request completed
    route: "/v1/dashboard/open-data/alerts-by-severity-month"
    method: "GET"
    status: 200
    duration_ms: 7
[2026-09-27 23:23:48.996 -0300] INFO (5018): request completed
    route: "/v1/dashboard/datasets"
    method: "GET"
    status: 403
    duration_ms: 1
[2026-09-27 23:23:48.996 -0300] INFO (5018): request completed
    route: "/v1/dashboard/open-data/alerts-by-severity-month"
    method: "GET"
    status: 403
    duration_ms: 0
[2026-09-27 23:23:49.000 -0300] INFO (5018): request completed
    route: "/v1/dashboard/datasets"
    method: "GET"
    status: 200
    duration_ms: 3
[2026-09-27 23:23:49.007 -0300] INFO (5018): request completed
    route: "/v1/dashboard/open-data/alerts-by-severity-month"
    method: "GET"
    status: 200
    duration_ms: 6
[2026-09-27 23:23:49.012 -0300] INFO (5018): request completed
    route: "/v1/dashboard/datasets"
    method: "GET"
    status: 200
    duration_ms: 4
[2026-09-27 23:23:49.019 -0300] INFO (5018): request completed
    route: "/v1/dashboard/open-data/alerts-by-severity-month"
    method: "GET"
    status: 200
    duration_ms: 6
[2026-09-27 23:23:49.024 -0300] INFO (5018): request completed
    route: "/v1/dashboard/datasets"
    method: "GET"
    status: 200
    duration_ms: 4
[2026-09-27 23:23:49.030 -0300] INFO (5018): request completed
    route: "/v1/dashboard/open-data/alerts-by-severity-month"
    method: "GET"
    status: 200
    duration_ms: 6
[2026-09-27 23:23:49.035 -0300] INFO (5018): request completed
    route: "/v1/dashboard/datasets"
    method: "GET"
    status: 200
    duration_ms: 4
[2026-09-27 23:23:49.041 -0300] INFO (5018): request completed
    route: "/v1/dashboard/open-data/alerts-by-severity-month"
    method: "GET"
    status: 200
    duration_ms: 6
[2026-09-27 23:23:49.046 -0300] INFO (5018): request completed
    route: "/v1/dashboard/datasets"
    method: "GET"
    status: 200
    duration_ms: 4
[2026-09-27 23:23:49.054 -0300] INFO (5018): request completed
    route: "/v1/dashboard/open-data/alerts-by-severity-month"
    method: "GET"
    status: 200
    duration_ms: 8
[2026-09-27 23:23:49.059 -0300] INFO (5018): request completed
    route: "/v1/dashboard/datasets"
    method: "GET"
    status: 200
    duration_ms: 4
[2026-09-27 23:23:49.066 -0300] INFO (5018): request completed
    route: "/v1/dashboard/open-data/alerts-by-severity-month"
    method: "GET"
    status: 200
    duration_ms: 6
[2026-09-27 23:23:49.072 -0300] INFO (5018): request completed
    route: "/v1/dashboard/datasets"
    method: "GET"
    status: 200
    duration_ms: 5
[2026-09-27 23:23:49.079 -0300] INFO (5018): request completed
    route: "/v1/dashboard/open-data/alerts-by-severity-month"
    method: "GET"
    status: 200
    duration_ms: 7
[2026-09-27 23:23:49.084 -0300] INFO (5018): request completed
    route: "/v1/dashboard/datasets"
    method: "GET"
    status: 200
    duration_ms: 5
[2026-09-27 23:23:49.090 -0300] INFO (5018): request completed
    route: "/v1/dashboard/open-data/alerts-by-severity-month"
    method: "GET"
    status: 200
    duration_ms: 6
[2026-09-27 23:23:49.094 -0300] INFO (5018): request completed
    route: "/v1/dashboard/datasets"
    method: "GET"
    status: 200
    duration_ms: 3
[2026-09-27 23:23:49.102 -0300] INFO (5018): request completed
    route: "/v1/dashboard/open-data/alerts-by-severity-month"
    method: "GET"
    status: 200
    duration_ms: 7
[2026-09-27 23:23:49.106 -0300] INFO (5018): request completed
    route: "/v1/dashboard/datasets"
    method: "GET"
    status: 200
    duration_ms: 4
[2026-09-27 23:23:49.114 -0300] INFO (5018): request completed
    route: "/v1/dashboard/open-data/alerts-by-severity-month"
    method: "GET"
    status: 200
    duration_ms: 7
[2026-09-27 23:23:49.122 -0300] INFO (5018): request completed
    route: "/v1/dashboard/datasets"
    method: "GET"
    status: 200
    duration_ms: 5
[2026-09-27 23:23:49.128 -0300] INFO (5018): request completed
    route: "/v1/dashboard/open-data/alerts-by-severity-month"
    method: "GET"
    status: 200
    duration_ms: 6
[2026-09-27 23:23:49.134 -0300] INFO (5018): request completed
    route: "/v1/dashboard/datasets"
    method: "GET"
    status: 200
    duration_ms: 5
[2026-09-27 23:23:49.141 -0300] INFO (5018): request completed
    route: "/v1/dashboard/open-data/alerts-by-severity-month"
    method: "GET"
    status: 200
    duration_ms: 7
[2026-09-27 23:23:49.146 -0300] INFO (5018): request completed
    route: "/v1/dashboard/datasets"
    method: "GET"
    status: 200
    duration_ms: 4
[2026-09-27 23:23:49.154 -0300] INFO (5018): request completed
    route: "/v1/dashboard/open-data/alerts-by-severity-month"
    method: "GET"
    status: 200
    duration_ms: 7
[2026-09-27 23:23:49.158 -0300] INFO (5018): request completed
    route: "/v1/dashboard/datasets"
    method: "GET"
    status: 200
    duration_ms: 4
[2026-09-27 23:23:49.165 -0300] INFO (5018): request completed
    route: "/v1/dashboard/open-data/alerts-by-severity-month"
    method: "GET"
    status: 200
    duration_ms: 6
[2026-09-27 23:23:49.169 -0300] INFO (5018): request completed
    route: "/v1/dashboard/datasets"
    method: "GET"
    status: 200
    duration_ms: 4
[2026-09-27 23:23:49.175 -0300] INFO (5018): request completed
    route: "/v1/dashboard/open-data/alerts-by-severity-month"
    method: "GET"
    status: 200
    duration_ms: 6
[2026-09-27 23:23:49.179 -0300] INFO (5018): request completed
    route: "/v1/dashboard/datasets"
    method: "GET"
    status: 200
    duration_ms: 3
[2026-09-27 23:23:49.187 -0300] INFO (5018): request completed
    route: "/v1/dashboard/open-data/alerts-by-severity-month"
    method: "GET"
    status: 200
    duration_ms: 7
[2026-09-27 23:23:49.191 -0300] INFO (5018): request completed
    route: "/v1/dashboard/datasets"
    method: "GET"
    status: 200
    duration_ms: 4
[2026-09-27 23:23:49.198 -0300] INFO (5018): request completed
    route: "/v1/dashboard/open-data/alerts-by-severity-month"
    method: "GET"
    status: 200
    duration_ms: 6
[2026-09-27 23:23:49.202 -0300] INFO (5018): request completed
    route: "/v1/dashboard/datasets"
    method: "GET"
    status: 200
    duration_ms: 3
[2026-09-27 23:23:49.209 -0300] INFO (5018): request completed
    route: "/v1/dashboard/open-data/alerts-by-severity-month"
    method: "GET"
    status: 200
    duration_ms: 6
[2026-09-27 23:23:49.213 -0300] INFO (5018): request completed
    route: "/v1/dashboard/datasets"
    method: "GET"
    status: 200
    duration_ms: 4
[2026-09-27 23:23:49.220 -0300] INFO (5018): request completed
    route: "/v1/dashboard/open-data/alerts-by-severity-month"
    method: "GET"
    status: 200
    duration_ms: 6
[2026-09-27 23:23:49.225 -0300] INFO (5018): request completed
    route: "/v1/dashboard/datasets"
    method: "GET"
    status: 200
    duration_ms: 4
[2026-09-27 23:23:49.233 -0300] INFO (5018): request completed
    route: "/v1/dashboard/open-data/alerts-by-severity-month"
    method: "GET"
    status: 200
    duration_ms: 7
[2026-09-27 23:23:49.234 -0300] INFO (5018): request completed
    route: "/v1/dashboard/datasets"
    method: "GET"
    status: 403
    duration_ms: 0
[2026-09-27 23:23:49.235 -0300] INFO (5018): request completed
    route: "/v1/dashboard/open-data/alerts-by-severity-month"
    method: "GET"
    status: 403
    duration_ms: 0
(node:5018) DeprecationWarning: Calling client.query() when the client is already executing a query is deprecated and will be removed in pg@9.0. Use async/await or an external async flow control mechanism instead.
(Use `node --trace-deprecation ...` to show where the warning was created)
[2026-09-27 23:23:49.250 -0300] INFO (5018): request completed
    route: "/v1/dashboard/kpis"
    method: "GET"
    status: 200
    duration_ms: 14
[2026-09-27 23:23:49.252 -0300] INFO (5018): request completed
    route: "/v1/dashboard/kpis"
    method: "GET"
    status: 403
    duration_ms: 1
[2026-09-27 23:23:49.252 -0300] INFO (5018): request completed
    route: "/v1/dashboard/kpis"
    method: "GET"
    status: 403
    duration_ms: 0
[2026-09-27 23:23:49.253 -0300] INFO (5018): request completed
    route: "/v1/dashboard/kpis"
    method: "GET"
    status: 403
    duration_ms: 0
[2026-09-27 23:23:49.254 -0300] INFO (5018): request completed
    route: "/v1/dashboard/kpis"
    method: "GET"
    status: 403
    duration_ms: 0
[2026-09-27 23:23:49.255 -0300] INFO (5018): request completed
    route: "/v1/dashboard/kpis"
    method: "GET"
    status: 403
    duration_ms: 0
[2026-09-27 23:23:49.266 -0300] INFO (5018): request completed
    route: "/v1/dashboard/kpis"
    method: "GET"
    status: 200
    duration_ms: 10
[2026-09-27 23:23:49.267 -0300] INFO (5018): request completed
    route: "/v1/dashboard/kpis"
    method: "GET"
    status: 403
    duration_ms: 0
[2026-09-27 23:23:49.268 -0300] INFO (5018): request completed
    route: "/v1/dashboard/kpis"
    method: "GET"
    status: 403
    duration_ms: 0
[2026-09-27 23:23:49.279 -0300] INFO (5018): request completed
    route: "/v1/dashboard/kpis"
    method: "GET"
    status: 200
    duration_ms: 11
[2026-09-27 23:23:49.280 -0300] INFO (5018): request completed
    route: "/v1/dashboard/kpis"
    method: "GET"
    status: 403
    duration_ms: 0
[2026-09-27 23:23:49.281 -0300] INFO (5018): request completed
    route: "/v1/dashboard/kpis"
    method: "GET"
    status: 403
    duration_ms: 0
[2026-09-27 23:23:49.282 -0300] INFO (5018): request completed
    route: "/v1/dashboard/kpis"
    method: "GET"
    status: 403
    duration_ms: 0
[2026-09-27 23:23:49.293 -0300] INFO (5018): request completed
    route: "/v1/dashboard/kpis"
    method: "GET"
    status: 200
    duration_ms: 10
[2026-09-27 23:23:49.294 -0300] INFO (5018): request completed
    route: "/v1/dashboard/kpis"
    method: "GET"
    status: 403
    duration_ms: 1
[2026-09-27 23:23:49.294 -0300] INFO (5018): request completed
    route: "/v1/dashboard/kpis"
    method: "GET"
    status: 403
    duration_ms: 0
[2026-09-27 23:23:49.295 -0300] INFO (5018): request completed
    route: "/v1/dashboard/kpis"
    method: "GET"
    status: 403
    duration_ms: 0
[2026-09-27 23:23:49.295 -0300] INFO (5018): request completed
    route: "/v1/dashboard/kpis"
    method: "GET"
    status: 403
    duration_ms: 0
[2026-09-27 23:23:49.296 -0300] INFO (5018): request completed
    route: "/v1/dashboard/kpis"
    method: "GET"
    status: 403
    duration_ms: 0
[2026-09-27 23:23:49.307 -0300] INFO (5018): request completed
    route: "/v1/dashboard/kpis"
    method: "GET"
    status: 200
    duration_ms: 11
[2026-09-27 23:23:49.319 -0300] INFO (5018): request completed
    route: "/v1/dashboard/kpis"
    method: "GET"
    status: 200
    duration_ms: 11
[2026-09-27 23:23:49.321 -0300] INFO (5018): request completed
    route: "/v1/dashboard/kpis"
    method: "GET"
    status: 403
    duration_ms: 1
[2026-09-27 23:23:49.321 -0300] INFO (5018): request completed
    route: "/v1/dashboard/kpis"
    method: "GET"
    status: 403
    duration_ms: 0
[2026-09-27 23:23:49.322 -0300] INFO (5018): request completed
    route: "/v1/dashboard/kpis"
    method: "GET"
    status: 403
    duration_ms: 0
[2026-09-27 23:23:49.322 -0300] INFO (5018): request completed
    route: "/v1/dashboard/kpis"
    method: "GET"
    status: 403
    duration_ms: 0
[2026-09-27 23:23:49.323 -0300] INFO (5018): request completed
    route: "/v1/dashboard/kpis"
    method: "GET"
    status: 403
    duration_ms: 0
[2026-09-27 23:23:49.323 -0300] INFO (5018): request completed
    route: "/v1/dashboard/kpis"
    method: "GET"
    status: 403
    duration_ms: 0
[2026-09-27 23:23:49.324 -0300] INFO (5018): request completed
    route: "/v1/dashboard/kpis"
    method: "GET"
    status: 403
    duration_ms: 0
[2026-09-27 23:23:49.325 -0300] INFO (5018): request completed
    route: "/v1/dashboard/kpis"
    method: "GET"
    status: 403
    duration_ms: 1
[2026-09-27 23:23:49.325 -0300] INFO (5018): request completed
    route: "/v1/dashboard/kpis"
    method: "GET"
    status: 403
    duration_ms: 0
[2026-09-27 23:23:49.326 -0300] INFO (5018): request completed
    route: "/v1/dashboard/kpis"
    method: "GET"
    status: 403
    duration_ms: 1
[2026-09-27 23:23:49.326 -0300] INFO (5018): request completed
    route: "/v1/dashboard/kpis"
    method: "GET"
    status: 403
    duration_ms: 0
[2026-09-27 23:23:49.326 -0300] INFO (5018): request completed
    route: "/v1/dashboard/kpis"
    method: "GET"
    status: 403
    duration_ms: 0
[2026-09-27 23:23:49.339 -0300] INFO (5018): request completed
    route: "/v1/dashboard/kpis"
    method: "GET"
    status: 200
    duration_ms: 12
[2026-09-27 23:23:49.340 -0300] INFO (5018): request completed
    route: "/v1/dashboard/kpis"
    method: "GET"
    status: 403
    duration_ms: 0
[2026-09-27 23:23:49.341 -0300] INFO (5018): request completed
    route: "/v1/dashboard/kpis"
    method: "GET"
    status: 403
    duration_ms: 1
[2026-09-27 23:23:52.661 -0300] INFO (5032): request completed
    route: "/v1/ops/stream"
    method: "GET"
    status: 403
    duration_ms: 3
[2026-09-27 23:23:55.751 -0300] INFO (5032): request completed
    request_id: "01a0e5d3-7563-756d-b87c-bcce8188add8"
    tenant_id: "00000000-0000-7000-8000-00000000a001"
    actor_id: "00000000-0000-4000-8000-0000b0000001"
    route: "/v1/ops/stream"
    method: "GET"
    status: 204
    duration_ms: 5
[2026-09-27 23:24:00.728 -0300] INFO (5063): request completed
    route: "/v1/portal/identity/me"
    method: "GET"
    status: 200
    duration_ms: 144
[2026-09-27 23:24:00.744 -0300] INFO (5063): request completed
    route: "/v1/portal/identity/me"
    method: "GET"
    status: 200
    duration_ms: 13
[2026-09-27 23:24:00.755 -0300] INFO (5063): request completed
    route: "/v1/portal/identity/me"
    method: "GET"
    status: 200
    duration_ms: 10
[2026-09-27 23:24:00.785 -0300] INFO (5063): request completed
    route: "/v1/portal/identity/representations"
    method: "GET"
    status: 200
    duration_ms: 6
[2026-09-27 23:24:00.794 -0300] INFO (5063): request completed
    route: "/v1/portal/services"
    method: "GET"
    status: 200
    duration_ms: 8
[2026-09-27 23:24:00.806 -0300] INFO (5063): request completed
    route: "/v1/portal/aits/00000000-0000-7000-8000-0000f0000002"
    method: "GET"
    status: 200
    duration_ms: 11
[2026-09-27 23:24:00.814 -0300] INFO (5063): request completed
    route: "/v1/portal/aits/00000000-0000-7000-8000-0000f0000002/points"
    method: "GET"
    status: 200
    duration_ms: 7
[2026-09-27 23:24:00.821 -0300] INFO (5063): request completed
    route: "/v1/portal/points-summary"
    method: "GET"
    status: 200
    duration_ms: 6
[2026-09-27 23:24:00.841 -0300] INFO (5063): request completed
    route: "/v1/portal/requests"
    method: "GET"
    status: 200
    duration_ms: 19
[2026-09-27 23:24:00.853 -0300] INFO (5063): request completed
    route: "/v1/portal/requests/00000000-0000-7000-8000-000070400e09"
    method: "GET"
    status: 200
    duration_ms: 10
[2026-09-27 23:24:00.862 -0300] INFO (5063): request completed
    route: "/v1/portal/requests/00000000-0000-7000-8000-000070400e09/receipt"
    method: "GET"
    status: 404
    duration_ms: 7
[2026-09-27 23:24:00.871 -0300] INFO (5063): request completed
    route: "/v1/portal/requests/00000000-0000-7000-8000-000070400e09/decision"
    method: "GET"
    status: 200
    duration_ms: 8
[2026-09-27 23:24:00.880 -0300] INFO (5063): request completed
    route: "/v1/portal/inbox"
    method: "GET"
    status: 200
    duration_ms: 8
[2026-09-27 23:24:00.888 -0300] INFO (5063): request completed
    route: "/v1/portal/sne/enrollment"
    method: "GET"
    status: 200
    duration_ms: 7
[2026-09-27 23:24:00.958 -0300] INFO (5063): request completed
    route: "/v1/portal/documents/cnh"
    method: "GET"
    status: 200
    duration_ms: 69
[2026-09-27 23:24:00.984 -0300] INFO (5063): request completed
    route: "/v1/portal/vehicles"
    method: "GET"
    status: 200
    duration_ms: 25
[2026-09-27 23:24:00.994 -0300] INFO (5063): request completed
    route: "/v1/portal/vehicles/00000000-0000-7000-8000-00007ff00001/clearance"
    method: "GET"
    status: 503
    duration_ms: 9
[2026-09-27 23:24:01.004 -0300] INFO (5063): request completed
    route: "/v1/portal/crashes"
    method: "GET"
    status: 200
    duration_ms: 9
[2026-09-27 23:24:01.013 -0300] INFO (5063): request completed
    route: "/v1/portal/crashes/00000000-0000-7000-8000-00007ff00003"
    method: "GET"
    status: 200
    duration_ms: 8
[2026-09-27 23:24:01.022 -0300] INFO (5063): request completed
    route: "/v1/portal/exams"
    method: "GET"
    status: 200
    duration_ms: 8
[2026-09-27 23:24:01.029 -0300] INFO (5063): request completed
    route: "/v1/portal/exams/00000000-0000-7000-8000-00007ff00002"
    method: "GET"
    status: 404
    duration_ms: 6
[2026-09-27 23:24:01.037 -0300] INFO (5063): request completed
    route: "/v1/portal/manifestations"
    method: "GET"
    status: 200
    duration_ms: 8
[2026-09-27 23:24:01.042 -0300] INFO (5063): request completed
    route: "/v1/portal/service-charter/manifestar/deadline"
    method: "GET"
    status: 200
    duration_ms: 4
[2026-09-27 23:24:01.047 -0300] INFO (5063): request completed
    route: "/v1/portal/identity/representations"
    method: "GET"
    status: 200
    duration_ms: 4
[2026-09-27 23:24:01.052 -0300] INFO (5063): request completed
    route: "/v1/portal/services"
    method: "GET"
    status: 200
    duration_ms: 4
[2026-09-27 23:24:01.058 -0300] INFO (5063): request completed
    route: "/v1/portal/aits/00000000-0000-7000-8000-0000f0000002"
    method: "GET"
    status: 404
    duration_ms: 5
[2026-09-27 23:24:01.063 -0300] INFO (5063): request completed
    route: "/v1/portal/aits/00000000-0000-7000-8000-0000f0000002/points"
    method: "GET"
    status: 404
    duration_ms: 5
[2026-09-27 23:24:01.069 -0300] INFO (5063): request completed
    route: "/v1/portal/points-summary"
    method: "GET"
    status: 200
    duration_ms: 5
[2026-09-27 23:24:01.076 -0300] INFO (5063): request completed
    route: "/v1/portal/requests"
    method: "GET"
    status: 200
    duration_ms: 6
[2026-09-27 23:24:01.087 -0300] INFO (5063): request completed
    route: "/v1/portal/requests/00000000-0000-7000-8000-000070400e09"
    method: "GET"
    status: 404
    duration_ms: 10
[2026-09-27 23:24:01.093 -0300] INFO (5063): request completed
    route: "/v1/portal/requests/00000000-0000-7000-8000-000070400e09/receipt"
    method: "GET"
    status: 404
    duration_ms: 6
[2026-09-27 23:24:01.099 -0300] INFO (5063): request completed
    route: "/v1/portal/requests/00000000-0000-7000-8000-000070400e09/decision"
    method: "GET"
    status: 404
    duration_ms: 5
[2026-09-27 23:24:01.106 -0300] INFO (5063): request completed
    route: "/v1/portal/inbox"
    method: "GET"
    status: 200
    duration_ms: 6
[2026-09-27 23:24:01.112 -0300] INFO (5063): request completed
    route: "/v1/portal/sne/enrollment"
    method: "GET"
    status: 200
    duration_ms: 4
[2026-09-27 23:24:01.123 -0300] INFO (5063): request completed
    route: "/v1/portal/documents/cnh"
    method: "GET"
    status: 503
    duration_ms: 11
[2026-09-27 23:24:01.135 -0300] INFO (5063): request completed
    route: "/v1/portal/vehicles"
    method: "GET"
    status: 503
    duration_ms: 12
[2026-09-27 23:24:01.143 -0300] INFO (5063): request completed
    route: "/v1/portal/vehicles/00000000-0000-7000-8000-00007ff00001/clearance"
    method: "GET"
    status: 404
    duration_ms: 7
[2026-09-27 23:24:01.155 -0300] INFO (5063): request completed
    route: "/v1/portal/crashes"
    method: "GET"
    status: 200
    duration_ms: 11
[2026-09-27 23:24:01.161 -0300] INFO (5063): request completed
    route: "/v1/portal/crashes/00000000-0000-7000-8000-00007ff00003"
    method: "GET"
    status: 404
    duration_ms: 5
[2026-09-27 23:24:01.169 -0300] INFO (5063): request completed
    route: "/v1/portal/exams"
    method: "GET"
    status: 200
    duration_ms: 7
[2026-09-27 23:24:01.175 -0300] INFO (5063): request completed
    route: "/v1/portal/exams/00000000-0000-7000-8000-00007ff00002"
    method: "GET"
    status: 404
    duration_ms: 5
[2026-09-27 23:24:01.183 -0300] INFO (5063): request completed
    route: "/v1/portal/manifestations"
    method: "GET"
    status: 200
    duration_ms: 7
[2026-09-27 23:24:01.188 -0300] INFO (5063): request completed
    route: "/v1/portal/service-charter/manifestar/deadline"
    method: "GET"
    status: 200
    duration_ms: 4
[2026-09-27 23:24:01.193 -0300] INFO (5063): request completed
    route: "/v1/portal/identity/representations"
    method: "GET"
    status: 200
    duration_ms: 4
[2026-09-27 23:24:01.198 -0300] INFO (5063): request completed
    route: "/v1/portal/services"
    method: "GET"
    status: 200
    duration_ms: 4
[2026-09-27 23:24:01.202 -0300] INFO (5063): request completed
    route: "/v1/portal/aits/00000000-0000-7000-8000-0000f0000002"
    method: "GET"
    status: 404
    duration_ms: 3
[2026-09-27 23:24:01.208 -0300] INFO (5063): request completed
    route: "/v1/portal/aits/00000000-0000-7000-8000-0000f0000002/points"
    method: "GET"
    status: 404
    duration_ms: 5
[2026-09-27 23:24:01.214 -0300] INFO (5063): request completed
    route: "/v1/portal/points-summary"
    method: "GET"
    status: 200
    duration_ms: 5
[2026-09-27 23:24:01.220 -0300] INFO (5063): request completed
    route: "/v1/portal/requests"
    method: "GET"
    status: 200
    duration_ms: 5
[2026-09-27 23:24:01.226 -0300] INFO (5063): request completed
    route: "/v1/portal/requests/00000000-0000-7000-8000-000070400e09"
    method: "GET"
    status: 404
    duration_ms: 5
[2026-09-27 23:24:01.232 -0300] INFO (5063): request completed
    route: "/v1/portal/requests/00000000-0000-7000-8000-000070400e09/receipt"
    method: "GET"
    status: 404
    duration_ms: 5
[2026-09-27 23:24:01.238 -0300] INFO (5063): request completed
    route: "/v1/portal/requests/00000000-0000-7000-8000-000070400e09/decision"
    method: "GET"
    status: 404
    duration_ms: 5
[2026-09-27 23:24:01.245 -0300] INFO (5063): request completed
    route: "/v1/portal/inbox"
    method: "GET"
    status: 200
    duration_ms: 6
[2026-09-27 23:24:01.252 -0300] INFO (5063): request completed
    route: "/v1/portal/sne/enrollment"
    method: "GET"
    status: 200
    duration_ms: 6
[2026-09-27 23:24:01.265 -0300] INFO (5063): request completed
    route: "/v1/portal/documents/cnh"
    method: "GET"
    status: 200
    duration_ms: 13
[2026-09-27 23:24:01.280 -0300] INFO (5063): request completed
    route: "/v1/portal/vehicles"
    method: "GET"
    status: 200
    duration_ms: 15
[2026-09-27 23:24:01.287 -0300] INFO (5063): request completed
    route: "/v1/portal/vehicles/00000000-0000-7000-8000-00007ff00001/clearance"
    method: "GET"
    status: 404
    duration_ms: 6
[2026-09-27 23:24:01.299 -0300] INFO (5063): request completed
    route: "/v1/portal/crashes"
    method: "GET"
    status: 200
    duration_ms: 11
[2026-09-27 23:24:01.306 -0300] INFO (5063): request completed
    route: "/v1/portal/crashes/00000000-0000-7000-8000-00007ff00003"
    method: "GET"
    status: 404
    duration_ms: 6
[2026-09-27 23:24:01.319 -0300] INFO (5063): request completed
    route: "/v1/portal/exams"
    method: "GET"
    status: 200
    duration_ms: 12
[2026-09-27 23:24:01.331 -0300] INFO (5063): request completed
    route: "/v1/portal/exams/00000000-0000-7000-8000-00007ff00002"
    method: "GET"
    status: 200
    duration_ms: 11
[2026-09-27 23:24:01.341 -0300] INFO (5063): request completed
    route: "/v1/portal/manifestations"
    method: "GET"
    status: 200
    duration_ms: 8
[2026-09-27 23:24:01.347 -0300] INFO (5063): request completed
    route: "/v1/portal/service-charter/manifestar/deadline"
    method: "GET"
    status: 200
    duration_ms: 4
[2026-09-27 23:24:01.355 -0300] INFO (5063): request completed
    route: "/v1/portal/identity/representations"
    method: "GET"
    status: 200
    duration_ms: 7
[2026-09-27 23:24:01.360 -0300] INFO (5063): request completed
    route: "/v1/portal/services"
    method: "GET"
    status: 200
    duration_ms: 4
[2026-09-27 23:24:01.368 -0300] INFO (5063): request completed
    route: "/v1/portal/aits/00000000-0000-7000-8000-0000f0000002"
    method: "GET"
    status: 200
    duration_ms: 7
[2026-09-27 23:24:01.375 -0300] INFO (5063): request completed
    route: "/v1/portal/aits/00000000-0000-7000-8000-0000f0000002/points"
    method: "GET"
    status: 200
    duration_ms: 6
[2026-09-27 23:24:01.381 -0300] INFO (5063): request completed
    route: "/v1/portal/points-summary"
    method: "GET"
    status: 200
    duration_ms: 5
[2026-09-27 23:24:01.389 -0300] INFO (5063): request completed
    route: "/v1/portal/requests"
    method: "GET"
    status: 200
    duration_ms: 7
[2026-09-27 23:24:01.397 -0300] INFO (5063): request completed
    route: "/v1/portal/requests/00000000-0000-7000-8000-000070400e09"
    method: "GET"
    status: 200
    duration_ms: 7
[2026-09-27 23:24:01.404 -0300] INFO (5063): request completed
    route: "/v1/portal/requests/00000000-0000-7000-8000-000070400e09/receipt"
    method: "GET"
    status: 404
    duration_ms: 6
[2026-09-27 23:24:01.411 -0300] INFO (5063): request completed
    route: "/v1/portal/requests/00000000-0000-7000-8000-000070400e09/decision"
    method: "GET"
    status: 200
    duration_ms: 6
[2026-09-27 23:24:01.418 -0300] INFO (5063): request completed
    route: "/v1/portal/inbox"
    method: "GET"
    status: 200
    duration_ms: 6
[2026-09-27 23:24:01.424 -0300] INFO (5063): request completed
    route: "/v1/portal/sne/enrollment"
    method: "GET"
    status: 200
    duration_ms: 5
[2026-09-27 23:24:01.436 -0300] INFO (5063): request completed
    route: "/v1/portal/documents/cnh"
    method: "GET"
    status: 200
    duration_ms: 11
[2026-09-27 23:24:01.449 -0300] INFO (5063): request completed
    route: "/v1/portal/vehicles"
    method: "GET"
    status: 200
    duration_ms: 12
[2026-09-27 23:24:01.457 -0300] INFO (5063): request completed
    route: "/v1/portal/vehicles/00000000-0000-7000-8000-00007ff00001/clearance"
    method: "GET"
    status: 503
    duration_ms: 7
[2026-09-27 23:24:01.469 -0300] INFO (5063): request completed
    route: "/v1/portal/crashes"
    method: "GET"
    status: 200
    duration_ms: 11
[2026-09-27 23:24:01.481 -0300] INFO (5063): request completed
    route: "/v1/portal/crashes/00000000-0000-7000-8000-00007ff00003"
    method: "GET"
    status: 200
    duration_ms: 11
[2026-09-27 23:24:01.491 -0300] INFO (5063): request completed
    route: "/v1/portal/exams"
    method: "GET"
    status: 200
    duration_ms: 10
[2026-09-27 23:24:01.497 -0300] INFO (5063): request completed
    route: "/v1/portal/exams/00000000-0000-7000-8000-00007ff00002"
    method: "GET"
    status: 404
    duration_ms: 5
[2026-09-27 23:24:01.506 -0300] INFO (5063): request completed
    route: "/v1/portal/manifestations"
    method: "GET"
    status: 200
    duration_ms: 8
[2026-09-27 23:24:01.512 -0300] INFO (5063): request completed
    route: "/v1/portal/service-charter/manifestar/deadline"
    method: "GET"
    status: 200
    duration_ms: 5
[2026-09-27 23:24:01.518 -0300] INFO (5063): request completed
    route: "/v1/portal/identity/representations"
    method: "GET"
    status: 200
    duration_ms: 5
[2026-09-27 23:24:01.523 -0300] INFO (5063): request completed
    route: "/v1/portal/services"
    method: "GET"
    status: 200
    duration_ms: 4
[2026-09-27 23:24:01.529 -0300] INFO (5063): request completed
    route: "/v1/portal/aits/00000000-0000-7000-8000-0000f0000002"
    method: "GET"
    status: 404
    duration_ms: 5
[2026-09-27 23:24:01.535 -0300] INFO (5063): request completed
    route: "/v1/portal/aits/00000000-0000-7000-8000-0000f0000002/points"
    method: "GET"
    status: 404
    duration_ms: 5
[2026-09-27 23:24:01.541 -0300] INFO (5063): request completed
    route: "/v1/portal/points-summary"
    method: "GET"
    status: 200
    duration_ms: 5
[2026-09-27 23:24:01.548 -0300] INFO (5063): request completed
    route: "/v1/portal/requests"
    method: "GET"
    status: 200
    duration_ms: 6
[2026-09-27 23:24:01.554 -0300] INFO (5063): request completed
    route: "/v1/portal/requests/00000000-0000-7000-8000-000070400e09"
    method: "GET"
    status: 404
    duration_ms: 5
[2026-09-27 23:24:01.559 -0300] INFO (5063): request completed
    route: "/v1/portal/requests/00000000-0000-7000-8000-000070400e09/receipt"
    method: "GET"
    status: 404
    duration_ms: 5
[2026-09-27 23:24:01.564 -0300] INFO (5063): request completed
    route: "/v1/portal/requests/00000000-0000-7000-8000-000070400e09/decision"
    method: "GET"
    status: 404
    duration_ms: 4
[2026-09-27 23:24:01.570 -0300] INFO (5063): request completed
    route: "/v1/portal/inbox"
    method: "GET"
    status: 200
    duration_ms: 5
[2026-09-27 23:24:01.576 -0300] INFO (5063): request completed
    route: "/v1/portal/sne/enrollment"
    method: "GET"
    status: 200
    duration_ms: 5
[2026-09-27 23:24:01.586 -0300] INFO (5063): request completed
    route: "/v1/portal/documents/cnh"
    method: "GET"
    status: 503
    duration_ms: 9
[2026-09-27 23:24:01.597 -0300] INFO (5063): request completed
    route: "/v1/portal/vehicles"
    method: "GET"
    status: 503
    duration_ms: 10
[2026-09-27 23:24:01.604 -0300] INFO (5063): request completed
    route: "/v1/portal/vehicles/00000000-0000-7000-8000-00007ff00001/clearance"
    method: "GET"
    status: 404
    duration_ms: 6
[2026-09-27 23:24:01.614 -0300] INFO (5063): request completed
    route: "/v1/portal/crashes"
    method: "GET"
    status: 200
    duration_ms: 9
[2026-09-27 23:24:01.621 -0300] INFO (5063): request completed
    route: "/v1/portal/crashes/00000000-0000-7000-8000-00007ff00003"
    method: "GET"
    status: 404
    duration_ms: 5
[2026-09-27 23:24:01.630 -0300] INFO (5063): request completed
    route: "/v1/portal/exams"
    method: "GET"
    status: 200
    duration_ms: 9
[2026-09-27 23:24:01.636 -0300] INFO (5063): request completed
    route: "/v1/portal/exams/00000000-0000-7000-8000-00007ff00002"
    method: "GET"
    status: 404
    duration_ms: 5
[2026-09-27 23:24:01.643 -0300] INFO (5063): request completed
    route: "/v1/portal/manifestations"
    method: "GET"
    status: 200
    duration_ms: 7
[2026-09-27 23:24:01.648 -0300] INFO (5063): request completed
    route: "/v1/portal/service-charter/manifestar/deadline"
    method: "GET"
    status: 200
    duration_ms: 4
[2026-09-27 23:24:01.655 -0300] INFO (5063): request completed
    route: "/v1/portal/identity/representations"
    method: "GET"
    status: 200
    duration_ms: 6
[2026-09-27 23:24:01.660 -0300] INFO (5063): request completed
    route: "/v1/portal/services"
    method: "GET"
    status: 200
    duration_ms: 4
[2026-09-27 23:24:01.664 -0300] INFO (5063): request completed
    route: "/v1/portal/aits/00000000-0000-7000-8000-0000f0000002"
    method: "GET"
    status: 404
    duration_ms: 4
[2026-09-27 23:24:01.670 -0300] INFO (5063): request completed
    route: "/v1/portal/aits/00000000-0000-7000-8000-0000f0000002/points"
    method: "GET"
    status: 404
    duration_ms: 5
[2026-09-27 23:24:01.675 -0300] INFO (5063): request completed
    route: "/v1/portal/points-summary"
    method: "GET"
    status: 200
    duration_ms: 4
[2026-09-27 23:24:01.682 -0300] INFO (5063): request completed
    route: "/v1/portal/requests"
    method: "GET"
    status: 200
    duration_ms: 6
[2026-09-27 23:24:01.688 -0300] INFO (5063): request completed
    route: "/v1/portal/requests/00000000-0000-7000-8000-000070400e09"
    method: "GET"
    status: 404
    duration_ms: 5
[2026-09-27 23:24:01.694 -0300] INFO (5063): request completed
    route: "/v1/portal/requests/00000000-0000-7000-8000-000070400e09/receipt"
    method: "GET"
    status: 404
    duration_ms: 5
[2026-09-27 23:24:01.703 -0300] INFO (5063): request completed
    route: "/v1/portal/requests/00000000-0000-7000-8000-000070400e09/decision"
    method: "GET"
    status: 404
    duration_ms: 6
[2026-09-27 23:24:01.710 -0300] INFO (5063): request completed
    route: "/v1/portal/inbox"
    method: "GET"
    status: 200
    duration_ms: 6
[2026-09-27 23:24:01.716 -0300] INFO (5063): request completed
    route: "/v1/portal/sne/enrollment"
    method: "GET"
    status: 200
    duration_ms: 5
[2026-09-27 23:24:01.727 -0300] INFO (5063): request completed
    route: "/v1/portal/documents/cnh"
    method: "GET"
    status: 200
    duration_ms: 10
[2026-09-27 23:24:01.737 -0300] INFO (5063): request completed
    route: "/v1/portal/vehicles"
    method: "GET"
    status: 200
    duration_ms: 9
[2026-09-27 23:24:01.742 -0300] INFO (5063): request completed
    route: "/v1/portal/vehicles/00000000-0000-7000-8000-00007ff00001/clearance"
    method: "GET"
    status: 404
    duration_ms: 4
[2026-09-27 23:24:01.752 -0300] INFO (5063): request completed
    route: "/v1/portal/crashes"
    method: "GET"
    status: 200
    duration_ms: 9
[2026-09-27 23:24:01.757 -0300] INFO (5063): request completed
    route: "/v1/portal/crashes/00000000-0000-7000-8000-00007ff00003"
    method: "GET"
    status: 404
    duration_ms: 4
[2026-09-27 23:24:01.766 -0300] INFO (5063): request completed
    route: "/v1/portal/exams"
    method: "GET"
    status: 200
    duration_ms: 8
[2026-09-27 23:24:01.775 -0300] INFO (5063): request completed
    route: "/v1/portal/exams/00000000-0000-7000-8000-00007ff00002"
    method: "GET"
    status: 200
    duration_ms: 8
[2026-09-27 23:24:01.783 -0300] INFO (5063): request completed
    route: "/v1/portal/manifestations"
    method: "GET"
    status: 200
    duration_ms: 7
[2026-09-27 23:24:01.788 -0300] INFO (5063): request completed
    route: "/v1/portal/service-charter/manifestar/deadline"
    method: "GET"
    status: 200
    duration_ms: 4
[2026-09-27 23:24:01.794 -0300] INFO (5063): request completed
    route: "/v1/portal/identity/representations"
    method: "GET"
    status: 200
    duration_ms: 5
[2026-09-27 23:24:01.798 -0300] INFO (5063): request completed
    route: "/v1/portal/services"
    method: "GET"
    status: 200
    duration_ms: 4
[2026-09-27 23:24:01.806 -0300] INFO (5063): request completed
    route: "/v1/portal/aits/00000000-0000-7000-8000-0000f0000002"
    method: "GET"
    status: 200
    duration_ms: 7
[2026-09-27 23:24:01.813 -0300] INFO (5063): request completed
    route: "/v1/portal/aits/00000000-0000-7000-8000-0000f0000002/points"
    method: "GET"
    status: 200
    duration_ms: 6
[2026-09-27 23:24:01.820 -0300] INFO (5063): request completed
    route: "/v1/portal/points-summary"
    method: "GET"
    status: 200
    duration_ms: 6
[2026-09-27 23:24:01.828 -0300] INFO (5063): request completed
    route: "/v1/portal/requests"
    method: "GET"
    status: 200
    duration_ms: 7
[2026-09-27 23:24:01.836 -0300] INFO (5063): request completed
    route: "/v1/portal/requests/00000000-0000-7000-8000-000070400e09"
    method: "GET"
    status: 200
    duration_ms: 7
[2026-09-27 23:24:01.843 -0300] INFO (5063): request completed
    route: "/v1/portal/requests/00000000-0000-7000-8000-000070400e09/receipt"
    method: "GET"
    status: 404
    duration_ms: 6
[2026-09-27 23:24:01.851 -0300] INFO (5063): request completed
    route: "/v1/portal/requests/00000000-0000-7000-8000-000070400e09/decision"
    method: "GET"
    status: 200
    duration_ms: 7
[2026-09-27 23:24:01.858 -0300] INFO (5063): request completed
    route: "/v1/portal/inbox"
    method: "GET"
    status: 200
    duration_ms: 6
[2026-09-27 23:24:01.864 -0300] INFO (5063): request completed
    route: "/v1/portal/sne/enrollment"
    method: "GET"
    status: 200
    duration_ms: 5
[2026-09-27 23:24:01.876 -0300] INFO (5063): request completed
    route: "/v1/portal/documents/cnh"
    method: "GET"
    status: 200
    duration_ms: 11
[2026-09-27 23:24:01.889 -0300] INFO (5063): request completed
    route: "/v1/portal/vehicles"
    method: "GET"
    status: 200
    duration_ms: 12
[2026-09-27 23:24:01.898 -0300] INFO (5063): request completed
    route: "/v1/portal/vehicles/00000000-0000-7000-8000-00007ff00001/clearance"
    method: "GET"
    status: 503
    duration_ms: 8
[2026-09-27 23:24:01.909 -0300] INFO (5063): request completed
    route: "/v1/portal/crashes"
    method: "GET"
    status: 200
    duration_ms: 10
[2026-09-27 23:24:01.919 -0300] INFO (5063): request completed
    route: "/v1/portal/crashes/00000000-0000-7000-8000-00007ff00003"
    method: "GET"
    status: 200
    duration_ms: 9
[2026-09-27 23:24:01.928 -0300] INFO (5063): request completed
    route: "/v1/portal/exams"
    method: "GET"
    status: 200
    duration_ms: 8
[2026-09-27 23:24:01.935 -0300] INFO (5063): request completed
    route: "/v1/portal/exams/00000000-0000-7000-8000-00007ff00002"
    method: "GET"
    status: 404
    duration_ms: 6
[2026-09-27 23:24:01.945 -0300] INFO (5063): request completed
    route: "/v1/portal/manifestations"
    method: "GET"
    status: 200
    duration_ms: 9
[2026-09-27 23:24:01.950 -0300] INFO (5063): request completed
    route: "/v1/portal/service-charter/manifestar/deadline"
    method: "GET"
    status: 200
    duration_ms: 4
[2026-09-27 23:24:01.956 -0300] INFO (5063): request completed
    route: "/v1/portal/identity/representations"
    method: "GET"
    status: 200
    duration_ms: 5
[2026-09-27 23:24:01.961 -0300] INFO (5063): request completed
    route: "/v1/portal/services"
    method: "GET"
    status: 200
    duration_ms: 5
[2026-09-27 23:24:01.967 -0300] INFO (5063): request completed
    route: "/v1/portal/aits/00000000-0000-7000-8000-0000f0000002"
    method: "GET"
    status: 404
    duration_ms: 5
[2026-09-27 23:24:01.974 -0300] INFO (5063): request completed
    route: "/v1/portal/aits/00000000-0000-7000-8000-0000f0000002/points"
    method: "GET"
    status: 404
    duration_ms: 6
[2026-09-27 23:24:01.980 -0300] INFO (5063): request completed
    route: "/v1/portal/points-summary"
    method: "GET"
    status: 200
    duration_ms: 5
[2026-09-27 23:24:01.987 -0300] INFO (5063): request completed
    route: "/v1/portal/requests"
    method: "GET"
    status: 200
    duration_ms: 6
[2026-09-27 23:24:01.994 -0300] INFO (5063): request completed
    route: "/v1/portal/requests/00000000-0000-7000-8000-000070400e09"
    method: "GET"
    status: 404
    duration_ms: 6
[2026-09-27 23:24:02.000 -0300] INFO (5063): request completed
    route: "/v1/portal/requests/00000000-0000-7000-8000-000070400e09/receipt"
    method: "GET"
    status: 404
    duration_ms: 5
[2026-09-27 23:24:02.006 -0300] INFO (5063): request completed
    route: "/v1/portal/requests/00000000-0000-7000-8000-000070400e09/decision"
    method: "GET"
    status: 404
    duration_ms: 5
[2026-09-27 23:24:02.012 -0300] INFO (5063): request completed
    route: "/v1/portal/inbox"
    method: "GET"
    status: 200
    duration_ms: 6
[2026-09-27 23:24:02.019 -0300] INFO (5063): request completed
    route: "/v1/portal/sne/enrollment"
    method: "GET"
    status: 200
    duration_ms: 6
[2026-09-27 23:24:02.029 -0300] INFO (5063): request completed
    route: "/v1/portal/documents/cnh"
    method: "GET"
    status: 503
    duration_ms: 9
[2026-09-27 23:24:02.039 -0300] INFO (5063): request completed
    route: "/v1/portal/vehicles"
    method: "GET"
    status: 503
    duration_ms: 10
[2026-09-27 23:24:02.046 -0300] INFO (5063): request completed
    route: "/v1/portal/vehicles/00000000-0000-7000-8000-00007ff00001/clearance"
    method: "GET"
    status: 404
    duration_ms: 6
[2026-09-27 23:24:02.057 -0300] INFO (5063): request completed
    route: "/v1/portal/crashes"
    method: "GET"
    status: 200
    duration_ms: 10
[2026-09-27 23:24:02.063 -0300] INFO (5063): request completed
    route: "/v1/portal/crashes/00000000-0000-7000-8000-00007ff00003"
    method: "GET"
    status: 404
    duration_ms: 5
[2026-09-27 23:24:02.073 -0300] INFO (5063): request completed
    route: "/v1/portal/exams"
    method: "GET"
    status: 200
    duration_ms: 9
[2026-09-27 23:24:02.079 -0300] INFO (5063): request completed
    route: "/v1/portal/exams/00000000-0000-7000-8000-00007ff00002"
    method: "GET"
    status: 404
    duration_ms: 6
[2026-09-27 23:24:02.085 -0300] INFO (5063): request completed
    route: "/v1/portal/manifestations"
    method: "GET"
    status: 200
    duration_ms: 6
[2026-09-27 23:24:02.090 -0300] INFO (5063): request completed
    route: "/v1/portal/service-charter/manifestar/deadline"
    method: "GET"
    status: 200
    duration_ms: 4
[2026-09-27 23:24:02.096 -0300] INFO (5063): request completed
    route: "/v1/portal/identity/representations"
    method: "GET"
    status: 200
    duration_ms: 5
[2026-09-27 23:24:02.102 -0300] INFO (5063): request completed
    route: "/v1/portal/services"
    method: "GET"
    status: 200
    duration_ms: 6
[2026-09-27 23:24:02.107 -0300] INFO (5063): request completed
    route: "/v1/portal/aits/00000000-0000-7000-8000-0000f0000002"
    method: "GET"
    status: 404
    duration_ms: 4
[2026-09-27 23:24:02.114 -0300] INFO (5063): request completed
    route: "/v1/portal/aits/00000000-0000-7000-8000-0000f0000002/points"
    method: "GET"
    status: 404
    duration_ms: 6
[2026-09-27 23:24:02.121 -0300] INFO (5063): request completed
    route: "/v1/portal/points-summary"
    method: "GET"
    status: 200
    duration_ms: 6
[2026-09-27 23:24:02.129 -0300] INFO (5063): request completed
    route: "/v1/portal/requests"
    method: "GET"
    status: 200
    duration_ms: 7
[2026-09-27 23:24:02.136 -0300] INFO (5063): request completed
    route: "/v1/portal/requests/00000000-0000-7000-8000-000070400e09"
    method: "GET"
    status: 404
    duration_ms: 6
[2026-09-27 23:24:02.144 -0300] INFO (5063): request completed
    route: "/v1/portal/requests/00000000-0000-7000-8000-000070400e09/receipt"
    method: "GET"
    status: 404
    duration_ms: 7
[2026-09-27 23:24:02.151 -0300] INFO (5063): request completed
    route: "/v1/portal/requests/00000000-0000-7000-8000-000070400e09/decision"
    method: "GET"
    status: 404
    duration_ms: 6
[2026-09-27 23:24:02.157 -0300] INFO (5063): request completed
    route: "/v1/portal/inbox"
    method: "GET"
    status: 200
    duration_ms: 5
[2026-09-27 23:24:02.163 -0300] INFO (5063): request completed
    route: "/v1/portal/sne/enrollment"
    method: "GET"
    status: 200
    duration_ms: 5
[2026-09-27 23:24:02.175 -0300] INFO (5063): request completed
    route: "/v1/portal/documents/cnh"
    method: "GET"
    status: 200
    duration_ms: 11
[2026-09-27 23:24:02.187 -0300] INFO (5063): request completed
    route: "/v1/portal/vehicles"
    method: "GET"
    status: 200
    duration_ms: 11
[2026-09-27 23:24:02.193 -0300] INFO (5063): request completed
    route: "/v1/portal/vehicles/00000000-0000-7000-8000-00007ff00001/clearance"
    method: "GET"
    status: 404
    duration_ms: 5
[2026-09-27 23:24:02.202 -0300] INFO (5063): request completed
    route: "/v1/portal/crashes"
    method: "GET"
    status: 200
    duration_ms: 9
[2026-09-27 23:24:02.208 -0300] INFO (5063): request completed
    route: "/v1/portal/crashes/00000000-0000-7000-8000-00007ff00003"
    method: "GET"
    status: 404
    duration_ms: 5
[2026-09-27 23:24:02.217 -0300] INFO (5063): request completed
    route: "/v1/portal/exams"
    method: "GET"
    status: 200
    duration_ms: 8
[2026-09-27 23:24:02.227 -0300] INFO (5063): request completed
    route: "/v1/portal/exams/00000000-0000-7000-8000-00007ff00002"
    method: "GET"
    status: 200
    duration_ms: 9
[2026-09-27 23:24:02.234 -0300] INFO (5063): request completed
    route: "/v1/portal/manifestations"
    method: "GET"
    status: 200
    duration_ms: 6
[2026-09-27 23:24:02.238 -0300] INFO (5063): request completed
    route: "/v1/portal/service-charter/manifestar/deadline"
    method: "GET"
    status: 200
    duration_ms: 3
[2026-09-27 23:24:02.244 -0300] INFO (5063): request completed
    route: "/v1/portal/identity/representations"
    method: "GET"
    status: 200
    duration_ms: 5
[2026-09-27 23:24:02.249 -0300] INFO (5063): request completed
    route: "/v1/portal/services"
    method: "GET"
    status: 200
    duration_ms: 4
[2026-09-27 23:24:02.257 -0300] INFO (5063): request completed
    route: "/v1/portal/aits/00000000-0000-7000-8000-0000f0000002"
    method: "GET"
    status: 200
    duration_ms: 8
[2026-09-27 23:24:02.268 -0300] INFO (5063): request completed
    route: "/v1/portal/aits/00000000-0000-7000-8000-0000f0000002/points"
    method: "GET"
    status: 200
    duration_ms: 10
[2026-09-27 23:24:02.279 -0300] INFO (5063): request completed
    route: "/v1/portal/points-summary"
    method: "GET"
    status: 200
    duration_ms: 10
[2026-09-27 23:24:02.288 -0300] INFO (5063): request completed
    route: "/v1/portal/requests"
    method: "GET"
    status: 200
    duration_ms: 8
[2026-09-27 23:24:02.296 -0300] INFO (5063): request completed
    route: "/v1/portal/requests/00000000-0000-7000-8000-000070400e09"
    method: "GET"
    status: 200
    duration_ms: 7
[2026-09-27 23:24:02.302 -0300] INFO (5063): request completed
    route: "/v1/portal/requests/00000000-0000-7000-8000-000070400e09/receipt"
    method: "GET"
    status: 404
    duration_ms: 5
[2026-09-27 23:24:02.310 -0300] INFO (5063): request completed
    route: "/v1/portal/requests/00000000-0000-7000-8000-000070400e09/decision"
    method: "GET"
    status: 200
    duration_ms: 7
[2026-09-27 23:24:02.316 -0300] INFO (5063): request completed
    route: "/v1/portal/inbox"
    method: "GET"
    status: 200
    duration_ms: 5
[2026-09-27 23:24:02.322 -0300] INFO (5063): request completed
    route: "/v1/portal/sne/enrollment"
    method: "GET"
    status: 200
    duration_ms: 5
[2026-09-27 23:24:02.333 -0300] INFO (5063): request completed
    route: "/v1/portal/documents/cnh"
    method: "GET"
    status: 200
    duration_ms: 10
[2026-09-27 23:24:02.343 -0300] INFO (5063): request completed
    route: "/v1/portal/vehicles"
    method: "GET"
    status: 200
    duration_ms: 9
[2026-09-27 23:24:02.351 -0300] INFO (5063): request completed
    route: "/v1/portal/vehicles/00000000-0000-7000-8000-00007ff00001/clearance"
    method: "GET"
    status: 503
    duration_ms: 7
[2026-09-27 23:24:02.361 -0300] INFO (5063): request completed
    route: "/v1/portal/crashes"
    method: "GET"
    status: 200
    duration_ms: 9
[2026-09-27 23:24:02.371 -0300] INFO (5063): request completed
    route: "/v1/portal/crashes/00000000-0000-7000-8000-00007ff00003"
    method: "GET"
    status: 200
    duration_ms: 10
[2026-09-27 23:24:02.381 -0300] INFO (5063): request completed
    route: "/v1/portal/exams"
    method: "GET"
    status: 200
    duration_ms: 9
[2026-09-27 23:24:02.387 -0300] INFO (5063): request completed
    route: "/v1/portal/exams/00000000-0000-7000-8000-00007ff00002"
    method: "GET"
    status: 404
    duration_ms: 5
[2026-09-27 23:24:02.396 -0300] INFO (5063): request completed
    route: "/v1/portal/manifestations"
    method: "GET"
    status: 200
    duration_ms: 8
[2026-09-27 23:24:02.401 -0300] INFO (5063): request completed
    route: "/v1/portal/service-charter/manifestar/deadline"
    method: "GET"
    status: 200
    duration_ms: 4
[2026-09-27 23:24:02.407 -0300] INFO (5063): request completed
    route: "/v1/portal/identity/representations"
    method: "GET"
    status: 200
    duration_ms: 5
[2026-09-27 23:24:02.414 -0300] INFO (5063): request completed
    route: "/v1/portal/services"
    method: "GET"
    status: 200
    duration_ms: 7
[2026-09-27 23:24:02.420 -0300] INFO (5063): request completed
    route: "/v1/portal/aits/00000000-0000-7000-8000-0000f0000002"
    method: "GET"
    status: 404
    duration_ms: 5
[2026-09-27 23:24:02.426 -0300] INFO (5063): request completed
    route: "/v1/portal/aits/00000000-0000-7000-8000-0000f0000002/points"
    method: "GET"
    status: 404
    duration_ms: 5
[2026-09-27 23:24:02.434 -0300] INFO (5063): request completed
    route: "/v1/portal/points-summary"
    method: "GET"
    status: 200
    duration_ms: 7
[2026-09-27 23:24:02.441 -0300] INFO (5063): request completed
    route: "/v1/portal/requests"
    method: "GET"
    status: 200
    duration_ms: 6
[2026-09-27 23:24:02.447 -0300] INFO (5063): request completed
    route: "/v1/portal/requests/00000000-0000-7000-8000-000070400e09"
    method: "GET"
    status: 404
    duration_ms: 5
[2026-09-27 23:24:02.455 -0300] INFO (5063): request completed
    route: "/v1/portal/requests/00000000-0000-7000-8000-000070400e09/receipt"
    method: "GET"
    status: 404
    duration_ms: 7
[2026-09-27 23:24:02.462 -0300] INFO (5063): request completed
    route: "/v1/portal/requests/00000000-0000-7000-8000-000070400e09/decision"
    method: "GET"
    status: 404
    duration_ms: 6
[2026-09-27 23:24:02.470 -0300] INFO (5063): request completed
    route: "/v1/portal/inbox"
    method: "GET"
    status: 200
    duration_ms: 7
[2026-09-27 23:24:02.477 -0300] INFO (5063): request completed
    route: "/v1/portal/sne/enrollment"
    method: "GET"
    status: 200
    duration_ms: 6
[2026-09-27 23:24:02.487 -0300] INFO (5063): request completed
    route: "/v1/portal/documents/cnh"
    method: "GET"
    status: 503
    duration_ms: 9
[2026-09-27 23:24:02.495 -0300] INFO (5063): request completed
    route: "/v1/portal/vehicles"
    method: "GET"
    status: 503
    duration_ms: 7
[2026-09-27 23:24:02.501 -0300] INFO (5063): request completed
    route: "/v1/portal/vehicles/00000000-0000-7000-8000-00007ff00001/clearance"
    method: "GET"
    status: 404
    duration_ms: 5
[2026-09-27 23:24:02.512 -0300] INFO (5063): request completed
    route: "/v1/portal/crashes"
    method: "GET"
    status: 200
    duration_ms: 10
[2026-09-27 23:24:02.517 -0300] INFO (5063): request completed
    route: "/v1/portal/crashes/00000000-0000-7000-8000-00007ff00003"
    method: "GET"
    status: 404
    duration_ms: 4
[2026-09-27 23:24:02.526 -0300] INFO (5063): request completed
    route: "/v1/portal/exams"
    method: "GET"
    status: 200
    duration_ms: 8
[2026-09-27 23:24:02.532 -0300] INFO (5063): request completed
    route: "/v1/portal/exams/00000000-0000-7000-8000-00007ff00002"
    method: "GET"
    status: 404
    duration_ms: 5
[2026-09-27 23:24:02.539 -0300] INFO (5063): request completed
    route: "/v1/portal/manifestations"
    method: "GET"
    status: 200
    duration_ms: 6
[2026-09-27 23:24:02.543 -0300] INFO (5063): request completed
    route: "/v1/portal/service-charter/manifestar/deadline"
    method: "GET"
    status: 200
    duration_ms: 4
[2026-09-27 23:24:02.548 -0300] INFO (5063): request completed
    route: "/v1/portal/identity/representations"
    method: "GET"
    status: 200
    duration_ms: 4
[2026-09-27 23:24:02.553 -0300] INFO (5063): request completed
    route: "/v1/portal/services"
    method: "GET"
    status: 200
    duration_ms: 4
[2026-09-27 23:24:02.558 -0300] INFO (5063): request completed
    route: "/v1/portal/aits/00000000-0000-7000-8000-0000f0000002"
    method: "GET"
    status: 404
    duration_ms: 4
[2026-09-27 23:24:02.564 -0300] INFO (5063): request completed
    route: "/v1/portal/aits/00000000-0000-7000-8000-0000f0000002/points"
    method: "GET"
    status: 404
    duration_ms: 5
[2026-09-27 23:24:02.570 -0300] INFO (5063): request completed
    route: "/v1/portal/points-summary"
    method: "GET"
    status: 200
    duration_ms: 5
[2026-09-27 23:24:02.577 -0300] INFO (5063): request completed
    route: "/v1/portal/requests"
    method: "GET"
    status: 200
    duration_ms: 6
[2026-09-27 23:24:02.582 -0300] INFO (5063): request completed
    route: "/v1/portal/requests/00000000-0000-7000-8000-000070400e09"
    method: "GET"
    status: 404
    duration_ms: 5
[2026-09-27 23:24:02.589 -0300] INFO (5063): request completed
    route: "/v1/portal/requests/00000000-0000-7000-8000-000070400e09/receipt"
    method: "GET"
    status: 404
    duration_ms: 6
[2026-09-27 23:24:02.594 -0300] INFO (5063): request completed
    route: "/v1/portal/requests/00000000-0000-7000-8000-000070400e09/decision"
    method: "GET"
    status: 404
    duration_ms: 4
[2026-09-27 23:24:02.601 -0300] INFO (5063): request completed
    route: "/v1/portal/inbox"
    method: "GET"
    status: 200
    duration_ms: 6
[2026-09-27 23:24:02.607 -0300] INFO (5063): request completed
    route: "/v1/portal/sne/enrollment"
    method: "GET"
    status: 200
    duration_ms: 5
[2026-09-27 23:24:02.618 -0300] INFO (5063): request completed
    route: "/v1/portal/documents/cnh"
    method: "GET"
    status: 200
    duration_ms: 10
[2026-09-27 23:24:02.629 -0300] INFO (5063): request completed
    route: "/v1/portal/vehicles"
    method: "GET"
    status: 200
    duration_ms: 10
[2026-09-27 23:24:02.636 -0300] INFO (5063): request completed
    route: "/v1/portal/vehicles/00000000-0000-7000-8000-00007ff00001/clearance"
    method: "GET"
    status: 404
    duration_ms: 6
[2026-09-27 23:24:02.645 -0300] INFO (5063): request completed
    route: "/v1/portal/crashes"
    method: "GET"
    status: 200
    duration_ms: 9
[2026-09-27 23:24:02.651 -0300] INFO (5063): request completed
    route: "/v1/portal/crashes/00000000-0000-7000-8000-00007ff00003"
    method: "GET"
    status: 404
    duration_ms: 6
[2026-09-27 23:24:02.661 -0300] INFO (5063): request completed
    route: "/v1/portal/exams"
    method: "GET"
    status: 200
    duration_ms: 9
[2026-09-27 23:24:02.670 -0300] INFO (5063): request completed
    route: "/v1/portal/exams/00000000-0000-7000-8000-00007ff00002"
    method: "GET"
    status: 200
    duration_ms: 8
[2026-09-27 23:24:02.678 -0300] INFO (5063): request completed
    route: "/v1/portal/manifestations"
    method: "GET"
    status: 200
    duration_ms: 7
[2026-09-27 23:24:02.684 -0300] INFO (5063): request completed
    route: "/v1/portal/service-charter/manifestar/deadline"
    method: "GET"
    status: 200
    duration_ms: 5
[2026-09-27 23:24:02.690 -0300] INFO (5063): request completed
    route: "/v1/portal/identity/representations"
    method: "GET"
    status: 200
    duration_ms: 5
[2026-09-27 23:24:02.695 -0300] INFO (5063): request completed
    route: "/v1/portal/services"
    method: "GET"
    status: 200
    duration_ms: 4
[2026-09-27 23:24:02.703 -0300] INFO (5063): request completed
    route: "/v1/portal/aits/00000000-0000-7000-8000-0000f0000002"
    method: "GET"
    status: 200
    duration_ms: 7
[2026-09-27 23:24:02.709 -0300] INFO (5063): request completed
    route: "/v1/portal/aits/00000000-0000-7000-8000-0000f0000002/points"
    method: "GET"
    status: 200
    duration_ms: 5
[2026-09-27 23:24:02.714 -0300] INFO (5063): request completed
    route: "/v1/portal/points-summary"
    method: "GET"
    status: 200
    duration_ms: 4
[2026-09-27 23:24:02.721 -0300] INFO (5063): request completed
    route: "/v1/portal/requests"
    method: "GET"
    status: 200
    duration_ms: 6
[2026-09-27 23:24:02.728 -0300] INFO (5063): request completed
    route: "/v1/portal/requests/00000000-0000-7000-8000-000070400e09"
    method: "GET"
    status: 200
    duration_ms: 6
[2026-09-27 23:24:02.733 -0300] INFO (5063): request completed
    route: "/v1/portal/requests/00000000-0000-7000-8000-000070400e09/receipt"
    method: "GET"
    status: 404
    duration_ms: 5
[2026-09-27 23:24:02.740 -0300] INFO (5063): request completed
    route: "/v1/portal/requests/00000000-0000-7000-8000-000070400e09/decision"
    method: "GET"
    status: 200
    duration_ms: 6
[2026-09-27 23:24:02.745 -0300] INFO (5063): request completed
    route: "/v1/portal/inbox"
    method: "GET"
    status: 200
    duration_ms: 4
[2026-09-27 23:24:02.751 -0300] INFO (5063): request completed
    route: "/v1/portal/sne/enrollment"
    method: "GET"
    status: 200
    duration_ms: 5
[2026-09-27 23:24:02.760 -0300] INFO (5063): request completed
    route: "/v1/portal/documents/cnh"
    method: "GET"
    status: 200
    duration_ms: 9
[2026-09-27 23:24:02.769 -0300] INFO (5063): request completed
    route: "/v1/portal/vehicles"
    method: "GET"
    status: 200
    duration_ms: 8
[2026-09-27 23:24:02.776 -0300] INFO (5063): request completed
    route: "/v1/portal/vehicles/00000000-0000-7000-8000-00007ff00001/clearance"
    method: "GET"
    status: 503
    duration_ms: 6
[2026-09-27 23:24:02.785 -0300] INFO (5063): request completed
    route: "/v1/portal/crashes"
    method: "GET"
    status: 200
    duration_ms: 8
[2026-09-27 23:24:02.794 -0300] INFO (5063): request completed
    route: "/v1/portal/crashes/00000000-0000-7000-8000-00007ff00003"
    method: "GET"
    status: 200
    duration_ms: 8
[2026-09-27 23:24:02.803 -0300] INFO (5063): request completed
    route: "/v1/portal/exams"
    method: "GET"
    status: 200
    duration_ms: 8
[2026-09-27 23:24:02.809 -0300] INFO (5063): request completed
    route: "/v1/portal/exams/00000000-0000-7000-8000-00007ff00002"
    method: "GET"
    status: 404
    duration_ms: 5
[2026-09-27 23:24:02.817 -0300] INFO (5063): request completed
    route: "/v1/portal/manifestations"
    method: "GET"
    status: 200
    duration_ms: 7
[2026-09-27 23:24:02.822 -0300] INFO (5063): request completed
    route: "/v1/portal/service-charter/manifestar/deadline"
    method: "GET"
    status: 200
    duration_ms: 4
[2026-09-27 23:24:02.828 -0300] INFO (5063): request completed
    route: "/v1/portal/identity/representations"
    method: "GET"
    status: 200
    duration_ms: 5
[2026-09-27 23:24:02.832 -0300] INFO (5063): request completed
    route: "/v1/portal/services"
    method: "GET"
    status: 200
    duration_ms: 4
[2026-09-27 23:24:02.837 -0300] INFO (5063): request completed
    route: "/v1/portal/aits/00000000-0000-7000-8000-0000f0000002"
    method: "GET"
    status: 404
    duration_ms: 5
[2026-09-27 23:24:02.841 -0300] INFO (5063): request completed
    route: "/v1/portal/aits/00000000-0000-7000-8000-0000f0000002/points"
    method: "GET"
    status: 404
    duration_ms: 3
[2026-09-27 23:24:02.847 -0300] INFO (5063): request completed
    route: "/v1/portal/points-summary"
    method: "GET"
    status: 200
    duration_ms: 5
[2026-09-27 23:24:02.854 -0300] INFO (5063): request completed
    route: "/v1/portal/requests"
    method: "GET"
    status: 200
    duration_ms: 6
[2026-09-27 23:24:02.859 -0300] INFO (5063): request completed
    route: "/v1/portal/requests/00000000-0000-7000-8000-000070400e09"
    method: "GET"
    status: 404
    duration_ms: 4
[2026-09-27 23:24:02.864 -0300] INFO (5063): request completed
    route: "/v1/portal/requests/00000000-0000-7000-8000-000070400e09/receipt"
    method: "GET"
    status: 404
    duration_ms: 4
[2026-09-27 23:24:02.870 -0300] INFO (5063): request completed
    route: "/v1/portal/requests/00000000-0000-7000-8000-000070400e09/decision"
    method: "GET"
    status: 404
    duration_ms: 5
[2026-09-27 23:24:02.876 -0300] INFO (5063): request completed
    route: "/v1/portal/inbox"
    method: "GET"
    status: 200
    duration_ms: 6
[2026-09-27 23:24:02.881 -0300] INFO (5063): request completed
    route: "/v1/portal/sne/enrollment"
    method: "GET"
    status: 200
    duration_ms: 5
[2026-09-27 23:24:02.887 -0300] INFO (5063): request completed
    route: "/v1/portal/documents/cnh"
    method: "GET"
    status: 503
    duration_ms: 6
[2026-09-27 23:24:02.893 -0300] INFO (5063): request completed
    route: "/v1/portal/vehicles"
    method: "GET"
    status: 503
    duration_ms: 5
[2026-09-27 23:24:02.899 -0300] INFO (5063): request completed
    route: "/v1/portal/vehicles/00000000-0000-7000-8000-00007ff00001/clearance"
    method: "GET"
    status: 404
    duration_ms: 5
[2026-09-27 23:24:02.909 -0300] INFO (5063): request completed
    route: "/v1/portal/crashes"
    method: "GET"
    status: 200
    duration_ms: 9
[2026-09-27 23:24:02.915 -0300] INFO (5063): request completed
    route: "/v1/portal/crashes/00000000-0000-7000-8000-00007ff00003"
    method: "GET"
    status: 404
    duration_ms: 5
[2026-09-27 23:24:02.923 -0300] INFO (5063): request completed
    route: "/v1/portal/exams"
    method: "GET"
    status: 200
    duration_ms: 8
[2026-09-27 23:24:02.929 -0300] INFO (5063): request completed
    route: "/v1/portal/exams/00000000-0000-7000-8000-00007ff00002"
    method: "GET"
    status: 404
    duration_ms: 5
[2026-09-27 23:24:02.937 -0300] INFO (5063): request completed
    route: "/v1/portal/manifestations"
    method: "GET"
    status: 200
    duration_ms: 7
[2026-09-27 23:24:02.942 -0300] INFO (5063): request completed
    route: "/v1/portal/service-charter/manifestar/deadline"
    method: "GET"
    status: 200
    duration_ms: 4
[2026-09-27 23:24:02.947 -0300] INFO (5063): request completed
    route: "/v1/portal/identity/representations"
    method: "GET"
    status: 200
    duration_ms: 4
[2026-09-27 23:24:02.952 -0300] INFO (5063): request completed
    route: "/v1/portal/services"
    method: "GET"
    status: 200
    duration_ms: 4
[2026-09-27 23:24:02.957 -0300] INFO (5063): request completed
    route: "/v1/portal/aits/00000000-0000-7000-8000-0000f0000002"
    method: "GET"
    status: 404
    duration_ms: 4
[2026-09-27 23:24:02.963 -0300] INFO (5063): request completed
    route: "/v1/portal/aits/00000000-0000-7000-8000-0000f0000002/points"
    method: "GET"
    status: 404
    duration_ms: 5
[2026-09-27 23:24:02.969 -0300] INFO (5063): request completed
    route: "/v1/portal/points-summary"
    method: "GET"
    status: 200
    duration_ms: 5
[2026-09-27 23:24:02.975 -0300] INFO (5063): request completed
    route: "/v1/portal/requests"
    method: "GET"
    status: 200
    duration_ms: 5
[2026-09-27 23:24:02.981 -0300] INFO (5063): request completed
    route: "/v1/portal/requests/00000000-0000-7000-8000-000070400e09"
    method: "GET"
    status: 404
    duration_ms: 5
[2026-09-27 23:24:02.986 -0300] INFO (5063): request completed
    route: "/v1/portal/requests/00000000-0000-7000-8000-000070400e09/receipt"
    method: "GET"
    status: 404
    duration_ms: 4
[2026-09-27 23:24:02.991 -0300] INFO (5063): request completed
    route: "/v1/portal/requests/00000000-0000-7000-8000-000070400e09/decision"
    method: "GET"
    status: 404
    duration_ms: 4
[2026-09-27 23:24:02.997 -0300] INFO (5063): request completed
    route: "/v1/portal/inbox"
    method: "GET"
    status: 200
    duration_ms: 5
[2026-09-27 23:24:03.002 -0300] INFO (5063): request completed
    route: "/v1/portal/sne/enrollment"
    method: "GET"
    status: 200
    duration_ms: 4
[2026-09-27 23:24:03.011 -0300] INFO (5063): request completed
    route: "/v1/portal/documents/cnh"
    method: "GET"
    status: 200
    duration_ms: 9
[2026-09-27 23:24:03.020 -0300] INFO (5063): request completed
    route: "/v1/portal/vehicles"
    method: "GET"
    status: 200
    duration_ms: 9
[2026-09-27 23:24:03.027 -0300] INFO (5063): request completed
    route: "/v1/portal/vehicles/00000000-0000-7000-8000-00007ff00001/clearance"
    method: "GET"
    status: 404
    duration_ms: 6
[2026-09-27 23:24:03.036 -0300] INFO (5063): request completed
    route: "/v1/portal/crashes"
    method: "GET"
    status: 200
    duration_ms: 8
[2026-09-27 23:24:03.042 -0300] INFO (5063): request completed
    route: "/v1/portal/crashes/00000000-0000-7000-8000-00007ff00003"
    method: "GET"
    status: 404
    duration_ms: 5
[2026-09-27 23:24:03.050 -0300] INFO (5063): request completed
    route: "/v1/portal/exams"
    method: "GET"
    status: 200
    duration_ms: 8
[2026-09-27 23:24:03.061 -0300] INFO (5063): request completed
    route: "/v1/portal/exams/00000000-0000-7000-8000-00007ff00002"
    method: "GET"
    status: 200
    duration_ms: 10
[2026-09-27 23:24:03.070 -0300] INFO (5063): request completed
    route: "/v1/portal/manifestations"
    method: "GET"
    status: 200
    duration_ms: 8
[2026-09-27 23:24:03.077 -0300] INFO (5063): request completed
    route: "/v1/portal/service-charter/manifestar/deadline"
    method: "GET"
    status: 200
    duration_ms: 6
[2026-09-27 23:24:03.083 -0300] INFO (5063): request completed
    route: "/v1/portal/identity/representations"
    method: "GET"
    status: 200
    duration_ms: 5
[2026-09-27 23:24:03.087 -0300] INFO (5063): request completed
    route: "/v1/portal/services"
    method: "GET"
    status: 200
    duration_ms: 3
[2026-09-27 23:24:03.093 -0300] INFO (5063): request completed
    route: "/v1/portal/aits/00000000-0000-7000-8000-0000f0000002"
    method: "GET"
    status: 200
    duration_ms: 5
[2026-09-27 23:24:03.098 -0300] INFO (5063): request completed
    route: "/v1/portal/aits/00000000-0000-7000-8000-0000f0000002/points"
    method: "GET"
    status: 200
    duration_ms: 4
[2026-09-27 23:24:03.103 -0300] INFO (5063): request completed
    route: "/v1/portal/points-summary"
    method: "GET"
    status: 200
    duration_ms: 4
[2026-09-27 23:24:03.109 -0300] INFO (5063): request completed
    route: "/v1/portal/requests"
    method: "GET"
    status: 200
    duration_ms: 5
[2026-09-27 23:24:03.117 -0300] INFO (5063): request completed
    route: "/v1/portal/requests/00000000-0000-7000-8000-000070400e09"
    method: "GET"
    status: 200
    duration_ms: 7
[2026-09-27 23:24:03.124 -0300] INFO (5063): request completed
    route: "/v1/portal/requests/00000000-0000-7000-8000-000070400e09/receipt"
    method: "GET"
    status: 404
    duration_ms: 6
[2026-09-27 23:24:03.130 -0300] INFO (5063): request completed
    route: "/v1/portal/requests/00000000-0000-7000-8000-000070400e09/decision"
    method: "GET"
    status: 200
    duration_ms: 5
[2026-09-27 23:24:03.135 -0300] INFO (5063): request completed
    route: "/v1/portal/inbox"
    method: "GET"
    status: 200
    duration_ms: 5
[2026-09-27 23:24:03.140 -0300] INFO (5063): request completed
    route: "/v1/portal/sne/enrollment"
    method: "GET"
    status: 200
    duration_ms: 4
[2026-09-27 23:24:03.150 -0300] INFO (5063): request completed
    route: "/v1/portal/documents/cnh"
    method: "GET"
    status: 200
    duration_ms: 9
[2026-09-27 23:24:03.160 -0300] INFO (5063): request completed
    route: "/v1/portal/vehicles"
    method: "GET"
    status: 200
    duration_ms: 9
[2026-09-27 23:24:03.166 -0300] INFO (5063): request completed
    route: "/v1/portal/vehicles/00000000-0000-7000-8000-00007ff00001/clearance"
    method: "GET"
    status: 503
    duration_ms: 5
[2026-09-27 23:24:03.174 -0300] INFO (5063): request completed
    route: "/v1/portal/crashes"
    method: "GET"
    status: 200
    duration_ms: 7
[2026-09-27 23:24:03.183 -0300] INFO (5063): request completed
    route: "/v1/portal/crashes/00000000-0000-7000-8000-00007ff00003"
    method: "GET"
    status: 200
    duration_ms: 8
[2026-09-27 23:24:03.191 -0300] INFO (5063): request completed
    route: "/v1/portal/exams"
    method: "GET"
    status: 200
    duration_ms: 7
[2026-09-27 23:24:03.196 -0300] INFO (5063): request completed
    route: "/v1/portal/exams/00000000-0000-7000-8000-00007ff00002"
    method: "GET"
    status: 404
    duration_ms: 4
[2026-09-27 23:24:03.203 -0300] INFO (5063): request completed
    route: "/v1/portal/manifestations"
    method: "GET"
    status: 200
    duration_ms: 6
[2026-09-27 23:24:03.207 -0300] INFO (5063): request completed
    route: "/v1/portal/service-charter/manifestar/deadline"
    method: "GET"
    status: 200
    duration_ms: 3
[2026-09-27 23:24:03.212 -0300] INFO (5063): request completed
    route: "/v1/portal/identity/representations"
    method: "GET"
    status: 200
    duration_ms: 4
[2026-09-27 23:24:03.216 -0300] INFO (5063): request completed
    route: "/v1/portal/services"
    method: "GET"
    status: 200
    duration_ms: 4
[2026-09-27 23:24:03.221 -0300] INFO (5063): request completed
    route: "/v1/portal/aits/00000000-0000-7000-8000-0000f0000002"
    method: "GET"
    status: 404
    duration_ms: 5
[2026-09-27 23:24:03.225 -0300] INFO (5063): request completed
    route: "/v1/portal/aits/00000000-0000-7000-8000-0000f0000002/points"
    method: "GET"
    status: 404
    duration_ms: 4
[2026-09-27 23:24:03.230 -0300] INFO (5063): request completed
    route: "/v1/portal/points-summary"
    method: "GET"
    status: 200
    duration_ms: 5
[2026-09-27 23:24:03.236 -0300] INFO (5063): request completed
    route: "/v1/portal/requests"
    method: "GET"
    status: 200
    duration_ms: 5
[2026-09-27 23:24:03.240 -0300] INFO (5063): request completed
    route: "/v1/portal/requests/00000000-0000-7000-8000-000070400e09"
    method: "GET"
    status: 404
    duration_ms: 4
[2026-09-27 23:24:03.246 -0300] INFO (5063): request completed
    route: "/v1/portal/requests/00000000-0000-7000-8000-000070400e09/receipt"
    method: "GET"
    status: 404
    duration_ms: 5
[2026-09-27 23:24:03.252 -0300] INFO (5063): request completed
    route: "/v1/portal/requests/00000000-0000-7000-8000-000070400e09/decision"
    method: "GET"
    status: 404
    duration_ms: 6
[2026-09-27 23:24:03.258 -0300] INFO (5063): request completed
    route: "/v1/portal/inbox"
    method: "GET"
    status: 200
    duration_ms: 5
[2026-09-27 23:24:03.263 -0300] INFO (5063): request completed
    route: "/v1/portal/sne/enrollment"
    method: "GET"
    status: 200
    duration_ms: 4
[2026-09-27 23:24:03.269 -0300] INFO (5063): request completed
    route: "/v1/portal/documents/cnh"
    method: "GET"
    status: 503
    duration_ms: 5
[2026-09-27 23:24:03.275 -0300] INFO (5063): request completed
    route: "/v1/portal/vehicles"
    method: "GET"
    status: 503
    duration_ms: 5
[2026-09-27 23:24:03.281 -0300] INFO (5063): request completed
    route: "/v1/portal/vehicles/00000000-0000-7000-8000-00007ff00001/clearance"
    method: "GET"
    status: 404
    duration_ms: 5
[2026-09-27 23:24:03.291 -0300] INFO (5063): request completed
    route: "/v1/portal/crashes"
    method: "GET"
    status: 200
    duration_ms: 10
[2026-09-27 23:24:03.296 -0300] INFO (5063): request completed
    route: "/v1/portal/crashes/00000000-0000-7000-8000-00007ff00003"
    method: "GET"
    status: 404
    duration_ms: 5
[2026-09-27 23:24:03.304 -0300] INFO (5063): request completed
    route: "/v1/portal/exams"
    method: "GET"
    status: 200
    duration_ms: 8
[2026-09-27 23:24:03.310 -0300] INFO (5063): request completed
    route: "/v1/portal/exams/00000000-0000-7000-8000-00007ff00002"
    method: "GET"
    status: 404
    duration_ms: 5
[2026-09-27 23:24:03.316 -0300] INFO (5063): request completed
    route: "/v1/portal/manifestations"
    method: "GET"
    status: 200
    duration_ms: 5
[2026-09-27 23:24:03.321 -0300] INFO (5063): request completed
    route: "/v1/portal/service-charter/manifestar/deadline"
    method: "GET"
    status: 200
    duration_ms: 4
[2026-09-27 23:24:03.326 -0300] INFO (5063): request completed
    route: "/v1/portal/identity/representations"
    method: "GET"
    status: 200
    duration_ms: 5
[2026-09-27 23:24:03.330 -0300] INFO (5063): request completed
    route: "/v1/portal/services"
    method: "GET"
    status: 200
    duration_ms: 3
[2026-09-27 23:24:03.335 -0300] INFO (5063): request completed
    route: "/v1/portal/aits/00000000-0000-7000-8000-0000f0000002"
    method: "GET"
    status: 404
    duration_ms: 4
[2026-09-27 23:24:03.339 -0300] INFO (5063): request completed
    route: "/v1/portal/aits/00000000-0000-7000-8000-0000f0000002/points"
    method: "GET"
    status: 404
    duration_ms: 4
[2026-09-27 23:24:03.345 -0300] INFO (5063): request completed
    route: "/v1/portal/points-summary"
    method: "GET"
    status: 200
    duration_ms: 5
[2026-09-27 23:24:03.351 -0300] INFO (5063): request completed
    route: "/v1/portal/requests"
    method: "GET"
    status: 200
    duration_ms: 5
[2026-09-27 23:24:03.356 -0300] INFO (5063): request completed
    route: "/v1/portal/requests/00000000-0000-7000-8000-000070400e09"
    method: "GET"
    status: 404
    duration_ms: 4
[2026-09-27 23:24:03.361 -0300] INFO (5063): request completed
    route: "/v1/portal/requests/00000000-0000-7000-8000-000070400e09/receipt"
    method: "GET"
    status: 404
    duration_ms: 4
[2026-09-27 23:24:03.366 -0300] INFO (5063): request completed
    route: "/v1/portal/requests/00000000-0000-7000-8000-000070400e09/decision"
    method: "GET"
    status: 404
    duration_ms: 4
[2026-09-27 23:24:03.373 -0300] INFO (5063): request completed
    route: "/v1/portal/inbox"
    method: "GET"
    status: 200
    duration_ms: 6
[2026-09-27 23:24:03.379 -0300] INFO (5063): request completed
    route: "/v1/portal/sne/enrollment"
    method: "GET"
    status: 200
    duration_ms: 6
[2026-09-27 23:24:03.389 -0300] INFO (5063): request completed
    route: "/v1/portal/documents/cnh"
    method: "GET"
    status: 200
    duration_ms: 9
[2026-09-27 23:24:03.398 -0300] INFO (5063): request completed
    route: "/v1/portal/vehicles"
    method: "GET"
    status: 200
    duration_ms: 8
[2026-09-27 23:24:03.403 -0300] INFO (5063): request completed
    route: "/v1/portal/vehicles/00000000-0000-7000-8000-00007ff00001/clearance"
    method: "GET"
    status: 404
    duration_ms: 5
[2026-09-27 23:24:03.411 -0300] INFO (5063): request completed
    route: "/v1/portal/crashes"
    method: "GET"
    status: 200
    duration_ms: 8
[2026-09-27 23:24:03.416 -0300] INFO (5063): request completed
    route: "/v1/portal/crashes/00000000-0000-7000-8000-00007ff00003"
    method: "GET"
    status: 404
    duration_ms: 5
[2026-09-27 23:24:03.424 -0300] INFO (5063): request completed
    route: "/v1/portal/exams"
    method: "GET"
    status: 200
    duration_ms: 8
[2026-09-27 23:24:03.433 -0300] INFO (5063): request completed
    route: "/v1/portal/exams/00000000-0000-7000-8000-00007ff00002"
    method: "GET"
    status: 200
    duration_ms: 8
[2026-09-27 23:24:03.439 -0300] INFO (5063): request completed
    route: "/v1/portal/manifestations"
    method: "GET"
    status: 200
    duration_ms: 6
[2026-09-27 23:24:03.444 -0300] INFO (5063): request completed
    route: "/v1/portal/service-charter/manifestar/deadline"
    method: "GET"
    status: 200
    duration_ms: 4
[2026-09-27 23:24:03.449 -0300] INFO (5063): request completed
    route: "/v1/portal/identity/representations"
    method: "GET"
    status: 200
    duration_ms: 4
[2026-09-27 23:24:03.454 -0300] INFO (5063): request completed
    route: "/v1/portal/services"
    method: "GET"
    status: 200
    duration_ms: 4
[2026-09-27 23:24:03.459 -0300] INFO (5063): request completed
    route: "/v1/portal/aits/00000000-0000-7000-8000-0000f0000002"
    method: "GET"
    status: 200
    duration_ms: 5
[2026-09-27 23:24:03.465 -0300] INFO (5063): request completed
    route: "/v1/portal/aits/00000000-0000-7000-8000-0000f0000002/points"
    method: "GET"
    status: 200
    duration_ms: 5
[2026-09-27 23:24:03.470 -0300] INFO (5063): request completed
    route: "/v1/portal/points-summary"
    method: "GET"
    status: 200
    duration_ms: 4
[2026-09-27 23:24:03.477 -0300] INFO (5063): request completed
    route: "/v1/portal/requests"
    method: "GET"
    status: 200
    duration_ms: 6
[2026-09-27 23:24:03.484 -0300] INFO (5063): request completed
    route: "/v1/portal/requests/00000000-0000-7000-8000-000070400e09"
    method: "GET"
    status: 200
    duration_ms: 7
[2026-09-27 23:24:03.489 -0300] INFO (5063): request completed
    route: "/v1/portal/requests/00000000-0000-7000-8000-000070400e09/receipt"
    method: "GET"
    status: 404
    duration_ms: 4
[2026-09-27 23:24:03.495 -0300] INFO (5063): request completed
    route: "/v1/portal/requests/00000000-0000-7000-8000-000070400e09/decision"
    method: "GET"
    status: 200
    duration_ms: 5
[2026-09-27 23:24:03.499 -0300] INFO (5063): request completed
    route: "/v1/portal/inbox"
    method: "GET"
    status: 200
    duration_ms: 4
[2026-09-27 23:24:03.504 -0300] INFO (5063): request completed
    route: "/v1/portal/sne/enrollment"
    method: "GET"
    status: 200
    duration_ms: 4
[2026-09-27 23:24:03.513 -0300] INFO (5063): request completed
    route: "/v1/portal/documents/cnh"
    method: "GET"
    status: 200
    duration_ms: 8
[2026-09-27 23:24:03.522 -0300] INFO (5063): request completed
    route: "/v1/portal/vehicles"
    method: "GET"
    status: 200
    duration_ms: 8
[2026-09-27 23:24:03.529 -0300] INFO (5063): request completed
    route: "/v1/portal/vehicles/00000000-0000-7000-8000-00007ff00001/clearance"
    method: "GET"
    status: 503
    duration_ms: 6
[2026-09-27 23:24:03.537 -0300] INFO (5063): request completed
    route: "/v1/portal/crashes"
    method: "GET"
    status: 200
    duration_ms: 8
[2026-09-27 23:24:03.545 -0300] INFO (5063): request completed
    route: "/v1/portal/crashes/00000000-0000-7000-8000-00007ff00003"
    method: "GET"
    status: 200
    duration_ms: 8
[2026-09-27 23:24:03.554 -0300] INFO (5063): request completed
    route: "/v1/portal/exams"
    method: "GET"
    status: 200
    duration_ms: 8
[2026-09-27 23:24:03.559 -0300] INFO (5063): request completed
    route: "/v1/portal/exams/00000000-0000-7000-8000-00007ff00002"
    method: "GET"
    status: 404
    duration_ms: 5
[2026-09-27 23:24:03.566 -0300] INFO (5063): request completed
    route: "/v1/portal/manifestations"
    method: "GET"
    status: 200
    duration_ms: 6
[2026-09-27 23:24:03.570 -0300] INFO (5063): request completed
    route: "/v1/portal/service-charter/manifestar/deadline"
    method: "GET"
    status: 200
    duration_ms: 4
[2026-09-27 23:24:03.574 -0300] INFO (5063): request completed
    route: "/v1/portal/identity/representations"
    method: "GET"
    status: 200
    duration_ms: 4
[2026-09-27 23:24:03.578 -0300] INFO (5063): request completed
    route: "/v1/portal/services"
    method: "GET"
    status: 200
    duration_ms: 3
[2026-09-27 23:24:03.583 -0300] INFO (5063): request completed
    route: "/v1/portal/aits/00000000-0000-7000-8000-0000f0000002"
    method: "GET"
    status: 404
    duration_ms: 4
[2026-09-27 23:24:03.589 -0300] INFO (5063): request completed
    route: "/v1/portal/aits/00000000-0000-7000-8000-0000f0000002/points"
    method: "GET"
    status: 404
    duration_ms: 5
[2026-09-27 23:24:03.595 -0300] INFO (5063): request completed
    route: "/v1/portal/points-summary"
    method: "GET"
    status: 200
    duration_ms: 5
[2026-09-27 23:24:03.601 -0300] INFO (5063): request completed
    route: "/v1/portal/requests"
    method: "GET"
    status: 200
    duration_ms: 6
[2026-09-27 23:24:03.606 -0300] INFO (5063): request completed
    route: "/v1/portal/requests/00000000-0000-7000-8000-000070400e09"
    method: "GET"
    status: 404
    duration_ms: 4
[2026-09-27 23:24:03.612 -0300] INFO (5063): request completed
    route: "/v1/portal/requests/00000000-0000-7000-8000-000070400e09/receipt"
    method: "GET"
    status: 404
    duration_ms: 5
[2026-09-27 23:24:03.618 -0300] INFO (5063): request completed
    route: "/v1/portal/requests/00000000-0000-7000-8000-000070400e09/decision"
    method: "GET"
    status: 404
    duration_ms: 6
[2026-09-27 23:24:03.624 -0300] INFO (5063): request completed
    route: "/v1/portal/inbox"
    method: "GET"
    status: 200
    duration_ms: 5
[2026-09-27 23:24:03.628 -0300] INFO (5063): request completed
    route: "/v1/portal/sne/enrollment"
    method: "GET"
    status: 200
    duration_ms: 4
[2026-09-27 23:24:03.634 -0300] INFO (5063): request completed
    route: "/v1/portal/documents/cnh"
    method: "GET"
    status: 503
    duration_ms: 5
[2026-09-27 23:24:03.640 -0300] INFO (5063): request completed
    route: "/v1/portal/vehicles"
    method: "GET"
    status: 503
    duration_ms: 5
[2026-09-27 23:24:03.646 -0300] INFO (5063): request completed
    route: "/v1/portal/vehicles/00000000-0000-7000-8000-00007ff00001/clearance"
    method: "GET"
    status: 404
    duration_ms: 5
[2026-09-27 23:24:03.657 -0300] INFO (5063): request completed
    route: "/v1/portal/crashes"
    method: "GET"
    status: 200
    duration_ms: 10
[2026-09-27 23:24:03.664 -0300] INFO (5063): request completed
    route: "/v1/portal/crashes/00000000-0000-7000-8000-00007ff00003"
    method: "GET"
    status: 404
    duration_ms: 6
[2026-09-27 23:24:03.674 -0300] INFO (5063): request completed
    route: "/v1/portal/exams"
    method: "GET"
    status: 200
    duration_ms: 9
[2026-09-27 23:24:03.679 -0300] INFO (5063): request completed
    route: "/v1/portal/exams/00000000-0000-7000-8000-00007ff00002"
    method: "GET"
    status: 404
    duration_ms: 4
[2026-09-27 23:24:03.688 -0300] INFO (5063): request completed
    route: "/v1/portal/manifestations"
    method: "GET"
    status: 200
    duration_ms: 8
[2026-09-27 23:24:03.693 -0300] INFO (5063): request completed
    route: "/v1/portal/service-charter/manifestar/deadline"
    method: "GET"
    status: 200
    duration_ms: 4
[2026-09-27 23:24:03.698 -0300] INFO (5063): request completed
    route: "/v1/portal/identity/representations"
    method: "GET"
    status: 200
    duration_ms: 5
[2026-09-27 23:24:03.702 -0300] INFO (5063): request completed
    route: "/v1/portal/services"
    method: "GET"
    status: 200
    duration_ms: 4
[2026-09-27 23:24:03.707 -0300] INFO (5063): request completed
    route: "/v1/portal/aits/00000000-0000-7000-8000-0000f0000002"
    method: "GET"
    status: 404
    duration_ms: 4
[2026-09-27 23:24:03.712 -0300] INFO (5063): request completed
    route: "/v1/portal/aits/00000000-0000-7000-8000-0000f0000002/points"
    method: "GET"
    status: 404
    duration_ms: 5
[2026-09-27 23:24:03.718 -0300] INFO (5063): request completed
    route: "/v1/portal/points-summary"
    method: "GET"
    status: 200
    duration_ms: 5
[2026-09-27 23:24:03.724 -0300] INFO (5063): request completed
    route: "/v1/portal/requests"
    method: "GET"
    status: 200
    duration_ms: 5
[2026-09-27 23:24:03.729 -0300] INFO (5063): request completed
    route: "/v1/portal/requests/00000000-0000-7000-8000-000070400e09"
    method: "GET"
    status: 404
    duration_ms: 4
[2026-09-27 23:24:03.734 -0300] INFO (5063): request completed
    route: "/v1/portal/requests/00000000-0000-7000-8000-000070400e09/receipt"
    method: "GET"
    status: 404
    duration_ms: 4
[2026-09-27 23:24:03.739 -0300] INFO (5063): request completed
    route: "/v1/portal/requests/00000000-0000-7000-8000-000070400e09/decision"
    method: "GET"
    status: 404
    duration_ms: 4
[2026-09-27 23:24:03.745 -0300] INFO (5063): request completed
    route: "/v1/portal/inbox"
    method: "GET"
    status: 200
    duration_ms: 5
[2026-09-27 23:24:03.751 -0300] INFO (5063): request completed
    route: "/v1/portal/sne/enrollment"
    method: "GET"
    status: 200
    duration_ms: 5
[2026-09-27 23:24:03.760 -0300] INFO (5063): request completed
    route: "/v1/portal/documents/cnh"
    method: "GET"
    status: 200
    duration_ms: 9
[2026-09-27 23:24:03.768 -0300] INFO (5063): request completed
    route: "/v1/portal/vehicles"
    method: "GET"
    status: 200
    duration_ms: 7
[2026-09-27 23:24:03.773 -0300] INFO (5063): request completed
    route: "/v1/portal/vehicles/00000000-0000-7000-8000-00007ff00001/clearance"
    method: "GET"
    status: 404
    duration_ms: 4
[2026-09-27 23:24:03.782 -0300] INFO (5063): request completed
    route: "/v1/portal/crashes"
    method: "GET"
    status: 200
    duration_ms: 8
[2026-09-27 23:24:03.788 -0300] INFO (5063): request completed
    route: "/v1/portal/crashes/00000000-0000-7000-8000-00007ff00003"
    method: "GET"
    status: 404
    duration_ms: 5
[2026-09-27 23:24:03.797 -0300] INFO (5063): request completed
    route: "/v1/portal/exams"
    method: "GET"
    status: 200
    duration_ms: 9
[2026-09-27 23:24:03.806 -0300] INFO (5063): request completed
    route: "/v1/portal/exams/00000000-0000-7000-8000-00007ff00002"
    method: "GET"
    status: 200
    duration_ms: 8
[2026-09-27 23:24:03.813 -0300] INFO (5063): request completed
    route: "/v1/portal/manifestations"
    method: "GET"
    status: 200
    duration_ms: 6
[2026-09-27 23:24:03.818 -0300] INFO (5063): request completed
    route: "/v1/portal/service-charter/manifestar/deadline"
    method: "GET"
    status: 200
    duration_ms: 4
[2026-09-27 23:24:03.824 -0300] INFO (5063): request completed
    route: "/v1/portal/identity/representations"
    method: "GET"
    status: 200
    duration_ms: 5
[2026-09-27 23:24:03.828 -0300] INFO (5063): request completed
    route: "/v1/portal/services"
    method: "GET"
    status: 200
    duration_ms: 3
[2026-09-27 23:24:03.834 -0300] INFO (5063): request completed
    route: "/v1/portal/aits/00000000-0000-7000-8000-0000f0000002"
    method: "GET"
    status: 200
    duration_ms: 5
[2026-09-27 23:24:03.839 -0300] INFO (5063): request completed
    route: "/v1/portal/aits/00000000-0000-7000-8000-0000f0000002/points"
    method: "GET"
    status: 200
    duration_ms: 4
[2026-09-27 23:24:03.844 -0300] INFO (5063): request completed
    route: "/v1/portal/points-summary"
    method: "GET"
    status: 200
    duration_ms: 4
[2026-09-27 23:24:03.850 -0300] INFO (5063): request completed
    route: "/v1/portal/requests"
    method: "GET"
    status: 200
    duration_ms: 5
[2026-09-27 23:24:03.857 -0300] INFO (5063): request completed
    route: "/v1/portal/requests/00000000-0000-7000-8000-000070400e09"
    method: "GET"
    status: 200
    duration_ms: 6
[2026-09-27 23:24:03.862 -0300] INFO (5063): request completed
    route: "/v1/portal/requests/00000000-0000-7000-8000-000070400e09/receipt"
    method: "GET"
    status: 404
    duration_ms: 4
[2026-09-27 23:24:03.868 -0300] INFO (5063): request completed
    route: "/v1/portal/requests/00000000-0000-7000-8000-000070400e09/decision"
    method: "GET"
    status: 200
    duration_ms: 5
[2026-09-27 23:24:03.873 -0300] INFO (5063): request completed
    route: "/v1/portal/inbox"
    method: "GET"
    status: 200
    duration_ms: 5
[2026-09-27 23:24:03.878 -0300] INFO (5063): request completed
    route: "/v1/portal/sne/enrollment"
    method: "GET"
    status: 200
    duration_ms: 4
[2026-09-27 23:24:03.888 -0300] INFO (5063): request completed
    route: "/v1/portal/documents/cnh"
    method: "GET"
    status: 200
    duration_ms: 9
[2026-09-27 23:24:03.897 -0300] INFO (5063): request completed
    route: "/v1/portal/vehicles"
    method: "GET"
    status: 200
    duration_ms: 9
[2026-09-27 23:24:03.904 -0300] INFO (5063): request completed
    route: "/v1/portal/vehicles/00000000-0000-7000-8000-00007ff00001/clearance"
    method: "GET"
    status: 503
    duration_ms: 6
[2026-09-27 23:24:03.912 -0300] INFO (5063): request completed
    route: "/v1/portal/crashes"
    method: "GET"
    status: 200
    duration_ms: 7
[2026-09-27 23:24:03.921 -0300] INFO (5063): request completed
    route: "/v1/portal/crashes/00000000-0000-7000-8000-00007ff00003"
    method: "GET"
    status: 200
    duration_ms: 8
[2026-09-27 23:24:03.930 -0300] INFO (5063): request completed
    route: "/v1/portal/exams"
    method: "GET"
    status: 200
    duration_ms: 8
[2026-09-27 23:24:03.936 -0300] INFO (5063): request completed
    route: "/v1/portal/exams/00000000-0000-7000-8000-00007ff00002"
    method: "GET"
    status: 404
    duration_ms: 5
[2026-09-27 23:24:03.944 -0300] INFO (5063): request completed
    route: "/v1/portal/manifestations"
    method: "GET"
    status: 200
    duration_ms: 7
[2026-09-27 23:24:03.948 -0300] INFO (5063): request completed
    route: "/v1/portal/service-charter/manifestar/deadline"
    method: "GET"
    status: 200
    duration_ms: 3
[2026-09-27 23:24:03.953 -0300] INFO (5063): request completed
    route: "/v1/portal/identity/representations"
    method: "GET"
    status: 200
    duration_ms: 4
[2026-09-27 23:24:03.957 -0300] INFO (5063): request completed
    route: "/v1/portal/services"
    method: "GET"
    status: 200
    duration_ms: 3
[2026-09-27 23:24:03.962 -0300] INFO (5063): request completed
    route: "/v1/portal/aits/00000000-0000-7000-8000-0000f0000002"
    method: "GET"
    status: 404
    duration_ms: 5
[2026-09-27 23:24:03.968 -0300] INFO (5063): request completed
    route: "/v1/portal/aits/00000000-0000-7000-8000-0000f0000002/points"
    method: "GET"
    status: 404
    duration_ms: 5
[2026-09-27 23:24:03.975 -0300] INFO (5063): request completed
    route: "/v1/portal/points-summary"
    method: "GET"
    status: 200
    duration_ms: 6
[2026-09-27 23:24:03.982 -0300] INFO (5063): request completed
    route: "/v1/portal/requests"
    method: "GET"
    status: 200
    duration_ms: 6
[2026-09-27 23:24:03.988 -0300] INFO (5063): request completed
    route: "/v1/portal/requests/00000000-0000-7000-8000-000070400e09"
    method: "GET"
    status: 404
    duration_ms: 5
[2026-09-27 23:24:03.992 -0300] INFO (5063): request completed
    route: "/v1/portal/requests/00000000-0000-7000-8000-000070400e09/receipt"
    method: "GET"
    status: 404
    duration_ms: 4
[2026-09-27 23:24:03.998 -0300] INFO (5063): request completed
    route: "/v1/portal/requests/00000000-0000-7000-8000-000070400e09/decision"
    method: "GET"
    status: 404
    duration_ms: 5
[2026-09-27 23:24:04.004 -0300] INFO (5063): request completed
    route: "/v1/portal/inbox"
    method: "GET"
    status: 200
    duration_ms: 5
[2026-09-27 23:24:04.009 -0300] INFO (5063): request completed
    route: "/v1/portal/sne/enrollment"
    method: "GET"
    status: 200
    duration_ms: 4
[2026-09-27 23:24:04.015 -0300] INFO (5063): request completed
    route: "/v1/portal/documents/cnh"
    method: "GET"
    status: 503
    duration_ms: 5
[2026-09-27 23:24:04.022 -0300] INFO (5063): request completed
    route: "/v1/portal/vehicles"
    method: "GET"
    status: 503
    duration_ms: 6
[2026-09-27 23:24:04.029 -0300] INFO (5063): request completed
    route: "/v1/portal/vehicles/00000000-0000-7000-8000-00007ff00001/clearance"
    method: "GET"
    status: 404
    duration_ms: 6
[2026-09-27 23:24:04.038 -0300] INFO (5063): request completed
    route: "/v1/portal/crashes"
    method: "GET"
    status: 200
    duration_ms: 9
[2026-09-27 23:24:04.043 -0300] INFO (5063): request completed
    route: "/v1/portal/crashes/00000000-0000-7000-8000-00007ff00003"
    method: "GET"
    status: 404
    duration_ms: 4
[2026-09-27 23:24:04.052 -0300] INFO (5063): request completed
    route: "/v1/portal/exams"
    method: "GET"
    status: 200
    duration_ms: 8
[2026-09-27 23:24:04.057 -0300] INFO (5063): request completed
    route: "/v1/portal/exams/00000000-0000-7000-8000-00007ff00002"
    method: "GET"
    status: 404
    duration_ms: 4
[2026-09-27 23:24:04.063 -0300] INFO (5063): request completed
    route: "/v1/portal/manifestations"
    method: "GET"
    status: 200
    duration_ms: 5
[2026-09-27 23:24:04.067 -0300] INFO (5063): request completed
    route: "/v1/portal/service-charter/manifestar/deadline"
    method: "GET"
    status: 200
    duration_ms: 3
[2026-09-27 23:24:04.072 -0300] INFO (5063): request completed
    route: "/v1/portal/identity/representations"
    method: "GET"
    status: 200
    duration_ms: 4
[2026-09-27 23:24:04.076 -0300] INFO (5063): request completed
    route: "/v1/portal/services"
    method: "GET"
    status: 200
    duration_ms: 4
[2026-09-27 23:24:04.080 -0300] INFO (5063): request completed
    route: "/v1/portal/aits/00000000-0000-7000-8000-0000f0000002"
    method: "GET"
    status: 404
    duration_ms: 3
[2026-09-27 23:24:04.086 -0300] INFO (5063): request completed
    route: "/v1/portal/aits/00000000-0000-7000-8000-0000f0000002/points"
    method: "GET"
    status: 404
    duration_ms: 5
[2026-09-27 23:24:04.091 -0300] INFO (5063): request completed
    route: "/v1/portal/points-summary"
    method: "GET"
    status: 200
    duration_ms: 5
[2026-09-27 23:24:04.098 -0300] INFO (5063): request completed
    route: "/v1/portal/requests"
    method: "GET"
    status: 200
    duration_ms: 6
[2026-09-27 23:24:04.102 -0300] INFO (5063): request completed
    route: "/v1/portal/requests/00000000-0000-7000-8000-000070400e09"
    method: "GET"
    status: 404
    duration_ms: 4
[2026-09-27 23:24:04.107 -0300] INFO (5063): request completed
    route: "/v1/portal/requests/00000000-0000-7000-8000-000070400e09/receipt"
    method: "GET"
    status: 404
    duration_ms: 4
[2026-09-27 23:24:04.112 -0300] INFO (5063): request completed
    route: "/v1/portal/requests/00000000-0000-7000-8000-000070400e09/decision"
    method: "GET"
    status: 404
    duration_ms: 4
[2026-09-27 23:24:04.118 -0300] INFO (5063): request completed
    route: "/v1/portal/inbox"
    method: "GET"
    status: 200
    duration_ms: 5
[2026-09-27 23:24:04.123 -0300] INFO (5063): request completed
    route: "/v1/portal/sne/enrollment"
    method: "GET"
    status: 200
    duration_ms: 4
[2026-09-27 23:24:04.133 -0300] INFO (5063): request completed
    route: "/v1/portal/documents/cnh"
    method: "GET"
    status: 200
    duration_ms: 8
[2026-09-27 23:24:04.141 -0300] INFO (5063): request completed
    route: "/v1/portal/vehicles"
    method: "GET"
    status: 200
    duration_ms: 8
[2026-09-27 23:24:04.147 -0300] INFO (5063): request completed
    route: "/v1/portal/vehicles/00000000-0000-7000-8000-00007ff00001/clearance"
    method: "GET"
    status: 404
    duration_ms: 5
[2026-09-27 23:24:04.155 -0300] INFO (5063): request completed
    route: "/v1/portal/crashes"
    method: "GET"
    status: 200
    duration_ms: 8
[2026-09-27 23:24:04.160 -0300] INFO (5063): request completed
    route: "/v1/portal/crashes/00000000-0000-7000-8000-00007ff00003"
    method: "GET"
    status: 404
    duration_ms: 4
[2026-09-27 23:24:04.168 -0300] INFO (5063): request completed
    route: "/v1/portal/exams"
    method: "GET"
    status: 200
    duration_ms: 7
[2026-09-27 23:24:04.176 -0300] INFO (5063): request completed
    route: "/v1/portal/exams/00000000-0000-7000-8000-00007ff00002"
    method: "GET"
    status: 200
    duration_ms: 7
[2026-09-27 23:24:04.183 -0300] INFO (5063): request completed
    route: "/v1/portal/manifestations"
    method: "GET"
    status: 200
    duration_ms: 6
[2026-09-27 23:24:04.187 -0300] INFO (5063): request completed
    route: "/v1/portal/service-charter/manifestar/deadline"
    method: "GET"
    status: 200
    duration_ms: 3
[2026-09-27 23:24:04.191 -0300] INFO (5063): request completed
    route: "/v1/portal/identity/representations"
    method: "GET"
    status: 200
    duration_ms: 3
[2026-09-27 23:24:04.195 -0300] INFO (5063): request completed
    route: "/v1/portal/services"
    method: "GET"
    status: 200
    duration_ms: 3
[2026-09-27 23:24:04.201 -0300] INFO (5063): request completed
    route: "/v1/portal/aits/00000000-0000-7000-8000-0000f0000002"
    method: "GET"
    status: 200
    duration_ms: 5
[2026-09-27 23:24:04.206 -0300] INFO (5063): request completed
    route: "/v1/portal/aits/00000000-0000-7000-8000-0000f0000002/points"
    method: "GET"
    status: 200
    duration_ms: 5
[2026-09-27 23:24:04.210 -0300] INFO (5063): request completed
    route: "/v1/portal/points-summary"
    method: "GET"
    status: 200
    duration_ms: 4
[2026-09-27 23:24:04.217 -0300] INFO (5063): request completed
    route: "/v1/portal/requests"
    method: "GET"
    status: 200
    duration_ms: 6
[2026-09-27 23:24:04.224 -0300] INFO (5063): request completed
    route: "/v1/portal/requests/00000000-0000-7000-8000-000070400e09"
    method: "GET"
    status: 200
    duration_ms: 6
[2026-09-27 23:24:04.230 -0300] INFO (5063): request completed
    route: "/v1/portal/requests/00000000-0000-7000-8000-000070400e09/receipt"
    method: "GET"
    status: 404
    duration_ms: 5
[2026-09-27 23:24:04.235 -0300] INFO (5063): request completed
    route: "/v1/portal/requests/00000000-0000-7000-8000-000070400e09/decision"
    method: "GET"
    status: 200
    duration_ms: 5
[2026-09-27 23:24:04.240 -0300] INFO (5063): request completed
    route: "/v1/portal/inbox"
    method: "GET"
    status: 200
    duration_ms: 4
[2026-09-27 23:24:04.245 -0300] INFO (5063): request completed
    route: "/v1/portal/sne/enrollment"
    method: "GET"
    status: 200
    duration_ms: 4
[2026-09-27 23:24:04.255 -0300] INFO (5063): request completed
    route: "/v1/portal/documents/cnh"
    method: "GET"
    status: 200
    duration_ms: 9
[2026-09-27 23:24:04.264 -0300] INFO (5063): request completed
    route: "/v1/portal/vehicles"
    method: "GET"
    status: 200
    duration_ms: 9
[2026-09-27 23:24:04.271 -0300] INFO (5063): request completed
    route: "/v1/portal/vehicles/00000000-0000-7000-8000-00007ff00001/clearance"
    method: "GET"
    status: 503
    duration_ms: 7
[2026-09-27 23:24:04.279 -0300] INFO (5063): request completed
    route: "/v1/portal/crashes"
    method: "GET"
    status: 200
    duration_ms: 7
[2026-09-27 23:24:04.288 -0300] INFO (5063): request completed
    route: "/v1/portal/crashes/00000000-0000-7000-8000-00007ff00003"
    method: "GET"
    status: 200
    duration_ms: 8
[2026-09-27 23:24:04.297 -0300] INFO (5063): request completed
    route: "/v1/portal/exams"
    method: "GET"
    status: 200
    duration_ms: 8
[2026-09-27 23:24:04.302 -0300] INFO (5063): request completed
    route: "/v1/portal/exams/00000000-0000-7000-8000-00007ff00002"
    method: "GET"
    status: 404
    duration_ms: 5
[2026-09-27 23:24:04.310 -0300] INFO (5063): request completed
    route: "/v1/portal/manifestations"
    method: "GET"
    status: 200
    duration_ms: 7
[2026-09-27 23:24:04.317 -0300] INFO (5063): request completed
    route: "/v1/portal/service-charter/manifestar/deadline"
    method: "GET"
    status: 200
    duration_ms: 6
[2026-09-27 23:24:04.323 -0300] INFO (5063): request completed
    route: "/v1/portal/identity/representations"
    method: "GET"
    status: 200
    duration_ms: 5
[2026-09-27 23:24:04.328 -0300] INFO (5063): request completed
    route: "/v1/portal/services"
    method: "GET"
    status: 200
    duration_ms: 4
[2026-09-27 23:24:04.333 -0300] INFO (5063): request completed
    route: "/v1/portal/aits/00000000-0000-7000-8000-0000f0000002"
    method: "GET"
    status: 404
    duration_ms: 4
[2026-09-27 23:24:04.338 -0300] INFO (5063): request completed
    route: "/v1/portal/aits/00000000-0000-7000-8000-0000f0000002/points"
    method: "GET"
    status: 404
    duration_ms: 5
[2026-09-27 23:24:04.344 -0300] INFO (5063): request completed
    route: "/v1/portal/points-summary"
    method: "GET"
    status: 200
    duration_ms: 5
[2026-09-27 23:24:04.350 -0300] INFO (5063): request completed
    route: "/v1/portal/requests"
    method: "GET"
    status: 200
    duration_ms: 5
[2026-09-27 23:24:04.356 -0300] INFO (5063): request completed
    route: "/v1/portal/requests/00000000-0000-7000-8000-000070400e09"
    method: "GET"
    status: 404
    duration_ms: 5
[2026-09-27 23:24:04.363 -0300] INFO (5063): request completed
    route: "/v1/portal/requests/00000000-0000-7000-8000-000070400e09/receipt"
    method: "GET"
    status: 404
    duration_ms: 5
[2026-09-27 23:24:04.368 -0300] INFO (5063): request completed
    route: "/v1/portal/requests/00000000-0000-7000-8000-000070400e09/decision"
    method: "GET"
    status: 404
    duration_ms: 4
[2026-09-27 23:24:04.374 -0300] INFO (5063): request completed
    route: "/v1/portal/inbox"
    method: "GET"
    status: 200
    duration_ms: 5
[2026-09-27 23:24:04.379 -0300] INFO (5063): request completed
    route: "/v1/portal/sne/enrollment"
    method: "GET"
    status: 200
    duration_ms: 4
[2026-09-27 23:24:04.386 -0300] INFO (5063): request completed
    route: "/v1/portal/documents/cnh"
    method: "GET"
    status: 503
    duration_ms: 6
[2026-09-27 23:24:04.392 -0300] INFO (5063): request completed
    route: "/v1/portal/vehicles"
    method: "GET"
    status: 503
    duration_ms: 5
[2026-09-27 23:24:04.398 -0300] INFO (5063): request completed
    route: "/v1/portal/vehicles/00000000-0000-7000-8000-00007ff00001/clearance"
    method: "GET"
    status: 404
    duration_ms: 5
[2026-09-27 23:24:04.407 -0300] INFO (5063): request completed
    route: "/v1/portal/crashes"
    method: "GET"
    status: 200
    duration_ms: 8
[2026-09-27 23:24:04.413 -0300] INFO (5063): request completed
    route: "/v1/portal/crashes/00000000-0000-7000-8000-00007ff00003"
    method: "GET"
    status: 404
    duration_ms: 5
[2026-09-27 23:24:04.421 -0300] INFO (5063): request completed
    route: "/v1/portal/exams"
    method: "GET"
    status: 200
    duration_ms: 7
[2026-09-27 23:24:04.428 -0300] INFO (5063): request completed
    route: "/v1/portal/exams/00000000-0000-7000-8000-00007ff00002"
    method: "GET"
    status: 404
    duration_ms: 6
[2026-09-27 23:24:04.435 -0300] INFO (5063): request completed
    route: "/v1/portal/manifestations"
    method: "GET"
    status: 200
    duration_ms: 6
[2026-09-27 23:24:04.440 -0300] INFO (5063): request completed
    route: "/v1/portal/service-charter/manifestar/deadline"
    method: "GET"
    status: 200
    duration_ms: 4
[2026-09-27 23:24:04.445 -0300] INFO (5063): request completed
    route: "/v1/portal/identity/representations"
    method: "GET"
    status: 200
    duration_ms: 5
[2026-09-27 23:24:04.449 -0300] INFO (5063): request completed
    route: "/v1/portal/services"
    method: "GET"
    status: 200
    duration_ms: 3
[2026-09-27 23:24:04.454 -0300] INFO (5063): request completed
    route: "/v1/portal/aits/00000000-0000-7000-8000-0000f0000002"
    method: "GET"
    status: 404
    duration_ms: 4
[2026-09-27 23:24:04.460 -0300] INFO (5063): request completed
    route: "/v1/portal/aits/00000000-0000-7000-8000-0000f0000002/points"
    method: "GET"
    status: 404
    duration_ms: 5
[2026-09-27 23:24:04.465 -0300] INFO (5063): request completed
    route: "/v1/portal/points-summary"
    method: "GET"
    status: 200
    duration_ms: 4
[2026-09-27 23:24:04.473 -0300] INFO (5063): request completed
    route: "/v1/portal/requests"
    method: "GET"
    status: 200
    duration_ms: 7
[2026-09-27 23:24:04.480 -0300] INFO (5063): request completed
    route: "/v1/portal/requests/00000000-0000-7000-8000-000070400e09"
    method: "GET"
    status: 404
    duration_ms: 7
[2026-09-27 23:24:04.485 -0300] INFO (5063): request completed
    route: "/v1/portal/requests/00000000-0000-7000-8000-000070400e09/receipt"
    method: "GET"
    status: 404
    duration_ms: 5
[2026-09-27 23:24:04.500 -0300] INFO (5063): request completed
    route: "/v1/portal/requests/00000000-0000-7000-8000-000070400e09/decision"
    method: "GET"
    status: 404
    duration_ms: 14
[2026-09-27 23:24:04.516 -0300] INFO (5063): request completed
    route: "/v1/portal/inbox"
    method: "GET"
    status: 200
    duration_ms: 14
[2026-09-27 23:24:04.532 -0300] INFO (5063): request completed
    route: "/v1/portal/sne/enrollment"
    method: "GET"
    status: 200
    duration_ms: 13
[2026-09-27 23:24:04.569 -0300] INFO (5063): request completed
    route: "/v1/portal/documents/cnh"
    method: "GET"
    status: 200
    duration_ms: 36
[2026-09-27 23:24:04.601 -0300] INFO (5063): request completed
    route: "/v1/portal/vehicles"
    method: "GET"
    status: 200
    duration_ms: 30
[2026-09-27 23:24:04.607 -0300] INFO (5063): request completed
    route: "/v1/portal/vehicles/00000000-0000-7000-8000-00007ff00001/clearance"
    method: "GET"
    status: 404
    duration_ms: 5
[2026-09-27 23:24:04.616 -0300] INFO (5063): request completed
    route: "/v1/portal/crashes"
    method: "GET"
    status: 200
    duration_ms: 9
[2026-09-27 23:24:04.621 -0300] INFO (5063): request completed
    route: "/v1/portal/crashes/00000000-0000-7000-8000-00007ff00003"
    method: "GET"
    status: 404
    duration_ms: 5
[2026-09-27 23:24:04.632 -0300] INFO (5063): request completed
    route: "/v1/portal/exams"
    method: "GET"
    status: 200
    duration_ms: 10
[2026-09-27 23:24:04.656 -0300] INFO (5063): request completed
    route: "/v1/portal/exams/00000000-0000-7000-8000-00007ff00002"
    method: "GET"
    status: 200
    duration_ms: 23
[2026-09-27 23:24:04.675 -0300] INFO (5063): request completed
    route: "/v1/portal/manifestations"
    method: "GET"
    status: 200
    duration_ms: 17
[2026-09-27 23:24:04.682 -0300] INFO (5063): request completed
    route: "/v1/portal/service-charter/manifestar/deadline"
    method: "GET"
    status: 200
    duration_ms: 6
[2026-09-27 23:24:04.689 -0300] INFO (5063): request completed
    route: "/v1/portal/identity/representations"
    method: "GET"
    status: 200
    duration_ms: 6
[2026-09-27 23:24:04.695 -0300] INFO (5063): request completed
    route: "/v1/portal/services"
    method: "GET"
    status: 200
    duration_ms: 5
[2026-09-27 23:24:04.711 -0300] INFO (5063): request completed
    route: "/v1/portal/aits/00000000-0000-7000-8000-0000f0000002"
    method: "GET"
    status: 200
    duration_ms: 15
[2026-09-27 23:24:04.722 -0300] INFO (5063): request completed
    route: "/v1/portal/aits/00000000-0000-7000-8000-0000f0000002/points"
    method: "GET"
    status: 200
    duration_ms: 10
[2026-09-27 23:24:04.729 -0300] INFO (5063): request completed
    route: "/v1/portal/points-summary"
    method: "GET"
    status: 200
    duration_ms: 6
[2026-09-27 23:24:04.736 -0300] INFO (5063): request completed
    route: "/v1/portal/requests"
    method: "GET"
    status: 200
    duration_ms: 7
[2026-09-27 23:24:04.745 -0300] INFO (5063): request completed
    route: "/v1/portal/requests/00000000-0000-7000-8000-000070400e09"
    method: "GET"
    status: 200
    duration_ms: 8
[2026-09-27 23:24:04.752 -0300] INFO (5063): request completed
    route: "/v1/portal/requests/00000000-0000-7000-8000-000070400e09/receipt"
    method: "GET"
    status: 404
    duration_ms: 6
[2026-09-27 23:24:04.758 -0300] INFO (5063): request completed
    route: "/v1/portal/requests/00000000-0000-7000-8000-000070400e09/decision"
    method: "GET"
    status: 200
    duration_ms: 6
[2026-09-27 23:24:04.764 -0300] INFO (5063): request completed
    route: "/v1/portal/inbox"
    method: "GET"
    status: 200
    duration_ms: 6
[2026-09-27 23:24:04.769 -0300] INFO (5063): request completed
    route: "/v1/portal/sne/enrollment"
    method: "GET"
    status: 200
    duration_ms: 5
[2026-09-27 23:24:04.778 -0300] INFO (5063): request completed
    route: "/v1/portal/documents/cnh"
    method: "GET"
    status: 200
    duration_ms: 9
[2026-09-27 23:24:04.790 -0300] INFO (5063): request completed
    route: "/v1/portal/vehicles"
    method: "GET"
    status: 200
    duration_ms: 11
[2026-09-27 23:24:04.798 -0300] INFO (5063): request completed
    route: "/v1/portal/vehicles/00000000-0000-7000-8000-00007ff00001/clearance"
    method: "GET"
    status: 503
    duration_ms: 7
[2026-09-27 23:24:04.806 -0300] INFO (5063): request completed
    route: "/v1/portal/crashes"
    method: "GET"
    status: 200
    duration_ms: 8
[2026-09-27 23:24:04.815 -0300] INFO (5063): request completed
    route: "/v1/portal/crashes/00000000-0000-7000-8000-00007ff00003"
    method: "GET"
    status: 200
    duration_ms: 8
[2026-09-27 23:24:04.824 -0300] INFO (5063): request completed
    route: "/v1/portal/exams"
    method: "GET"
    status: 200
    duration_ms: 8
[2026-09-27 23:24:04.830 -0300] INFO (5063): request completed
    route: "/v1/portal/exams/00000000-0000-7000-8000-00007ff00002"
    method: "GET"
    status: 404
    duration_ms: 5
[2026-09-27 23:24:04.838 -0300] INFO (5063): request completed
    route: "/v1/portal/manifestations"
    method: "GET"
    status: 200
    duration_ms: 7
[2026-09-27 23:24:04.843 -0300] INFO (5063): request completed
    route: "/v1/portal/service-charter/manifestar/deadline"
    method: "GET"
    status: 200
    duration_ms: 5
[2026-09-27 23:24:04.848 -0300] INFO (5063): request completed
    route: "/v1/portal/identity/representations"
    method: "GET"
    status: 200
    duration_ms: 4
[2026-09-27 23:24:04.853 -0300] INFO (5063): request completed
    route: "/v1/portal/services"
    method: "GET"
    status: 200
    duration_ms: 4
[2026-09-27 23:24:04.858 -0300] INFO (5063): request completed
    route: "/v1/portal/aits/00000000-0000-7000-8000-0000f0000002"
    method: "GET"
    status: 404
    duration_ms: 4
[2026-09-27 23:24:04.863 -0300] INFO (5063): request completed
    route: "/v1/portal/aits/00000000-0000-7000-8000-0000f0000002/points"
    method: "GET"
    status: 404
    duration_ms: 5
[2026-09-27 23:24:04.868 -0300] INFO (5063): request completed
    route: "/v1/portal/points-summary"
    method: "GET"
    status: 200
    duration_ms: 5
[2026-09-27 23:24:04.875 -0300] INFO (5063): request completed
    route: "/v1/portal/requests"
    method: "GET"
    status: 200
    duration_ms: 6
[2026-09-27 23:24:04.880 -0300] INFO (5063): request completed
    route: "/v1/portal/requests/00000000-0000-7000-8000-000070400e09"
    method: "GET"
    status: 404
    duration_ms: 5
[2026-09-27 23:24:04.885 -0300] INFO (5063): request completed
    route: "/v1/portal/requests/00000000-0000-7000-8000-000070400e09/receipt"
    method: "GET"
    status: 404
    duration_ms: 4
[2026-09-27 23:24:04.890 -0300] INFO (5063): request completed
    route: "/v1/portal/requests/00000000-0000-7000-8000-000070400e09/decision"
    method: "GET"
    status: 404
    duration_ms: 4
[2026-09-27 23:24:04.896 -0300] INFO (5063): request completed
    route: "/v1/portal/inbox"
    method: "GET"
    status: 200
    duration_ms: 5
[2026-09-27 23:24:04.901 -0300] INFO (5063): request completed
    route: "/v1/portal/sne/enrollment"
    method: "GET"
    status: 200
    duration_ms: 4
[2026-09-27 23:24:04.907 -0300] INFO (5063): request completed
    route: "/v1/portal/documents/cnh"
    method: "GET"
    status: 503
    duration_ms: 5
[2026-09-27 23:24:04.913 -0300] INFO (5063): request completed
    route: "/v1/portal/vehicles"
    method: "GET"
    status: 503
    duration_ms: 6
[2026-09-27 23:24:04.918 -0300] INFO (5063): request completed
    route: "/v1/portal/vehicles/00000000-0000-7000-8000-00007ff00001/clearance"
    method: "GET"
    status: 404
    duration_ms: 5
[2026-09-27 23:24:04.929 -0300] INFO (5063): request completed
    route: "/v1/portal/crashes"
    method: "GET"
    status: 200
    duration_ms: 10
[2026-09-27 23:24:04.934 -0300] INFO (5063): request completed
    route: "/v1/portal/crashes/00000000-0000-7000-8000-00007ff00003"
    method: "GET"
    status: 404
    duration_ms: 5
[2026-09-27 23:24:04.941 -0300] INFO (5063): request completed
    route: "/v1/portal/exams"
    method: "GET"
    status: 200
    duration_ms: 7
[2026-09-27 23:24:04.947 -0300] INFO (5063): request completed
    route: "/v1/portal/exams/00000000-0000-7000-8000-00007ff00002"
    method: "GET"
    status: 404
    duration_ms: 5
[2026-09-27 23:24:04.954 -0300] INFO (5063): request completed
    route: "/v1/portal/manifestations"
    method: "GET"
    status: 200
    duration_ms: 7
[2026-09-27 23:24:04.958 -0300] INFO (5063): request completed
    route: "/v1/portal/service-charter/manifestar/deadline"
    method: "GET"
    status: 200
    duration_ms: 3
[2026-09-27 23:24:04.964 -0300] INFO (5063): request completed
    route: "/v1/portal/identity/representations"
    method: "GET"
    status: 200
    duration_ms: 5
[2026-09-27 23:24:04.969 -0300] INFO (5063): request completed
    route: "/v1/portal/services"
    method: "GET"
    status: 200
    duration_ms: 4
[2026-09-27 23:24:04.974 -0300] INFO (5063): request completed
    route: "/v1/portal/aits/00000000-0000-7000-8000-0000f0000002"
    method: "GET"
    status: 404
    duration_ms: 4
[2026-09-27 23:24:04.980 -0300] INFO (5063): request completed
    route: "/v1/portal/aits/00000000-0000-7000-8000-0000f0000002/points"
    method: "GET"
    status: 404
    duration_ms: 5
[2026-09-27 23:24:04.986 -0300] INFO (5063): request completed
    route: "/v1/portal/points-summary"
    method: "GET"
    status: 200
    duration_ms: 5
[2026-09-27 23:24:04.994 -0300] INFO (5063): request completed
    route: "/v1/portal/requests"
    method: "GET"
    status: 200
    duration_ms: 6
[2026-09-27 23:24:04.999 -0300] INFO (5063): request completed
    route: "/v1/portal/requests/00000000-0000-7000-8000-000070400e09"
    method: "GET"
    status: 404
    duration_ms: 5
[2026-09-27 23:24:05.005 -0300] INFO (5063): request completed
    route: "/v1/portal/requests/00000000-0000-7000-8000-000070400e09/receipt"
    method: "GET"
    status: 404
    duration_ms: 5
[2026-09-27 23:24:05.011 -0300] INFO (5063): request completed
    route: "/v1/portal/requests/00000000-0000-7000-8000-000070400e09/decision"
    method: "GET"
    status: 404
    duration_ms: 6
[2026-09-27 23:24:05.018 -0300] INFO (5063): request completed
    route: "/v1/portal/inbox"
    method: "GET"
    status: 200
    duration_ms: 6
[2026-09-27 23:24:05.024 -0300] INFO (5063): request completed
    route: "/v1/portal/sne/enrollment"
    method: "GET"
    status: 200
    duration_ms: 5
[2026-09-27 23:24:05.034 -0300] INFO (5063): request completed
    route: "/v1/portal/documents/cnh"
    method: "GET"
    status: 200
    duration_ms: 10
[2026-09-27 23:24:05.043 -0300] INFO (5063): request completed
    route: "/v1/portal/vehicles"
    method: "GET"
    status: 200
    duration_ms: 8
[2026-09-27 23:24:05.050 -0300] INFO (5063): request completed
    route: "/v1/portal/vehicles/00000000-0000-7000-8000-00007ff00001/clearance"
    method: "GET"
    status: 404
    duration_ms: 6
[2026-09-27 23:24:05.058 -0300] INFO (5063): request completed
    route: "/v1/portal/crashes"
    method: "GET"
    status: 200
    duration_ms: 7
[2026-09-27 23:24:05.063 -0300] INFO (5063): request completed
    route: "/v1/portal/crashes/00000000-0000-7000-8000-00007ff00003"
    method: "GET"
    status: 404
    duration_ms: 4
[2026-09-27 23:24:05.072 -0300] INFO (5063): request completed
    route: "/v1/portal/exams"
    method: "GET"
    status: 200
    duration_ms: 8
[2026-09-27 23:24:05.080 -0300] INFO (5063): request completed
    route: "/v1/portal/exams/00000000-0000-7000-8000-00007ff00002"
    method: "GET"
    status: 200
    duration_ms: 8
[2026-09-27 23:24:05.088 -0300] INFO (5063): request completed
    route: "/v1/portal/manifestations"
    method: "GET"
    status: 200
    duration_ms: 7
[2026-09-27 23:24:05.092 -0300] INFO (5063): request completed
    route: "/v1/portal/service-charter/manifestar/deadline"
    method: "GET"
    status: 200
    duration_ms: 3
[2026-09-27 23:24:05.098 -0300] INFO (5063): request completed
    route: "/v1/portal/identity/representations"
    method: "GET"
    status: 200
    duration_ms: 5
[2026-09-27 23:24:05.102 -0300] INFO (5063): request completed
    route: "/v1/portal/services"
    method: "GET"
    status: 200
    duration_ms: 3
[2026-09-27 23:24:05.112 -0300] INFO (5063): request completed
    route: "/v1/portal/aits/00000000-0000-7000-8000-0000f0000002"
    method: "GET"
    status: 200
    duration_ms: 9
[2026-09-27 23:24:05.119 -0300] INFO (5063): request completed
    route: "/v1/portal/aits/00000000-0000-7000-8000-0000f0000002/points"
    method: "GET"
    status: 200
    duration_ms: 6
[2026-09-27 23:24:05.124 -0300] INFO (5063): request completed
    route: "/v1/portal/points-summary"
    method: "GET"
    status: 200
    duration_ms: 4
[2026-09-27 23:24:05.131 -0300] INFO (5063): request completed
    route: "/v1/portal/requests"
    method: "GET"
    status: 200
    duration_ms: 6
[2026-09-27 23:24:05.138 -0300] INFO (5063): request completed
    route: "/v1/portal/requests/00000000-0000-7000-8000-000070400e09"
    method: "GET"
    status: 200
    duration_ms: 7
[2026-09-27 23:24:05.144 -0300] INFO (5063): request completed
    route: "/v1/portal/requests/00000000-0000-7000-8000-000070400e09/receipt"
    method: "GET"
    status: 404
    duration_ms: 6
[2026-09-27 23:24:05.151 -0300] INFO (5063): request completed
    route: "/v1/portal/requests/00000000-0000-7000-8000-000070400e09/decision"
    method: "GET"
    status: 200
    duration_ms: 7
[2026-09-27 23:24:05.157 -0300] INFO (5063): request completed
    route: "/v1/portal/inbox"
    method: "GET"
    status: 200
    duration_ms: 5
[2026-09-27 23:24:05.162 -0300] INFO (5063): request completed
    route: "/v1/portal/sne/enrollment"
    method: "GET"
    status: 200
    duration_ms: 4
[2026-09-27 23:24:05.171 -0300] INFO (5063): request completed
    route: "/v1/portal/documents/cnh"
    method: "GET"
    status: 200
    duration_ms: 8
[2026-09-27 23:24:05.180 -0300] INFO (5063): request completed
    route: "/v1/portal/vehicles"
    method: "GET"
    status: 200
    duration_ms: 8
[2026-09-27 23:24:05.187 -0300] INFO (5063): request completed
    route: "/v1/portal/vehicles/00000000-0000-7000-8000-00007ff00001/clearance"
    method: "GET"
    status: 503
    duration_ms: 6
[2026-09-27 23:24:05.197 -0300] INFO (5063): request completed
    route: "/v1/portal/crashes"
    method: "GET"
    status: 200
    duration_ms: 9
[2026-09-27 23:24:05.206 -0300] INFO (5063): request completed
    route: "/v1/portal/crashes/00000000-0000-7000-8000-00007ff00003"
    method: "GET"
    status: 200
    duration_ms: 8
[2026-09-27 23:24:05.215 -0300] INFO (5063): request completed
    route: "/v1/portal/exams"
    method: "GET"
    status: 200
    duration_ms: 8
[2026-09-27 23:24:05.222 -0300] INFO (5063): request completed
    route: "/v1/portal/exams/00000000-0000-7000-8000-00007ff00002"
    method: "GET"
    status: 404
    duration_ms: 6
[2026-09-27 23:24:05.231 -0300] INFO (5063): request completed
    route: "/v1/portal/manifestations"
    method: "GET"
    status: 200
    duration_ms: 8
[2026-09-27 23:24:05.237 -0300] INFO (5063): request completed
    route: "/v1/portal/service-charter/manifestar/deadline"
    method: "GET"
    status: 200
    duration_ms: 5
[2026-09-27 23:24:05.242 -0300] INFO (5063): request completed
    route: "/v1/portal/identity/representations"
    method: "GET"
    status: 200
    duration_ms: 4
[2026-09-27 23:24:05.248 -0300] INFO (5063): request completed
    route: "/v1/portal/services"
    method: "GET"
    status: 200
    duration_ms: 5
[2026-09-27 23:24:05.253 -0300] INFO (5063): request completed
    route: "/v1/portal/aits/00000000-0000-7000-8000-0000f0000002"
    method: "GET"
    status: 404
    duration_ms: 5
[2026-09-27 23:24:05.259 -0300] INFO (5063): request completed
    route: "/v1/portal/aits/00000000-0000-7000-8000-0000f0000002/points"
    method: "GET"
    status: 404
    duration_ms: 5
[2026-09-27 23:24:05.265 -0300] INFO (5063): request completed
    route: "/v1/portal/points-summary"
    method: "GET"
    status: 200
    duration_ms: 5
[2026-09-27 23:24:05.272 -0300] INFO (5063): request completed
    route: "/v1/portal/requests"
    method: "GET"
    status: 200
    duration_ms: 6
[2026-09-27 23:24:05.277 -0300] INFO (5063): request completed
    route: "/v1/portal/requests/00000000-0000-7000-8000-000070400e09"
    method: "GET"
    status: 404
    duration_ms: 4
[2026-09-27 23:24:05.282 -0300] INFO (5063): request completed
    route: "/v1/portal/requests/00000000-0000-7000-8000-000070400e09/receipt"
    method: "GET"
    status: 404
    duration_ms: 4
[2026-09-27 23:24:05.288 -0300] INFO (5063): request completed
    route: "/v1/portal/requests/00000000-0000-7000-8000-000070400e09/decision"
    method: "GET"
    status: 404
    duration_ms: 5
[2026-09-27 23:24:05.295 -0300] INFO (5063): request completed
    route: "/v1/portal/inbox"
    method: "GET"
    status: 200
    duration_ms: 6
[2026-09-27 23:24:05.301 -0300] INFO (5063): request completed
    route: "/v1/portal/sne/enrollment"
    method: "GET"
    status: 200
    duration_ms: 5
[2026-09-27 23:24:05.309 -0300] INFO (5063): request completed
    route: "/v1/portal/documents/cnh"
    method: "GET"
    status: 503
    duration_ms: 7
[2026-09-27 23:24:05.315 -0300] INFO (5063): request completed
    route: "/v1/portal/vehicles"
    method: "GET"
    status: 503
    duration_ms: 6
[2026-09-27 23:24:05.321 -0300] INFO (5063): request completed
    route: "/v1/portal/vehicles/00000000-0000-7000-8000-00007ff00001/clearance"
    method: "GET"
    status: 404
    duration_ms: 6
[2026-09-27 23:24:05.332 -0300] INFO (5063): request completed
    route: "/v1/portal/crashes"
    method: "GET"
    status: 200
    duration_ms: 10
[2026-09-27 23:24:05.340 -0300] INFO (5063): request completed
    route: "/v1/portal/crashes/00000000-0000-7000-8000-00007ff00003"
    method: "GET"
    status: 404
    duration_ms: 7
[2026-09-27 23:24:05.349 -0300] INFO (5063): request completed
    route: "/v1/portal/exams"
    method: "GET"
    status: 200
    duration_ms: 8
[2026-09-27 23:24:05.355 -0300] INFO (5063): request completed
    route: "/v1/portal/exams/00000000-0000-7000-8000-00007ff00002"
    method: "GET"
    status: 404
    duration_ms: 5
[2026-09-27 23:24:05.363 -0300] INFO (5063): request completed
    route: "/v1/portal/manifestations"
    method: "GET"
    status: 200
    duration_ms: 7
[2026-09-27 23:24:05.368 -0300] INFO (5063): request completed
    route: "/v1/portal/service-charter/manifestar/deadline"
    method: "GET"
    status: 200
    duration_ms: 4
[2026-09-27 23:24:05.374 -0300] INFO (5063): request completed
    route: "/v1/portal/identity/representations"
    method: "GET"
    status: 200
    duration_ms: 5
[2026-09-27 23:24:05.379 -0300] INFO (5063): request completed
    route: "/v1/portal/services"
    method: "GET"
    status: 200
    duration_ms: 5
[2026-09-27 23:24:05.384 -0300] INFO (5063): request completed
    route: "/v1/portal/aits/00000000-0000-7000-8000-0000f0000002"
    method: "GET"
    status: 404
    duration_ms: 4
[2026-09-27 23:24:05.390 -0300] INFO (5063): request completed
    route: "/v1/portal/aits/00000000-0000-7000-8000-0000f0000002/points"
    method: "GET"
    status: 404
    duration_ms: 5
[2026-09-27 23:24:05.396 -0300] INFO (5063): request completed
    route: "/v1/portal/points-summary"
    method: "GET"
    status: 200
    duration_ms: 5
[2026-09-27 23:24:05.404 -0300] INFO (5063): request completed
    route: "/v1/portal/requests"
    method: "GET"
    status: 200
    duration_ms: 7
[2026-09-27 23:24:05.409 -0300] INFO (5063): request completed
    route: "/v1/portal/requests/00000000-0000-7000-8000-000070400e09"
    method: "GET"
    status: 404
    duration_ms: 5
[2026-09-27 23:24:05.415 -0300] INFO (5063): request completed
    route: "/v1/portal/requests/00000000-0000-7000-8000-000070400e09/receipt"
    method: "GET"
    status: 404
    duration_ms: 5
[2026-09-27 23:24:05.421 -0300] INFO (5063): request completed
    route: "/v1/portal/requests/00000000-0000-7000-8000-000070400e09/decision"
    method: "GET"
    status: 404
    duration_ms: 6
[2026-09-27 23:24:05.427 -0300] INFO (5063): request completed
    route: "/v1/portal/inbox"
    method: "GET"
    status: 200
    duration_ms: 6
[2026-09-27 23:24:05.433 -0300] INFO (5063): request completed
    route: "/v1/portal/sne/enrollment"
    method: "GET"
    status: 200
    duration_ms: 5
[2026-09-27 23:24:05.445 -0300] INFO (5063): request completed
    route: "/v1/portal/documents/cnh"
    method: "GET"
    status: 200
    duration_ms: 11
[2026-09-27 23:24:05.456 -0300] INFO (5063): request completed
    route: "/v1/portal/vehicles"
    method: "GET"
    status: 200
    duration_ms: 10
[2026-09-27 23:24:05.461 -0300] INFO (5063): request completed
    route: "/v1/portal/vehicles/00000000-0000-7000-8000-00007ff00001/clearance"
    method: "GET"
    status: 404
    duration_ms: 5
[2026-09-27 23:24:05.470 -0300] INFO (5063): request completed
    route: "/v1/portal/crashes"
    method: "GET"
    status: 200
    duration_ms: 8
[2026-09-27 23:24:05.477 -0300] INFO (5063): request completed
    route: "/v1/portal/crashes/00000000-0000-7000-8000-00007ff00003"
    method: "GET"
    status: 404
    duration_ms: 6
[2026-09-27 23:24:05.488 -0300] INFO (5063): request completed
    route: "/v1/portal/exams"
    method: "GET"
    status: 200
    duration_ms: 10
[2026-09-27 23:24:05.499 -0300] INFO (5063): request completed
    route: "/v1/portal/exams/00000000-0000-7000-8000-00007ff00002"
    method: "GET"
    status: 200
    duration_ms: 10
[2026-09-27 23:24:05.508 -0300] INFO (5063): request completed
    route: "/v1/portal/manifestations"
    method: "GET"
    status: 200
    duration_ms: 8
[2026-09-27 23:24:05.514 -0300] INFO (5063): request completed
    route: "/v1/portal/service-charter/manifestar/deadline"
    method: "GET"
    status: 200
    duration_ms: 5
[2026-09-27 23:24:05.520 -0300] INFO (5063): request completed
    route: "/v1/portal/identity/representations"
    method: "GET"
    status: 200
    duration_ms: 5
[2026-09-27 23:24:05.524 -0300] INFO (5063): request completed
    route: "/v1/portal/services"
    method: "GET"
    status: 200
    duration_ms: 3
[2026-09-27 23:24:05.532 -0300] INFO (5063): request completed
    route: "/v1/portal/aits/00000000-0000-7000-8000-0000f0000002"
    method: "GET"
    status: 200
    duration_ms: 7
[2026-09-27 23:24:05.539 -0300] INFO (5063): request completed
    route: "/v1/portal/aits/00000000-0000-7000-8000-0000f0000002/points"
    method: "GET"
    status: 200
    duration_ms: 6
[2026-09-27 23:24:05.545 -0300] INFO (5063): request completed
    route: "/v1/portal/points-summary"
    method: "GET"
    status: 200
    duration_ms: 6
[2026-09-27 23:24:05.553 -0300] INFO (5063): request completed
    route: "/v1/portal/requests"
    method: "GET"
    status: 200
    duration_ms: 7
[2026-09-27 23:24:05.561 -0300] INFO (5063): request completed
    route: "/v1/portal/requests/00000000-0000-7000-8000-000070400e09"
    method: "GET"
    status: 200
    duration_ms: 7
[2026-09-27 23:24:05.567 -0300] INFO (5063): request completed
    route: "/v1/portal/requests/00000000-0000-7000-8000-000070400e09/receipt"
    method: "GET"
    status: 404
    duration_ms: 5
[2026-09-27 23:24:05.575 -0300] INFO (5063): request completed
    route: "/v1/portal/requests/00000000-0000-7000-8000-000070400e09/decision"
    method: "GET"
    status: 200
    duration_ms: 6
[2026-09-27 23:24:05.582 -0300] INFO (5063): request completed
    route: "/v1/portal/inbox"
    method: "GET"
    status: 200
    duration_ms: 7
[2026-09-27 23:24:05.589 -0300] INFO (5063): request completed
    route: "/v1/portal/sne/enrollment"
    method: "GET"
    status: 200
    duration_ms: 6
[2026-09-27 23:24:05.601 -0300] INFO (5063): request completed
    route: "/v1/portal/documents/cnh"
    method: "GET"
    status: 200
    duration_ms: 11
[2026-09-27 23:24:05.612 -0300] INFO (5063): request completed
    route: "/v1/portal/vehicles"
    method: "GET"
    status: 200
    duration_ms: 10
[2026-09-27 23:24:05.623 -0300] INFO (5063): request completed
    route: "/v1/portal/vehicles/00000000-0000-7000-8000-00007ff00001/clearance"
    method: "GET"
    status: 503
    duration_ms: 10
[2026-09-27 23:24:05.635 -0300] INFO (5063): request completed
    route: "/v1/portal/crashes"
    method: "GET"
    status: 200
    duration_ms: 11
[2026-09-27 23:24:05.646 -0300] INFO (5063): request completed
    route: "/v1/portal/crashes/00000000-0000-7000-8000-00007ff00003"
    method: "GET"
    status: 200
    duration_ms: 10
[2026-09-27 23:24:05.656 -0300] INFO (5063): request completed
    route: "/v1/portal/exams"
    method: "GET"
    status: 200
    duration_ms: 9
[2026-09-27 23:24:05.663 -0300] INFO (5063): request completed
    route: "/v1/portal/exams/00000000-0000-7000-8000-00007ff00002"
    method: "GET"
    status: 404
    duration_ms: 6
[2026-09-27 23:24:05.671 -0300] INFO (5063): request completed
    route: "/v1/portal/manifestations"
    method: "GET"
    status: 200
    duration_ms: 7
[2026-09-27 23:24:05.676 -0300] INFO (5063): request completed
    route: "/v1/portal/service-charter/manifestar/deadline"
    method: "GET"
    status: 200
    duration_ms: 4
[2026-09-27 23:24:05.681 -0300] INFO (5063): request completed
    route: "/v1/portal/identity/representations"
    method: "GET"
    status: 200
    duration_ms: 4
[2026-09-27 23:24:05.686 -0300] INFO (5063): request completed
    route: "/v1/portal/services"
    method: "GET"
    status: 200
    duration_ms: 4
[2026-09-27 23:24:05.691 -0300] INFO (5063): request completed
    route: "/v1/portal/aits/00000000-0000-7000-8000-0000f0000002"
    method: "GET"
    status: 404
    duration_ms: 4
[2026-09-27 23:24:05.697 -0300] INFO (5063): request completed
    route: "/v1/portal/aits/00000000-0000-7000-8000-0000f0000002/points"
    method: "GET"
    status: 404
    duration_ms: 5
[2026-09-27 23:24:05.703 -0300] INFO (5063): request completed
    route: "/v1/portal/points-summary"
    method: "GET"
    status: 200
    duration_ms: 5
[2026-09-27 23:24:05.711 -0300] INFO (5063): request completed
    route: "/v1/portal/requests"
    method: "GET"
    status: 200
    duration_ms: 7
[2026-09-27 23:24:05.717 -0300] INFO (5063): request completed
    route: "/v1/portal/requests/00000000-0000-7000-8000-000070400e09"
    method: "GET"
    status: 404
    duration_ms: 5
[2026-09-27 23:24:05.723 -0300] INFO (5063): request completed
    route: "/v1/portal/requests/00000000-0000-7000-8000-000070400e09/receipt"
    method: "GET"
    status: 404
    duration_ms: 5
[2026-09-27 23:24:05.730 -0300] INFO (5063): request completed
    route: "/v1/portal/requests/00000000-0000-7000-8000-000070400e09/decision"
    method: "GET"
    status: 404
    duration_ms: 6
[2026-09-27 23:24:05.737 -0300] INFO (5063): request completed
    route: "/v1/portal/inbox"
    method: "GET"
    status: 200
    duration_ms: 7
[2026-09-27 23:24:05.743 -0300] INFO (5063): request completed
    route: "/v1/portal/sne/enrollment"
    method: "GET"
    status: 200
    duration_ms: 6
[2026-09-27 23:24:05.750 -0300] INFO (5063): request completed
    route: "/v1/portal/documents/cnh"
    method: "GET"
    status: 503
    duration_ms: 6
[2026-09-27 23:24:05.757 -0300] INFO (5063): request completed
    route: "/v1/portal/vehicles"
    method: "GET"
    status: 503
    duration_ms: 6
[2026-09-27 23:24:05.763 -0300] INFO (5063): request completed
    route: "/v1/portal/vehicles/00000000-0000-7000-8000-00007ff00001/clearance"
    method: "GET"
    status: 404
    duration_ms: 5
[2026-09-27 23:24:05.773 -0300] INFO (5063): request completed
    route: "/v1/portal/crashes"
    method: "GET"
    status: 200
    duration_ms: 9
[2026-09-27 23:24:05.779 -0300] INFO (5063): request completed
    route: "/v1/portal/crashes/00000000-0000-7000-8000-00007ff00003"
    method: "GET"
    status: 404
    duration_ms: 5
[2026-09-27 23:24:05.788 -0300] INFO (5063): request completed
    route: "/v1/portal/exams"
    method: "GET"
    status: 200
    duration_ms: 8
[2026-09-27 23:24:05.794 -0300] INFO (5063): request completed
    route: "/v1/portal/exams/00000000-0000-7000-8000-00007ff00002"
    method: "GET"
    status: 404
    duration_ms: 5
[2026-09-27 23:24:05.800 -0300] INFO (5063): request completed
    route: "/v1/portal/manifestations"
    method: "GET"
    status: 200
    duration_ms: 5
[2026-09-27 23:24:05.805 -0300] INFO (5063): request completed
    route: "/v1/portal/service-charter/manifestar/deadline"
    method: "GET"
    status: 200
    duration_ms: 4
[2026-09-27 23:24:05.810 -0300] INFO (5063): request completed
    route: "/v1/portal/identity/representations"
    method: "GET"
    status: 200
    duration_ms: 4
[2026-09-27 23:24:05.815 -0300] INFO (5063): request completed
    route: "/v1/portal/services"
    method: "GET"
    status: 200
    duration_ms: 4
[2026-09-27 23:24:05.821 -0300] INFO (5063): request completed
    route: "/v1/portal/aits/00000000-0000-7000-8000-0000f0000002"
    method: "GET"
    status: 404
    duration_ms: 5
[2026-09-27 23:24:05.827 -0300] INFO (5063): request completed
    route: "/v1/portal/aits/00000000-0000-7000-8000-0000f0000002/points"
    method: "GET"
    status: 404
    duration_ms: 5
[2026-09-27 23:24:05.834 -0300] INFO (5063): request completed
    route: "/v1/portal/points-summary"
    method: "GET"
    status: 200
    duration_ms: 6
[2026-09-27 23:24:05.844 -0300] INFO (5063): request completed
    route: "/v1/portal/requests"
    method: "GET"
    status: 200
    duration_ms: 9
[2026-09-27 23:24:05.850 -0300] INFO (5063): request completed
    route: "/v1/portal/requests/00000000-0000-7000-8000-000070400e09"
    method: "GET"
    status: 404
    duration_ms: 5
[2026-09-27 23:24:05.856 -0300] INFO (5063): request completed
    route: "/v1/portal/requests/00000000-0000-7000-8000-000070400e09/receipt"
    method: "GET"
    status: 404
    duration_ms: 5
[2026-09-27 23:24:05.863 -0300] INFO (5063): request completed
    route: "/v1/portal/requests/00000000-0000-7000-8000-000070400e09/decision"
    method: "GET"
    status: 404
    duration_ms: 6
[2026-09-27 23:24:05.870 -0300] INFO (5063): request completed
    route: "/v1/portal/inbox"
    method: "GET"
    status: 200
    duration_ms: 6
[2026-09-27 23:24:05.875 -0300] INFO (5063): request completed
    route: "/v1/portal/sne/enrollment"
    method: "GET"
    status: 200
    duration_ms: 4
[2026-09-27 23:24:05.888 -0300] INFO (5063): request completed
    route: "/v1/portal/documents/cnh"
    method: "GET"
    status: 200
    duration_ms: 12
[2026-09-27 23:24:05.898 -0300] INFO (5063): request completed
    route: "/v1/portal/vehicles"
    method: "GET"
    status: 200
    duration_ms: 9
[2026-09-27 23:24:05.904 -0300] INFO (5063): request completed
    route: "/v1/portal/vehicles/00000000-0000-7000-8000-00007ff00001/clearance"
    method: "GET"
    status: 404
    duration_ms: 6
[2026-09-27 23:24:05.913 -0300] INFO (5063): request completed
    route: "/v1/portal/crashes"
    method: "GET"
    status: 200
    duration_ms: 8
[2026-09-27 23:24:05.919 -0300] INFO (5063): request completed
    route: "/v1/portal/crashes/00000000-0000-7000-8000-00007ff00003"
    method: "GET"
    status: 404
    duration_ms: 5
[2026-09-27 23:24:05.929 -0300] INFO (5063): request completed
    route: "/v1/portal/exams"
    method: "GET"
    status: 200
    duration_ms: 9
[2026-09-27 23:24:05.940 -0300] INFO (5063): request completed
    route: "/v1/portal/exams/00000000-0000-7000-8000-00007ff00002"
    method: "GET"
    status: 200
    duration_ms: 10
[2026-09-27 23:24:05.947 -0300] INFO (5063): request completed
    route: "/v1/portal/manifestations"
    method: "GET"
    status: 200
    duration_ms: 6
[2026-09-27 23:24:05.953 -0300] INFO (5063): request completed
    route: "/v1/portal/service-charter/manifestar/deadline"
    method: "GET"
    status: 200
    duration_ms: 5
[2026-09-27 23:24:05.959 -0300] INFO (5063): request completed
    route: "/v1/portal/identity/representations"
    method: "GET"
    status: 200
    duration_ms: 5
[2026-09-27 23:24:05.964 -0300] INFO (5063): request completed
    route: "/v1/portal/services"
    method: "GET"
    status: 200
    duration_ms: 4
[2026-09-27 23:24:05.971 -0300] INFO (5063): request completed
    route: "/v1/portal/aits/00000000-0000-7000-8000-0000f0000002"
    method: "GET"
    status: 200
    duration_ms: 7
[2026-09-27 23:24:05.978 -0300] INFO (5063): request completed
    route: "/v1/portal/aits/00000000-0000-7000-8000-0000f0000002/points"
    method: "GET"
    status: 200
    duration_ms: 6
[2026-09-27 23:24:05.984 -0300] INFO (5063): request completed
    route: "/v1/portal/points-summary"
    method: "GET"
    status: 200
    duration_ms: 4
[2026-09-27 23:24:05.992 -0300] INFO (5063): request completed
    route: "/v1/portal/requests"
    method: "GET"
    status: 200
    duration_ms: 7
[2026-09-27 23:24:06.001 -0300] INFO (5063): request completed
    route: "/v1/portal/requests/00000000-0000-7000-8000-000070400e09"
    method: "GET"
    status: 200
    duration_ms: 8
[2026-09-27 23:24:06.009 -0300] INFO (5063): request completed
    route: "/v1/portal/requests/00000000-0000-7000-8000-000070400e09/receipt"
    method: "GET"
    status: 404
    duration_ms: 7
[2026-09-27 23:24:06.015 -0300] INFO (5063): request completed
    route: "/v1/portal/requests/00000000-0000-7000-8000-000070400e09/decision"
    method: "GET"
    status: 200
    duration_ms: 5
[2026-09-27 23:24:06.021 -0300] INFO (5063): request completed
    route: "/v1/portal/inbox"
    method: "GET"
    status: 200
    duration_ms: 5
[2026-09-27 23:24:06.027 -0300] INFO (5063): request completed
    route: "/v1/portal/sne/enrollment"
    method: "GET"
    status: 200
    duration_ms: 5
[2026-09-27 23:24:06.039 -0300] INFO (5063): request completed
    route: "/v1/portal/documents/cnh"
    method: "GET"
    status: 200
    duration_ms: 11
[2026-09-27 23:24:06.069 -0300] INFO (5063): request completed
    route: "/v1/portal/vehicles"
    method: "GET"
    status: 200
    duration_ms: 30
[2026-09-27 23:24:06.078 -0300] INFO (5063): request completed
    route: "/v1/portal/vehicles/00000000-0000-7000-8000-00007ff00001/clearance"
    method: "GET"
    status: 503
    duration_ms: 8
[2026-09-27 23:24:06.088 -0300] INFO (5063): request completed
    route: "/v1/portal/crashes"
    method: "GET"
    status: 200
    duration_ms: 9
[2026-09-27 23:24:06.099 -0300] INFO (5063): request completed
    route: "/v1/portal/crashes/00000000-0000-7000-8000-00007ff00003"
    method: "GET"
    status: 200
    duration_ms: 10
[2026-09-27 23:24:06.110 -0300] INFO (5063): request completed
    route: "/v1/portal/exams"
    method: "GET"
    status: 200
    duration_ms: 9
[2026-09-27 23:24:06.116 -0300] INFO (5063): request completed
    route: "/v1/portal/exams/00000000-0000-7000-8000-00007ff00002"
    method: "GET"
    status: 404
    duration_ms: 5
[2026-09-27 23:24:06.124 -0300] INFO (5063): request completed
    route: "/v1/portal/manifestations"
    method: "GET"
    status: 200
    duration_ms: 7
[2026-09-27 23:24:06.128 -0300] INFO (5063): request completed
    route: "/v1/portal/service-charter/manifestar/deadline"
    method: "GET"
    status: 200
    duration_ms: 4
[2026-09-27 23:24:06.134 -0300] INFO (5063): request completed
    route: "/v1/portal/identity/representations"
    method: "GET"
    status: 200
    duration_ms: 5
[2026-09-27 23:24:06.139 -0300] INFO (5063): request completed
    route: "/v1/portal/services"
    method: "GET"
    status: 200
    duration_ms: 4
[2026-09-27 23:24:06.145 -0300] INFO (5063): request completed
    route: "/v1/portal/aits/00000000-0000-7000-8000-0000f0000002"
    method: "GET"
    status: 404
    duration_ms: 5
[2026-09-27 23:24:06.152 -0300] INFO (5063): request completed
    route: "/v1/portal/aits/00000000-0000-7000-8000-0000f0000002/points"
    method: "GET"
    status: 404
    duration_ms: 6
[2026-09-27 23:24:06.158 -0300] INFO (5063): request completed
    route: "/v1/portal/points-summary"
    method: "GET"
    status: 200
    duration_ms: 5
[2026-09-27 23:24:06.165 -0300] INFO (5063): request completed
    route: "/v1/portal/requests"
    method: "GET"
    status: 200
    duration_ms: 6
[2026-09-27 23:24:06.171 -0300] INFO (5063): request completed
    route: "/v1/portal/requests/00000000-0000-7000-8000-000070400e09"
    method: "GET"
    status: 404
    duration_ms: 5
[2026-09-27 23:24:06.181 -0300] INFO (5063): request completed
    route: "/v1/portal/requests/00000000-0000-7000-8000-000070400e09/receipt"
    method: "GET"
    status: 404
    duration_ms: 9
[2026-09-27 23:24:06.189 -0300] INFO (5063): request completed
    route: "/v1/portal/requests/00000000-0000-7000-8000-000070400e09/decision"
    method: "GET"
    status: 404
    duration_ms: 7
[2026-09-27 23:24:06.198 -0300] INFO (5063): request completed
    route: "/v1/portal/inbox"
    method: "GET"
    status: 200
    duration_ms: 8
[2026-09-27 23:24:06.204 -0300] INFO (5063): request completed
    route: "/v1/portal/sne/enrollment"
    method: "GET"
    status: 200
    duration_ms: 5
[2026-09-27 23:24:06.210 -0300] INFO (5063): request completed
    route: "/v1/portal/documents/cnh"
    method: "GET"
    status: 503
    duration_ms: 6
[2026-09-27 23:24:06.217 -0300] INFO (5063): request completed
    route: "/v1/portal/vehicles"
    method: "GET"
    status: 503
    duration_ms: 6
[2026-09-27 23:24:06.224 -0300] INFO (5063): request completed
    route: "/v1/portal/vehicles/00000000-0000-7000-8000-00007ff00001/clearance"
    method: "GET"
    status: 404
    duration_ms: 7
[2026-09-27 23:24:06.234 -0300] INFO (5063): request completed
    route: "/v1/portal/crashes"
    method: "GET"
    status: 200
    duration_ms: 9
[2026-09-27 23:24:06.240 -0300] INFO (5063): request completed
    route: "/v1/portal/crashes/00000000-0000-7000-8000-00007ff00003"
    method: "GET"
    status: 404
    duration_ms: 5
[2026-09-27 23:24:06.255 -0300] INFO (5063): request completed
    route: "/v1/portal/exams"
    method: "GET"
    status: 200
    duration_ms: 14
[2026-09-27 23:24:06.261 -0300] INFO (5063): request completed
    route: "/v1/portal/exams/00000000-0000-7000-8000-00007ff00002"
    method: "GET"
    status: 404
    duration_ms: 5
[2026-09-27 23:24:06.268 -0300] INFO (5063): request completed
    route: "/v1/portal/manifestations"
    method: "GET"
    status: 200
    duration_ms: 6
[2026-09-27 23:24:06.273 -0300] INFO (5063): request completed
    route: "/v1/portal/service-charter/manifestar/deadline"
    method: "GET"
    status: 200
    duration_ms: 4
[2026-09-27 23:24:06.279 -0300] INFO (5063): request completed
    route: "/v1/portal/identity/representations"
    method: "GET"
    status: 200
    duration_ms: 5
[2026-09-27 23:24:06.284 -0300] INFO (5063): request completed
    route: "/v1/portal/services"
    method: "GET"
    status: 200
    duration_ms: 4
[2026-09-27 23:24:06.289 -0300] INFO (5063): request completed
    route: "/v1/portal/aits/00000000-0000-7000-8000-0000f0000002"
    method: "GET"
    status: 404
    duration_ms: 5
[2026-09-27 23:24:06.295 -0300] INFO (5063): request completed
    route: "/v1/portal/aits/00000000-0000-7000-8000-0000f0000002/points"
    method: "GET"
    status: 404
    duration_ms: 5
[2026-09-27 23:24:06.300 -0300] INFO (5063): request completed
    route: "/v1/portal/points-summary"
    method: "GET"
    status: 200
    duration_ms: 4
[2026-09-27 23:24:06.307 -0300] INFO (5063): request completed
    route: "/v1/portal/requests"
    method: "GET"
    status: 200
    duration_ms: 6
[2026-09-27 23:24:06.313 -0300] INFO (5063): request completed
    route: "/v1/portal/requests/00000000-0000-7000-8000-000070400e09"
    method: "GET"
    status: 404
    duration_ms: 5
[2026-09-27 23:24:06.318 -0300] INFO (5063): request completed
    route: "/v1/portal/requests/00000000-0000-7000-8000-000070400e09/receipt"
    method: "GET"
    status: 404
    duration_ms: 4
[2026-09-27 23:24:06.325 -0300] INFO (5063): request completed
    route: "/v1/portal/requests/00000000-0000-7000-8000-000070400e09/decision"
    method: "GET"
    status: 404
    duration_ms: 6
[2026-09-27 23:24:06.332 -0300] INFO (5063): request completed
    route: "/v1/portal/inbox"
    method: "GET"
    status: 200
    duration_ms: 6
[2026-09-27 23:24:06.338 -0300] INFO (5063): request completed
    route: "/v1/portal/sne/enrollment"
    method: "GET"
    status: 200
    duration_ms: 5
[2026-09-27 23:24:06.350 -0300] INFO (5063): request completed
    route: "/v1/portal/documents/cnh"
    method: "GET"
    status: 200
    duration_ms: 11
[2026-09-27 23:24:06.360 -0300] INFO (5063): request completed
    route: "/v1/portal/vehicles"
    method: "GET"
    status: 200
    duration_ms: 9
[2026-09-27 23:24:06.366 -0300] INFO (5063): request completed
    route: "/v1/portal/vehicles/00000000-0000-7000-8000-00007ff00001/clearance"
    method: "GET"
    status: 404
    duration_ms: 5
[2026-09-27 23:24:06.376 -0300] INFO (5063): request completed
    route: "/v1/portal/crashes"
    method: "GET"
    status: 200
    duration_ms: 10
[2026-09-27 23:24:06.382 -0300] INFO (5063): request completed
    route: "/v1/portal/crashes/00000000-0000-7000-8000-00007ff00003"
    method: "GET"
    status: 404
    duration_ms: 5
[2026-09-27 23:24:06.391 -0300] INFO (5063): request completed
    route: "/v1/portal/exams"
    method: "GET"
    status: 200
    duration_ms: 8
[2026-09-27 23:24:06.403 -0300] INFO (5063): request completed
    route: "/v1/portal/exams/00000000-0000-7000-8000-00007ff00002"
    method: "GET"
    status: 200
    duration_ms: 11
[2026-09-27 23:24:06.411 -0300] INFO (5063): request completed
    route: "/v1/portal/manifestations"
    method: "GET"
    status: 200
    duration_ms: 7
[2026-09-27 23:24:06.415 -0300] INFO (5063): request completed
    route: "/v1/portal/service-charter/manifestar/deadline"
    method: "GET"
    status: 200
    duration_ms: 3
[2026-09-27 23:24:06.421 -0300] INFO (5063): request completed
    route: "/v1/portal/identity/representations"
    method: "GET"
    status: 200
    duration_ms: 5
[2026-09-27 23:24:06.425 -0300] INFO (5063): request completed
    route: "/v1/portal/services"
    method: "GET"
    status: 200
    duration_ms: 3
[2026-09-27 23:24:06.433 -0300] INFO (5063): request completed
    route: "/v1/portal/aits/00000000-0000-7000-8000-0000f0000002"
    method: "GET"
    status: 200
    duration_ms: 6
[2026-09-27 23:24:06.439 -0300] INFO (5063): request completed
    route: "/v1/portal/aits/00000000-0000-7000-8000-0000f0000002/points"
    method: "GET"
    status: 200
    duration_ms: 5
[2026-09-27 23:24:06.445 -0300] INFO (5063): request completed
    route: "/v1/portal/points-summary"
    method: "GET"
    status: 200
    duration_ms: 5
[2026-09-27 23:24:06.453 -0300] INFO (5063): request completed
    route: "/v1/portal/requests"
    method: "GET"
    status: 200
    duration_ms: 7
[2026-09-27 23:24:06.460 -0300] INFO (5063): request completed
    route: "/v1/portal/requests/00000000-0000-7000-8000-000070400e09"
    method: "GET"
    status: 200
    duration_ms: 7
[2026-09-27 23:24:06.467 -0300] INFO (5063): request completed
    route: "/v1/portal/requests/00000000-0000-7000-8000-000070400e09/receipt"
    method: "GET"
    status: 404
    duration_ms: 6
[2026-09-27 23:24:06.474 -0300] INFO (5063): request completed
    route: "/v1/portal/requests/00000000-0000-7000-8000-000070400e09/decision"
    method: "GET"
    status: 200
    duration_ms: 6
[2026-09-27 23:24:06.480 -0300] INFO (5063): request completed
    route: "/v1/portal/inbox"
    method: "GET"
    status: 200
    duration_ms: 5
[2026-09-27 23:24:06.486 -0300] INFO (5063): request completed
    route: "/v1/portal/sne/enrollment"
    method: "GET"
    status: 200
    duration_ms: 5
[2026-09-27 23:24:06.497 -0300] INFO (5063): request completed
    route: "/v1/portal/documents/cnh"
    method: "GET"
    status: 200
    duration_ms: 10
[2026-09-27 23:24:06.507 -0300] INFO (5063): request completed
    route: "/v1/portal/vehicles"
    method: "GET"
    status: 200
    duration_ms: 10
[2026-09-27 23:24:06.514 -0300] INFO (5063): request completed
    route: "/v1/portal/vehicles/00000000-0000-7000-8000-00007ff00001/clearance"
    method: "GET"
    status: 503
    duration_ms: 6
[2026-09-27 23:24:06.524 -0300] INFO (5063): request completed
    route: "/v1/portal/crashes"
    method: "GET"
    status: 200
    duration_ms: 9
[2026-09-27 23:24:06.534 -0300] INFO (5063): request completed
    route: "/v1/portal/crashes/00000000-0000-7000-8000-00007ff00003"
    method: "GET"
    status: 200
    duration_ms: 9
[2026-09-27 23:24:06.542 -0300] INFO (5063): request completed
    route: "/v1/portal/exams"
    method: "GET"
    status: 200
    duration_ms: 7
[2026-09-27 23:24:06.548 -0300] INFO (5063): request completed
    route: "/v1/portal/exams/00000000-0000-7000-8000-00007ff00002"
    method: "GET"
    status: 404
    duration_ms: 5
[2026-09-27 23:24:06.555 -0300] INFO (5063): request completed
    route: "/v1/portal/manifestations"
    method: "GET"
    status: 200
    duration_ms: 7
[2026-09-27 23:24:06.559 -0300] INFO (5063): request completed
    route: "/v1/portal/service-charter/manifestar/deadline"
    method: "GET"
    status: 200
    duration_ms: 3
[2026-09-27 23:24:06.564 -0300] INFO (5063): request completed
    route: "/v1/portal/identity/representations"
    method: "GET"
    status: 200
    duration_ms: 4
[2026-09-27 23:24:06.569 -0300] INFO (5063): request completed
    route: "/v1/portal/services"
    method: "GET"
    status: 200
    duration_ms: 4
[2026-09-27 23:24:06.574 -0300] INFO (5063): request completed
    route: "/v1/portal/aits/00000000-0000-7000-8000-0000f0000002"
    method: "GET"
    status: 404
    duration_ms: 4
[2026-09-27 23:24:06.580 -0300] INFO (5063): request completed
    route: "/v1/portal/aits/00000000-0000-7000-8000-0000f0000002/points"
    method: "GET"
    status: 404
    duration_ms: 5
[2026-09-27 23:24:06.586 -0300] INFO (5063): request completed
    route: "/v1/portal/points-summary"
    method: "GET"
    status: 200
    duration_ms: 5
[2026-09-27 23:24:06.593 -0300] INFO (5063): request completed
    route: "/v1/portal/requests"
    method: "GET"
    status: 200
    duration_ms: 6
[2026-09-27 23:24:06.600 -0300] INFO (5063): request completed
    route: "/v1/portal/requests/00000000-0000-7000-8000-000070400e09"
    method: "GET"
    status: 404
    duration_ms: 6
[2026-09-27 23:24:06.606 -0300] INFO (5063): request completed
    route: "/v1/portal/requests/00000000-0000-7000-8000-000070400e09/receipt"
    method: "GET"
    status: 404
    duration_ms: 5
[2026-09-27 23:24:06.615 -0300] INFO (5063): request completed
    route: "/v1/portal/requests/00000000-0000-7000-8000-000070400e09/decision"
    method: "GET"
    status: 404
    duration_ms: 8
[2026-09-27 23:24:06.623 -0300] INFO (5063): request completed
    route: "/v1/portal/inbox"
    method: "GET"
    status: 200
    duration_ms: 7
[2026-09-27 23:24:06.629 -0300] INFO (5063): request completed
    route: "/v1/portal/sne/enrollment"
    method: "GET"
    status: 200
    duration_ms: 5
[2026-09-27 23:24:06.636 -0300] INFO (5063): request completed
    route: "/v1/portal/documents/cnh"
    method: "GET"
    status: 503
    duration_ms: 7
[2026-09-27 23:24:06.643 -0300] INFO (5063): request completed
    route: "/v1/portal/vehicles"
    method: "GET"
    status: 503
    duration_ms: 6
[2026-09-27 23:24:06.650 -0300] INFO (5063): request completed
    route: "/v1/portal/vehicles/00000000-0000-7000-8000-00007ff00001/clearance"
    method: "GET"
    status: 404
    duration_ms: 6
[2026-09-27 23:24:06.659 -0300] INFO (5063): request completed
    route: "/v1/portal/crashes"
    method: "GET"
    status: 200
    duration_ms: 8
[2026-09-27 23:24:06.665 -0300] INFO (5063): request completed
    route: "/v1/portal/crashes/00000000-0000-7000-8000-00007ff00003"
    method: "GET"
    status: 404
    duration_ms: 5
[2026-09-27 23:24:06.674 -0300] INFO (5063): request completed
    route: "/v1/portal/exams"
    method: "GET"
    status: 200
    duration_ms: 9
[2026-09-27 23:24:06.680 -0300] INFO (5063): request completed
    route: "/v1/portal/exams/00000000-0000-7000-8000-00007ff00002"
    method: "GET"
    status: 404
    duration_ms: 5
[2026-09-27 23:24:06.687 -0300] INFO (5063): request completed
    route: "/v1/portal/manifestations"
    method: "GET"
    status: 200
    duration_ms: 6
[2026-09-27 23:24:06.691 -0300] INFO (5063): request completed
    route: "/v1/portal/service-charter/manifestar/deadline"
    method: "GET"
    status: 200
    duration_ms: 3
[2026-09-27 23:24:06.698 -0300] INFO (5063): request completed
    route: "/v1/portal/identity/representations"
    method: "GET"
    status: 200
    duration_ms: 6
[2026-09-27 23:24:06.709 -0300] INFO (5063): request completed
    route: "/v1/portal/services"
    method: "GET"
    status: 200
    duration_ms: 10
[2026-09-27 23:24:06.716 -0300] INFO (5063): request completed
    route: "/v1/portal/aits/00000000-0000-7000-8000-0000f0000002"
    method: "GET"
    status: 404
    duration_ms: 6
[2026-09-27 23:24:06.722 -0300] INFO (5063): request completed
    route: "/v1/portal/aits/00000000-0000-7000-8000-0000f0000002/points"
    method: "GET"
    status: 404
    duration_ms: 5
[2026-09-27 23:24:06.729 -0300] INFO (5063): request completed
    route: "/v1/portal/points-summary"
    method: "GET"
    status: 200
    duration_ms: 5
[2026-09-27 23:24:06.737 -0300] INFO (5063): request completed
    route: "/v1/portal/requests"
    method: "GET"
    status: 200
    duration_ms: 6
[2026-09-27 23:24:06.742 -0300] INFO (5063): request completed
    route: "/v1/portal/requests/00000000-0000-7000-8000-000070400e09"
    method: "GET"
    status: 404
    duration_ms: 4
[2026-09-27 23:24:06.750 -0300] INFO (5063): request completed
    route: "/v1/portal/requests/00000000-0000-7000-8000-000070400e09/receipt"
    method: "GET"
    status: 404
    duration_ms: 7
[2026-09-27 23:24:06.756 -0300] INFO (5063): request completed
    route: "/v1/portal/requests/00000000-0000-7000-8000-000070400e09/decision"
    method: "GET"
    status: 404
    duration_ms: 5
[2026-09-27 23:24:06.763 -0300] INFO (5063): request completed
    route: "/v1/portal/inbox"
    method: "GET"
    status: 200
    duration_ms: 6
[2026-09-27 23:24:06.768 -0300] INFO (5063): request completed
    route: "/v1/portal/sne/enrollment"
    method: "GET"
    status: 200
    duration_ms: 4
[2026-09-27 23:24:06.779 -0300] INFO (5063): request completed
    route: "/v1/portal/documents/cnh"
    method: "GET"
    status: 200
    duration_ms: 10
[2026-09-27 23:24:06.789 -0300] INFO (5063): request completed
    route: "/v1/portal/vehicles"
    method: "GET"
    status: 200
    duration_ms: 9
[2026-09-27 23:24:06.795 -0300] INFO (5063): request completed
    route: "/v1/portal/vehicles/00000000-0000-7000-8000-00007ff00001/clearance"
    method: "GET"
    status: 404
    duration_ms: 5
[2026-09-27 23:24:06.804 -0300] INFO (5063): request completed
    route: "/v1/portal/crashes"
    method: "GET"
    status: 200
    duration_ms: 9
[2026-09-27 23:24:06.809 -0300] INFO (5063): request completed
    route: "/v1/portal/crashes/00000000-0000-7000-8000-00007ff00003"
    method: "GET"
    status: 404
    duration_ms: 4
[2026-09-27 23:24:06.817 -0300] INFO (5063): request completed
    route: "/v1/portal/exams"
    method: "GET"
    status: 200
    duration_ms: 7
[2026-09-27 23:24:06.828 -0300] INFO (5063): request completed
    route: "/v1/portal/exams/00000000-0000-7000-8000-00007ff00002"
    method: "GET"
    status: 200
    duration_ms: 10
[2026-09-27 23:24:06.835 -0300] INFO (5063): request completed
    route: "/v1/portal/manifestations"
    method: "GET"
    status: 200
    duration_ms: 6
[2026-09-27 23:24:06.839 -0300] INFO (5063): request completed
    route: "/v1/portal/service-charter/manifestar/deadline"
    method: "GET"
    status: 200
    duration_ms: 3
[2026-09-27 23:24:06.845 -0300] INFO (5063): request completed
    route: "/v1/portal/identity/representations"
    method: "GET"
    status: 200
    duration_ms: 5
[2026-09-27 23:24:06.850 -0300] INFO (5063): request completed
    route: "/v1/portal/services"
    method: "GET"
    status: 200
    duration_ms: 4
[2026-09-27 23:24:06.856 -0300] INFO (5063): request completed
    route: "/v1/portal/aits/00000000-0000-7000-8000-0000f0000002"
    method: "GET"
    status: 200
    duration_ms: 5
[2026-09-27 23:24:06.862 -0300] INFO (5063): request completed
    route: "/v1/portal/aits/00000000-0000-7000-8000-0000f0000002/points"
    method: "GET"
    status: 200
    duration_ms: 5
[2026-09-27 23:24:06.867 -0300] INFO (5063): request completed
    route: "/v1/portal/points-summary"
    method: "GET"
    status: 200
    duration_ms: 4
[2026-09-27 23:24:06.873 -0300] INFO (5063): request completed
    route: "/v1/portal/requests"
    method: "GET"
    status: 200
    duration_ms: 5
[2026-09-27 23:24:06.881 -0300] INFO (5063): request completed
    route: "/v1/portal/requests/00000000-0000-7000-8000-000070400e09"
    method: "GET"
    status: 200
    duration_ms: 7
[2026-09-27 23:24:06.887 -0300] INFO (5063): request completed
    route: "/v1/portal/requests/00000000-0000-7000-8000-000070400e09/receipt"
    method: "GET"
    status: 404
    duration_ms: 5
[2026-09-27 23:24:06.894 -0300] INFO (5063): request completed
    route: "/v1/portal/requests/00000000-0000-7000-8000-000070400e09/decision"
    method: "GET"
    status: 200
    duration_ms: 6
[2026-09-27 23:24:06.900 -0300] INFO (5063): request completed
    route: "/v1/portal/inbox"
    method: "GET"
    status: 200
    duration_ms: 5
[2026-09-27 23:24:06.905 -0300] INFO (5063): request completed
    route: "/v1/portal/sne/enrollment"
    method: "GET"
    status: 200
    duration_ms: 5
[2026-09-27 23:24:06.915 -0300] INFO (5063): request completed
    route: "/v1/portal/documents/cnh"
    method: "GET"
    status: 200
    duration_ms: 9
[2026-09-27 23:24:06.925 -0300] INFO (5063): request completed
    route: "/v1/portal/vehicles"
    method: "GET"
    status: 200
    duration_ms: 9
[2026-09-27 23:24:06.933 -0300] INFO (5063): request completed
    route: "/v1/portal/vehicles/00000000-0000-7000-8000-00007ff00001/clearance"
    method: "GET"
    status: 503
    duration_ms: 7
[2026-09-27 23:24:06.943 -0300] INFO (5063): request completed
    route: "/v1/portal/crashes"
    method: "GET"
    status: 200
    duration_ms: 9
[2026-09-27 23:24:06.952 -0300] INFO (5063): request completed
    route: "/v1/portal/crashes/00000000-0000-7000-8000-00007ff00003"
    method: "GET"
    status: 200
    duration_ms: 8
[2026-09-27 23:24:06.961 -0300] INFO (5063): request completed
    route: "/v1/portal/exams"
    method: "GET"
    status: 200
    duration_ms: 8
[2026-09-27 23:24:06.966 -0300] INFO (5063): request completed
    route: "/v1/portal/exams/00000000-0000-7000-8000-00007ff00002"
    method: "GET"
    status: 404
    duration_ms: 4
[2026-09-27 23:24:06.973 -0300] INFO (5063): request completed
    route: "/v1/portal/manifestations"
    method: "GET"
    status: 200
    duration_ms: 6
[2026-09-27 23:24:06.978 -0300] INFO (5063): request completed
    route: "/v1/portal/service-charter/manifestar/deadline"
    method: "GET"
    status: 200
    duration_ms: 4
[2026-09-27 23:24:06.983 -0300] INFO (5063): request completed
    route: "/v1/portal/identity/representations"
    method: "GET"
    status: 200
    duration_ms: 4
[2026-09-27 23:24:06.988 -0300] INFO (5063): request completed
    route: "/v1/portal/services"
    method: "GET"
    status: 200
    duration_ms: 4
[2026-09-27 23:24:06.993 -0300] INFO (5063): request completed
    route: "/v1/portal/aits/00000000-0000-7000-8000-0000f0000002"
    method: "GET"
    status: 404
    duration_ms: 4
[2026-09-27 23:24:06.998 -0300] INFO (5063): request completed
    route: "/v1/portal/aits/00000000-0000-7000-8000-0000f0000002/points"
    method: "GET"
    status: 404
    duration_ms: 4
[2026-09-27 23:24:07.004 -0300] INFO (5063): request completed
    route: "/v1/portal/points-summary"
    method: "GET"
    status: 200
    duration_ms: 5
[2026-09-27 23:24:07.011 -0300] INFO (5063): request completed
    route: "/v1/portal/requests"
    method: "GET"
    status: 200
    duration_ms: 6
[2026-09-27 23:24:07.016 -0300] INFO (5063): request completed
    route: "/v1/portal/requests/00000000-0000-7000-8000-000070400e09"
    method: "GET"
    status: 404
    duration_ms: 4
[2026-09-27 23:24:07.022 -0300] INFO (5063): request completed
    route: "/v1/portal/requests/00000000-0000-7000-8000-000070400e09/receipt"
    method: "GET"
    status: 404
    duration_ms: 5
[2026-09-27 23:24:07.027 -0300] INFO (5063): request completed
    route: "/v1/portal/requests/00000000-0000-7000-8000-000070400e09/decision"
    method: "GET"
    status: 404
    duration_ms: 5
[2026-09-27 23:24:07.033 -0300] INFO (5063): request completed
    route: "/v1/portal/inbox"
    method: "GET"
    status: 200
    duration_ms: 5
[2026-09-27 23:24:07.039 -0300] INFO (5063): request completed
    route: "/v1/portal/sne/enrollment"
    method: "GET"
    status: 200
    duration_ms: 5
[2026-09-27 23:24:07.046 -0300] INFO (5063): request completed
    route: "/v1/portal/documents/cnh"
    method: "GET"
    status: 503
    duration_ms: 7
[2026-09-27 23:24:07.054 -0300] INFO (5063): request completed
    route: "/v1/portal/vehicles"
    method: "GET"
    status: 503
    duration_ms: 7
[2026-09-27 23:24:07.061 -0300] INFO (5063): request completed
    route: "/v1/portal/vehicles/00000000-0000-7000-8000-00007ff00001/clearance"
    method: "GET"
    status: 404
    duration_ms: 6
[2026-09-27 23:24:07.072 -0300] INFO (5063): request completed
    route: "/v1/portal/crashes"
    method: "GET"
    status: 200
    duration_ms: 10
[2026-09-27 23:24:07.078 -0300] INFO (5063): request completed
    route: "/v1/portal/crashes/00000000-0000-7000-8000-00007ff00003"
    method: "GET"
    status: 404
    duration_ms: 5
[2026-09-27 23:24:07.087 -0300] INFO (5063): request completed
    route: "/v1/portal/exams"
    method: "GET"
    status: 200
    duration_ms: 8
[2026-09-27 23:24:07.093 -0300] INFO (5063): request completed
    route: "/v1/portal/exams/00000000-0000-7000-8000-00007ff00002"
    method: "GET"
    status: 404
    duration_ms: 5
[2026-09-27 23:24:07.101 -0300] INFO (5063): request completed
    route: "/v1/portal/manifestations"
    method: "GET"
    status: 200
    duration_ms: 7
[2026-09-27 23:24:07.106 -0300] INFO (5063): request completed
    route: "/v1/portal/service-charter/manifestar/deadline"
    method: "GET"
    status: 200
    duration_ms: 4
[2026-09-27 23:24:07.112 -0300] INFO (5063): request completed
    route: "/v1/portal/identity/representations"
    method: "GET"
    status: 200
    duration_ms: 5
[2026-09-27 23:24:07.117 -0300] INFO (5063): request completed
    route: "/v1/portal/services"
    method: "GET"
    status: 200
    duration_ms: 4
[2026-09-27 23:24:07.122 -0300] INFO (5063): request completed
    route: "/v1/portal/aits/00000000-0000-7000-8000-0000f0000002"
    method: "GET"
    status: 404
    duration_ms: 4
[2026-09-27 23:24:07.128 -0300] INFO (5063): request completed
    route: "/v1/portal/aits/00000000-0000-7000-8000-0000f0000002/points"
    method: "GET"
    status: 404
    duration_ms: 5
[2026-09-27 23:24:07.134 -0300] INFO (5063): request completed
    route: "/v1/portal/points-summary"
    method: "GET"
    status: 200
    duration_ms: 5
[2026-09-27 23:24:07.140 -0300] INFO (5063): request completed
    route: "/v1/portal/requests"
    method: "GET"
    status: 200
    duration_ms: 6
[2026-09-27 23:24:07.146 -0300] INFO (5063): request completed
    route: "/v1/portal/requests/00000000-0000-7000-8000-000070400e09"
    method: "GET"
    status: 404
    duration_ms: 5
[2026-09-27 23:24:07.151 -0300] INFO (5063): request completed
    route: "/v1/portal/requests/00000000-0000-7000-8000-000070400e09/receipt"
    method: "GET"
    status: 404
    duration_ms: 4
[2026-09-27 23:24:07.158 -0300] INFO (5063): request completed
    route: "/v1/portal/requests/00000000-0000-7000-8000-000070400e09/decision"
    method: "GET"
    status: 404
    duration_ms: 6
[2026-09-27 23:24:07.165 -0300] INFO (5063): request completed
    route: "/v1/portal/inbox"
    method: "GET"
    status: 200
    duration_ms: 6
[2026-09-27 23:24:07.170 -0300] INFO (5063): request completed
    route: "/v1/portal/sne/enrollment"
    method: "GET"
    status: 200
    duration_ms: 4
[2026-09-27 23:24:07.182 -0300] INFO (5063): request completed
    route: "/v1/portal/documents/cnh"
    method: "GET"
    status: 200
    duration_ms: 11
[2026-09-27 23:24:07.193 -0300] INFO (5063): request completed
    route: "/v1/portal/vehicles"
    method: "GET"
    status: 200
    duration_ms: 10
[2026-09-27 23:24:07.199 -0300] INFO (5063): request completed
    route: "/v1/portal/vehicles/00000000-0000-7000-8000-00007ff00001/clearance"
    method: "GET"
    status: 404
    duration_ms: 6
[2026-09-27 23:24:07.207 -0300] INFO (5063): request completed
    route: "/v1/portal/crashes"
    method: "GET"
    status: 200
    duration_ms: 7
[2026-09-27 23:24:07.213 -0300] INFO (5063): request completed
    route: "/v1/portal/crashes/00000000-0000-7000-8000-00007ff00003"
    method: "GET"
    status: 404
    duration_ms: 5
[2026-09-27 23:24:07.221 -0300] INFO (5063): request completed
    route: "/v1/portal/exams"
    method: "GET"
    status: 200
    duration_ms: 8
[2026-09-27 23:24:07.230 -0300] INFO (5063): request completed
    route: "/v1/portal/exams/00000000-0000-7000-8000-00007ff00002"
    method: "GET"
    status: 200
    duration_ms: 8
[2026-09-27 23:24:07.237 -0300] INFO (5063): request completed
    route: "/v1/portal/manifestations"
    method: "GET"
    status: 200
    duration_ms: 5
[2026-09-27 23:24:07.240 -0300] INFO (5063): request completed
    route: "/v1/portal/service-charter/manifestar/deadline"
    method: "GET"
    status: 200
    duration_ms: 3
[2026-09-27 23:24:07.245 -0300] INFO (5063): request completed
    route: "/v1/portal/identity/representations"
    method: "GET"
    status: 200
    duration_ms: 4
[2026-09-27 23:24:07.249 -0300] INFO (5063): request completed
    route: "/v1/portal/services"
    method: "GET"
    status: 200
    duration_ms: 3
[2026-09-27 23:24:07.255 -0300] INFO (5063): request completed
    route: "/v1/portal/aits/00000000-0000-7000-8000-0000f0000002"
    method: "GET"
    status: 200
    duration_ms: 5
[2026-09-27 23:24:07.260 -0300] INFO (5063): request completed
    route: "/v1/portal/aits/00000000-0000-7000-8000-0000f0000002/points"
    method: "GET"
    status: 200
    duration_ms: 4
[2026-09-27 23:24:07.265 -0300] INFO (5063): request completed
    route: "/v1/portal/points-summary"
    method: "GET"
    status: 200
    duration_ms: 4
[2026-09-27 23:24:07.271 -0300] INFO (5063): request completed
    route: "/v1/portal/requests"
    method: "GET"
    status: 200
    duration_ms: 6
[2026-09-27 23:24:07.278 -0300] INFO (5063): request completed
    route: "/v1/portal/requests/00000000-0000-7000-8000-000070400e09"
    method: "GET"
    status: 200
    duration_ms: 7
[2026-09-27 23:24:07.283 -0300] INFO (5063): request completed
    route: "/v1/portal/requests/00000000-0000-7000-8000-000070400e09/receipt"
    method: "GET"
    status: 404
    duration_ms: 4
[2026-09-27 23:24:07.290 -0300] INFO (5063): request completed
    route: "/v1/portal/requests/00000000-0000-7000-8000-000070400e09/decision"
    method: "GET"
    status: 200
    duration_ms: 6
[2026-09-27 23:24:07.296 -0300] INFO (5063): request completed
    route: "/v1/portal/inbox"
    method: "GET"
    status: 200
    duration_ms: 6
[2026-09-27 23:24:07.301 -0300] INFO (5063): request completed
    route: "/v1/portal/sne/enrollment"
    method: "GET"
    status: 200
    duration_ms: 5
[2026-09-27 23:24:07.314 -0300] INFO (5063): request completed
    route: "/v1/portal/documents/cnh"
    method: "GET"
    status: 200
    duration_ms: 12
[2026-09-27 23:24:07.325 -0300] INFO (5063): request completed
    route: "/v1/portal/vehicles"
    method: "GET"
    status: 200
    duration_ms: 10
[2026-09-27 23:24:07.332 -0300] INFO (5063): request completed
    route: "/v1/portal/vehicles/00000000-0000-7000-8000-00007ff00001/clearance"
    method: "GET"
    status: 503
    duration_ms: 6
[2026-09-27 23:24:07.340 -0300] INFO (5063): request completed
    route: "/v1/portal/crashes"
    method: "GET"
    status: 200
    duration_ms: 8
[2026-09-27 23:24:07.350 -0300] INFO (5063): request completed
    route: "/v1/portal/crashes/00000000-0000-7000-8000-00007ff00003"
    method: "GET"
    status: 200
    duration_ms: 9
[2026-09-27 23:24:07.358 -0300] INFO (5063): request completed
    route: "/v1/portal/exams"
    method: "GET"
    status: 200
    duration_ms: 8
[2026-09-27 23:24:07.364 -0300] INFO (5063): request completed
    route: "/v1/portal/exams/00000000-0000-7000-8000-00007ff00002"
    method: "GET"
    status: 404
    duration_ms: 5
[2026-09-27 23:24:07.371 -0300] INFO (5063): request completed
    route: "/v1/portal/manifestations"
    method: "GET"
    status: 200
    duration_ms: 7
[2026-09-27 23:24:07.374 -0300] INFO (5063): request completed
    route: "/v1/portal/service-charter/manifestar/deadline"
    method: "GET"
    status: 200
    duration_ms: 3
[2026-09-27 23:24:07.379 -0300] INFO (5063): request completed
    route: "/v1/portal/identity/representations"
    method: "GET"
    status: 200
    duration_ms: 4
[2026-09-27 23:24:07.384 -0300] INFO (5063): request completed
    route: "/v1/portal/services"
    method: "GET"
    status: 200
    duration_ms: 4
[2026-09-27 23:24:07.389 -0300] INFO (5063): request completed
    route: "/v1/portal/aits/00000000-0000-7000-8000-0000f0000002"
    method: "GET"
    status: 404
    duration_ms: 4
[2026-09-27 23:24:07.394 -0300] INFO (5063): request completed
    route: "/v1/portal/aits/00000000-0000-7000-8000-0000f0000002/points"
    method: "GET"
    status: 404
    duration_ms: 4
[2026-09-27 23:24:07.400 -0300] INFO (5063): request completed
    route: "/v1/portal/points-summary"
    method: "GET"
    status: 200
    duration_ms: 5
[2026-09-27 23:24:07.406 -0300] INFO (5063): request completed
    route: "/v1/portal/requests"
    method: "GET"
    status: 200
    duration_ms: 5
[2026-09-27 23:24:07.412 -0300] INFO (5063): request completed
    route: "/v1/portal/requests/00000000-0000-7000-8000-000070400e09"
    method: "GET"
    status: 404
    duration_ms: 5
[2026-09-27 23:24:07.418 -0300] INFO (5063): request completed
    route: "/v1/portal/requests/00000000-0000-7000-8000-000070400e09/receipt"
    method: "GET"
    status: 404
    duration_ms: 5
[2026-09-27 23:24:07.423 -0300] INFO (5063): request completed
    route: "/v1/portal/requests/00000000-0000-7000-8000-000070400e09/decision"
    method: "GET"
    status: 404
    duration_ms: 4
[2026-09-27 23:24:07.430 -0300] INFO (5063): request completed
    route: "/v1/portal/inbox"
    method: "GET"
    status: 200
    duration_ms: 6
[2026-09-27 23:24:07.435 -0300] INFO (5063): request completed
    route: "/v1/portal/sne/enrollment"
    method: "GET"
    status: 200
    duration_ms: 5
[2026-09-27 23:24:07.442 -0300] INFO (5063): request completed
    route: "/v1/portal/documents/cnh"
    method: "GET"
    status: 503
    duration_ms: 6
[2026-09-27 23:24:07.449 -0300] INFO (5063): request completed
    route: "/v1/portal/vehicles"
    method: "GET"
    status: 503
    duration_ms: 6
[2026-09-27 23:24:07.456 -0300] INFO (5063): request completed
    route: "/v1/portal/vehicles/00000000-0000-7000-8000-00007ff00001/clearance"
    method: "GET"
    status: 404
    duration_ms: 6
[2026-09-27 23:24:07.466 -0300] INFO (5063): request completed
    route: "/v1/portal/crashes"
    method: "GET"
    status: 200
    duration_ms: 9
[2026-09-27 23:24:07.472 -0300] INFO (5063): request completed
    route: "/v1/portal/crashes/00000000-0000-7000-8000-00007ff00003"
    method: "GET"
    status: 404
    duration_ms: 5
[2026-09-27 23:24:07.480 -0300] INFO (5063): request completed
    route: "/v1/portal/exams"
    method: "GET"
    status: 200
    duration_ms: 8
[2026-09-27 23:24:07.486 -0300] INFO (5063): request completed
    route: "/v1/portal/exams/00000000-0000-7000-8000-00007ff00002"
    method: "GET"
    status: 404
    duration_ms: 5
[2026-09-27 23:24:07.492 -0300] INFO (5063): request completed
    route: "/v1/portal/manifestations"
    method: "GET"
    status: 200
    duration_ms: 5
[2026-09-27 23:24:07.496 -0300] INFO (5063): request completed
    route: "/v1/portal/service-charter/manifestar/deadline"
    method: "GET"
    status: 200
    duration_ms: 3
[2026-09-27 23:24:07.500 -0300] INFO (5063): request completed
    route: "/v1/portal/identity/representations"
    method: "GET"
    status: 200
    duration_ms: 3
[2026-09-27 23:24:07.504 -0300] INFO (5063): request completed
    route: "/v1/portal/services"
    method: "GET"
    status: 200
    duration_ms: 3
[2026-09-27 23:24:07.509 -0300] INFO (5063): request completed
    route: "/v1/portal/aits/00000000-0000-7000-8000-0000f0000002"
    method: "GET"
    status: 404
    duration_ms: 4
[2026-09-27 23:24:07.514 -0300] INFO (5063): request completed
    route: "/v1/portal/aits/00000000-0000-7000-8000-0000f0000002/points"
    method: "GET"
    status: 404
    duration_ms: 4
[2026-09-27 23:24:07.519 -0300] INFO (5063): request completed
    route: "/v1/portal/points-summary"
    method: "GET"
    status: 200
    duration_ms: 5
[2026-09-27 23:24:07.526 -0300] INFO (5063): request completed
    route: "/v1/portal/requests"
    method: "GET"
    status: 200
    duration_ms: 6
[2026-09-27 23:24:07.531 -0300] INFO (5063): request completed
    route: "/v1/portal/requests/00000000-0000-7000-8000-000070400e09"
    method: "GET"
    status: 404
    duration_ms: 4
[2026-09-27 23:24:07.536 -0300] INFO (5063): request completed
    route: "/v1/portal/requests/00000000-0000-7000-8000-000070400e09/receipt"
    method: "GET"
    status: 404
    duration_ms: 4
[2026-09-27 23:24:07.542 -0300] INFO (5063): request completed
    route: "/v1/portal/requests/00000000-0000-7000-8000-000070400e09/decision"
    method: "GET"
    status: 404
    duration_ms: 5
[2026-09-27 23:24:07.548 -0300] INFO (5063): request completed
    route: "/v1/portal/inbox"
    method: "GET"
    status: 200
    duration_ms: 5
[2026-09-27 23:24:07.553 -0300] INFO (5063): request completed
    route: "/v1/portal/sne/enrollment"
    method: "GET"
    status: 200
    duration_ms: 5
[2026-09-27 23:24:07.562 -0300] INFO (5063): request completed
    route: "/v1/portal/documents/cnh"
    method: "GET"
    status: 200
    duration_ms: 8
[2026-09-27 23:24:07.572 -0300] INFO (5063): request completed
    route: "/v1/portal/vehicles"
    method: "GET"
    status: 200
    duration_ms: 9
[2026-09-27 23:24:07.577 -0300] INFO (5063): request completed
    route: "/v1/portal/vehicles/00000000-0000-7000-8000-00007ff00001/clearance"
    method: "GET"
    status: 404
    duration_ms: 5
[2026-09-27 23:24:07.585 -0300] INFO (5063): request completed
    route: "/v1/portal/crashes"
    method: "GET"
    status: 200
    duration_ms: 7
[2026-09-27 23:24:07.590 -0300] INFO (5063): request completed
    route: "/v1/portal/crashes/00000000-0000-7000-8000-00007ff00003"
    method: "GET"
    status: 404
    duration_ms: 4
[2026-09-27 23:24:07.598 -0300] INFO (5063): request completed
    route: "/v1/portal/exams"
    method: "GET"
    status: 200
    duration_ms: 7
[2026-09-27 23:24:07.608 -0300] INFO (5063): request completed
    route: "/v1/portal/exams/00000000-0000-7000-8000-00007ff00002"
    method: "GET"
    status: 200
    duration_ms: 9
[2026-09-27 23:24:07.615 -0300] INFO (5063): request completed
    route: "/v1/portal/manifestations"
    method: "GET"
    status: 200
    duration_ms: 6
[2026-09-27 23:24:07.619 -0300] INFO (5063): request completed
    route: "/v1/portal/service-charter/manifestar/deadline"
    method: "GET"
    status: 200
    duration_ms: 4
[2026-09-27 23:24:07.624 -0300] INFO (5063): request completed
    route: "/v1/portal/identity/representations"
    method: "GET"
    status: 200
    duration_ms: 4
[2026-09-27 23:24:07.629 -0300] INFO (5063): request completed
    route: "/v1/portal/services"
    method: "GET"
    status: 200
    duration_ms: 4
[2026-09-27 23:24:07.634 -0300] INFO (5063): request completed
    route: "/v1/portal/aits/00000000-0000-7000-8000-0000f0000002"
    method: "GET"
    status: 200
    duration_ms: 5
[2026-09-27 23:24:07.640 -0300] INFO (5063): request completed
    route: "/v1/portal/aits/00000000-0000-7000-8000-0000f0000002/points"
    method: "GET"
    status: 200
    duration_ms: 5
[2026-09-27 23:24:07.645 -0300] INFO (5063): request completed
    route: "/v1/portal/points-summary"
    method: "GET"
    status: 200
    duration_ms: 5
[2026-09-27 23:24:07.650 -0300] INFO (5063): request completed
    route: "/v1/portal/requests"
    method: "GET"
    status: 200
    duration_ms: 5
[2026-09-27 23:24:07.657 -0300] INFO (5063): request completed
    route: "/v1/portal/requests/00000000-0000-7000-8000-000070400e09"
    method: "GET"
    status: 200
    duration_ms: 6
[2026-09-27 23:24:07.662 -0300] INFO (5063): request completed
    route: "/v1/portal/requests/00000000-0000-7000-8000-000070400e09/receipt"
    method: "GET"
    status: 404
    duration_ms: 5
[2026-09-27 23:24:07.669 -0300] INFO (5063): request completed
    route: "/v1/portal/requests/00000000-0000-7000-8000-000070400e09/decision"
    method: "GET"
    status: 200
    duration_ms: 6
[2026-09-27 23:24:07.675 -0300] INFO (5063): request completed
    route: "/v1/portal/inbox"
    method: "GET"
    status: 200
    duration_ms: 6
[2026-09-27 23:24:07.680 -0300] INFO (5063): request completed
    route: "/v1/portal/sne/enrollment"
    method: "GET"
    status: 200
    duration_ms: 5
[2026-09-27 23:24:07.689 -0300] INFO (5063): request completed
    route: "/v1/portal/documents/cnh"
    method: "GET"
    status: 200
    duration_ms: 9
[2026-09-27 23:24:07.699 -0300] INFO (5063): request completed
    route: "/v1/portal/vehicles"
    method: "GET"
    status: 200
    duration_ms: 9
[2026-09-27 23:24:07.706 -0300] INFO (5063): request completed
    route: "/v1/portal/vehicles/00000000-0000-7000-8000-00007ff00001/clearance"
    method: "GET"
    status: 503
    duration_ms: 7
[2026-09-27 23:24:07.716 -0300] INFO (5063): request completed
    route: "/v1/portal/crashes"
    method: "GET"
    status: 200
    duration_ms: 9
[2026-09-27 23:24:07.724 -0300] INFO (5063): request completed
    route: "/v1/portal/crashes/00000000-0000-7000-8000-00007ff00003"
    method: "GET"
    status: 200
    duration_ms: 8
[2026-09-27 23:24:07.733 -0300] INFO (5063): request completed
    route: "/v1/portal/exams"
    method: "GET"
    status: 200
    duration_ms: 8
[2026-09-27 23:24:07.739 -0300] INFO (5063): request completed
    route: "/v1/portal/exams/00000000-0000-7000-8000-00007ff00002"
    method: "GET"
    status: 404
    duration_ms: 5
[2026-09-27 23:24:07.745 -0300] INFO (5063): request completed
    route: "/v1/portal/manifestations"
    method: "GET"
    status: 200
    duration_ms: 6
[2026-09-27 23:24:07.750 -0300] INFO (5063): request completed
    route: "/v1/portal/service-charter/manifestar/deadline"
    method: "GET"
    status: 200
    duration_ms: 4
[2026-09-27 23:24:07.755 -0300] INFO (5063): request completed
    route: "/v1/portal/identity/representations"
    method: "GET"
    status: 200
    duration_ms: 4
[2026-09-27 23:24:07.760 -0300] INFO (5063): request completed
    route: "/v1/portal/services"
    method: "GET"
    status: 200
    duration_ms: 4
[2026-09-27 23:24:07.764 -0300] INFO (5063): request completed
    route: "/v1/portal/aits/00000000-0000-7000-8000-0000f0000002"
    method: "GET"
    status: 404
    duration_ms: 3
[2026-09-27 23:24:07.769 -0300] INFO (5063): request completed
    route: "/v1/portal/aits/00000000-0000-7000-8000-0000f0000002/points"
    method: "GET"
    status: 404
    duration_ms: 4
[2026-09-27 23:24:07.776 -0300] INFO (5063): request completed
    route: "/v1/portal/points-summary"
    method: "GET"
    status: 200
    duration_ms: 6
[2026-09-27 23:24:07.782 -0300] INFO (5063): request completed
    route: "/v1/portal/requests"
    method: "GET"
    status: 200
    duration_ms: 6
[2026-09-27 23:24:07.788 -0300] INFO (5063): request completed
    route: "/v1/portal/requests/00000000-0000-7000-8000-000070400e09"
    method: "GET"
    status: 404
    duration_ms: 5
[2026-09-27 23:24:07.792 -0300] INFO (5063): request completed
    route: "/v1/portal/requests/00000000-0000-7000-8000-000070400e09/receipt"
    method: "GET"
    status: 404
    duration_ms: 4
[2026-09-27 23:24:07.799 -0300] INFO (5063): request completed
    route: "/v1/portal/requests/00000000-0000-7000-8000-000070400e09/decision"
    method: "GET"
    status: 404
    duration_ms: 6
[2026-09-27 23:24:07.805 -0300] INFO (5063): request completed
    route: "/v1/portal/inbox"
    method: "GET"
    status: 200
    duration_ms: 6
[2026-09-27 23:24:07.810 -0300] INFO (5063): request completed
    route: "/v1/portal/sne/enrollment"
    method: "GET"
    status: 200
    duration_ms: 4
[2026-09-27 23:24:07.817 -0300] INFO (5063): request completed
    route: "/v1/portal/documents/cnh"
    method: "GET"
    status: 503
    duration_ms: 6
[2026-09-27 23:24:07.823 -0300] INFO (5063): request completed
    route: "/v1/portal/vehicles"
    method: "GET"
    status: 503
    duration_ms: 5
[2026-09-27 23:24:07.828 -0300] INFO (5063): request completed
    route: "/v1/portal/vehicles/00000000-0000-7000-8000-00007ff00001/clearance"
    method: "GET"
    status: 404
    duration_ms: 4
[2026-09-27 23:24:07.837 -0300] INFO (5063): request completed
    route: "/v1/portal/crashes"
    method: "GET"
    status: 200
    duration_ms: 8
[2026-09-27 23:24:07.842 -0300] INFO (5063): request completed
    route: "/v1/portal/crashes/00000000-0000-7000-8000-00007ff00003"
    method: "GET"
    status: 404
    duration_ms: 4
[2026-09-27 23:24:07.850 -0300] INFO (5063): request completed
    route: "/v1/portal/exams"
    method: "GET"
    status: 200
    duration_ms: 7
[2026-09-27 23:24:07.856 -0300] INFO (5063): request completed
    route: "/v1/portal/exams/00000000-0000-7000-8000-00007ff00002"
    method: "GET"
    status: 404
    duration_ms: 5
[2026-09-27 23:24:07.862 -0300] INFO (5063): request completed
    route: "/v1/portal/manifestations"
    method: "GET"
    status: 200
    duration_ms: 6
[2026-09-27 23:24:07.866 -0300] INFO (5063): request completed
    route: "/v1/portal/service-charter/manifestar/deadline"
    method: "GET"
    status: 200
    duration_ms: 3
[2026-09-27 23:24:07.871 -0300] INFO (5063): request completed
    route: "/v1/portal/identity/representations"
    method: "GET"
    status: 200
    duration_ms: 4
[2026-09-27 23:24:07.875 -0300] INFO (5063): request completed
    route: "/v1/portal/services"
    method: "GET"
    status: 200
    duration_ms: 3
[2026-09-27 23:24:07.880 -0300] INFO (5063): request completed
    route: "/v1/portal/aits/00000000-0000-7000-8000-0000f0000002"
    method: "GET"
    status: 404
    duration_ms: 4
[2026-09-27 23:24:07.885 -0300] INFO (5063): request completed
    route: "/v1/portal/aits/00000000-0000-7000-8000-0000f0000002/points"
    method: "GET"
    status: 404
    duration_ms: 5
[2026-09-27 23:24:07.890 -0300] INFO (5063): request completed
    route: "/v1/portal/points-summary"
    method: "GET"
    status: 200
    duration_ms: 4
[2026-09-27 23:24:07.897 -0300] INFO (5063): request completed
    route: "/v1/portal/requests"
    method: "GET"
    status: 200
    duration_ms: 6
[2026-09-27 23:24:07.902 -0300] INFO (5063): request completed
    route: "/v1/portal/requests/00000000-0000-7000-8000-000070400e09"
    method: "GET"
    status: 404
    duration_ms: 5
[2026-09-27 23:24:07.907 -0300] INFO (5063): request completed
    route: "/v1/portal/requests/00000000-0000-7000-8000-000070400e09/receipt"
    method: "GET"
    status: 404
    duration_ms: 5
[2026-09-27 23:24:07.913 -0300] INFO (5063): request completed
    route: "/v1/portal/requests/00000000-0000-7000-8000-000070400e09/decision"
    method: "GET"
    status: 404
    duration_ms: 5
[2026-09-27 23:24:07.919 -0300] INFO (5063): request completed
    route: "/v1/portal/inbox"
    method: "GET"
    status: 200
    duration_ms: 5
[2026-09-27 23:24:07.924 -0300] INFO (5063): request completed
    route: "/v1/portal/sne/enrollment"
    method: "GET"
    status: 200
    duration_ms: 4
[2026-09-27 23:24:07.933 -0300] INFO (5063): request completed
    route: "/v1/portal/documents/cnh"
    method: "GET"
    status: 200
    duration_ms: 9
[2026-09-27 23:24:07.942 -0300] INFO (5063): request completed
    route: "/v1/portal/vehicles"
    method: "GET"
    status: 200
    duration_ms: 8
[2026-09-27 23:24:07.947 -0300] INFO (5063): request completed
    route: "/v1/portal/vehicles/00000000-0000-7000-8000-00007ff00001/clearance"
    method: "GET"
    status: 404
    duration_ms: 4
[2026-09-27 23:24:07.955 -0300] INFO (5063): request completed
    route: "/v1/portal/crashes"
    method: "GET"
    status: 200
    duration_ms: 7
[2026-09-27 23:24:07.963 -0300] INFO (5063): request completed
    route: "/v1/portal/crashes/00000000-0000-7000-8000-00007ff00003"
    method: "GET"
    status: 404
    duration_ms: 8
[2026-09-27 23:24:07.972 -0300] INFO (5063): request completed
    route: "/v1/portal/exams"
    method: "GET"
    status: 200
    duration_ms: 8
[2026-09-27 23:24:07.981 -0300] INFO (5063): request completed
    route: "/v1/portal/exams/00000000-0000-7000-8000-00007ff00002"
    method: "GET"
    status: 200
    duration_ms: 8
[2026-09-27 23:24:07.987 -0300] INFO (5063): request completed
    route: "/v1/portal/manifestations"
    method: "GET"
    status: 200
    duration_ms: 5
[2026-09-27 23:24:07.992 -0300] INFO (5063): request completed
    route: "/v1/portal/service-charter/manifestar/deadline"
    method: "GET"
    status: 200
    duration_ms: 4
[2026-09-27 23:24:08.000 -0300] INFO (5063): request completed
    route: "/v1/portal/identity/me"
    method: "GET"
    status: 200
    duration_ms: 7
[2026-09-27 23:24:08.005 -0300] INFO (5063): request completed
    route: "/v1/portal/identity/representations"
    method: "GET"
    status: 200
    duration_ms: 4
[2026-09-27 23:24:08.008 -0300] INFO (5063): request completed
    route: "/v1/portal/services"
    method: "GET"
    status: 200
    duration_ms: 3
[2026-09-27 23:24:08.014 -0300] INFO (5063): request completed
    route: "/v1/portal/aits/00000000-0000-7000-8000-0000f0000002"
    method: "GET"
    status: 200
    duration_ms: 5
[2026-09-27 23:24:08.019 -0300] INFO (5063): request completed
    route: "/v1/portal/aits/00000000-0000-7000-8000-0000f0000002/points"
    method: "GET"
    status: 200
    duration_ms: 5
[2026-09-27 23:24:08.023 -0300] INFO (5063): request completed
    route: "/v1/portal/points-summary"
    method: "GET"
    status: 200
    duration_ms: 4
[2026-09-27 23:24:08.029 -0300] INFO (5063): request completed
    route: "/v1/portal/requests"
    method: "GET"
    status: 200
    duration_ms: 5
[2026-09-27 23:24:08.035 -0300] INFO (5063): request completed
    route: "/v1/portal/requests/00000000-0000-7000-8000-000070400e09"
    method: "GET"
    status: 200
    duration_ms: 6
[2026-09-27 23:24:08.040 -0300] INFO (5063): request completed
    route: "/v1/portal/requests/00000000-0000-7000-8000-000070400e09/receipt"
    method: "GET"
    status: 404
    duration_ms: 5
[2026-09-27 23:24:08.045 -0300] INFO (5063): request completed
    route: "/v1/portal/requests/00000000-0000-7000-8000-000070400e09/decision"
    method: "GET"
    status: 200
    duration_ms: 5
[2026-09-27 23:24:08.051 -0300] INFO (5063): request completed
    route: "/v1/portal/inbox"
    method: "GET"
    status: 200
    duration_ms: 5
[2026-09-27 23:24:08.056 -0300] INFO (5063): request completed
    route: "/v1/portal/sne/enrollment"
    method: "GET"
    status: 200
    duration_ms: 4
[2026-09-27 23:24:08.065 -0300] INFO (5063): request completed
    route: "/v1/portal/documents/cnh"
    method: "GET"
    status: 200
    duration_ms: 8
[2026-09-27 23:24:08.076 -0300] INFO (5063): request completed
    route: "/v1/portal/vehicles"
    method: "GET"
    status: 200
    duration_ms: 10
[2026-09-27 23:24:08.085 -0300] INFO (5063): request completed
    route: "/v1/portal/vehicles/00000000-0000-7000-8000-00007ff00001/clearance"
    method: "GET"
    status: 503
    duration_ms: 8
[2026-09-27 23:24:08.095 -0300] INFO (5063): request completed
    route: "/v1/portal/crashes"
    method: "GET"
    status: 200
    duration_ms: 9
[2026-09-27 23:24:08.105 -0300] INFO (5063): request completed
    route: "/v1/portal/crashes/00000000-0000-7000-8000-00007ff00003"
    method: "GET"
    status: 200
    duration_ms: 9
[2026-09-27 23:24:08.114 -0300] INFO (5063): request completed
    route: "/v1/portal/exams"
    method: "GET"
    status: 200
    duration_ms: 9
[2026-09-27 23:24:08.120 -0300] INFO (5063): request completed
    route: "/v1/portal/exams/00000000-0000-7000-8000-00007ff00002"
    method: "GET"
    status: 404
    duration_ms: 5
[2026-09-27 23:24:08.127 -0300] INFO (5063): request completed
    route: "/v1/portal/manifestations"
    method: "GET"
    status: 200
    duration_ms: 6
[2026-09-27 23:24:08.131 -0300] INFO (5063): request completed
    route: "/v1/portal/service-charter/manifestar/deadline"
    method: "GET"
    status: 200
    duration_ms: 4
[2026-09-27 23:24:08.138 -0300] INFO (5063): request completed
    route: "/v1/portal/identity/me"
    method: "GET"
    status: 200
    duration_ms: 7
[2026-09-27 23:24:08.157 -0300] INFO (5063): request completed
    route: "/v1/portal/requests"
    method: "POST"
    status: 422
    duration_ms: 13
[2026-09-27 23:24:08.167 -0300] INFO (5063): request completed
    route: "/v1/portal/requests"
    method: "POST"
    status: 422
    duration_ms: 9
[2026-09-27 23:24:08.177 -0300] INFO (5063): request completed
    route: "/v1/portal/requests"
    method: "POST"
    status: 422
    duration_ms: 8
[2026-09-27 23:24:08.188 -0300] INFO (5063): request completed
    route: "/v1/portal/requests"
    method: "POST"
    status: 422
    duration_ms: 9
[2026-09-27 23:24:08.196 -0300] INFO (5063): request completed
    route: "/v1/portal/requests"
    method: "POST"
    status: 422
    duration_ms: 7
[2026-09-27 23:24:08.205 -0300] INFO (5063): request completed
    route: "/v1/portal/requests"
    method: "POST"
    status: 422
    duration_ms: 7
[2026-09-27 23:24:08.221 -0300] INFO (5063): request completed
    route: "/v1/portal/identity/preferences"
    method: "PUT"
    status: 422
    duration_ms: 15
[2026-09-27 23:24:08.230 -0300] INFO (5063): request completed
    route: "/v1/portal/requests"
    method: "POST"
    status: 404
    duration_ms: 8
[2026-09-27 23:24:10.284 -0300] INFO (5549): request completed
    route: "/v1/inf/rait/cases"
    method: "POST"
    status: 200
    duration_ms: 226
[2026-09-27 23:24:10.316 -0300] INFO (5549): request completed
    route: "/v1/inf/rait/cases"
    method: "POST"
    status: 403
    duration_ms: 5
[2026-09-27 23:24:10.341 -0300] INFO (5549): request completed
    route: "/v1/inf/rait/cases"
    method: "POST"
    status: 403
    duration_ms: 1
[2026-09-27 23:24:10.364 -0300] INFO (5549): request completed
    route: "/v1/inf/rait/cases"
    method: "POST"
    status: 403
    duration_ms: 1
[2026-09-27 23:24:10.384 -0300] INFO (5549): request completed
    route: "/v1/inf/rait/cases"
    method: "POST"
    status: 403
    duration_ms: 1
[2026-09-27 23:24:10.410 -0300] INFO (5549): request completed
    route: "/v1/inf/rait/cases"
    method: "POST"
    status: 403
    duration_ms: 1
[2026-09-27 23:24:10.431 -0300] INFO (5549): request completed
    route: "/v1/inf/rait/cases"
    method: "POST"
    status: 403
    duration_ms: 1
[2026-09-27 23:24:10.453 -0300] INFO (5549): request completed
    route: "/v1/inf/rait/cases"
    method: "POST"
    status: 403
    duration_ms: 1
[2026-09-27 23:24:10.476 -0300] INFO (5549): request completed
    route: "/v1/inf/rait/cases"
    method: "POST"
    status: 403
    duration_ms: 1
[2026-09-27 23:24:10.500 -0300] INFO (5549): request completed
    route: "/v1/inf/rait/cases"
    method: "POST"
    status: 403
    duration_ms: 1
[2026-09-27 23:24:10.533 -0300] INFO (5549): request completed
    route: "/v1/inf/rait/cases"
    method: "POST"
    status: 403
    duration_ms: 0
[2026-09-27 23:24:10.556 -0300] INFO (5549): request completed
    route: "/v1/inf/rait/cases"
    method: "POST"
    status: 403
    duration_ms: 1
[2026-09-27 23:24:10.577 -0300] INFO (5549): request completed
    route: "/v1/inf/rait/cases"
    method: "POST"
    status: 403
    duration_ms: 1
[2026-09-27 23:24:10.601 -0300] INFO (5549): request completed
    route: "/v1/inf/rait/cases"
    method: "POST"
    status: 403
    duration_ms: 1
[2026-09-27 23:24:10.623 -0300] INFO (5549): request completed
    route: "/v1/inf/rait/cases"
    method: "POST"
    status: 403
    duration_ms: 1
[2026-09-27 23:24:10.642 -0300] INFO (5549): request completed
    route: "/v1/inf/rait/cases"
    method: "POST"
    status: 403
    duration_ms: 1
[2026-09-27 23:24:10.665 -0300] INFO (5549): request completed
    route: "/v1/inf/rait/cases"
    method: "POST"
    status: 403
    duration_ms: 0
[2026-09-27 23:24:10.683 -0300] INFO (5549): request completed
    route: "/v1/inf/rait/cases"
    method: "POST"
    status: 403
    duration_ms: 1
[2026-09-27 23:24:10.700 -0300] INFO (5549): request completed
    route: "/v1/inf/rait/cases"
    method: "POST"
    status: 403
    duration_ms: 0
[2026-09-27 23:24:10.720 -0300] INFO (5549): request completed
    route: "/v1/inf/rait/cases"
    method: "POST"
    status: 403
    duration_ms: 1
[2026-09-27 23:24:10.737 -0300] INFO (5549): request completed
    route: "/v1/inf/rait/cases"
    method: "POST"
    status: 403
    duration_ms: 0
[2026-09-27 23:24:10.756 -0300] INFO (5549): request completed
    route: "/v1/inf/rait/cases"
    method: "POST"
    status: 403
    duration_ms: 0
[2026-09-27 23:24:10.777 -0300] INFO (5549): request completed
    route: "/v1/inf/rait/cases"
    method: "POST"
    status: 403
    duration_ms: 0
[2026-09-27 23:24:10.796 -0300] INFO (5549): request completed
    route: "/v1/inf/rait/cases"
    method: "POST"
    status: 403
    duration_ms: 1
[2026-09-27 23:24:10.819 -0300] INFO (5549): request completed
    route: "/v1/inf/rait/cases"
    method: "POST"
    status: 403
    duration_ms: 1
[2026-09-27 23:24:10.837 -0300] INFO (5549): request completed
    route: "/v1/inf/rait/cases"
    method: "POST"
    status: 403
    duration_ms: 1
[2026-09-27 23:24:10.855 -0300] INFO (5549): request completed
    route: "/v1/inf/rait/cases"
    method: "POST"
    status: 403
    duration_ms: 0
[2026-09-27 23:24:10.873 -0300] INFO (5549): request completed
    route: "/v1/inf/rait/cases"
    method: "POST"
    status: 403
    duration_ms: 1
[2026-09-27 23:24:10.890 -0300] INFO (5549): request completed
    route: "/v1/inf/rait/cases"
    method: "POST"
    status: 403
    duration_ms: 0
[2026-09-27 23:24:10.909 -0300] INFO (5549): request completed
    route: "/v1/inf/rait/cases"
    method: "POST"
    status: 403
    duration_ms: 1
[2026-09-27 23:24:10.928 -0300] INFO (5549): request completed
    route: "/v1/inf/rait/cases"
    method: "POST"
    status: 403
    duration_ms: 1
[2026-09-27 23:24:10.949 -0300] INFO (5549): request completed
    route: "/v1/inf/rait/cases"
    method: "POST"
    status: 403
    duration_ms: 0
[2026-09-27 23:24:10.971 -0300] INFO (5549): request completed
    route: "/v1/inf/rait/cases"
    method: "POST"
    status: 403
    duration_ms: 1
[2026-09-27 23:24:10.990 -0300] INFO (5549): request completed
    route: "/v1/inf/rait/cases"
    method: "POST"
    status: 403
    duration_ms: 1
[2026-09-27 23:24:11.010 -0300] INFO (5549): request completed
    route: "/v1/inf/rait/cases"
    method: "POST"
    status: 403
    duration_ms: 1
[2026-09-27 23:24:11.030 -0300] INFO (5549): request completed
    route: "/v1/inf/rait/cases"
    method: "POST"
    status: 403
    duration_ms: 0
[2026-09-27 23:24:11.067 -0300] INFO (5549): request completed
    route: "/v1/inf/rait/cases"
    method: "POST"
    status: 400
    duration_ms: 16
[2026-09-27 23:24:11.099 -0300] INFO (5549): request completed
    route: "/v1/inf/rait/cases"
    method: "POST"
    status: 400
    duration_ms: 13
[2026-09-27 23:24:11.129 -0300] INFO (5549): request completed
    route: "/v1/inf/rait/cases"
    method: "POST"
    status: 400
    duration_ms: 12
[2026-09-27 23:24:11.159 -0300] INFO (5549): request completed
    route: "/v1/inf/rait/cases"
    method: "POST"
    status: 400
    duration_ms: 13
[2026-09-27 23:24:11.189 -0300] INFO (5549): request completed
    route: "/v1/inf/rait/cases"
    method: "POST"
    status: 400
    duration_ms: 13
[2026-09-27 23:24:11.222 -0300] INFO (5549): request completed
    route: "/v1/inf/rait/cases"
    method: "POST"
    status: 400
    duration_ms: 14
[2026-09-27 23:24:11.252 -0300] INFO (5549): request completed
    route: "/v1/inf/rait/cases"
    method: "POST"
    status: 400
    duration_ms: 13
[2026-09-27 23:24:11.290 -0300] INFO (5549): request completed
    route: "/v1/inf/rait/cases"
    method: "POST"
    status: 403
    duration_ms: 21
[2026-09-27 23:24:11.358 -0300] INFO (5549): request completed
    route: "/v1/inf/rait/cases/00000000-0000-7000-8000-000010000002/commands/admit"
    method: "POST"
    status: 200
    duration_ms: 27
[2026-09-27 23:24:11.395 -0300] INFO (5549): request completed
    route: "/v1/inf/rait/cases/00000000-0000-7000-8000-000010000002/commands/admit"
    method: "POST"
    status: 403
    duration_ms: 1
[2026-09-27 23:24:11.451 -0300] INFO (5549): request completed
    route: "/v1/inf/rait/cases/00000000-0000-7000-8000-000010000002/commands/non-admission"
    method: "POST"
    status: 200
    duration_ms: 21
[2026-09-27 23:24:11.488 -0300] INFO (5549): request completed
    route: "/v1/inf/rait/cases/00000000-0000-7000-8000-000010000002/commands/non-admission"
    method: "POST"
    status: 403
    duration_ms: 0
[2026-09-27 23:24:11.585 -0300] INFO (5549): request completed
    route: "/v1/inf/rait/cases/00000000-0000-7000-8000-000010000005/commands/remit"
    method: "POST"
    status: 200
    duration_ms: 34
[2026-09-27 23:24:11.630 -0300] INFO (5549): request completed
    route: "/v1/inf/rait/cases/00000000-0000-7000-8000-000010000005/commands/remit"
    method: "POST"
    status: 403
    duration_ms: 0
[2026-09-27 23:24:11.684 -0300] INFO (5549): request completed
    route: "/v1/inf/rait/cases/00000000-0000-7000-8000-000010000005/commands/receive"
    method: "POST"
    status: 200
    duration_ms: 20
[2026-09-27 23:24:11.717 -0300] INFO (5549): request completed
    route: "/v1/inf/rait/cases/00000000-0000-7000-8000-000010000005/commands/receive"
    method: "POST"
    status: 403
    duration_ms: 0
[2026-09-27 23:24:11.785 -0300] INFO (5549): request completed
    route: "/v1/inf/rait/cases/00000000-0000-7000-8000-000010000007/commands/ready"
    method: "POST"
    status: 200
    duration_ms: 35
[2026-09-27 23:24:11.823 -0300] INFO (5549): request completed
    route: "/v1/inf/rait/cases/00000000-0000-7000-8000-000010000007/commands/ready"
    method: "POST"
    status: 403
    duration_ms: 1
[2026-09-27 23:24:11.897 -0300] INFO (5549): request completed
    route: "/v1/inf/rait/cases/00000000-0000-7000-8000-000010000009/commands/decide"
    method: "POST"
    status: 200
    duration_ms: 33
[2026-09-27 23:24:11.945 -0300] INFO (5549): request completed
    route: "/v1/inf/rait/cases/00000000-0000-7000-8000-000010000009/commands/decide"
    method: "POST"
    status: 403
    duration_ms: 1
[2026-09-27 23:24:12.001 -0300] INFO (5549): request completed
    route: "/v1/inf/rait/cases/00000000-0000-7000-8000-000010000009/commands/return-draft"
    method: "POST"
    status: 200
    duration_ms: 20
[2026-09-27 23:24:12.034 -0300] INFO (5549): request completed
    route: "/v1/inf/rait/cases/00000000-0000-7000-8000-000010000009/commands/return-draft"
    method: "POST"
    status: 403
    duration_ms: 1
[2026-09-27 23:24:12.098 -0300] INFO (5549): request completed
    route: "/v1/inf/rait/cases/00000000-0000-7000-8000-000010000007/commands/withdraw"
    method: "POST"
    status: 200
    duration_ms: 31
[2026-09-27 23:24:12.132 -0300] INFO (5549): request completed
    route: "/v1/inf/rait/cases/00000000-0000-7000-8000-000010000007/commands/withdraw"
    method: "POST"
    status: 403
    duration_ms: 0
[2026-09-27 23:24:12.186 -0300] INFO (5549): request completed
    route: "/v1/inf/rait/cases/00000000-0000-7000-8000-000010000002/commands/redirect"
    method: "POST"
    status: 200
    duration_ms: 21
[2026-09-27 23:24:12.219 -0300] INFO (5549): request completed
    route: "/v1/inf/rait/cases/00000000-0000-7000-8000-000010000002/commands/redirect"
    method: "POST"
    status: 403
    duration_ms: 0
[2026-09-27 23:24:12.276 -0300] INFO (5549): request completed
    route: "/v1/inf/rait/cases/00000000-0000-7000-8000-000010000001/commands/resolve-pending"
    method: "POST"
    status: 200
    duration_ms: 23
[2026-09-27 23:24:12.313 -0300] INFO (5549): request completed
    route: "/v1/inf/rait/cases/00000000-0000-7000-8000-000010000001/commands/resolve-pending"
    method: "POST"
    status: 403
    duration_ms: 0
[2026-09-27 23:24:12.388 -0300] INFO (5549): request completed
    route: "/v1/inf/rait/pools/00000000-0000-7000-8000-000020000001/claim-next"
    method: "POST"
    status: 200
    duration_ms: 34
[2026-09-27 23:24:12.445 -0300] INFO (5549): request completed
    route: "/v1/inf/rait/pools/00000000-0000-7000-8000-000020000001/claim-next"
    method: "POST"
    status: 403
    duration_ms: 1
[2026-09-27 23:24:12.504 -0300] INFO (5549): request completed
    route: "/v1/inf/rait/inquiries/00000000-0000-7000-8000-000015000001/commands/answer"
    method: "POST"
    status: 200
    duration_ms: 24
[2026-09-27 23:24:12.564 -0300] INFO (5549): request completed
    route: "/v1/inf/rait/inquiries/00000000-0000-7000-8000-000015000001/commands/answer"
    method: "POST"
    status: 200
    duration_ms: 24
[2026-09-27 23:24:12.598 -0300] INFO (5549): request completed
    route: "/v1/inf/rait/inquiries/00000000-0000-7000-8000-000015000001/commands/answer"
    method: "POST"
    status: 403
    duration_ms: 1
[2026-09-27 23:24:12.661 -0300] INFO (5549): request completed
    route: "/v1/inf/rait/inquiries/00000000-0000-7000-8000-000015000001/commands/extend"
    method: "POST"
    status: 200
    duration_ms: 30
[2026-09-27 23:24:12.721 -0300] INFO (5549): request completed
    route: "/v1/inf/rait/inquiries/00000000-0000-7000-8000-000015000001/commands/extend"
    method: "POST"
    status: 200
    duration_ms: 29
[2026-09-27 23:24:12.755 -0300] INFO (5549): request completed
    route: "/v1/inf/rait/inquiries/00000000-0000-7000-8000-000015000001/commands/extend"
    method: "POST"
    status: 403
    duration_ms: 0
[2026-09-27 23:24:12.772 -0300] INFO (5549): request completed
    route: "/v1/inf/rait/inquiries/00000000-0000-7000-8000-000015000001/commands/expire"
    method: "POST"
    status: 403
    duration_ms: 0
[2026-09-27 23:24:12.855 -0300] INFO (5549): request completed
    route: "/v1/inf/rait/cases"
    method: "POST"
    status: 200
    duration_ms: 66
[2026-09-27 23:24:12.903 -0300] INFO (5549): request completed
    route: "/v1/inf/rait/cases/db838ef3-5049-43e0-a5af-ede803e080b9/commands/admit"
    method: "POST"
    status: 200
    duration_ms: 25
[2026-09-27 23:24:12.988 -0300] INFO (5549): request completed
    route: "/v1/inf/rait/cases"
    method: "POST"
    status: 200
    duration_ms: 65
[2026-09-27 23:24:13.034 -0300] INFO (5549): request completed
    route: "/v1/inf/rait/cases/986a5a93-a1ed-443f-8aa4-1e364ac07723/commands/admit"
    method: "POST"
    status: 200
    duration_ms: 24
[2026-09-27 23:24:13.122 -0300] INFO (5549): request completed
    route: "/v1/inf/rait/cases"
    method: "POST"
    status: 200
    duration_ms: 66
[2026-09-27 23:24:13.181 -0300] INFO (5549): request completed
    route: "/v1/inf/rait/cases/4f134d47-5c71-413a-bbbd-0457905b9c8b/commands/admit"
    method: "POST"
    status: 200
    duration_ms: 33
[2026-09-27 23:24:13.267 -0300] INFO (5549): request completed
    route: "/v1/inf/rait/cases"
    method: "POST"
    status: 200
    duration_ms: 65
[2026-09-27 23:24:13.315 -0300] INFO (5549): request completed
    route: "/v1/inf/rait/cases/46a498d8-bbcd-49f7-82e3-92b4a05da455/commands/admit"
    method: "POST"
    status: 200
    duration_ms: 25
[2026-09-27 23:24:13.403 -0300] INFO (5549): request completed
    route: "/v1/inf/rait/cases"
    method: "POST"
    status: 200
    duration_ms: 61
[2026-09-27 23:24:13.443 -0300] INFO (5549): request completed
    route: "/v1/inf/rait/cases/fcaf92cb-1034-4b58-9b15-6dab646f02aa/commands/admit"
    method: "POST"
    status: 422
    duration_ms: 21
[2026-09-27 23:24:13.525 -0300] INFO (5549): request completed
    route: "/v1/inf/rait/cases"
    method: "POST"
    status: 200
    duration_ms: 61
[2026-09-27 23:24:13.567 -0300] INFO (5549): request completed
    route: "/v1/inf/rait/cases/ad4d776c-2b03-4957-806d-7814b9a09612/commands/admit"
    method: "POST"
    status: 422
    duration_ms: 20
[2026-09-27 23:24:13.649 -0300] INFO (5549): request completed
    route: "/v1/inf/rait/cases"
    method: "POST"
    status: 200
    duration_ms: 61
[2026-09-27 23:24:13.691 -0300] INFO (5549): request completed
    route: "/v1/inf/rait/cases/21517f96-9200-4420-a365-c73a6a6349a9/commands/admit"
    method: "POST"
    status: 422
    duration_ms: 20
[2026-09-27 23:24:13.773 -0300] INFO (5549): request completed
    route: "/v1/inf/rait/cases"
    method: "POST"
    status: 200
    duration_ms: 61
[2026-09-27 23:24:13.816 -0300] INFO (5549): request completed
    route: "/v1/inf/rait/cases/7fb1cf3a-624c-4005-a13a-60007f49e0ce/commands/admit"
    method: "POST"
    status: 422
    duration_ms: 19
[2026-09-27 23:24:13.895 -0300] INFO (5549): request completed
    route: "/v1/inf/rait/cases"
    method: "POST"
    status: 200
    duration_ms: 58
[2026-09-27 23:24:13.930 -0300] INFO (5549): request completed
    route: "/v1/inf/rait/cases/ecf409c5-e972-4efb-a967-25b0ff9a7078/commands/admit"
    method: "POST"
    status: 422
    duration_ms: 15
[2026-09-27 23:24:14.006 -0300] INFO (5549): request completed
    route: "/v1/inf/rait/cases"
    method: "POST"
    status: 200
    duration_ms: 58
[2026-09-27 23:24:14.045 -0300] INFO (5549): request completed
    route: "/v1/inf/rait/cases/c38b1f44-9508-4185-8638-ae409817238c/commands/admit"
    method: "POST"
    status: 422
    duration_ms: 18
[2026-09-27 23:24:14.123 -0300] INFO (5549): request completed
    route: "/v1/inf/rait/cases"
    method: "POST"
    status: 200
    duration_ms: 60
[2026-09-27 23:24:14.168 -0300] INFO (5549): request completed
    route: "/v1/inf/rait/cases/128743c1-ac5c-41df-88d7-9a5644b4baff/commands/admit"
    method: "POST"
    status: 422
    duration_ms: 21
[2026-09-27 23:24:14.231 -0300] INFO (5549): request completed
    route: "/v1/inf/rait/cases/00000000-0000-7000-8000-000010000002/commands/non-admission"
    method: "POST"
    status: 200
    duration_ms: 20
[2026-09-27 23:24:14.236 -0300] INFO (5549): request completed
    route: "/v1/inf/rait/cases/00000000-0000-7000-8000-000010000002/commands/non-admission"
    method: "POST"
    status: 200
    duration_ms: 4
[2026-09-27 23:24:14.302 -0300] INFO (5549): request completed
    route: "/v1/inf/rait/cases/00000000-0000-7000-8000-000010000002/commands/non-admission"
    method: "POST"
    status: 200
    duration_ms: 26
[2026-09-27 23:24:14.349 -0300] INFO (5549): request completed
    route: "/v1/inf/rait/cases/00000000-0000-7000-8000-000010000002/commands/non-admission"
    method: "POST"
    status: 200
    duration_ms: 71
[2026-09-27 23:24:14.486 -0300] INFO (5549): request completed
    route: "/v1/inf/rait/cases/00000000-0000-7000-8000-000010000002/commands/non-admission"
    method: "POST"
    status: 500
    duration_ms: 81
[2026-09-27 23:24:14.574 -0300] INFO (5549): request completed
    route: "/v1/inf/rait/cases/00000000-0000-7000-8000-000010000005/commands/remit"
    method: "POST"
    status: 422
    duration_ms: 36
[2026-09-27 23:24:14.667 -0300] INFO (5549): request completed
    route: "/v1/inf/rait/cases/00000000-0000-7000-8000-000010000005/commands/remit"
    method: "POST"
    status: 200
    duration_ms: 40
[2026-09-27 23:24:14.736 -0300] INFO (5549): request completed
    route: "/v1/inf/rait/cases/00000000-0000-7000-8000-000010000005/commands/remit"
    method: "POST"
    status: 422
    duration_ms: 20
[2026-09-27 23:24:14.800 -0300] INFO (5549): request completed
    route: "/v1/inf/rait/cases/00000000-0000-7000-8000-000010000005/commands/remit"
    method: "POST"
    status: 422
    duration_ms: 21
[2026-09-27 23:24:14.863 -0300] INFO (5549): request completed
    route: "/v1/inf/rait/cases/00000000-0000-7000-8000-000010000005/commands/remit"
    method: "POST"
    status: 422
    duration_ms: 19
[2026-09-27 23:24:14.939 -0300] INFO (5549): request completed
    route: "/v1/inf/rait/cases/00000000-0000-7000-8000-000010000005/commands/remit"
    method: "POST"
    status: 200
    duration_ms: 31
[2026-09-27 23:24:15.004 -0300] INFO (5549): request completed
    route: "/v1/inf/rait/cases/00000000-0000-7000-8000-000010000005/commands/remit"
    method: "POST"
    status: 422
    duration_ms: 18
[2026-09-27 23:24:15.064 -0300] INFO (5549): request completed
    route: "/v1/inf/rait/cases/00000000-0000-7000-8000-000010000005/commands/remit"
    method: "POST"
    status: 422
    duration_ms: 20
[2026-09-27 23:24:15.127 -0300] INFO (5549): request completed
    route: "/v1/inf/rait/cases/00000000-0000-7000-8000-000010000005/commands/remit"
    method: "POST"
    status: 422
    duration_ms: 20
[2026-09-27 23:24:15.198 -0300] INFO (5549): request completed
    route: "/v1/inf/rait/cases/00000000-0000-7000-8000-000010000005/commands/remit"
    method: "POST"
    status: 200
    duration_ms: 29
[2026-09-27 23:24:17.064 -0300] INFO (5810): request completed
    route: "/v1/dashboard/stream"
    method: "GET"
    status: 403
    duration_ms: 1
[2026-09-27 23:24:17.201 -0300] INFO (5810): request completed
    request_id: "01a0e5d3-c92a-78cf-be8f-1a0ef096d434"
    tenant_id: "00000000-0000-7000-8000-00000000a001"
    actor_id: "00000000-0000-4000-8000-0000b0000001"
    route: "/v1/dashboard/stream"
    method: "GET"
    status: 204
    duration_ms: 9
[2026-09-27 23:24:19.852 -0300] INFO (5810): request completed
    request_id: "01a0e5d3-d388-721f-ad1e-d4d91ca07832"
    tenant_id: "00000000-0000-7000-8000-00000000a001"
    actor_id: "00000000-0000-4000-8000-0000b0000001"
    route: "/v1/dashboard/stream"
    method: "GET"
    status: 429
    duration_ms: 5
[2026-09-27 23:24:21.970 -0300] INFO (6308): request completed
    route: "/v1/ops/provisioning/devices/ef1c8e23-2572-4e5d-93ee-0104173c656f/key-challenges"
    method: "POST"
    status: 428
    duration_ms: 14
[2026-09-27 23:24:22.187 -0300] INFO (6308): request completed
    route: "/v1/ops/provisioning/devices/bb544d40-1830-4259-a624-5d0b9c1ef95d/keys"
    method: "POST"
    status: 428
    duration_ms: 9
[2026-09-27 23:24:22.415 -0300] INFO (6308): request completed
    route: "/v1/ops/provisioning/packages"
    method: "POST"
    status: 428
    duration_ms: 1
[2026-09-27 23:24:22.635 -0300] INFO (6308): request completed
    route: "/v1/ops/provisioning/packages/f6056021-75c9-417c-95a5-1d11d3affb4c/receipts"
    method: "POST"
    status: 428
    duration_ms: 2
[2026-09-27 23:24:22.854 -0300] INFO (6308): request completed
    route: "/v1/ops/provisioning/grants/eb6998f9-1aec-43bb-a4ab-bb70a16e31f7/revoke"
    method: "POST"
    status: 428
    duration_ms: 1
[2026-09-27 23:24:23.073 -0300] INFO (6308): request completed
    route: "/v1/ops/provisioning/grants/d7cce1be-a8a8-4b20-a3cb-d97fee7f7645/reconcile"
    method: "POST"
    status: 428
    duration_ms: 2
[2026-09-27 23:24:23.457 -0300] INFO (6308): request completed
    route: "/v1/ops/provisioning/devices/06a5095a-ae36-4f81-abf6-60ca7bb76774/readiness"
    method: "GET"
    status: 200
    duration_ms: 184
[2026-09-27 23:24:23.496 -0300] INFO (6308): request completed
    route: "/v1/ops/provisioning/devices/06a5095a-ae36-4f81-abf6-60ca7bb76774/key-challenges"
    method: "POST"
    status: 400
    duration_ms: 11
[2026-09-27 23:24:23.714 -0300] INFO (6308): request completed
    route: "/v1/ops/provisioning/devices/192fcb35-47ce-4091-89dd-e39bff91b4a8/readiness"
    method: "GET"
    status: 200
    duration_ms: 30
[2026-09-27 23:24:23.766 -0300] INFO (6308): request completed
    route: "/v1/ops/provisioning/devices/192fcb35-47ce-4091-89dd-e39bff91b4a8/key-challenges"
    method: "POST"
    status: 201
    duration_ms: 50
[2026-09-27 23:24:23.821 -0300] INFO (6308): request completed
    route: "/v1/ops/provisioning/devices/192fcb35-47ce-4091-89dd-e39bff91b4a8/key-challenges"
    method: "POST"
    status: 201
    duration_ms: 28
[2026-09-27 23:24:24.038 -0300] INFO (6308): request completed
    route: "/v1/ops/provisioning/devices/3315f99d-40e1-45bb-b3c9-6364ecb9c2cb/readiness"
    method: "GET"
    status: 200
    duration_ms: 24
[2026-09-27 23:24:24.068 -0300] INFO (6308): request completed
    route: "/v1/ops/provisioning/devices/3315f99d-40e1-45bb-b3c9-6364ecb9c2cb/readiness"
    method: "GET"
    status: 200
    duration_ms: 23
[2026-09-27 23:24:24.122 -0300] INFO (6308): request completed
    route: "/v1/ops/provisioning/devices/3315f99d-40e1-45bb-b3c9-6364ecb9c2cb/key-challenges"
    method: "POST"
    status: 412
    duration_ms: 31
[2026-09-27 23:24:24.357 -0300] INFO (6308): request completed
    route: "/v1/ops/provisioning/grants/afe9d102-74de-4306-ac55-3b1dac1bafb1/revoke"
    method: "POST"
    status: 200
    duration_ms: 34
[2026-09-27 23:24:24.400 -0300] INFO (6308): request completed
    route: "/v1/ops/provisioning/grants/afe9d102-74de-4306-ac55-3b1dac1bafb1/revoke"
    method: "POST"
    status: 200
    duration_ms: 36
[2026-09-27 23:24:24.603 -0300] INFO (6308): request completed
    route: "/v1/ops/provisioning/devices/f5daba4a-e04c-4a75-b337-76e606e04248/readiness"
    method: "GET"
    status: 200
    duration_ms: 18
[2026-09-27 23:24:24.820 -0300] INFO (6308): request completed
    route: "/v1/ops/provisioning/devices/0058434c-bff2-4791-8ee7-db05d24aab69/readiness"
    method: "GET"
    status: 200
    duration_ms: 25
[2026-09-27 23:24:24.842 -0300] INFO (6308): request completed
    route: "/v1/ops/provisioning/devices/0058434c-bff2-4791-8ee7-db05d24aab69/key-challenges"
    method: "POST"
    status: 403
    duration_ms: 1
[2026-09-27 23:24:25.069 -0300] INFO (6308): request completed
    route: "/v1/ops/provisioning/devices/2f605828-c389-480e-a2e0-d934cfe7e354/readiness"
    method: "GET"
    status: 200
    duration_ms: 31
[2026-09-27 23:24:25.094 -0300] INFO (6308): request completed
    route: "/v1/ops/provisioning/devices/2f605828-c389-480e-a2e0-d934cfe7e354/key-challenges"
    method: "POST"
    status: 403
    duration_ms: 0
[2026-09-27 23:24:25.301 -0300] INFO (6308): request completed
    route: "/v1/ops/provisioning/devices/36318e42-cc54-488d-87cb-a40b611c2f12/readiness"
    method: "GET"
    status: 200
    duration_ms: 21
[2026-09-27 23:24:25.327 -0300] INFO (6308): request completed
    route: "/v1/ops/provisioning/devices/36318e42-cc54-488d-87cb-a40b611c2f12/key-challenges"
    method: "POST"
    status: 403
    duration_ms: 2
[2026-09-27 23:24:27.184 -0300] INFO (6345): request completed
    request_id: "01a0e5d3-f017-7d72-a740-7658a60ae7c8"
    tenant_id: "00000000-0000-7000-8000-00000000a001"
    actor_id: "00000000-0000-4000-8000-0000b0000001"
    route: "/v1/est/crash/records/00000000-0000-7000-8000-0000a1000001/start"
    method: "POST"
    status: 200
    duration_ms: 145
[2026-09-27 23:24:27.233 -0300] INFO (6345): request completed
    route: "/v1/est/crash/records/00000000-0000-7000-8000-0000a1000001/start"
    method: "POST"
    status: 428
    duration_ms: 23
[2026-09-27 23:24:27.250 -0300] INFO (6345): request completed
    route: "/v1/est/crash/records/00000000-0000-7000-8000-0000a1000001/start"
    method: "POST"
    status: 412
    duration_ms: 16
[2026-09-27 23:24:27.270 -0300] INFO (6345): request completed
    route: "/v1/est/crash/records/00000000-0000-7000-8000-0000a1000003/start"
    method: "POST"
    status: 409
    duration_ms: 19
[2026-09-27 23:24:27.272 -0300] INFO (6345): request completed
    route: "/v1/est/crash/records/00000000-0000-7000-8000-0000a1000001/start"
    method: "POST"
    status: 403
    duration_ms: 0
[2026-09-27 23:24:27.295 -0300] INFO (6345): request completed
    route: "/v1/est/crash/records/00000000-0000-7000-8000-0000a1000005/transmit"
    method: "POST"
    status: 409
    duration_ms: 21
[2026-09-27 23:24:27.318 -0300] INFO (6345): request completed
    route: "/v1/est/crash/records/00000000-0000-7000-8000-0000a1000011/renaest/correct"
    method: "POST"
    status: 409
    duration_ms: 21
[2026-09-27 23:24:27.336 -0300] INFO (6345): request completed
    route: "/v1/est/crash/records/00000000-0000-7000-8000-0000a1000010/renaest/correct"
    method: "POST"
    status: 422
    duration_ms: 16
[2026-09-27 23:24:27.345 -0300] INFO (6345): request completed
    route: "/v1/est/crash/records/00000000-0000-7000-8000-0000a1000007/renaest"
    method: "GET"
    status: 200
    duration_ms: 8
[2026-09-27 23:24:27.372 -0300] INFO (6345): request completed
    route: "/v1/est/crash/records/00000000-0000-7000-8000-0000a1000001/scene-duties"
    method: "POST"
    status: 422
    duration_ms: 23
[2026-09-27 23:24:27.392 -0300] INFO (6345): request completed
    route: "/v1/est/crash/records/00000000-0000-7000-8000-0000a1000004/scene-duties"
    method: "POST"
    status: 422
    duration_ms: 19
[2026-09-27 23:24:27.406 -0300] INFO (6345): request completed
    request_id: "01a0e5d3-f10b-74b9-85c8-dfd79a987d5b"
    tenant_id: "00000000-0000-7000-8000-00000000a001"
    actor_id: "00000000-0000-4000-8000-0000b0000001"
    route: "/v1/est/crash/records/00000000-0000-7000-8000-0000a1000003/report"
    method: "GET"
    status: 200
    duration_ms: 13
[2026-09-27 23:24:27.507 -0300] INFO (6345): request completed
    request_id: "01a0e5d3-f16e-7950-90c4-79d944589488"
    tenant_id: "00000000-0000-7000-8000-00000000a001"
    actor_id: "00000000-0000-4000-8000-0000b0000001"
    route: "/v1/est/crash/records/00000000-0000-7000-8000-0000a1000003/report"
    method: "GET"
    status: 200
    duration_ms: 100
[2026-09-27 23:24:27.508 -0300] INFO (6345): request completed
    route: "/v1/est/crash/records/00000000-0000-7000-8000-0000a1000003/report"
    method: "GET"
    status: 403
    duration_ms: 1
[2026-09-27 23:24:27.509 -0300] INFO (6345): request completed
    route: "/v1/est/crash/records/00000000-0000-7000-8000-0000a1000003/report"
    method: "GET"
    status: 403
    duration_ms: 0
[2026-09-27 23:24:27.511 -0300] INFO (6345): request completed
    route: "/v1/est/crash/records/00000000-0000-7000-8000-0000a1000003/report"
    method: "GET"
    status: 403
    duration_ms: 1
[2026-09-27 23:24:27.512 -0300] INFO (6345): request completed
    route: "/v1/est/crash/records/00000000-0000-7000-8000-0000a1000003/report"
    method: "GET"
    status: 403
    duration_ms: 1
[2026-09-27 23:24:27.513 -0300] INFO (6345): request completed
    route: "/v1/est/crash/records/00000000-0000-7000-8000-0000a1000003/report"
    method: "GET"
    status: 403
    duration_ms: 1
[2026-09-27 23:24:27.514 -0300] INFO (6345): request completed
    route: "/v1/est/crash/records/00000000-0000-7000-8000-0000a1000003/report"
    method: "GET"
    status: 403
    duration_ms: 1
[2026-09-27 23:24:27.515 -0300] INFO (6345): request completed
    route: "/v1/est/crash/records/00000000-0000-7000-8000-0000a1000003/report"
    method: "GET"
    status: 403
    duration_ms: 0
[2026-09-27 23:24:27.516 -0300] INFO (6345): request completed
    route: "/v1/est/crash/records/00000000-0000-7000-8000-0000a1000003/report"
    method: "GET"
    status: 403
    duration_ms: 0
[2026-09-27 23:24:27.528 -0300] INFO (6345): request completed
    request_id: "01a0e5d3-f185-7d6a-bd37-004ab8a70143"
    tenant_id: "00000000-0000-7000-8000-00000000a001"
    actor_id: "00000000-0000-4000-8000-0000b0000001"
    route: "/v1/est/crash/records/00000000-0000-7000-8000-0000a1000003/report"
    method: "GET"
    status: 200
    duration_ms: 11
[2026-09-27 23:24:27.530 -0300] INFO (6345): request completed
    route: "/v1/est/crash/records/00000000-0000-7000-8000-0000a1000003/report"
    method: "GET"
    status: 403
    duration_ms: 1
[2026-09-27 23:24:27.531 -0300] INFO (6345): request completed
    route: "/v1/est/crash/records/00000000-0000-7000-8000-0000a1000003/report"
    method: "GET"
    status: 403
    duration_ms: 1
[2026-09-27 23:24:27.532 -0300] INFO (6345): request completed
    route: "/v1/est/crash/records/00000000-0000-7000-8000-0000a1000003/report"
    method: "GET"
    status: 403
    duration_ms: 0
[2026-09-27 23:24:27.551 -0300] INFO (6345): request completed
    request_id: "01a0e5d3-f19c-78e4-9fd0-77a0ebafc6e3"
    tenant_id: "00000000-0000-7000-8000-00000000a001"
    actor_id: "00000000-0000-4000-8000-0000b0000001"
    route: "/v1/est/crash/records/00000000-0000-7000-8000-0000a1000003/report"
    method: "GET"
    status: 200
    duration_ms: 13
[2026-09-27 23:24:27.553 -0300] INFO (6345): request completed
    route: "/v1/est/crash/records/00000000-0000-7000-8000-0000a1000003/report"
    method: "GET"
    status: 403
    duration_ms: 1
[2026-09-27 23:24:27.566 -0300] INFO (6345): request completed
    request_id: "01a0e5d3-f1ab-7b2d-8607-c3292b0ede21"
    tenant_id: "00000000-0000-7000-8000-00000000a001"
    actor_id: "00000000-0000-4000-8000-0000b0000001"
    route: "/v1/est/crash/records/00000000-0000-7000-8000-0000a1000003/report"
    method: "GET"
    status: 200
    duration_ms: 13
[2026-09-27 23:24:27.567 -0300] INFO (6345): request completed
    route: "/v1/est/crash/records/00000000-0000-7000-8000-0000a1000003/report"
    method: "GET"
    status: 403
    duration_ms: 0
[2026-09-27 23:24:27.580 -0300] INFO (6345): request completed
    request_id: "01a0e5d3-f1b9-751f-8780-bb4094106fa4"
    tenant_id: "00000000-0000-7000-8000-00000000a001"
    actor_id: "00000000-0000-4000-8000-0000b0000001"
    route: "/v1/est/crash/records/00000000-0000-7000-8000-0000a1000003/report"
    method: "GET"
    status: 200
    duration_ms: 12
[2026-09-27 23:24:27.593 -0300] INFO (6345): request completed
    request_id: "01a0e5d3-f1c6-74c7-b5ec-620ae205fce8"
    tenant_id: "00000000-0000-7000-8000-00000000a001"
    actor_id: "00000000-0000-4000-8000-0000b0000001"
    route: "/v1/est/crash/records/00000000-0000-7000-8000-0000a1000003/report"
    method: "GET"
    status: 200
    duration_ms: 12
[2026-09-27 23:24:27.594 -0300] INFO (6345): request completed
    route: "/v1/est/crash/records/00000000-0000-7000-8000-0000a1000003/report"
    method: "GET"
    status: 403
    duration_ms: 0
[2026-09-27 23:24:27.607 -0300] INFO (6345): request completed
    request_id: "01a0e5d3-f1d5-73da-b2c5-d043a775fc95"
    tenant_id: "00000000-0000-7000-8000-00000000a001"
    actor_id: "00000000-0000-4000-8000-0000b0000001"
    route: "/v1/est/crash/records/00000000-0000-7000-8000-0000a1000003/report"
    method: "GET"
    status: 200
    duration_ms: 12
[2026-09-27 23:24:27.609 -0300] INFO (6345): request completed
    route: "/v1/est/crash/records/00000000-0000-7000-8000-0000a1000003/report"
    method: "GET"
    status: 403
    duration_ms: 1
[2026-09-27 23:24:27.610 -0300] INFO (6345): request completed
    route: "/v1/est/crash/records/00000000-0000-7000-8000-0000a1000003/report"
    method: "GET"
    status: 403
    duration_ms: 1
[2026-09-27 23:24:27.611 -0300] INFO (6345): request completed
    route: "/v1/est/crash/records/00000000-0000-7000-8000-0000a1000003/report"
    method: "GET"
    status: 403
    duration_ms: 1
[2026-09-27 23:24:27.612 -0300] INFO (6345): request completed
    route: "/v1/est/crash/records/00000000-0000-7000-8000-0000a1000003/report"
    method: "GET"
    status: 403
    duration_ms: 1
[2026-09-27 23:24:27.613 -0300] INFO (6345): request completed
    route: "/v1/est/crash/records/00000000-0000-7000-8000-0000a1000003/report"
    method: "GET"
    status: 403
    duration_ms: 1
[2026-09-27 23:24:27.614 -0300] INFO (6345): request completed
    route: "/v1/est/crash/records/00000000-0000-7000-8000-0000a1000003/report"
    method: "GET"
    status: 403
    duration_ms: 0
[2026-09-27 23:24:27.615 -0300] INFO (6345): request completed
    route: "/v1/est/crash/records/00000000-0000-7000-8000-0000a1000003/report"
    method: "GET"
    status: 403
    duration_ms: 0
[2026-09-27 23:24:27.616 -0300] INFO (6345): request completed
    route: "/v1/est/crash/records/00000000-0000-7000-8000-0000a1000003/report"
    method: "GET"
    status: 403
    duration_ms: 1
[2026-09-27 23:24:27.617 -0300] INFO (6345): request completed
    route: "/v1/est/crash/records/00000000-0000-7000-8000-0000a1000003/report"
    method: "GET"
    status: 403
    duration_ms: 1
[2026-09-27 23:24:27.617 -0300] INFO (6345): request completed
    route: "/v1/est/crash/records/00000000-0000-7000-8000-0000a1000003/report"
    method: "GET"
    status: 403
    duration_ms: 0
[2026-09-27 23:24:27.618 -0300] INFO (6345): request completed
    route: "/v1/est/crash/records/00000000-0000-7000-8000-0000a1000003/report"
    method: "GET"
    status: 403
    duration_ms: 0
[2026-09-27 23:24:27.619 -0300] INFO (6345): request completed
    route: "/v1/est/crash/records/00000000-0000-7000-8000-0000a1000003/report"
    method: "GET"
    status: 403
    duration_ms: 1
[2026-09-27 23:24:27.619 -0300] INFO (6345): request completed
    route: "/v1/est/crash/records/00000000-0000-7000-8000-0000a1000003/report"
    method: "GET"
    status: 403
    duration_ms: 0
[2026-09-27 23:24:27.620 -0300] INFO (6345): request completed
    route: "/v1/est/crash/records/00000000-0000-7000-8000-0000a1000003/report"
    method: "GET"
    status: 403
    duration_ms: 0
[2026-09-27 23:24:27.620 -0300] INFO (6345): request completed
    route: "/v1/est/crash/records/00000000-0000-7000-8000-0000a1000003/report"
    method: "GET"
    status: 403
    duration_ms: 0
[2026-09-27 23:24:27.621 -0300] INFO (6345): request completed
    route: "/v1/est/crash/records/00000000-0000-7000-8000-0000a1000003/report"
    method: "GET"
    status: 403
    duration_ms: 0
[2026-09-27 23:24:27.688 -0300] INFO (6345): request completed
    route: "/v1/ops/offline-sync/sync-batches"
    method: "POST"
    status: 200
    duration_ms: 66
(node:6345) DeprecationWarning: Calling client.query() when the client is already executing a query is deprecated and will be removed in pg@9.0. Use async/await or an external async flow control mechanism instead.
(Use `node --trace-deprecation ...` to show where the warning was created)
[2026-09-27 23:24:27.761 -0300] INFO (6345): request completed
    route: "/v1/ops/offline-sync/sync-batches"
    method: "POST"
    status: 200
    duration_ms: 45
[2026-09-27 23:24:27.813 -0300] INFO (6345): request completed
    route: "/v1/ops/offline-sync/sync-batches"
    method: "POST"
    status: 200
    duration_ms: 46
[2026-09-27 23:24:27.864 -0300] INFO (6345): request completed
    route: "/v1/ops/offline-sync/sync-batches"
    method: "POST"
    status: 200
    duration_ms: 45
[2026-09-27 23:24:27.915 -0300] INFO (6345): request completed
    route: "/v1/ops/offline-sync/sync-batches"
    method: "POST"
    status: 200
    duration_ms: 44
[2026-09-27 23:24:27.963 -0300] INFO (6345): request completed
    route: "/v1/ops/offline-sync/sync-batches"
    method: "POST"
    status: 200
    duration_ms: 41
[2026-09-27 23:24:28.009 -0300] INFO (6345): request completed
    route: "/v1/ops/offline-sync/sync-batches"
    method: "POST"
    status: 200
    duration_ms: 45
[2026-09-27 23:24:29.851 -0300] INFO (6360): request completed
    route: "/v1/ops/evidence/upload-intents"
    method: "POST"
    status: 200
    duration_ms: 192
[2026-09-27 23:24:29.862 -0300] INFO (6360): request completed
    route: "/v1/ops/evidence/upload-intents"
    method: "POST"
    status: 403
    duration_ms: 7
[2026-09-27 23:24:29.889 -0300] INFO (6360): request completed
    route: "/v1/ops/evidence/00000000-0000-7000-8000-0000ef000001/validate"
    method: "POST"
    status: 200
    duration_ms: 25
[2026-09-27 23:24:29.892 -0300] INFO (6360): request completed
    route: "/v1/ops/evidence/00000000-0000-7000-8000-0000ef000001/validate"
    method: "POST"
    status: 403
    duration_ms: 1
[2026-09-27 23:24:29.933 -0300] INFO (6360): request completed
    route: "/v1/ops/evidence/maintenance/purge-expired-unverified"
    method: "POST"
    status: 200
    duration_ms: 40
[2026-09-27 23:24:29.936 -0300] INFO (6360): request completed
    route: "/v1/ops/evidence/maintenance/purge-expired-unverified"
    method: "POST"
    status: 403
    duration_ms: 1
[2026-09-27 23:24:29.962 -0300] INFO (6360): request completed
    route: "/v1/ops/evidence-access-requests/00000000-0000-7000-8000-0000ef400002/approve"
    method: "POST"
    status: 409
    duration_ms: 25
[2026-09-27 23:24:29.964 -0300] INFO (6360): request completed
    route: "/v1/ops/evidence-access-requests/00000000-0000-7000-8000-0000ef400002/approve"
    method: "POST"
    status: 403
    duration_ms: 1
[2026-09-27 23:24:29.971 -0300] INFO (6360): request completed
    route: "/v1/inf/normative/mobile-packages/sync-metadata"
    method: "GET"
    status: 200
    duration_ms: 6
[2026-09-27 23:24:30.114 -0300] INFO (6360): request completed
    route: "/v1/inf/normative/mobile-packages/generate"
    method: "POST"
    status: 201
    duration_ms: 141
[2026-09-27 23:24:30.152 -0300] INFO (6360): request completed
    route: "/v1/inf/normative/mobile-packages/4242eed9-7e1c-438f-b511-4c9ea4a1da2a/publish"
    method: "POST"
    status: 200
    duration_ms: 36
[2026-09-27 23:24:30.164 -0300] INFO (6360): request completed
    route: "/v1/inf/normative/mobile-packages/4242eed9-7e1c-438f-b511-4c9ea4a1da2a/content"
    method: "GET"
    status: 200
    duration_ms: 11
[2026-09-27 23:24:30.247 -0300] INFO (6360): request completed
    route: "/v1/inf/normative/mobile-packages/generate"
    method: "POST"
    status: 201
    duration_ms: 81
[2026-09-27 23:24:30.284 -0300] INFO (6360): request completed
    route: "/v1/inf/normative/mobile-packages/56121532-ea9b-46ca-8871-69275a06e85f/publish"
    method: "POST"
    status: 200
    duration_ms: 36
[2026-09-27 23:24:30.333 -0300] INFO (6360): request completed
    route: "/v1/inf/normative/mobile-packages/56121532-ea9b-46ca-8871-69275a06e85f/content"
    method: "GET"
    status: 422
    duration_ms: 13
[2026-09-27 23:24:30.403 -0300] INFO (6360): request completed
    route: "/v1/inf/normative/mobile-packages/generate"
    method: "POST"
    status: 201
    duration_ms: 69
[2026-09-27 23:24:30.430 -0300] INFO (6360): request completed
    route: "/v1/inf/normative/mobile-packages/390a2519-328e-410e-811b-8cd5d7384c5c/publish"
    method: "POST"
    status: 200
    duration_ms: 26
[2026-09-27 23:24:30.442 -0300] INFO (6360): request completed
    route: "/v1/inf/normative/mobile-packages/390a2519-328e-410e-811b-8cd5d7384c5c/content"
    method: "GET"
    status: 200
    duration_ms: 11
[2026-09-27 23:24:30.459 -0300] INFO (6360): request completed
    route: "/v1/inf/normative/mobile-packages/390a2519-328e-410e-811b-8cd5d7384c5c/content"
    method: "GET"
    status: 304
    duration_ms: 15
[2026-09-27 23:24:30.473 -0300] INFO (6360): request completed
    route: "/v1/inf/normative/mobile-packages/390a2519-328e-410e-811b-8cd5d7384c5c/content"
    method: "GET"
    status: 200
    duration_ms: 13
[2026-09-27 23:24:30.556 -0300] INFO (6360): request completed
    route: "/v1/inf/normative/mobile-packages/generate"
    method: "POST"
    status: 201
    duration_ms: 82
[2026-09-27 23:24:30.559 -0300] INFO (6360): request completed
    route: "/v1/inf/normative/mobile-packages/generate"
    method: "POST"
    status: 403
    duration_ms: 1
[2026-09-27 23:24:32.494 -0300] INFO (6395): request completed
    route: "/v1/dashboard/alerts/00000000-0000-7000-8000-000084000121/ack"
    method: "POST"
    status: 200
    duration_ms: 194
[2026-09-27 23:24:32.541 -0300] INFO (6395): request completed
    route: "/v1/dashboard/alerts/00000000-0000-7000-8000-000084000122/treating"
    method: "POST"
    status: 200
    duration_ms: 41
[2026-09-27 23:24:32.578 -0300] INFO (6395): request completed
    route: "/v1/dashboard/alerts/00000000-0000-7000-8000-000084000123/close"
    method: "POST"
    status: 200
    duration_ms: 34
[2026-09-27 23:24:32.612 -0300] INFO (6395): request completed
    route: "/v1/dashboard/alerts/00000000-0000-7000-8000-000084000124/root-cause"
    method: "POST"
    status: 200
    duration_ms: 32
[2026-09-27 23:24:32.642 -0300] INFO (6395): request completed
    route: "/v1/dashboard/duties/00000000-0000-7000-8000-000080001001/cycles/2026-09/start"
    method: "POST"
    status: 200
    duration_ms: 28
[2026-09-27 23:24:32.672 -0300] INFO (6395): request completed
    route: "/v1/dashboard/duties/00000000-0000-7000-8000-000080001001/cycles/2026-09/prepare"
    method: "POST"
    status: 200
    duration_ms: 28
[2026-09-27 23:24:32.702 -0300] INFO (6395): request completed
    route: "/v1/dashboard/duties/00000000-0000-7000-8000-000080001001/cycles/2026-09/submit"
    method: "POST"
    status: 200
    duration_ms: 28
[2026-09-27 23:24:32.732 -0300] INFO (6395): request completed
    route: "/v1/dashboard/duties/00000000-0000-7000-8000-000080001001/cycles/2026-09/prove"
    method: "POST"
    status: 200
    duration_ms: 28
[2026-09-27 23:24:32.759 -0300] INFO (6395): request completed
    route: "/v1/dashboard/duties/00000000-0000-7000-8000-000080001001/cycles/2026-09/archive"
    method: "POST"
    status: 200
    duration_ms: 25
[2026-09-27 23:24:32.789 -0300] INFO (6395): request completed
    route: "/v1/dashboard/indicator-configs/00000000-0000-7000-8000-000084000331"
    method: "PATCH"
    status: 200
    duration_ms: 27
[2026-09-27 23:24:32.814 -0300] INFO (6395): request completed
    route: "/v1/dashboard/indicator-configs/00000000-0000-7000-8000-000084000331/publish"
    method: "POST"
    status: 200
    duration_ms: 23
[2026-09-27 23:24:32.838 -0300] INFO (6395): request completed
    route: "/v1/dashboard/bi-panels"
    method: "POST"
    status: 201
    duration_ms: 23
[2026-09-27 23:24:32.860 -0300] INFO (6395): request completed
    route: "/v1/dashboard/bi-panels/8e9a10e3-a202-4655-a6d9-c3019bf16d2f"
    method: "PATCH"
    status: 200
    duration_ms: 20
[2026-09-27 23:24:32.880 -0300] INFO (6395): request completed
    route: "/v1/dashboard/bi-panels/8e9a10e3-a202-4655-a6d9-c3019bf16d2f/publish"
    method: "POST"
    status: 200
    duration_ms: 18
[2026-09-27 23:24:32.903 -0300] INFO (6395): request completed
    route: "/v1/dashboard/generated-reports/00000000-0000-7000-8000-000084000531/complete"
    method: "POST"
    status: 200
    duration_ms: 21
[2026-09-27 23:24:32.927 -0300] INFO (6395): request completed
    route: "/v1/dashboard/generated-reports"
    method: "POST"
    status: 201
    duration_ms: 23
[2026-09-27 23:24:32.949 -0300] INFO (6395): request completed
    route: "/v1/dashboard/generated-reports/f208afa0-d63e-4f9f-b496-4ea7f75b4def/fail"
    method: "POST"
    status: 200
    duration_ms: 21
[2026-09-27 23:24:32.992 -0300] INFO (6395): request completed
    route: "/v1/dashboard/exports"
    method: "POST"
    status: 201
    duration_ms: 42
[2026-09-27 23:24:33.016 -0300] INFO (6395): request completed
    route: "/v1/dashboard/exports"
    method: "POST"
    status: 202
    duration_ms: 22
[2026-09-27 23:24:33.040 -0300] INFO (6395): request completed
    route: "/v1/dashboard/exports/d79e98cf-ce04-40b4-b9fa-0ea529eb00df/approve"
    method: "POST"
    status: 200
    duration_ms: 23
[2026-09-27 23:24:33.064 -0300] INFO (6395): request completed
    route: "/v1/dashboard/transparency/audits"
    method: "POST"
    status: 201
    duration_ms: 23
[2026-09-27 23:24:33.079 -0300] INFO (6395): request completed
    route: "/v1/dashboard/alerts/00000000-0000-7000-8000-000081000105/ack"
    method: "POST"
    status: 400
    duration_ms: 14
[2026-09-27 23:24:33.093 -0300] INFO (6395): request completed
    route: "/v1/dashboard/alerts/00000000-0000-7000-8000-000081000105/ack"
    method: "POST"
    status: 400
    duration_ms: 13
[2026-09-27 23:24:33.102 -0300] INFO (6395): request completed
    route: "/v1/dashboard/alerts/00000000-0000-7000-8000-000081000105/object/archive"
    method: "POST"
    status: 404
    duration_ms: 7
[2026-09-27 23:24:33.106 -0300] INFO (6395): request completed
    route: "/v1/dashboard/cases/00000000-0000-7000-8000-000010000002/archive"
    method: "POST"
    status: 404
    duration_ms: 3
[2026-09-27 23:24:33.107 -0300] INFO (6395): request completed
    route: "/v1/dashboard/alerts/00000000-0000-7000-8000-000081000105/case-state"
    method: "POST"
    status: 404
    duration_ms: 0
[2026-09-27 23:24:34.944 -0300] INFO (6405): request completed
    route: "/v1/dashboard/generated-reports"
    method: "POST"
    status: 400
    duration_ms: 134
[2026-09-27 23:24:34.973 -0300] INFO (6405): request completed
    route: "/v1/dashboard/generated-reports"
    method: "POST"
    status: 403
    duration_ms: 24
[2026-09-27 23:24:34.991 -0300] INFO (6405): request completed
    route: "/v1/dashboard/generated-reports"
    method: "POST"
    status: 400
    duration_ms: 16
[2026-09-27 23:24:35.040 -0300] INFO (6405): request completed
    route: "/v1/dashboard/generated-reports"
    method: "POST"
    status: 201
    duration_ms: 48
[2026-09-27 23:24:35.067 -0300] INFO (6405): request completed
    route: "/v1/dashboard/generated-reports/4fff00cc-588f-46ac-8a3e-3bd44044935a/complete"
    method: "POST"
    status: 422
    duration_ms: 19
[2026-09-27 23:24:35.090 -0300] INFO (6405): request completed
    route: "/v1/dashboard/generated-reports/4fff00cc-588f-46ac-8a3e-3bd44044935a/complete"
    method: "POST"
    status: 200
    duration_ms: 22
[2026-09-27 23:24:35.111 -0300] INFO (6405): request completed
    route: "/v1/dashboard/generated-reports/4fff00cc-588f-46ac-8a3e-3bd44044935a/complete"
    method: "POST"
    status: 409
    duration_ms: 16
[2026-09-27 23:24:35.128 -0300] INFO (6405): request completed
    route: "/v1/dashboard/generated-reports/4fff00cc-588f-46ac-8a3e-3bd44044935a/fail"
    method: "POST"
    status: 409
    duration_ms: 16
[2026-09-27 23:24:35.149 -0300] INFO (6405): request completed
    route: "/v1/dashboard/generated-reports"
    method: "POST"
    status: 201
    duration_ms: 20
[2026-09-27 23:24:35.171 -0300] INFO (6405): request completed
    route: "/v1/dashboard/generated-reports/dcc40362-24f5-45ca-9e8c-9e9ecbe66562/fail"
    method: "POST"
    status: 200
    duration_ms: 21
[2026-09-27 23:24:35.194 -0300] INFO (6405): request completed
    route: "/v1/dashboard/indicator-configs/00000000-0000-7000-8000-000084000321"
    method: "PATCH"
    status: 400
    duration_ms: 19
[2026-09-27 23:24:35.218 -0300] INFO (6405): request completed
    route: "/v1/dashboard/indicator-configs/00000000-0000-7000-8000-000084000321"
    method: "PATCH"
    status: 422
    duration_ms: 22
[2026-09-27 23:24:35.237 -0300] INFO (6405): request completed
    route: "/v1/dashboard/indicator-configs/00000000-0000-7000-8000-000084000321/publish"
    method: "POST"
    status: 422
    duration_ms: 17
[2026-09-27 23:24:35.261 -0300] INFO (6405): request completed
    route: "/v1/dashboard/indicator-configs/00000000-0000-7000-8000-000084000322/publish"
    method: "POST"
    status: 200
    duration_ms: 23
[2026-09-27 23:24:35.280 -0300] INFO (6405): request completed
    route: "/v1/dashboard/indicator-configs/00000000-0000-7000-8000-000084000322/publish"
    method: "POST"
    status: 400
    duration_ms: 15
[2026-09-27 23:24:35.302 -0300] INFO (6405): request completed
    route: "/v1/dashboard/indicator-configs/00000000-0000-7000-8000-000084000322"
    method: "PATCH"
    status: 200
    duration_ms: 21
[2026-09-27 23:24:35.319 -0300] INFO (6405): request completed
    route: "/v1/dashboard/indicator-configs/00000000-0000-7000-8000-000084000321"
    method: "PATCH"
    status: 400
    duration_ms: 15
[2026-09-27 23:24:35.333 -0300] INFO (6405): request completed
    route: "/v1/dashboard/bi-panels"
    method: "POST"
    status: 403
    duration_ms: 13
[2026-09-27 23:24:35.346 -0300] INFO (6405): request completed
    route: "/v1/dashboard/bi-panels"
    method: "POST"
    status: 403
    duration_ms: 12
[2026-09-27 23:24:35.371 -0300] INFO (6405): request completed
    route: "/v1/dashboard/bi-panels"
    method: "POST"
    status: 201
    duration_ms: 24
[2026-09-27 23:24:35.393 -0300] INFO (6405): request completed
    route: "/v1/dashboard/bi-panels/d52c5d85-f59c-43a0-99e3-08a712e5dc11/publish"
    method: "POST"
    status: 200
    duration_ms: 21
[2026-09-27 23:24:35.400 -0300] INFO (6405): request completed
    route: "/v1/dashboard/bi-panels"
    method: "GET"
    status: 200
    duration_ms: 6
[2026-09-27 23:24:35.407 -0300] INFO (6405): request completed
    route: "/v1/dashboard/bi-panels/00000000-0000-7000-8000-000084000421"
    method: "GET"
    status: 403
    duration_ms: 4
[2026-09-27 23:24:35.414 -0300] INFO (6405): request completed
    route: "/v1/dashboard/bi-panels"
    method: "GET"
    status: 200
    duration_ms: 6
[2026-09-27 23:24:35.438 -0300] INFO (6405): request completed
    route: "/v1/dashboard/bi-panels"
    method: "POST"
    status: 400
    duration_ms: 23
[2026-09-27 23:24:35.445 -0300] INFO (6405): request completed
    route: "/v1/dashboard/indicators/IND-DASH-999"
    method: "GET"
    status: 404
    duration_ms: 5
[2026-09-27 23:24:35.452 -0300] INFO (6405): request completed
    route: "/v1/dashboard/indicators?pageSize=200"
    method: "GET"
    status: 200
    duration_ms: 6
[2026-09-27 23:24:35.462 -0300] INFO (6405): request completed
    route: "/v1/dashboard/indicators/IND-DASH-203"
    method: "GET"
    status: 423
    duration_ms: 7
[2026-09-27 23:24:35.486 -0300] INFO (6405): request completed
    route: "/v1/dashboard/indicators/IND-DASH-101"
    method: "GET"
    status: 200
    duration_ms: 23
[2026-09-27 23:24:35.498 -0300] INFO (6405): request completed
    route: "/v1/dashboard/indicators/IND-DASH-304"
    method: "GET"
    status: 200
    duration_ms: 11
[2026-09-27 23:24:35.503 -0300] INFO (6405): request completed
    route: "/v1/dashboard/indicator-configs/00000000-0000-7000-8000-000084000321"
    method: "GET"
    status: 200
    duration_ms: 4
[2026-09-27 23:24:37.276 -0300] INFO (6427): request completed
    route: "/v1/dashboard/alerts?layer=N2"
    method: "GET"
    status: 403
    duration_ms: 73
[2026-09-27 23:24:37.313 -0300] INFO (6427): request completed
    route: "/v1/dashboard/alerts?layer=N2"
    method: "GET"
    status: 400
    duration_ms: 33
[2026-09-27 23:24:37.322 -0300] INFO (6427): request completed
    route: "/v1/dashboard/alerts?layer=N2"
    method: "GET"
    status: 400
    duration_ms: 7
[2026-09-27 23:24:37.366 -0300] INFO (6427): request completed
    route: "/v1/dashboard/alerts?layer=N2&pageSize=200"
    method: "GET"
    status: 200
    duration_ms: 42
[2026-09-27 23:24:37.415 -0300] INFO (6427): request completed
    route: "/v1/dashboard/alerts/00000000-0000-7000-8000-000081000105"
    method: "GET"
    status: 200
    duration_ms: 40
[2026-09-27 23:24:37.423 -0300] INFO (6427): request completed
    route: "/v1/dashboard/alerts/00000000-0000-7000-8000-000081000105"
    method: "GET"
    status: 403
    duration_ms: 6
[2026-09-27 23:24:37.439 -0300] INFO (6427): request completed
    route: "/v1/dashboard/alerts/00000000-0000-7000-8000-000081000105"
    method: "GET"
    status: 200
    duration_ms: 15
[2026-09-27 23:24:37.455 -0300] INFO (6427): request completed
    route: "/v1/dashboard/alerts/00000000-0000-7000-8000-000081000105"
    method: "GET"
    status: 200
    duration_ms: 14
[2026-09-27 23:24:37.457 -0300] INFO (6427): request completed
    route: "/v1/dashboard/alerts?layer=N3"
    method: "GET"
    status: 403
    duration_ms: 0
[2026-09-27 23:24:37.460 -0300] INFO (6427): request completed
    route: "/v1/dashboard/alerts?layer=N3"
    method: "GET"
    status: 403
    duration_ms: 1
[2026-09-27 23:24:37.462 -0300] INFO (6427): request completed
    route: "/v1/dashboard/alerts?layer=N3"
    method: "GET"
    status: 403
    duration_ms: 1
[2026-09-27 23:24:37.495 -0300] INFO (6427): request completed
    route: "/v1/dashboard/bi-panels"
    method: "POST"
    status: 403
    duration_ms: 28
[2026-09-27 23:24:37.510 -0300] INFO (6427): request completed
    route: "/v1/dashboard/exports"
    method: "POST"
    status: 403
    duration_ms: 13
[2026-09-27 23:24:37.524 -0300] INFO (6427): request completed
    route: "/v1/dashboard/generated-reports"
    method: "POST"
    status: 403
    duration_ms: 13
[2026-09-27 23:24:37.533 -0300] INFO (6427): request completed
    route: "/v1/dashboard/alerts"
    method: "GET"
    status: 200
    duration_ms: 8
[2026-09-27 23:24:37.545 -0300] INFO (6427): request completed
    route: "/v1/dashboard/alerts/00000000-0000-7000-8000-000081000102"
    method: "GET"
    status: 200
    duration_ms: 11
[2026-09-27 23:24:37.556 -0300] INFO (6427): request completed
    route: "/v1/dashboard/alerts/00000000-0000-7000-8000-000081000118/incident"
    method: "GET"
    status: 200
    duration_ms: 10
[2026-09-27 23:24:37.565 -0300] INFO (6427): request completed
    route: "/v1/dashboard/duties"
    method: "GET"
    status: 200
    duration_ms: 8
[2026-09-27 23:24:37.572 -0300] INFO (6427): request completed
    route: "/v1/dashboard/duties/00000000-0000-7000-8000-000080001001/cycles"
    method: "GET"
    status: 200
    duration_ms: 6
[2026-09-27 23:24:37.577 -0300] INFO (6427): request completed
    route: "/v1/dashboard/duties/00000000-0000-7000-8000-000080001001/cycles/2026-09"
    method: "GET"
    status: 200
    duration_ms: 5
[2026-09-27 23:24:37.584 -0300] INFO (6427): request completed
    route: "/v1/dashboard/indicators"
    method: "GET"
    status: 200
    duration_ms: 6
[2026-09-27 23:24:37.597 -0300] INFO (6427): request completed
    route: "/v1/dashboard/indicators/IND-DASH-101"
    method: "GET"
    status: 200
    duration_ms: 11
[2026-09-27 23:24:37.604 -0300] INFO (6427): request completed
    route: "/v1/dashboard/indicator-configs"
    method: "GET"
    status: 200
    duration_ms: 6
[2026-09-27 23:24:37.609 -0300] INFO (6427): request completed
    route: "/v1/dashboard/indicator-configs/00000000-0000-7000-8000-000084000311"
    method: "GET"
    status: 200
    duration_ms: 5
[2026-09-27 23:24:37.616 -0300] INFO (6427): request completed
    route: "/v1/dashboard/bi-panels"
    method: "GET"
    status: 200
    duration_ms: 6
[2026-09-27 23:24:37.621 -0300] INFO (6427): request completed
    route: "/v1/dashboard/bi-panels/00000000-0000-7000-8000-000084000411"
    method: "GET"
    status: 200
    duration_ms: 4
[2026-09-27 23:24:37.627 -0300] INFO (6427): request completed
    route: "/v1/dashboard/generated-reports"
    method: "GET"
    status: 200
    duration_ms: 5
[2026-09-27 23:24:37.633 -0300] INFO (6427): request completed
    route: "/v1/dashboard/generated-reports/00000000-0000-7000-8000-000084000511"
    method: "GET"
    status: 200
    duration_ms: 5
[2026-09-27 23:24:37.638 -0300] INFO (6427): request completed
    route: "/v1/dashboard/sources"
    method: "GET"
    status: 200
    duration_ms: 4
[2026-09-27 23:24:37.644 -0300] INFO (6427): request completed
    route: "/v1/dashboard/sources/00000000-0000-7000-8000-000081000401"
    method: "GET"
    status: 200
    duration_ms: 5
[2026-09-27 23:24:37.657 -0300] INFO (6427): request completed
    route: "/v1/dashboard/audit-trail"
    method: "GET"
    status: 200
    duration_ms: 12
[2026-09-27 23:24:37.665 -0300] INFO (6427): request completed
    route: "/v1/dashboard/comparisons?dimension=pool"
    method: "GET"
    status: 200
    duration_ms: 7
[2026-09-27 23:24:37.673 -0300] INFO (6427): request completed
    route: "/v1/dashboard/transparency/checklist"
    method: "GET"
    status: 200
    duration_ms: 7
(node:6427) DeprecationWarning: Calling client.query() when the client is already executing a query is deprecated and will be removed in pg@9.0. Use async/await or an external async flow control mechanism instead.
(Use `node --trace-deprecation ...` to show where the warning was created)
[2026-09-27 23:24:37.688 -0300] INFO (6427): request completed
    route: "/v1/dashboard/kpis"
    method: "GET"
    status: 200
    duration_ms: 14
[2026-09-27 23:24:37.694 -0300] INFO (6427): request completed
    route: "/v1/dashboard/datasets"
    method: "GET"
    status: 200
    duration_ms: 5
[2026-09-27 23:24:37.704 -0300] INFO (6427): request completed
    route: "/v1/dashboard/open-data/alerts-by-severity-month"
    method: "GET"
    status: 200
    duration_ms: 9
[2026-09-27 23:24:37.711 -0300] INFO (6427): request completed
    route: "/v1/dashboard/indicators/IND-DASH-106"
    method: "GET"
    status: 200
    duration_ms: 6
[2026-09-27 23:24:37.718 -0300] INFO (6427): request completed
    route: "/v1/dashboard/duties"
    method: "GET"
    status: 200
    duration_ms: 6
[2026-09-27 23:24:37.723 -0300] INFO (6427): request completed
    route: "/v1/dashboard/alerts/00000000-0000-7000-8000-000084000111/ack"
    method: "POST"
    status: 400
    duration_ms: 4
[2026-09-27 23:24:37.741 -0300] INFO (6427): request completed
    route: "/v1/dashboard/alerts/00000000-0000-7000-8000-000084000111/ack"
    method: "POST"
    status: 428
    duration_ms: 17
[2026-09-27 23:24:37.778 -0300] INFO (6427): request completed
    route: "/v1/dashboard/alerts/00000000-0000-7000-8000-000084000111/ack"
    method: "POST"
    status: 200
    duration_ms: 36
[2026-09-27 23:24:37.787 -0300] INFO (6427): request completed
    route: "/v1/dashboard/alerts/00000000-0000-7000-8000-000084000111/ack"
    method: "POST"
    status: 200
    duration_ms: 8
[2026-09-27 23:24:37.804 -0300] INFO (6427): request completed
    route: "/v1/dashboard/alerts/00000000-0000-7000-8000-000084000111/ack"
    method: "POST"
    status: 412
    duration_ms: 16
[2026-09-27 23:24:37.809 -0300] INFO (6427): request completed
    route: "/v1/dashboard/alerts/00000000-0000-7000-8000-000084000111/ack"
    method: "POST"
    status: 422
    duration_ms: 4
[2026-09-27 23:24:37.826 -0300] INFO (6427): request completed
    route: "/v1/dashboard/alerts/00000000-0000-7000-8000-000081000102"
    method: "GET"
    status: 200
    duration_ms: 15
[2026-09-27 23:24:39.670 -0300] INFO (6433): request completed
    route: "/v1/ops/mobile-bootstrap?device_id=00000000-0000-7000-8000-0000e4000002&app_version=1.0.0"
    method: "GET"
    status: 200
    duration_ms: 183
[2026-09-27 23:24:39.681 -0300] INFO (6433): request completed
    route: "/v1/ops/mobile-bootstrap?device_id=00000000-0000-7000-8000-0000e4000002&app_version=1.0.0"
    method: "GET"
    status: 403
    duration_ms: 7
[2026-09-27 23:24:39.798 -0300] INFO (6433): request completed
    route: "/v1/ops/offline-sync/sync-batches"
    method: "POST"
    status: 200
    duration_ms: 112
(node:6433) DeprecationWarning: Calling client.query() when the client is already executing a query is deprecated and will be removed in pg@9.0. Use async/await or an external async flow control mechanism instead.
(Use `node --trace-deprecation ...` to show where the warning was created)
[2026-09-27 23:24:39.827 -0300] INFO (6433): request completed
    route: "/v1/ops/offline-sync/sync-batches"
    method: "POST"
    status: 403
    duration_ms: 2
[2026-09-27 23:24:39.830 -0300] INFO (6433): request completed
    route: "/v1/ops/offline-sync/receipts/00000000-0000-7000-8000-00000000a002"
    method: "GET"
    status: 404
    duration_ms: 2
[2026-09-27 23:24:39.837 -0300] INFO (6433): request completed
    route: "/v1/ops/offline-sync/receipts/00000000-0000-7000-8000-00000000a001/by-idempotency/item-inexistente"
    method: "GET"
    status: 404
    duration_ms: 6
[2026-09-27 23:24:39.844 -0300] INFO (6433): request completed
    route: "/v1/ops/offline-sync/receipts/00000000-0000-7000-8000-00000000a001/by-idempotency/item-001"
    method: "GET"
    status: 200
    duration_ms: 6
[2026-09-27 23:24:39.864 -0300] INFO (6433): request completed
    route: "/v1/ops/offline-sync/sync-batches"
    method: "POST"
    status: 400
    duration_ms: 19
[2026-09-27 23:24:39.881 -0300] INFO (6433): request completed
    route: "/v1/ops/offline-sync/sync-batches"
    method: "POST"
    status: 400
    duration_ms: 14
[2026-09-27 23:24:39.899 -0300] INFO (6433): request completed
    route: "/v1/ops/offline-sync/sync-batches"
    method: "POST"
    status: 400
    duration_ms: 14
[2026-09-27 23:24:39.916 -0300] INFO (6433): request completed
    route: "/v1/ops/offline-sync/sync-batches"
    method: "POST"
    status: 400
    duration_ms: 14
[2026-09-27 23:24:39.933 -0300] INFO (6433): request completed
    route: "/v1/ops/offline-sync/sync-batches"
    method: "POST"
    status: 400
    duration_ms: 14
[2026-09-27 23:24:39.958 -0300] INFO (6433): request completed
    route: "/v1/ops/offline-sync/sync-conflicts/00000000-0000-7000-8000-0000eb100001/resolve"
    method: "POST"
    status: 200
    duration_ms: 21
[2026-09-27 23:24:39.979 -0300] INFO (6433): request completed
    route: "/v1/ops/offline-sync/sync-conflicts/00000000-0000-7000-8000-0000eb100001/resolve"
    method: "POST"
    status: 409
    duration_ms: 18
[2026-09-27 23:24:39.981 -0300] INFO (6433): request completed
    route: "/v1/ops/offline-sync/sync-conflicts/00000000-0000-7000-8000-0000eb100001/resolve"
    method: "POST"
    status: 403
    duration_ms: 0
[2026-09-27 23:24:40.012 -0300] INFO (6433): request completed
    route: "/v1/ops/field/devices/00000000-0000-7000-8000-0000e4000004/block"
    method: "POST"
    status: 200
    duration_ms: 30
[2026-09-27 23:24:40.013 -0300] INFO (6433): request completed
    route: "/v1/ops/field/devices/00000000-0000-7000-8000-0000e4000004/block"
    method: "POST"
    status: 403
    duration_ms: 0
[2026-09-27 23:24:40.034 -0300] INFO (6433): request completed
    route: "/v1/ops/field/homologations/00000000-0000-7000-8000-0000e2200002/renew"
    method: "POST"
    status: 200
    duration_ms: 20
[2026-09-27 23:24:40.036 -0300] INFO (6433): request completed
    route: "/v1/ops/field/homologations/00000000-0000-7000-8000-0000e2200002/renew"
    method: "POST"
    status: 403
    duration_ms: 1
[2026-09-27 23:24:40.061 -0300] INFO (6433): request completed
    route: "/v1/ops/field/homologations/00000000-0000-7000-8000-0000e2200001/cancel-by-audit"
    method: "POST"
    status: 200
    duration_ms: 24
[2026-09-27 23:24:40.063 -0300] INFO (6433): request completed
    route: "/v1/ops/field/homologations/00000000-0000-7000-8000-0000e2200001/cancel-by-audit"
    method: "POST"
    status: 403
    duration_ms: 1
[2026-09-27 23:24:40.064 -0300] INFO (6433): request completed
    route: "/v1/ops/mobile-bootstrap/sessions/handoff"
    method: "POST"
    status: 403
    duration_ms: 0
[2026-09-27 23:24:40.100 -0300] INFO (6433): request completed
    route: "/v1/ops/mobile-bootstrap/sessions/handoff"
    method: "POST"
    status: 200
    duration_ms: 35
[2026-09-27 23:24:40.103 -0300] INFO (6433): request completed
    route: "/ops/agents"
    method: "GET"
    status: 404
    duration_ms: 1
[2026-09-27 23:24:40.104 -0300] INFO (6433): request completed
    route: "/ops/devices"
    method: "GET"
    status: 404
    duration_ms: 0
[2026-09-27 23:24:40.105 -0300] INFO (6433): request completed
    route: "/ops/teams"
    method: "GET"
    status: 404
    duration_ms: 0
[2026-09-27 23:24:40.106 -0300] INFO (6433): request completed
    route: "/ops/homologations"
    method: "GET"
    status: 404
    duration_ms: 0
[2026-09-27 23:24:40.107 -0300] INFO (6433): request completed
    route: "/ops/app-versions"
    method: "GET"
    status: 404
    duration_ms: 0
[2026-09-27 23:24:40.108 -0300] INFO (6433): request completed
    route: "/ops/evidence/evidence"
    method: "GET"
    status: 404
    duration_ms: 1
[2026-09-27 23:24:40.108 -0300] INFO (6433): request completed
    route: "/ops/snapshots/people"
    method: "GET"
    status: 404
    duration_ms: 0
[2026-09-27 23:24:40.113 -0300] INFO (6433): request completed
    route: "/v1/ops/field/agents"
    method: "GET"
    status: 200
    duration_ms: 4
[2026-09-27 23:24:42.029 -0300] INFO (6441): request completed
    route: "/v1/dashboard/exports"
    method: "POST"
    status: 400
    duration_ms: 144
[2026-09-27 23:24:42.055 -0300] INFO (6441): request completed
    route: "/v1/dashboard/exports"
    method: "POST"
    status: 403
    duration_ms: 22
[2026-09-27 23:24:42.072 -0300] INFO (6441): request completed
    route: "/v1/dashboard/exports"
    method: "POST"
    status: 400
    duration_ms: 16
[2026-09-27 23:24:42.098 -0300] INFO (6441): request completed
    route: "/v1/dashboard/exports"
    method: "POST"
    status: 400
    duration_ms: 24
[2026-09-27 23:24:42.113 -0300] INFO (6441): request completed
    route: "/v1/dashboard/exports"
    method: "POST"
    status: 403
    duration_ms: 14
[2026-09-27 23:24:42.133 -0300] INFO (6441): request completed
    route: "/v1/dashboard/exports"
    method: "POST"
    status: 403
    duration_ms: 19
[2026-09-27 23:24:42.189 -0300] INFO (6441): request completed
    route: "/v1/dashboard/exports"
    method: "POST"
    status: 201
    duration_ms: 54
[2026-09-27 23:24:42.202 -0300] INFO (6441): request completed
    route: "/v1/dashboard/comparisons?dimension=pool"
    method: "GET"
    status: 200
    duration_ms: 9
[2026-09-27 23:24:42.243 -0300] INFO (6441): request completed
    route: "/v1/dashboard/exports"
    method: "POST"
    status: 202
    duration_ms: 39
[2026-09-27 23:24:42.246 -0300] INFO (6441): request completed
    route: "/v1/dashboard/exports/24a0d606-682d-4042-a625-0cbe75256e5e/approve"
    method: "POST"
    status: 403
    duration_ms: 0
[2026-09-27 23:24:42.274 -0300] INFO (6441): request completed
    route: "/v1/dashboard/exports/24a0d606-682d-4042-a625-0cbe75256e5e/approve"
    method: "POST"
    status: 200
    duration_ms: 27
[2026-09-27 23:24:42.297 -0300] INFO (6441): request completed
    route: "/v1/dashboard/exports/24a0d606-682d-4042-a625-0cbe75256e5e/approve"
    method: "POST"
    status: 400
    duration_ms: 17
[2026-09-27 23:24:42.327 -0300] INFO (6441): request completed
    route: "/v1/dashboard/exports"
    method: "POST"
    status: 201
    duration_ms: 28
[2026-09-27 23:24:42.359 -0300] INFO (6441): request completed
    route: "/v1/dashboard/exports"
    method: "POST"
    status: 201
    duration_ms: 26
[2026-09-27 23:24:42.391 -0300] INFO (6441): request completed
    route: "/v1/dashboard/exports"
    method: "POST"
    status: 422
    duration_ms: 23
[2026-09-27 23:24:44.256 -0300] INFO (6462): request completed
    route: "/v1/dashboard/alerts"
    method: "GET"
    status: 200
    duration_ms: 125
[2026-09-27 23:24:44.279 -0300] INFO (6462): request completed
    route: "/v1/dashboard/audit-trail?pageSize=200"
    method: "GET"
    status: 200
    duration_ms: 19
[2026-09-27 23:24:44.304 -0300] INFO (6462): request completed
    route: "/v1/dashboard/audit-trail?object=00000000-0000-7000-8000-000010000002"
    method: "GET"
    status: 200
    duration_ms: 15
[2026-09-27 23:24:44.317 -0300] INFO (6462): request completed
    route: "/v1/dashboard/audit-trail?object=00000000-0000-7000-8000-000010000002"
    method: "GET"
    status: 400
    duration_ms: 9
[2026-09-27 23:24:44.326 -0300] INFO (6462): request completed
    route: "/v1/dashboard/audit-trail?app=pec"
    method: "GET"
    status: 403
    duration_ms: 7
[2026-09-27 23:24:44.332 -0300] INFO (6462): request completed
    route: "/v1/dashboard/comparisons?dimension=pool&person=true"
    method: "GET"
    status: 403
    duration_ms: 5
[2026-09-27 23:24:44.341 -0300] INFO (6462): request completed
    route: "/v1/dashboard/comparisons?dimension=unit"
    method: "GET"
    status: 200
    duration_ms: 8
[2026-09-27 23:24:44.343 -0300] INFO (6462): request completed
    route: "/v1/dashboard/comparisons"
    method: "GET"
    status: 400
    duration_ms: 1
[2026-09-27 23:24:44.345 -0300] INFO (6462): request completed
    route: "/v1/dashboard/comparisons?dimension=pessoa"
    method: "GET"
    status: 400
    duration_ms: 1
[2026-09-27 23:24:44.348 -0300] INFO (6462): request completed
    route: "/v1/dashboard/open-data/alerts-by-severity-month?from=2026-01"
    method: "GET"
    status: 400
    duration_ms: 1
[2026-09-27 23:24:44.355 -0300] INFO (6462): request completed
    route: "/v1/dashboard/open-data/duties-compliance-year"
    method: "GET"
    status: 404
    duration_ms: 6
[2026-09-27 23:24:44.360 -0300] INFO (6462): request completed
    route: "/v1/dashboard/open-data/inexistente"
    method: "GET"
    status: 404
    duration_ms: 4
[2026-09-27 23:24:44.377 -0300] INFO (6462): request completed
    route: "/v1/dashboard/open-data/alerts-by-severity-month"
    method: "GET"
    status: 200
    duration_ms: 16
[2026-09-27 23:24:44.384 -0300] INFO (6462): request completed
    route: "/v1/dashboard/datasets"
    method: "GET"
    status: 200
    duration_ms: 5
[2026-09-27 23:24:44.429 -0300] INFO (6462): request completed
    route: "/v1/dashboard/transparency/audits"
    method: "POST"
    status: 400
    duration_ms: 40
[2026-09-27 23:24:44.472 -0300] INFO (6462): request completed
    route: "/v1/dashboard/transparency/audits"
    method: "POST"
    status: 201
    duration_ms: 42
[2026-09-27 23:24:44.482 -0300] INFO (6462): request completed
    route: "/v1/dashboard/transparency/checklist?period=2026-08"
    method: "GET"
    status: 200
    duration_ms: 8
[2026-09-27 23:24:44.502 -0300] INFO (6462): request completed
    route: "/v1/dashboard/transparency/audits"
    method: "POST"
    status: 400
    duration_ms: 19
[2026-09-27 23:24:44.504 -0300] INFO (6462): request completed
    route: "/v1/dashboard/transparency/checklist?period=2026-9"
    method: "GET"
    status: 400
    duration_ms: 1
(node:6462) DeprecationWarning: Calling client.query() when the client is already executing a query is deprecated and will be removed in pg@9.0. Use async/await or an external async flow control mechanism instead.
(Use `node --trace-deprecation ...` to show where the warning was created)
[2026-09-27 23:24:44.519 -0300] INFO (6462): request completed
    route: "/v1/dashboard/kpis"
    method: "GET"
    status: 200
    duration_ms: 15
[2026-09-27 23:24:44.521 -0300] INFO (6462): request completed
    route: "/v1/dashboard/kpis?from=2026-13"
    method: "GET"
    status: 400
    duration_ms: 1
[2026-09-27 23:24:46.345 -0300] INFO (6469): request completed
    route: "/v1/inf/measures/administrative-measures/00000000-0000-7000-8000-0000ed000001/start"
    method: "POST"
    status: 200
    duration_ms: 192
[2026-09-27 23:24:46.352 -0300] INFO (6469): request completed
    route: "/v1/inf/measures/administrative-measures/00000000-0000-7000-8000-0000ed000001/start"
    method: "POST"
    status: 403
    duration_ms: 4
[2026-09-27 23:24:46.387 -0300] INFO (6469): request completed
    route: "/v1/inf/measures/administrative-measures/00000000-0000-7000-8000-0000ed000003/conclude"
    method: "POST"
    status: 200
    duration_ms: 33
[2026-09-27 23:24:46.389 -0300] INFO (6469): request completed
    route: "/v1/inf/measures/administrative-measures/00000000-0000-7000-8000-0000ed000003/conclude"
    method: "POST"
    status: 403
    duration_ms: 1
[2026-09-27 23:24:46.481 -0300] INFO (6469): request completed
    route: "/v1/inf/measures/retentions/0209638e-c82d-4d88-b20c-059c680650a1/release"
    method: "POST"
    status: 200
    duration_ms: 30
[2026-09-27 23:24:46.483 -0300] INFO (6469): request completed
    route: "/v1/inf/measures/retentions/0209638e-c82d-4d88-b20c-059c680650a1/release"
    method: "POST"
    status: 403
    duration_ms: 0
[2026-09-27 23:24:46.534 -0300] INFO (6469): request completed
    route: "/v1/inf/alcohol/procedures/00000000-0000-7000-8000-0000ee000002/tests"
    method: "POST"
    status: 201
    duration_ms: 39
[2026-09-27 23:24:46.536 -0300] INFO (6469): request completed
    route: "/v1/inf/alcohol/procedures/00000000-0000-7000-8000-0000ee000002/tests"
    method: "POST"
    status: 403
    duration_ms: 1
[2026-09-27 23:24:46.562 -0300] INFO (6469): request completed
    route: "/v1/inf/alcohol/procedures/00000000-0000-7000-8000-0000ee000006/close"
    method: "POST"
    status: 200
    duration_ms: 25
[2026-09-27 23:24:46.565 -0300] INFO (6469): request completed
    route: "/v1/inf/alcohol/procedures/00000000-0000-7000-8000-0000ee000006/close"
    method: "POST"
    status: 403
    duration_ms: 1
[2026-09-27 23:24:46.571 -0300] INFO (6469): request completed
    route: "/v1/inf/speed/measurements"
    method: "POST"
    status: 404
    duration_ms: 5
[2026-09-27 23:24:46.577 -0300] INFO (6469): request completed
    route: "/v1/ops/integrations/outbox"
    method: "GET"
    status: 200
    duration_ms: 5
[2026-09-27 23:24:46.579 -0300] INFO (6469): request completed
    route: "/v1/ops/integrations/outbox"
    method: "GET"
    status: 403
    duration_ms: 1
[2026-09-27 23:24:46.603 -0300] INFO (6469): request completed
    route: "/v1/ops/integrations/outbox/4f375a02-1486-4842-89b6-60172141f1fa/retry"
    method: "POST"
    status: 409
    duration_ms: 20
[2026-09-27 23:24:48.378 -0300] INFO (6491): request completed
    route: "/v1/est/crash/victims/00000000-0000-7000-8000-0000a3000001"
    method: "GET"
    status: 400
    duration_ms: 10
[2026-09-27 23:24:48.560 -0300] INFO (6491): request completed
    route: "/v1/est/crash/victims/00000000-0000-7000-8000-0000a3000001?purpose=revisao%20do%20atendimento%20de%20sinistro"
    method: "GET"
    status: 200
    duration_ms: 178
[2026-09-27 23:24:48.589 -0300] INFO (6491): request completed
    route: "/v1/est/crash/victims"
    method: "GET"
    status: 400
    duration_ms: 2
[2026-09-27 23:24:48.604 -0300] INFO (6491): request completed
    route: "/v1/est/crash/victims?purpose=consulta%20de%20vitimas%20do%20sinistro"
    method: "GET"
    status: 200
    duration_ms: 14
[2026-09-27 23:24:50.467 -0300] INFO (6510): request completed
    route: "/v1/inf/ait/aits"
    method: "POST"
    status: 201
    duration_ms: 184
[2026-09-27 23:24:50.508 -0300] INFO (6510): request completed
    route: "/v1/inf/ait/aits/4e1334ef-7a9d-4d92-bc72-37e016c2dc93/vehicles"
    method: "POST"
    status: 201
    duration_ms: 36
[2026-09-27 23:24:50.535 -0300] INFO (6510): request completed
    route: "/v1/inf/ait/aits/4e1334ef-7a9d-4d92-bc72-37e016c2dc93/people"
    method: "POST"
    status: 201
    duration_ms: 26
[2026-09-27 23:24:50.570 -0300] INFO (6510): request completed
    route: "/v1/inf/ait/aits/4e1334ef-7a9d-4d92-bc72-37e016c2dc93/science"
    method: "POST"
    status: 201
    duration_ms: 33
[2026-09-27 23:24:50.603 -0300] INFO (6510): request completed
    route: "/v1/inf/ait/aits/4e1334ef-7a9d-4d92-bc72-37e016c2dc93/finalize"
    method: "POST"
    status: 200
    duration_ms: 32
[2026-09-27 23:24:50.606 -0300] INFO (6510): request completed
    route: "/v1/inf/ait/aits/3ccc2963-006a-4e80-8a0e-e8a112ad8c04/finalize"
    method: "POST"
    status: 403
    duration_ms: 1
[2026-09-27 23:24:50.630 -0300] INFO (6510): request completed
    route: "/v1/inf/ait/aits"
    method: "POST"
    status: 201
    duration_ms: 23
[2026-09-27 23:24:50.650 -0300] INFO (6510): request completed
    route: "/v1/inf/ait/aits/7a6efb69-a541-47cf-ba95-dd7d00d553ed/finalize"
    method: "POST"
    status: 428
    duration_ms: 19
[2026-09-27 23:24:50.670 -0300] INFO (6510): request completed
    route: "/v1/inf/ait/aits"
    method: "POST"
    status: 201
    duration_ms: 19
[2026-09-27 23:24:50.687 -0300] INFO (6510): request completed
    route: "/v1/inf/ait/aits/4f1b70b9-4f6b-4ad3-9f96-fae0c492f5cd/finalize"
    method: "POST"
    status: 412
    duration_ms: 16
[2026-09-27 23:24:50.707 -0300] INFO (6510): request completed
    route: "/v1/inf/ait/aits"
    method: "POST"
    status: 201
    duration_ms: 19
[2026-09-27 23:24:50.731 -0300] INFO (6510): request completed
    route: "/v1/inf/ait/aits/289dd2d5-aae6-4542-a6c5-fc3cfc195490/finalize"
    method: "POST"
    status: 200
    duration_ms: 24
[2026-09-27 23:24:50.751 -0300] INFO (6510): request completed
    route: "/v1/inf/ait/aits"
    method: "POST"
    status: 201
    duration_ms: 19
[2026-09-27 23:24:50.753 -0300] INFO (6510): request completed
    route: "/v1/inf/ait/aits/a0e9f93d-0271-46d7-adba-f7883153284c/finalize"
    method: "POST"
    status: 403
    duration_ms: 1
[2026-09-27 23:24:50.770 -0300] INFO (6510): request completed
    route: "/v1/inf/ait/aits"
    method: "POST"
    status: 201
    duration_ms: 17
[2026-09-27 23:24:50.793 -0300] INFO (6510): request completed
    route: "/v1/inf/ait/aits/3326e585-d2ba-45ed-8f84-150642e37b0e/finalize"
    method: "POST"
    status: 200
    duration_ms: 22
[2026-09-27 23:24:50.813 -0300] INFO (6510): request completed
    route: "/v1/inf/ait/aits"
    method: "POST"
    status: 201
    duration_ms: 19
[2026-09-27 23:24:50.840 -0300] INFO (6510): request completed
    route: "/v1/inf/ait/aits/ecdfa036-4bda-43a4-90d9-a886857730b4/archive"
    method: "POST"
    status: 200
    duration_ms: 26
[2026-09-27 23:24:50.859 -0300] INFO (6510): request completed
    route: "/v1/inf/ait/aits"
    method: "POST"
    status: 201
    duration_ms: 18
[2026-09-27 23:24:50.861 -0300] INFO (6510): request completed
    route: "/v1/inf/ait/aits/856908e3-0ba1-449b-8e9f-0bd499fad7b3/archive"
    method: "POST"
    status: 403
    duration_ms: 1
[2026-09-27 23:24:50.878 -0300] INFO (6510): request completed
    route: "/v1/inf/ait/cancel-requests/47d98b4c-6b6f-4b61-b86d-a8682fda6bfd/decide"
    method: "POST"
    status: 404
    duration_ms: 16
[2026-09-27 23:24:50.897 -0300] INFO (6510): request completed
    route: "/v1/inf/ait/aits"
    method: "POST"
    status: 201
    duration_ms: 18
[2026-09-27 23:24:50.924 -0300] INFO (6510): request completed
    route: "/v1/inf/ait/cancel-requests"
    method: "POST"
    status: 201
    duration_ms: 26
[2026-09-27 23:24:50.943 -0300] INFO (6510): request completed
    route: "/v1/inf/ait/cancel-requests/8fd2303b-7db9-4e83-8601-d1c910e85067/decide"
    method: "POST"
    status: 412
    duration_ms: 18
[2026-09-27 23:24:50.963 -0300] INFO (6510): request completed
    route: "/v1/inf/ait/aits"
    method: "POST"
    status: 201
    duration_ms: 19
[2026-09-27 23:24:50.988 -0300] INFO (6510): request completed
    route: "/v1/inf/ait/cancel-requests"
    method: "POST"
    status: 201
    duration_ms: 24
[2026-09-27 23:24:51.006 -0300] INFO (6510): request completed
    route: "/v1/inf/ait/cancel-requests/943d231e-5e83-4595-b355-41e6604cddc1/decide"
    method: "POST"
    status: 403
    duration_ms: 17
[2026-09-27 23:24:51.024 -0300] INFO (6510): request completed
    route: "/v1/inf/ait/aits"
    method: "POST"
    status: 201
    duration_ms: 17
[2026-09-27 23:24:51.052 -0300] INFO (6510): request completed
    route: "/v1/inf/ait/cancel-requests"
    method: "POST"
    status: 201
    duration_ms: 27
[2026-09-27 23:24:51.078 -0300] INFO (6510): request completed
    route: "/v1/inf/ait/cancel-requests/b9b311e8-e23f-428a-9d90-473b347950ef/decide"
    method: "POST"
    status: 200
    duration_ms: 25
[2026-09-27 23:24:51.096 -0300] INFO (6510): request completed
    route: "/v1/inf/ait/aits"
    method: "POST"
    status: 201
    duration_ms: 17
[2026-09-27 23:24:51.122 -0300] INFO (6510): request completed
    route: "/v1/inf/ait/cancel-requests"
    method: "POST"
    status: 201
    duration_ms: 25
[2026-09-27 23:24:51.140 -0300] INFO (6510): request completed
    route: "/v1/inf/ait/cancel-requests/c5f7cfc4-40ed-46cb-ad00-7a4b2f5d6c74/decide"
    method: "POST"
    status: 403
    duration_ms: 17
[2026-09-27 23:24:51.160 -0300] INFO (6510): request completed
    route: "/v1/inf/ait/cancel-requests"
    method: "POST"
    status: 202
    duration_ms: 19
[2026-09-27 23:24:51.183 -0300] INFO (6510): request completed
    route: "/v1/inf/ait/cancel-requests/25383f21-62d5-4a17-8ad0-a2d132d40806/decide"
    method: "POST"
    status: 200
    duration_ms: 22
[2026-09-27 23:24:51.205 -0300] INFO (6510): request completed
    route: "/v1/inf/ait/cancel-requests"
    method: "POST"
    status: 202
    duration_ms: 21
[2026-09-27 23:24:51.222 -0300] INFO (6510): request completed
    route: "/v1/inf/ait/cancel-requests/b3cc60df-a01e-4b2a-b5a4-7c4b343f84c0/review"
    method: "POST"
    status: 428
    duration_ms: 16
[2026-09-27 23:24:51.237 -0300] INFO (6510): request completed
    route: "/v1/inf/ait/cancel-requests/b3cc60df-a01e-4b2a-b5a4-7c4b343f84c0/review"
    method: "POST"
    status: 412
    duration_ms: 14
[2026-09-27 23:24:51.259 -0300] INFO (6510): request completed
    route: "/v1/inf/ait/cancel-requests/b3cc60df-a01e-4b2a-b5a4-7c4b343f84c0/review"
    method: "POST"
    status: 200
    duration_ms: 22
[2026-09-27 23:24:51.278 -0300] INFO (6510): request completed
    route: "/v1/inf/ait/cancel-requests"
    method: "POST"
    status: 202
    duration_ms: 18
[2026-09-27 23:24:51.294 -0300] INFO (6510): request completed
    route: "/v1/inf/ait/cancel-requests/7beec457-e4a3-4c60-bac7-bca2761968ce/decide"
    method: "POST"
    status: 428
    duration_ms: 15
[2026-09-27 23:24:51.310 -0300] INFO (6510): request completed
    route: "/v1/inf/ait/cancel-requests/7beec457-e4a3-4c60-bac7-bca2761968ce/decide"
    method: "POST"
    status: 412
    duration_ms: 15
[2026-09-27 23:24:51.335 -0300] INFO (6510): request completed
    route: "/v1/inf/ait/cancel-requests/7beec457-e4a3-4c60-bac7-bca2761968ce/decide"
    method: "POST"
    status: 200
    duration_ms: 24
[2026-09-27 23:24:51.353 -0300] INFO (6510): request completed
    route: "/v1/inf/ait/aits"
    method: "POST"
    status: 201
    duration_ms: 17
[2026-09-27 23:24:51.395 -0300] INFO (6510): request completed
    route: "/v1/inf/ait/aits/a28770b8-0ccc-4f49-88e7-3f096aa01d07/concurrency-review"
    method: "POST"
    status: 200
    duration_ms: 36
[2026-09-27 23:24:51.415 -0300] INFO (6510): request completed
    route: "/v1/inf/ait/aits"
    method: "POST"
    status: 201
    duration_ms: 18
[2026-09-27 23:24:51.419 -0300] INFO (6510): request completed
    route: "/v1/inf/ait/aits/1ef6a35f-46e3-47f4-b7bc-2963aca3894b/concurrency-review"
    method: "POST"
    status: 403
    duration_ms: 0
[2026-09-27 23:24:51.439 -0300] INFO (6510): request completed
    route: "/v1/inf/ait/aits"
    method: "POST"
    status: 201
    duration_ms: 19
[2026-09-27 23:24:51.459 -0300] INFO (6510): request completed
    route: "/v1/inf/ait/aits/ec3f0873-2a06-4f39-a8b2-f5123d996fb0/concurrency-review"
    method: "POST"
    status: 409
    duration_ms: 19
[2026-09-27 23:24:51.479 -0300] INFO (6510): request completed
    route: "/v1/inf/ait/aits"
    method: "POST"
    status: 201
    duration_ms: 18
[2026-09-27 23:24:51.503 -0300] INFO (6510): request completed
    route: "/v1/inf/ait/aits/0ca8888a-5b48-4b06-ae28-d4bc4c68e8f4/receive-protocol"
    method: "POST"
    status: 200
    duration_ms: 23
[2026-09-27 23:24:51.520 -0300] INFO (6510): request completed
    route: "/v1/inf/ait/aits"
    method: "POST"
    status: 201
    duration_ms: 16
[2026-09-27 23:24:51.522 -0300] INFO (6510): request completed
    route: "/v1/inf/ait/aits/f0e17f27-9649-41fd-9ace-5f0609209a8f/receive-protocol"
    method: "POST"
    status: 403
    duration_ms: 1
[2026-09-27 23:24:51.528 -0300] INFO (6510): request completed
    route: "/v1/inf/ait/cancel-requests/outcomes/local-6cb97d64-6e34-4ed9-bc2a-ed607bac2033"
    method: "GET"
    status: 404
    duration_ms: 5
[2026-09-27 23:24:51.548 -0300] INFO (6510): request completed
    route: "/v1/inf/ait/aits"
    method: "POST"
    status: 201
    duration_ms: 19
[2026-09-27 23:24:51.576 -0300] INFO (6510): request completed
    route: "/v1/inf/ait/cancel-requests"
    method: "POST"
    status: 201
    duration_ms: 27
[2026-09-27 23:24:51.582 -0300] INFO (6510): request completed
    route: "/v1/inf/ait/cancel-requests/outcomes/local-f88dff03-97f1-40be-949c-8c016b2b7e58"
    method: "GET"
    status: 200
    duration_ms: 5
[2026-09-27 23:24:51.605 -0300] INFO (6510): request completed
    route: "/v1/inf/ait/aits"
    method: "POST"
    status: 201
    duration_ms: 21
[2026-09-27 23:24:51.630 -0300] INFO (6510): request completed
    route: "/v1/inf/ait/aits/713d643a-14f8-43be-b6d1-b56d5206b707/vehicles"
    method: "POST"
    status: 201
    duration_ms: 24
[2026-09-27 23:24:51.652 -0300] INFO (6510): request completed
    route: "/v1/inf/ait/aits/713d643a-14f8-43be-b6d1-b56d5206b707/people"
    method: "POST"
    status: 201
    duration_ms: 21
[2026-09-27 23:24:51.674 -0300] INFO (6510): request completed
    route: "/v1/inf/ait/aits/713d643a-14f8-43be-b6d1-b56d5206b707/science"
    method: "POST"
    status: 201
    duration_ms: 21
[2026-09-27 23:24:51.698 -0300] INFO (6510): request completed
    route: "/v1/inf/ait/aits/713d643a-14f8-43be-b6d1-b56d5206b707/finalize"
    method: "POST"
    status: 200
    duration_ms: 23
[2026-09-27 23:24:51.705 -0300] INFO (6510): request completed
    route: "/v1/inf/ait/aits/713d643a-14f8-43be-b6d1-b56d5206b707/finalize"
    method: "POST"
    status: 200
    duration_ms: 6
[2026-09-27 23:24:51.710 -0300] INFO (6510): request completed
    route: "/v1/inf/ait/aits/713d643a-14f8-43be-b6d1-b56d5206b707/finalize"
    method: "POST"
    status: 422
    duration_ms: 4
[2026-09-27 23:24:51.728 -0300] INFO (6510): request completed
    route: "/v1/inf/ait/aits"
    method: "POST"
    status: 201
    duration_ms: 17
[2026-09-27 23:24:51.748 -0300] INFO (6510): request completed
    route: "/v1/inf/ait/cancel-requests"
    method: "POST"
    status: 201
    duration_ms: 19
[2026-09-27 23:24:51.756 -0300] INFO (6510): request completed
    route: "/v1/inf/ait/cancel-requests"
    method: "POST"
    status: 201
    duration_ms: 7
[2026-09-27 23:24:51.761 -0300] INFO (6510): request completed
    route: "/v1/inf/ait/cancel-requests"
    method: "POST"
    status: 422
    duration_ms: 4
[2026-09-27 23:24:53.635 -0300] INFO (6520): request completed
    route: "/v1/portal/identity/me"
    method: "GET"
    status: 200
    duration_ms: 146
[2026-09-27 23:24:53.653 -0300] INFO (6520): request completed
    route: "/v1/portal/identity/me"
    method: "GET"
    status: 200
    duration_ms: 15
[2026-09-27 23:24:53.674 -0300] INFO (6520): request completed
    route: "/v1/portal/stream"
    method: "GET"
    status: 403
    duration_ms: 1
[2026-09-27 23:24:53.675 -0300] INFO (6520): request completed
    route: "/v1/portal/stream"
    method: "GET"
    status: 403
    duration_ms: 1
[2026-09-27 23:24:54.668 -0300] INFO (6520): request completed
    request_id: "01a0e5d4-5b7c-7962-8e7b-f6d6fc6d602d"
    tenant_id: "00000000-0000-7000-8000-000000000001"
    actor_id: "00000000-0000-4000-8000-000000000002"
    route: "/v1/portal/stream"
    method: "GET"
    status: 204
    duration_ms: 17
[2026-09-27 23:24:56.756 -0300] INFO (6525): request completed
    route: "/v1/ops/offline-sync/sync-batches"
    method: "POST"
    status: 200
    duration_ms: 221
[2026-09-27 23:24:56.775 -0300] INFO (6525): request completed
    route: "/v1/ops/offline-sync/sync-batches"
    method: "POST"
    status: 200
    duration_ms: 15
[2026-09-27 23:24:56.781 -0300] INFO (6525): request completed
    route: "/v1/ops/offline-sync/sync-batches"
    method: "POST"
    status: 422
    duration_ms: 5
[2026-09-27 23:24:58.691 -0300] INFO (6535): request completed
    route: "/v1/portal/identity/me"
    method: "GET"
    status: 200
    duration_ms: 150
[2026-09-27 23:24:58.707 -0300] INFO (6535): request completed
    route: "/v1/portal/identity/me"
    method: "GET"
    status: 200
    duration_ms: 13
[2026-09-27 23:24:58.718 -0300] INFO (6535): request completed
    route: "/v1/portal/identity/me"
    method: "GET"
    status: 200
    duration_ms: 10
[2026-09-27 23:24:58.755 -0300] INFO (6535): request completed
    route: "/v1/portal/documents/cnh"
    method: "GET"
    status: 503
    duration_ms: 16
[2026-09-27 23:24:59.026 -0300] INFO (6535): request completed
    route: "/v1/portal/identity/me"
    method: "GET"
    status: 200
    duration_ms: 135
[2026-09-27 23:24:59.048 -0300] INFO (6535): request completed
    route: "/v1/portal/sne/enrollment"
    method: "POST"
    status: 503
    duration_ms: 15
[2026-09-27 23:25:00.774 -0300] INFO (6542): request completed
    route: "/v1/portal/identity/me"
    method: "GET"
    status: 403
    duration_ms: 6
[2026-09-27 23:25:00.926 -0300] INFO (6542): request completed
    route: "/v1/portal/identity/me"
    method: "GET"
    status: 200
    duration_ms: 148
[2026-09-27 23:25:00.940 -0300] INFO (6542): request completed
    route: "/v1/portal/identity/me"
    method: "GET"
    status: 200
    duration_ms: 12
[2026-09-27 23:25:00.971 -0300] INFO (6542): request completed
    route: "/v1/portal/identity/me"
    method: "GET"
    status: 200
    duration_ms: 12
[2026-09-27 23:25:00.982 -0300] INFO (6542): request completed
    route: "/v1/portal/identity/me"
    method: "GET"
    status: 200
    duration_ms: 10
[2026-09-27 23:25:00.999 -0300] INFO (6542): request completed
    route: "/v1/portal/identity/me"
    method: "GET"
    status: 200
    duration_ms: 10
[2026-09-27 23:25:01.001 -0300] INFO (6542): request completed
    route: "/v1/portal/identity/me"
    method: "GET"
    status: 403
    duration_ms: 0
[2026-09-27 23:25:01.003 -0300] INFO (6542): request completed
    route: "/v1/portal/identity/me"
    method: "GET"
    status: 403
    duration_ms: 1
[2026-09-27 23:25:01.013 -0300] INFO (6542): request completed
    route: "/v1/portal/identity/me"
    method: "GET"
    status: 200
    duration_ms: 9
[2026-09-27 23:25:01.026 -0300] INFO (6542): request completed
    route: "/v1/portal/brand"
    method: "GET"
    status: 200
    duration_ms: 5
[2026-09-27 23:25:01.035 -0300] INFO (6542): request completed
    route: "/v1/portal/services"
    method: "GET"
    status: 200
    duration_ms: 8
[2026-09-27 23:25:01.042 -0300] INFO (6542): request completed
    route: "/v1/portal/services/manifestar"
    method: "GET"
    status: 200
    duration_ms: 5
[2026-09-27 23:25:01.049 -0300] INFO (6542): request completed
    route: "/v1/portal/services/nao_existe"
    method: "GET"
    status: 404
    duration_ms: 6
[2026-09-27 23:25:01.055 -0300] INFO (6542): request completed
    route: "/v1/portal/brand"
    method: "GET"
    status: 200
    duration_ms: 5
[2026-09-27 23:25:01.056 -0300] INFO (6542): request completed
    route: "/v1/portal/brand"
    method: "GET"
    status: 421
    duration_ms: 0
[2026-09-27 23:25:01.057 -0300] INFO (6542): request completed
    route: "/v1/portal/brand"
    method: "GET"
    status: 403
    duration_ms: 0
[2026-09-27 23:25:01.063 -0300] INFO (6542): request completed
    route: "/v1/portal/brand"
    method: "GET"
    status: 200
    duration_ms: 5
[2026-09-27 23:25:02.933 -0300] INFO (6547): request completed
    route: "/v1/portal/identity/me"
    method: "GET"
    status: 200
    duration_ms: 148
[2026-09-27 23:25:02.978 -0300] INFO (6547): request completed
    route: "/v1/portal/crashes"
    method: "GET"
    status: 200
    duration_ms: 14
[2026-09-27 23:25:04.780 -0300] INFO (6553): request completed
    route: "/v1/ops/agency/units"
    method: "GET"
    status: 200
    duration_ms: 94
[2026-09-27 23:25:04.796 -0300] INFO (6553): request completed
    route: "/v1/ops/agency/jurisdictions"
    method: "GET"
    status: 200
    duration_ms: 12
[2026-09-27 23:25:04.803 -0300] INFO (6553): request completed
    route: "/v1/ops/agency/competences"
    method: "GET"
    status: 200
    duration_ms: 6
[2026-09-27 23:25:04.811 -0300] INFO (6553): request completed
    route: "/v1/ops/field/agents"
    method: "GET"
    status: 200
    duration_ms: 7
[2026-09-27 23:25:04.819 -0300] INFO (6553): request completed
    route: "/v1/ops/field/shifts"
    method: "GET"
    status: 200
    duration_ms: 7
[2026-09-27 23:25:04.828 -0300] INFO (6553): request completed
    route: "/v1/ops/snapshots/people"
    method: "GET"
    status: 200
    duration_ms: 8
[2026-09-27 23:25:04.837 -0300] INFO (6553): request completed
    route: "/v1/ops/evidence/evidence"
    method: "GET"
    status: 200
    duration_ms: 8
[2026-09-27 23:25:04.846 -0300] INFO (6553): request completed
    route: "/v1/ops/offline-sync/sync-queue-items"
    method: "GET"
    status: 200
    duration_ms: 8
[2026-09-27 23:25:04.852 -0300] INFO (6553): request completed
    route: "/v1/ops/agency/units"
    method: "GET"
    status: 200
    duration_ms: 5
[2026-09-27 23:25:06.732 -0300] INFO (6569): request completed
    route: "/v1/ch/admin/process-parameters/e2e.b321f008-7021-4f9f-bf59-f91495b377b6"
    method: "PUT"
    status: 200
    duration_ms: 161
[2026-09-27 23:25:06.744 -0300] INFO (6569): request completed
    route: "/v1/ch/admin/process-parameters/e2e.b321f008-7021-4f9f-bf59-f91495b377b6"
    method: "PUT"
    status: 200
    duration_ms: 9
[2026-09-27 23:25:06.753 -0300] INFO (6569): request completed
    route: "/v1/ch/admin/process-parameters/e2e.b321f008-7021-4f9f-bf59-f91495b377b6"
    method: "PUT"
    status: 422
    duration_ms: 7
[2026-09-27 23:25:10.292 -0300] INFO (6595): request completed
    route: "/v1/inf/rait/sessions/00000000-0000-7000-8000-000030000003/commands/close-agenda"
    method: "POST"
    status: 400
    duration_ms: 91
[2026-09-27 23:25:10.312 -0300] INFO (6595): request completed
    route: "/v1/inf/rait/sessions/00000000-0000-7000-8000-000030000003/commands/open"
    method: "POST"
    status: 400
    duration_ms: 12
[2026-09-27 23:25:10.322 -0300] INFO (6595): request completed
    route: "/v1/inf/rait/sessions/00000000-0000-7000-8000-000030000003/commands/adjourn"
    method: "POST"
    status: 400
    duration_ms: 6
[2026-09-27 23:25:10.331 -0300] INFO (6595): request completed
    route: "/v1/inf/rait/sessions/00000000-0000-7000-8000-000030000003/commands/convene-extraordinary"
    method: "POST"
    status: 400
    duration_ms: 5
[2026-09-27 23:25:10.334 -0300] INFO (6595): request completed
    route: "/v1/inf/rait/agenda-items/00000000-0000-7000-8000-000031000002/commands/read"
    method: "POST"
    status: 403
    duration_ms: 1
[2026-09-27 23:25:10.338 -0300] INFO (6595): request completed
    route: "/v1/inf/rait/agenda-items/00000000-0000-7000-8000-000031000002/commands/view"
    method: "POST"
    status: 403
    duration_ms: 1
[2026-09-27 23:25:10.347 -0300] INFO (6595): request completed
    route: "/v1/inf/rait/agenda-items/00000000-0000-7000-8000-000031000002/commands/withdraw"
    method: "POST"
    status: 400
    duration_ms: 6

 Test Files  37 passed (37)
      Tests  1676 passed | 3 todo (1679)
   Start at  23:23:26
   Duration  112.07s (transform 4.29s, setup 0ms, import 30.14s, tests 78.68s, environment 2ms)


> @detran/ops-agency@0.0.1 test:e2e /Users/aarusso/.codex/worktrees/stynx-canonical/detran/backend/domains/ops/agency
> DETRAN_TEST_TIER=e2e vitest run --config vitest.config.ts


 RUN  v4.1.11 /Users/aarusso/.codex/worktrees/stynx-canonical/detran/backend/domains/ops/agency

No test files found, exiting with code 0

include: tests/e2e/**/*.e2e.spec.ts
exclude:  **/node_modules/**, **/.git/**


> @detran/ops-field@0.0.1 test:e2e /Users/aarusso/.codex/worktrees/stynx-canonical/detran/backend/domains/ops/field
> DETRAN_TEST_TIER=e2e vitest run --config vitest.config.ts


 RUN  v4.1.11 /Users/aarusso/.codex/worktrees/stynx-canonical/detran/backend/domains/ops/field

No test files found, exiting with code 0

include: tests/e2e/**/*.e2e.spec.ts
exclude:  **/node_modules/**, **/.git/**


> @detran/ops-snapshots@0.0.1 test:e2e /Users/aarusso/.codex/worktrees/stynx-canonical/detran/backend/domains/ops/snapshots
> DETRAN_TEST_TIER=e2e vitest run --config vitest.config.ts


 RUN  v4.1.11 /Users/aarusso/.codex/worktrees/stynx-canonical/detran/backend/domains/ops/snapshots

No test files found, exiting with code 0

include: tests/e2e/**/*.e2e.spec.ts
exclude:  **/node_modules/**, **/.git/**


> @detran/ops-evidence@0.0.1 test:e2e /Users/aarusso/.codex/worktrees/stynx-canonical/detran/backend/domains/ops/evidence
> DETRAN_TEST_TIER=e2e vitest run --config vitest.config.ts


 RUN  v4.1.11 /Users/aarusso/.codex/worktrees/stynx-canonical/detran/backend/domains/ops/evidence

No test files found, exiting with code 0

include: tests/e2e/**/*.e2e.spec.ts
exclude:  **/node_modules/**, **/.git/**


> @detran/ops-offline-sync@0.0.1 test:e2e /Users/aarusso/.codex/worktrees/stynx-canonical/detran/backend/domains/ops/offline-sync
> DETRAN_TEST_TIER=e2e vitest run --config vitest.config.ts


 RUN  v4.1.11 /Users/aarusso/.codex/worktrees/stynx-canonical/detran/backend/domains/ops/offline-sync

No test files found, exiting with code 0

include: tests/e2e/**/*.e2e.spec.ts
exclude:  **/node_modules/**, **/.git/**


> @detran/ops-provisioning@0.0.1 test:e2e /Users/aarusso/.codex/worktrees/stynx-canonical/detran/backend/domains/ops/provisioning
> DETRAN_TEST_TIER=e2e vitest run --config vitest.config.ts


 RUN  v4.1.11 /Users/aarusso/.codex/worktrees/stynx-canonical/detran/backend/domains/ops/provisioning


 Test Files  1 passed (1)
      Tests  10 passed (10)
   Start at  23:25:21
   Duration  3.83s (transform 110ms, setup 0ms, import 534ms, tests 3.21s, environment 0ms)


> @detran/inf-ait@0.0.1 test:e2e /Users/aarusso/.codex/worktrees/stynx-canonical/detran/backend/domains/inf/ait
> DETRAN_TEST_TIER=e2e vitest run --config vitest.config.ts


 RUN  v4.1.11 /Users/aarusso/.codex/worktrees/stynx-canonical/detran/backend/domains/inf/ait


 Test Files  1 passed (1)
      Tests  1 passed (1)
   Start at  23:25:25
   Duration  945ms (transform 210ms, setup 0ms, import 642ms, tests 218ms, environment 0ms)


> @detran/portal-identity@0.0.1 test:e2e /Users/aarusso/.codex/worktrees/stynx-canonical/detran/backend/domains/portal/identity
> DETRAN_TEST_TIER=e2e vitest run --config vitest.config.ts


 RUN  v4.1.11 /Users/aarusso/.codex/worktrees/stynx-canonical/detran/backend/domains/portal/identity

No test files found, exiting with code 0

include: tests/e2e/**/*.e2e.spec.ts
exclude:  **/node_modules/**, **/.git/**


> @detran/portal-requests@0.0.1 test:e2e /Users/aarusso/.codex/worktrees/stynx-canonical/detran/backend/domains/portal/requests
> DETRAN_TEST_TIER=e2e vitest run --config vitest.config.ts


 RUN  v4.1.11 /Users/aarusso/.codex/worktrees/stynx-canonical/detran/backend/domains/portal/requests

No test files found, exiting with code 0

include: tests/e2e/**/*.e2e.spec.ts
exclude:  **/node_modules/**, **/.git/**


> @detran/portal-inbox@0.0.1 test:e2e /Users/aarusso/.codex/worktrees/stynx-canonical/detran/backend/domains/portal/inbox
> DETRAN_TEST_TIER=e2e vitest run --config vitest.config.ts


 RUN  v4.1.11 /Users/aarusso/.codex/worktrees/stynx-canonical/detran/backend/domains/portal/inbox

No test files found, exiting with code 0

include: tests/e2e/**/*.e2e.spec.ts
exclude:  **/node_modules/**, **/.git/**


> @detran/portal-citizen-service@0.0.1 test:e2e /Users/aarusso/.codex/worktrees/stynx-canonical/detran/backend/domains/portal/citizen-service
> DETRAN_TEST_TIER=e2e vitest run --config vitest.config.ts


 RUN  v4.1.11 /Users/aarusso/.codex/worktrees/stynx-canonical/detran/backend/domains/portal/citizen-service

No test files found, exiting with code 0

include: tests/e2e/**/*.e2e.spec.ts
exclude:  **/node_modules/**, **/.git/**


> @detran/portal-projections@0.0.1 test:e2e /Users/aarusso/.codex/worktrees/stynx-canonical/detran/backend/domains/portal/projections
> DETRAN_TEST_TIER=e2e vitest run --config vitest.config.ts


 RUN  v4.1.11 /Users/aarusso/.codex/worktrees/stynx-canonical/detran/backend/domains/portal/projections

No test files found, exiting with code 0

include: tests/e2e/**/*.e2e.spec.ts
exclude:  **/node_modules/**, **/.git/**


> @detran/dashboard-monitor@0.0.1 test:e2e /Users/aarusso/.codex/worktrees/stynx-canonical/detran/backend/domains/dashboard/monitor
> DETRAN_TEST_TIER=e2e vitest run --config vitest.config.ts


 RUN  v4.1.11 /Users/aarusso/.codex/worktrees/stynx-canonical/detran/backend/domains/dashboard/monitor

No test files found, exiting with code 0

include: tests/e2e/**/*.e2e.spec.ts
exclude:  **/node_modules/**, **/.git/**


> detran@0.0.1 backend:test:upgrade /Users/aarusso/.codex/worktrees/stynx-canonical/detran
> pnpm --filter @detran/inf-rait-case test:integration --passWithNoTests=false tests/integration/rait-priority-upgrade.integration.spec.ts


> @detran/inf-rait-case@0.0.1 test:integration /Users/aarusso/.codex/worktrees/stynx-canonical/detran/backend/domains/inf/rait-case
> DETRAN_TEST_TIER=integration vitest run --config vitest.config.ts "--passWithNoTests=false" "tests/integration/rait-priority-upgrade.integration.spec.ts"


 RUN  v4.1.11 /Users/aarusso/.codex/worktrees/stynx-canonical/detran/backend/domains/inf/rait-case


 Test Files  1 passed (1)
      Tests  21 passed (21)
   Start at  23:25:30
   Duration  66.90s (transform 41ms, setup 0ms, import 53ms, tests 66.75s, environment 0ms)

