
> detran@0.0.1 backend:test:ci /Users/aarusso/.codex/worktrees/stynx-canonical/detran
> node backend/database/tests/run-backend-ci.mjs


> detran@0.0.1 backend:test:unit /Users/aarusso/.codex/worktrees/stynx-canonical/detran
> pnpm --filter @detran/shared test && pnpm --filter @detran/est-crash test:unit && pnpm --filter @detran/sefaz-adapter test:unit && pnpm --filter @detran/portal-complaints test:unit && pnpm --filter @detran/ch-clinical-network test:unit && pnpm --filter @detran/ch-patients test:unit && pnpm --filter @detran/ch-encounters test:unit && pnpm --filter @detran/ch-biometrics test:unit && pnpm --filter @detran/ch-exams test:unit && pnpm --filter @detran/ch-clinical-controls test:unit && pnpm --filter @detran/ch-inconsistencies test:unit && pnpm --filter @detran/ch-operational-controls test:unit && pnpm --filter @detran/ch-clinical-reports test:unit && pnpm --filter @detran/ch-process-blocks test:unit && pnpm --filter @detran/ch-telehealth test:unit && pnpm --filter @detran/ch-billing test:unit && pnpm --filter @detran/ch-scheduling test:unit && pnpm --filter @detran/ch-restrictions test:unit && pnpm --filter @detran/ch-retention test:unit && pnpm --filter @detran/inf-normative test:unit && pnpm --filter @detran/inf-ait test:unit && pnpm --filter @detran/inf-measures test:unit && pnpm --filter @detran/inf-alcohol test:unit && pnpm --filter @detran/inf-rait-case test:unit && pnpm --filter @detran/inf-rait-worklist test:unit && pnpm --filter @detran/inf-rait-session test:unit && pnpm --filter @detran/inf-speed test:unit && pnpm --filter @detran/ops-parameter test:unit && pnpm --filter @detran/ops-agency test:unit && pnpm --filter @detran/ops-field test:unit && pnpm --filter @detran/ops-snapshots test:unit && pnpm --filter @detran/ops-evidence test:unit && pnpm --filter @detran/ops-offline-sync test:unit && pnpm --filter @detran/ops-provisioning test:unit && pnpm --filter @detran/app test:unit && pnpm --filter @detran/inf-deadlines test && pnpm --filter @detran/inf-infraction test:unit && pnpm --filter @detran/inf-notification test:unit && pnpm --filter @detran/inf-collection test:unit && pnpm --filter @detran/inf-rait-org test:unit && pnpm --filter @detran/inf-rait-integration test:unit && pnpm --filter @detran/portal-identity test:unit && pnpm --filter @detran/portal-requests test:unit && pnpm --filter @detran/portal-inbox test:unit && pnpm --filter @detran/portal-citizen-service test:unit && pnpm --filter @detran/portal-projections test:unit && pnpm --filter @detran/dashboard-monitor test:unit


> @detran/shared@0.0.1 test /Users/aarusso/.codex/worktrees/stynx-canonical/detran/backend/domains/shared
> vitest run --config vitest.config.ts


 RUN  v4.1.11 /Users/aarusso/.codex/worktrees/stynx-canonical/detran/backend/domains/shared


 Test Files  14 passed (14)
      Tests  432 passed (432)
   Start at  03:30:53
   Duration  907ms (transform 677ms, setup 0ms, import 1.91s, tests 1.91s, environment 1ms)


> @detran/est-crash@0.0.1 test:unit /Users/aarusso/.codex/worktrees/stynx-canonical/detran/backend/domains/est/crash
> DETRAN_TEST_TIER=unit vitest run --config vitest.config.ts


 RUN  v4.1.11 /Users/aarusso/.codex/worktrees/stynx-canonical/detran/backend/domains/est/crash


 Test Files  1 passed (1)
      Tests  1 passed (1)
   Start at  03:30:54
   Duration  142ms (transform 42ms, setup 0ms, import 54ms, tests 2ms, environment 0ms)


> @detran/sefaz-adapter@0.0.1 test:unit /Users/aarusso/.codex/worktrees/stynx-canonical/detran/packages/sefaz-adapter
> vitest run --config vitest.config.ts


 RUN  v4.1.11 /Users/aarusso/.codex/worktrees/stynx-canonical/detran/packages/sefaz-adapter


 Test Files  2 passed (2)
      Tests  11 passed (11)
   Start at  03:30:55
   Duration  249ms (transform 26ms, setup 0ms, import 42ms, tests 6ms, environment 0ms)


> @detran/portal-complaints@0.0.1 test:unit /Users/aarusso/.codex/worktrees/stynx-canonical/detran/backend/domains/portal/complaints
> DETRAN_TEST_TIER=unit vitest run --config vitest.config.ts


 RUN  v4.1.11 /Users/aarusso/.codex/worktrees/stynx-canonical/detran/backend/domains/portal/complaints


 Test Files  1 passed (1)
      Tests  5 passed (5)
   Start at  03:30:56
   Duration  567ms (transform 85ms, setup 0ms, import 474ms, tests 3ms, environment 0ms)


> @detran/ch-clinical-network@0.0.1 test:unit /Users/aarusso/.codex/worktrees/stynx-canonical/detran/backend/domains/ch/clinical-network
> DETRAN_TEST_TIER=unit vitest run --config vitest.config.ts


 RUN  v4.1.11 /Users/aarusso/.codex/worktrees/stynx-canonical/detran/backend/domains/ch/clinical-network


 Test Files  1 passed (1)
      Tests  8 passed (8)
   Start at  03:30:57
   Duration  560ms (transform 96ms, setup 0ms, import 469ms, tests 7ms, environment 0ms)


> @detran/ch-patients@0.0.1 test:unit /Users/aarusso/.codex/worktrees/stynx-canonical/detran/backend/domains/ch/patients
> DETRAN_TEST_TIER=unit vitest run --config vitest.config.ts


 RUN  v4.1.11 /Users/aarusso/.codex/worktrees/stynx-canonical/detran/backend/domains/ch/patients

No test files found, exiting with code 0

include: src/**/*.spec.ts, tests/unit/**/*.spec.ts
exclude:  **/node_modules/**, **/.git/**


> @detran/ch-encounters@0.0.1 test:unit /Users/aarusso/.codex/worktrees/stynx-canonical/detran/backend/domains/ch/encounters
> DETRAN_TEST_TIER=unit vitest run --config vitest.config.ts


 RUN  v4.1.11 /Users/aarusso/.codex/worktrees/stynx-canonical/detran/backend/domains/ch/encounters


 Test Files  1 passed (1)
      Tests  11 passed (11)
   Start at  03:30:58
   Duration  548ms (transform 85ms, setup 0ms, import 458ms, tests 5ms, environment 0ms)


> @detran/ch-biometrics@0.0.1 test:unit /Users/aarusso/.codex/worktrees/stynx-canonical/detran/backend/domains/ch/biometrics
> DETRAN_TEST_TIER=unit vitest run --config vitest.config.ts


 RUN  v4.1.11 /Users/aarusso/.codex/worktrees/stynx-canonical/detran/backend/domains/ch/biometrics


 Test Files  2 passed (2)
      Tests  12 passed (12)
   Start at  03:30:59
   Duration  658ms (transform 97ms, setup 0ms, import 479ms, tests 11ms, environment 0ms)


> @detran/ch-exams@0.0.1 test:unit /Users/aarusso/.codex/worktrees/stynx-canonical/detran/backend/domains/ch/exams
> DETRAN_TEST_TIER=unit vitest run --config vitest.config.ts


 RUN  v4.1.11 /Users/aarusso/.codex/worktrees/stynx-canonical/detran/backend/domains/ch/exams


 Test Files  1 passed (1)
      Tests  12 passed (12)
   Start at  03:31:00
   Duration  546ms (transform 83ms, setup 0ms, import 455ms, tests 4ms, environment 0ms)


> @detran/ch-clinical-controls@0.0.1 test:unit /Users/aarusso/.codex/worktrees/stynx-canonical/detran/backend/domains/ch/clinical-controls
> DETRAN_TEST_TIER=unit vitest run --config vitest.config.ts


 RUN  v4.1.11 /Users/aarusso/.codex/worktrees/stynx-canonical/detran/backend/domains/ch/clinical-controls


 Test Files  1 passed (1)
      Tests  5 passed (5)
   Start at  03:31:01
   Duration  546ms (transform 82ms, setup 0ms, import 455ms, tests 4ms, environment 0ms)


> @detran/ch-inconsistencies@0.0.1 test:unit /Users/aarusso/.codex/worktrees/stynx-canonical/detran/backend/domains/ch/inconsistencies
> DETRAN_TEST_TIER=unit vitest run --config vitest.config.ts


 RUN  v4.1.11 /Users/aarusso/.codex/worktrees/stynx-canonical/detran/backend/domains/ch/inconsistencies


 Test Files  1 passed (1)
      Tests  7 passed (7)
   Start at  03:31:02
   Duration  547ms (transform 87ms, setup 0ms, import 457ms, tests 4ms, environment 0ms)


> @detran/ch-operational-controls@0.0.1 test:unit /Users/aarusso/.codex/worktrees/stynx-canonical/detran/backend/domains/ch/operational-controls
> DETRAN_TEST_TIER=unit vitest run --config vitest.config.ts


 RUN  v4.1.11 /Users/aarusso/.codex/worktrees/stynx-canonical/detran/backend/domains/ch/operational-controls


 Test Files  1 passed (1)
      Tests  6 passed (6)
   Start at  03:31:03
   Duration  547ms (transform 86ms, setup 0ms, import 455ms, tests 4ms, environment 0ms)


> @detran/ch-clinical-reports@0.0.1 test:unit /Users/aarusso/.codex/worktrees/stynx-canonical/detran/backend/domains/ch/clinical-reports
> DETRAN_TEST_TIER=unit vitest run --config vitest.config.ts


 RUN  v4.1.11 /Users/aarusso/.codex/worktrees/stynx-canonical/detran/backend/domains/ch/clinical-reports


 Test Files  5 passed (5)
      Tests  34 passed (34)
   Start at  03:31:04
   Duration  1.76s (transform 112ms, setup 0ms, import 1.32s, tests 29ms, environment 0ms)


> @detran/ch-process-blocks@0.0.1 test:unit /Users/aarusso/.codex/worktrees/stynx-canonical/detran/backend/domains/ch/process-blocks
> DETRAN_TEST_TIER=unit vitest run --config vitest.config.ts


 RUN  v4.1.11 /Users/aarusso/.codex/worktrees/stynx-canonical/detran/backend/domains/ch/process-blocks


 Test Files  1 passed (1)
      Tests  5 passed (5)
   Start at  03:31:07
   Duration  521ms (transform 79ms, setup 0ms, import 435ms, tests 3ms, environment 0ms)


> @detran/ch-telehealth@0.0.1 test:unit /Users/aarusso/.codex/worktrees/stynx-canonical/detran/backend/domains/ch/telehealth
> DETRAN_TEST_TIER=unit vitest run --config vitest.config.ts


 RUN  v4.1.11 /Users/aarusso/.codex/worktrees/stynx-canonical/detran/backend/domains/ch/telehealth


 Test Files  1 passed (1)
      Tests  4 passed (4)
   Start at  03:31:08
   Duration  549ms (transform 85ms, setup 0ms, import 456ms, tests 4ms, environment 0ms)


> @detran/ch-billing@0.0.1 test:unit /Users/aarusso/.codex/worktrees/stynx-canonical/detran/backend/domains/ch/billing
> DETRAN_TEST_TIER=unit vitest run --config vitest.config.ts


 RUN  v4.1.11 /Users/aarusso/.codex/worktrees/stynx-canonical/detran/backend/domains/ch/billing


 Test Files  1 passed (1)
      Tests  13 passed (13)
   Start at  03:31:09
   Duration  537ms (transform 84ms, setup 0ms, import 447ms, tests 5ms, environment 0ms)


> @detran/ch-scheduling@0.0.1 test:unit /Users/aarusso/.codex/worktrees/stynx-canonical/detran/backend/domains/ch/scheduling
> DETRAN_TEST_TIER=unit vitest run --config vitest.config.ts


 RUN  v4.1.11 /Users/aarusso/.codex/worktrees/stynx-canonical/detran/backend/domains/ch/scheduling


 Test Files  1 passed (1)
      Tests  7 passed (7)
   Start at  03:31:10
   Duration  539ms (transform 84ms, setup 0ms, import 450ms, tests 5ms, environment 0ms)


> @detran/ch-restrictions@0.0.1 test:unit /Users/aarusso/.codex/worktrees/stynx-canonical/detran/backend/domains/ch/restrictions
> DETRAN_TEST_TIER=unit vitest run --config vitest.config.ts


 RUN  v4.1.11 /Users/aarusso/.codex/worktrees/stynx-canonical/detran/backend/domains/ch/restrictions


 Test Files  1 passed (1)
      Tests  3 passed (3)
   Start at  03:31:11
   Duration  570ms (transform 81ms, setup 0ms, import 476ms, tests 3ms, environment 0ms)


> @detran/ch-retention@0.0.1 test:unit /Users/aarusso/.codex/worktrees/stynx-canonical/detran/backend/domains/ch/retention
> DETRAN_TEST_TIER=unit vitest run --config vitest.config.ts


 RUN  v4.1.11 /Users/aarusso/.codex/worktrees/stynx-canonical/detran/backend/domains/ch/retention


 Test Files  1 passed (1)
      Tests  5 passed (5)
   Start at  03:31:12
   Duration  535ms (transform 80ms, setup 0ms, import 446ms, tests 4ms, environment 0ms)


> @detran/inf-normative@0.0.1 test:unit /Users/aarusso/.codex/worktrees/stynx-canonical/detran/backend/domains/inf/normative
> DETRAN_TEST_TIER=unit vitest run --config vitest.config.ts


 RUN  v4.1.11 /Users/aarusso/.codex/worktrees/stynx-canonical/detran/backend/domains/inf/normative


 Test Files  7 passed (7)
      Tests  23 passed (23)
   Start at  03:31:13
   Duration  2.59s (transform 133ms, setup 0ms, import 468ms, tests 1.55s, environment 0ms)


> @detran/inf-ait@0.0.1 test:unit /Users/aarusso/.codex/worktrees/stynx-canonical/detran/backend/domains/inf/ait
> DETRAN_TEST_TIER=unit vitest run --config vitest.config.ts


 RUN  v4.1.11 /Users/aarusso/.codex/worktrees/stynx-canonical/detran/backend/domains/inf/ait


 Test Files  8 passed (8)
      Tests  312 passed (312)
   Start at  03:31:16
   Duration  3.39s (transform 132ms, setup 0ms, import 2.65s, tests 88ms, environment 0ms)


> @detran/inf-measures@0.0.1 test:unit /Users/aarusso/.codex/worktrees/stynx-canonical/detran/backend/domains/inf/measures
> DETRAN_TEST_TIER=unit vitest run --config vitest.config.ts


 RUN  v4.1.11 /Users/aarusso/.codex/worktrees/stynx-canonical/detran/backend/domains/inf/measures


 Test Files  12 passed (12)
      Tests  134 passed (134)
   Start at  03:31:20
   Duration  4.60s (transform 179ms, setup 0ms, import 570ms, tests 3.05s, environment 1ms)


> @detran/inf-alcohol@0.0.1 test:unit /Users/aarusso/.codex/worktrees/stynx-canonical/detran/backend/domains/inf/alcohol
> DETRAN_TEST_TIER=unit vitest run --config vitest.config.ts


 RUN  v4.1.11 /Users/aarusso/.codex/worktrees/stynx-canonical/detran/backend/domains/inf/alcohol


 Test Files  9 passed (9)
      Tests  127 passed (127)
   Start at  03:31:25
   Duration  3.61s (transform 142ms, setup 0ms, import 520ms, tests 2.34s, environment 0ms)


> @detran/inf-rait-case@0.0.1 test:unit /Users/aarusso/.codex/worktrees/stynx-canonical/detran/backend/domains/inf/rait-case
> DETRAN_TEST_TIER=unit vitest run --config vitest.config.ts


 RUN  v4.1.11 /Users/aarusso/.codex/worktrees/stynx-canonical/detran/backend/domains/inf/rait-case


 Test Files  7 passed (7)
      Tests  156 passed (156)
   Start at  03:31:29
   Duration  3.17s (transform 271ms, setup 0ms, import 810ms, tests 1.79s, environment 0ms)


> @detran/inf-rait-worklist@0.0.1 test:unit /Users/aarusso/.codex/worktrees/stynx-canonical/detran/backend/domains/inf/rait-worklist
> DETRAN_TEST_TIER=unit vitest run --config vitest.config.ts


 RUN  v4.1.11 /Users/aarusso/.codex/worktrees/stynx-canonical/detran/backend/domains/inf/rait-worklist


 Test Files  5 passed (5)
      Tests  78 passed (78)
   Start at  03:31:32
   Duration  2.36s (transform 300ms, setup 0ms, import 71ms, tests 1.87s, environment 0ms)


> @detran/inf-rait-session@0.0.1 test:unit /Users/aarusso/.codex/worktrees/stynx-canonical/detran/backend/domains/inf/rait-session
> DETRAN_TEST_TIER=unit vitest run --config vitest.config.ts


 RUN  v4.1.11 /Users/aarusso/.codex/worktrees/stynx-canonical/detran/backend/domains/inf/rait-session


 Test Files  3 passed (3)
      Tests  39 passed (39)
   Start at  03:31:35
   Duration  1.74s (transform 279ms, setup 0ms, import 816ms, tests 680ms, environment 0ms)


> @detran/inf-speed@0.0.1 test:unit /Users/aarusso/.codex/worktrees/stynx-canonical/detran/backend/domains/inf/speed
> DETRAN_TEST_TIER=unit vitest run --config vitest.config.ts


 RUN  v4.1.11 /Users/aarusso/.codex/worktrees/stynx-canonical/detran/backend/domains/inf/speed


 Test Files  1 passed (1)
      Tests  5 passed (5)
   Start at  03:31:37
   Duration  545ms (transform 77ms, setup 0ms, import 23ms, tests 435ms, environment 0ms)


> @detran/ops-parameter@0.0.1 test:unit /Users/aarusso/.codex/worktrees/stynx-canonical/detran/backend/domains/ops/parameter
> DETRAN_TEST_TIER=unit vitest run --config vitest.config.ts


 RUN  v4.1.11 /Users/aarusso/.codex/worktrees/stynx-canonical/detran/backend/domains/ops/parameter

[Nest] 71456  - 28/09/2026, 03:31:39    WARN [StynxErrorFilter] RAIT.VERSION_CONFLICT

 Test Files  1 passed (1)
      Tests  57 passed (57)
   Start at  03:31:39
   Duration  582ms (transform 97ms, setup 0ms, import 454ms, tests 39ms, environment 0ms)


> @detran/ops-agency@0.0.1 test:unit /Users/aarusso/.codex/worktrees/stynx-canonical/detran/backend/domains/ops/agency
> DETRAN_TEST_TIER=unit vitest run --config vitest.config.ts


 RUN  v4.1.11 /Users/aarusso/.codex/worktrees/stynx-canonical/detran/backend/domains/ops/agency

No test files found, exiting with code 0

include: src/**/*.spec.ts, tests/unit/**/*.spec.ts
exclude:  **/node_modules/**, **/.git/**


> @detran/ops-field@0.0.1 test:unit /Users/aarusso/.codex/worktrees/stynx-canonical/detran/backend/domains/ops/field
> DETRAN_TEST_TIER=unit vitest run --config vitest.config.ts


 RUN  v4.1.11 /Users/aarusso/.codex/worktrees/stynx-canonical/detran/backend/domains/ops/field


 Test Files  2 passed (2)
      Tests  54 passed (54)
   Start at  03:31:40
   Duration  1.09s (transform 113ms, setup 0ms, import 429ms, tests 497ms, environment 0ms)


> @detran/ops-snapshots@0.0.1 test:unit /Users/aarusso/.codex/worktrees/stynx-canonical/detran/backend/domains/ops/snapshots
> DETRAN_TEST_TIER=unit vitest run --config vitest.config.ts


 RUN  v4.1.11 /Users/aarusso/.codex/worktrees/stynx-canonical/detran/backend/domains/ops/snapshots


 Test Files  2 passed (2)
      Tests  12 passed (12)
   Start at  03:31:42
   Duration  689ms (transform 99ms, setup 0ms, import 63ms, tests 459ms, environment 0ms)


> @detran/ops-evidence@0.0.1 test:unit /Users/aarusso/.codex/worktrees/stynx-canonical/detran/backend/domains/ops/evidence
> DETRAN_TEST_TIER=unit vitest run --config vitest.config.ts


 RUN  v4.1.11 /Users/aarusso/.codex/worktrees/stynx-canonical/detran/backend/domains/ops/evidence


 Test Files  8 passed (8)
      Tests  45 passed (45)
   Start at  03:31:43
   Duration  3.55s (transform 151ms, setup 0ms, import 490ms, tests 2.41s, environment 0ms)


> @detran/ops-offline-sync@0.0.1 test:unit /Users/aarusso/.codex/worktrees/stynx-canonical/detran/backend/domains/ops/offline-sync
> DETRAN_TEST_TIER=unit vitest run --config vitest.config.ts


 RUN  v4.1.11 /Users/aarusso/.codex/worktrees/stynx-canonical/detran/backend/domains/ops/offline-sync


 Test Files  2 passed (2)
      Tests  33 passed (33)
   Start at  03:31:47
   Duration  1.12s (transform 119ms, setup 0ms, import 426ms, tests 516ms, environment 0ms)


> @detran/ops-provisioning@0.0.1 test:unit /Users/aarusso/.codex/worktrees/stynx-canonical/detran/backend/domains/ops/provisioning
> DETRAN_TEST_TIER=unit vitest run --config vitest.config.ts


 RUN  v4.1.11 /Users/aarusso/.codex/worktrees/stynx-canonical/detran/backend/domains/ops/provisioning


 Test Files  1 passed (1)
      Tests  7 passed (7)
   Start at  03:31:48
   Duration  586ms (transform 96ms, setup 0ms, import 497ms, tests 4ms, environment 0ms)


> @detran/app@0.0.1 test:unit /Users/aarusso/.codex/worktrees/stynx-canonical/detran/backend/app
> DETRAN_TEST_TIER=unit vitest run


 RUN  v4.1.11 /Users/aarusso/.codex/worktrees/stynx-canonical/detran/backend/app

[Nest] 72672  - 28/09/2026, 03:32:03     LOG [PecSefazService] [sefaz] validatePayment ref=DAR-1 correlationId=correlation-1
[Nest] 72672  - 28/09/2026, 03:32:03     LOG [PecSefazService] [sefaz] validatePayment ref=DAR-2 correlationId=n/a

 Test Files  24 passed (24)
      Tests  125 passed (125)
   Start at  03:31:49
   Duration  14.47s (transform 3.12s, setup 0ms, import 10.82s, tests 1.66s, environment 1ms)


> @detran/inf-deadlines@0.0.1 test /Users/aarusso/.codex/worktrees/stynx-canonical/detran/backend/domains/inf/deadlines
> vitest run --config vitest.config.ts


 RUN  v4.1.11 /Users/aarusso/.codex/worktrees/stynx-canonical/detran/backend/domains/inf/deadlines


 Test Files  1 passed (1)
      Tests  23 passed (23)
   Start at  03:32:04
   Duration  165ms (transform 52ms, setup 0ms, import 69ms, tests 10ms, environment 0ms)


> @detran/inf-infraction@0.0.1 test:unit /Users/aarusso/.codex/worktrees/stynx-canonical/detran/backend/domains/inf/infraction
> DETRAN_TEST_TIER=unit vitest run --config vitest.config.ts


 RUN  v4.1.11 /Users/aarusso/.codex/worktrees/stynx-canonical/detran/backend/domains/inf/infraction


 Test Files  3 passed (3)
      Tests  94 passed (94)
   Start at  03:32:05
   Duration  1.61s (transform 112ms, setup 0ms, import 1.32s, tests 28ms, environment 0ms)


> @detran/inf-notification@0.0.1 test:unit /Users/aarusso/.codex/worktrees/stynx-canonical/detran/backend/domains/inf/notification
> DETRAN_TEST_TIER=unit vitest run --config vitest.config.ts


 RUN  v4.1.11 /Users/aarusso/.codex/worktrees/stynx-canonical/detran/backend/domains/inf/notification


 Test Files  1 passed (1)
      Tests  7 passed (7)
   Start at  03:32:07
   Duration  142ms (transform 41ms, setup 0ms, import 56ms, tests 3ms, environment 0ms)


> @detran/inf-collection@0.0.1 test:unit /Users/aarusso/.codex/worktrees/stynx-canonical/detran/backend/domains/inf/collection
> DETRAN_TEST_TIER=unit vitest run --config vitest.config.ts


 RUN  v4.1.11 /Users/aarusso/.codex/worktrees/stynx-canonical/detran/backend/domains/inf/collection


 Test Files  2 passed (2)
      Tests  10 passed (10)
   Start at  03:32:08
   Duration  688ms (transform 113ms, setup 0ms, import 503ms, tests 15ms, environment 0ms)


> @detran/inf-rait-org@0.0.1 test:unit /Users/aarusso/.codex/worktrees/stynx-canonical/detran/backend/domains/inf/rait-org
> DETRAN_TEST_TIER=unit vitest run --config vitest.config.ts


 RUN  v4.1.11 /Users/aarusso/.codex/worktrees/stynx-canonical/detran/backend/domains/inf/rait-org


 Test Files  1 passed (1)
      Tests  2 passed (2)
   Start at  03:32:09
   Duration  566ms (transform 99ms, setup 0ms, import 476ms, tests 4ms, environment 0ms)


> @detran/inf-rait-integration@0.0.1 test:unit /Users/aarusso/.codex/worktrees/stynx-canonical/detran/backend/domains/inf/rait-integration
> DETRAN_TEST_TIER=unit vitest run --config vitest.config.ts


 RUN  v4.1.11 /Users/aarusso/.codex/worktrees/stynx-canonical/detran/backend/domains/inf/rait-integration


 Test Files  1 passed (1)
      Tests  1 passed (1)
   Start at  03:32:10
   Duration  567ms (transform 89ms, setup 0ms, import 479ms, tests 2ms, environment 0ms)


> @detran/portal-identity@0.0.1 test:unit /Users/aarusso/.codex/worktrees/stynx-canonical/detran/backend/domains/portal/identity
> DETRAN_TEST_TIER=unit vitest run --config vitest.config.ts


 RUN  v4.1.11 /Users/aarusso/.codex/worktrees/stynx-canonical/detran/backend/domains/portal/identity


 Test Files  3 passed (3)
      Tests  49 passed (49)
   Start at  03:32:11
   Duration  1.58s (transform 134ms, setup 0ms, import 1.33s, tests 11ms, environment 0ms)


> @detran/portal-requests@0.0.1 test:unit /Users/aarusso/.codex/worktrees/stynx-canonical/detran/backend/domains/portal/requests
> DETRAN_TEST_TIER=unit vitest run --config vitest.config.ts


 RUN  v4.1.11 /Users/aarusso/.codex/worktrees/stynx-canonical/detran/backend/domains/portal/requests


 Test Files  4 passed (4)
      Tests  97 passed | 7 todo (104)
   Start at  03:32:13
   Duration  2.31s (transform 253ms, setup 0ms, import 1.90s, tests 64ms, environment 0ms)


> @detran/portal-inbox@0.0.1 test:unit /Users/aarusso/.codex/worktrees/stynx-canonical/detran/backend/domains/portal/inbox
> DETRAN_TEST_TIER=unit vitest run --config vitest.config.ts


 RUN  v4.1.11 /Users/aarusso/.codex/worktrees/stynx-canonical/detran/backend/domains/portal/inbox


 Test Files  1 passed (1)
      Tests  13 passed (13)
   Start at  03:32:16
   Duration  874ms (transform 307ms, setup 0ms, import 773ms, tests 16ms, environment 0ms)


> @detran/portal-citizen-service@0.0.1 test:unit /Users/aarusso/.codex/worktrees/stynx-canonical/detran/backend/domains/portal/citizen-service
> DETRAN_TEST_TIER=unit vitest run --config vitest.config.ts


 RUN  v4.1.11 /Users/aarusso/.codex/worktrees/stynx-canonical/detran/backend/domains/portal/citizen-service


 Test Files  2 passed (2)
      Tests  78 passed (78)
   Start at  03:32:17
   Duration  1.30s (transform 290ms, setup 0ms, import 1.10s, tests 29ms, environment 0ms)


> @detran/portal-projections@0.0.1 test:unit /Users/aarusso/.codex/worktrees/stynx-canonical/detran/backend/domains/portal/projections
> DETRAN_TEST_TIER=unit vitest run --config vitest.config.ts


 RUN  v4.1.11 /Users/aarusso/.codex/worktrees/stynx-canonical/detran/backend/domains/portal/projections


 Test Files  5 passed (5)
      Tests  32 passed | 1 todo (33)
   Start at  03:32:19
   Duration  2.82s (transform 237ms, setup 0ms, import 2.34s, tests 62ms, environment 0ms)


> @detran/dashboard-monitor@0.0.1 test:unit /Users/aarusso/.codex/worktrees/stynx-canonical/detran/backend/domains/dashboard/monitor
> DETRAN_TEST_TIER=unit vitest run --config vitest.config.ts


 RUN  v4.1.11 /Users/aarusso/.codex/worktrees/stynx-canonical/detran/backend/domains/dashboard/monitor


 Test Files  17 passed (17)
      Tests  231 passed (231)
   Start at  03:32:22
   Duration  4.32s (transform 288ms, setup 0ms, import 2.80s, tests 123ms, environment 1ms)


> detran@0.0.1 backend:test:prepare-legacy /Users/aarusso/.codex/worktrees/stynx-canonical/detran
> node backend/database/tests/prepare-rait-priority-upgraded-legacy.mjs

upgraded legacy fixture: 20 cases and priority schema verified

> detran@0.0.1 backend:test:integration /Users/aarusso/.codex/worktrees/stynx-canonical/detran
> pnpm --filter @detran/app test:integration && pnpm --filter @detran/est-crash test:integration && pnpm --filter @detran/inf-ait test:integration && pnpm --filter @detran/inf-measures test:integration && pnpm --filter @detran/inf-alcohol test:integration && pnpm --filter @detran/ops-parameter test:integration && pnpm --filter @detran/ops-agency test:integration && pnpm --filter @detran/ops-field test:integration && pnpm --filter @detran/ops-snapshots test:integration && pnpm --filter @detran/ops-evidence test:integration && pnpm --filter @detran/ops-offline-sync test:integration && pnpm --filter @detran/ops-provisioning test:integration && pnpm --filter @detran/inf-normative test:integration && pnpm --filter @detran/inf-infraction test:integration && pnpm --filter @detran/inf-notification test:integration && pnpm --filter @detran/inf-collection test:integration && pnpm --filter @detran/inf-rait-case test:integration --exclude '**/rait-priority-upgrade.integration.spec.ts' --passWithNoTests=false && pnpm --filter @detran/inf-rait-worklist test:integration && pnpm --filter @detran/inf-rait-session test:integration && pnpm --filter @detran/inf-rait-org test:integration && pnpm --filter @detran/inf-rait-integration test:integration && pnpm --filter @detran/portal-identity test:integration && pnpm --filter @detran/portal-requests test:integration && pnpm --filter @detran/portal-inbox test:integration && pnpm --filter @detran/portal-citizen-service test:integration && pnpm --filter @detran/portal-projections test:integration && pnpm --filter @detran/dashboard-monitor test:integration


> @detran/app@0.0.1 test:integration /Users/aarusso/.codex/worktrees/stynx-canonical/detran/backend/app
> DETRAN_TEST_TIER=integration vitest run


 RUN  v4.1.11 /Users/aarusso/.codex/worktrees/stynx-canonical/detran/backend/app


 Test Files  6 passed (6)
      Tests  20 passed (20)
   Start at  03:32:37
   Duration  13.85s (transform 5.66s, setup 0ms, import 4.82s, tests 8.34s, environment 0ms)


> @detran/est-crash@0.0.1 test:integration /Users/aarusso/.codex/worktrees/stynx-canonical/detran/backend/domains/est/crash
> DETRAN_TEST_TIER=integration vitest run --config vitest.config.ts


 RUN  v4.1.11 /Users/aarusso/.codex/worktrees/stynx-canonical/detran/backend/domains/est/crash


 Test Files  1 passed (1)
      Tests  21 passed (21)
   Start at  03:32:52
   Duration  1.54s (transform 20ms, setup 0ms, import 48ms, tests 1.37s, environment 0ms)


> @detran/inf-ait@0.0.1 test:integration /Users/aarusso/.codex/worktrees/stynx-canonical/detran/backend/domains/inf/ait
> DETRAN_TEST_TIER=integration vitest run --config vitest.config.ts


 RUN  v4.1.11 /Users/aarusso/.codex/worktrees/stynx-canonical/detran/backend/domains/inf/ait


 Test Files  3 passed (3)
      Tests  25 passed (25)
   Start at  03:32:54
   Duration  3.52s (transform 369ms, setup 0ms, import 915ms, tests 2.28s, environment 0ms)


> @detran/inf-measures@0.0.1 test:integration /Users/aarusso/.codex/worktrees/stynx-canonical/detran/backend/domains/inf/measures
> DETRAN_TEST_TIER=integration vitest run --config vitest.config.ts


 RUN  v4.1.11 /Users/aarusso/.codex/worktrees/stynx-canonical/detran/backend/domains/inf/measures


 Test Files  1 passed (1)
      Tests  6 passed (6)
   Start at  03:32:58
   Duration  1.28s (transform 111ms, setup 0ms, import 59ms, tests 1.12s, environment 0ms)


> @detran/inf-alcohol@0.0.1 test:integration /Users/aarusso/.codex/worktrees/stynx-canonical/detran/backend/domains/inf/alcohol
> DETRAN_TEST_TIER=integration vitest run --config vitest.config.ts


 RUN  v4.1.11 /Users/aarusso/.codex/worktrees/stynx-canonical/detran/backend/domains/inf/alcohol


 Test Files  1 passed (1)
      Tests  5 passed (5)
   Start at  03:32:59
   Duration  1.05s (transform 146ms, setup 0ms, import 52ms, tests 902ms, environment 0ms)


> @detran/ops-parameter@0.0.1 test:integration /Users/aarusso/.codex/worktrees/stynx-canonical/detran/backend/domains/ops/parameter
> DETRAN_TEST_TIER=integration vitest run --config vitest.config.ts


 RUN  v4.1.11 /Users/aarusso/.codex/worktrees/stynx-canonical/detran/backend/domains/ops/parameter


 Test Files  1 passed (1)
      Tests  1 passed (1)
   Start at  03:33:01
   Duration  294ms (transform 27ms, setup 0ms, import 69ms, tests 114ms, environment 0ms)


> @detran/ops-agency@0.0.1 test:integration /Users/aarusso/.codex/worktrees/stynx-canonical/detran/backend/domains/ops/agency
> DETRAN_TEST_TIER=integration vitest run --config vitest.config.ts


 RUN  v4.1.11 /Users/aarusso/.codex/worktrees/stynx-canonical/detran/backend/domains/ops/agency

No test files found, exiting with code 0

include: tests/integration/**/*.integration.spec.ts
exclude:  **/node_modules/**, **/.git/**


> @detran/ops-field@0.0.1 test:integration /Users/aarusso/.codex/worktrees/stynx-canonical/detran/backend/domains/ops/field
> DETRAN_TEST_TIER=integration vitest run --config vitest.config.ts


 RUN  v4.1.11 /Users/aarusso/.codex/worktrees/stynx-canonical/detran/backend/domains/ops/field


 Test Files  2 passed (2)
      Tests  13 passed (13)
   Start at  03:33:02
   Duration  2.27s (transform 167ms, setup 0ms, import 84ms, tests 1.99s, environment 0ms)


> @detran/ops-snapshots@0.0.1 test:integration /Users/aarusso/.codex/worktrees/stynx-canonical/detran/backend/domains/ops/snapshots
> DETRAN_TEST_TIER=integration vitest run --config vitest.config.ts


 RUN  v4.1.11 /Users/aarusso/.codex/worktrees/stynx-canonical/detran/backend/domains/ops/snapshots


 Test Files  2 passed (2)
      Tests  2 passed (2)
   Start at  03:33:05
   Duration  946ms (transform 146ms, setup 0ms, import 56ms, tests 702ms, environment 0ms)


> @detran/ops-evidence@0.0.1 test:integration /Users/aarusso/.codex/worktrees/stynx-canonical/detran/backend/domains/ops/evidence
> DETRAN_TEST_TIER=integration vitest run --config vitest.config.ts


 RUN  v4.1.11 /Users/aarusso/.codex/worktrees/stynx-canonical/detran/backend/domains/ops/evidence


 Test Files  4 passed (4)
      Tests  5 passed (5)
   Start at  03:33:07
   Duration  3.87s (transform 144ms, setup 0ms, import 150ms, tests 3.32s, environment 0ms)


> @detran/ops-offline-sync@0.0.1 test:integration /Users/aarusso/.codex/worktrees/stynx-canonical/detran/backend/domains/ops/offline-sync
> DETRAN_TEST_TIER=integration vitest run --config vitest.config.ts


 RUN  v4.1.11 /Users/aarusso/.codex/worktrees/stynx-canonical/detran/backend/domains/ops/offline-sync


 Test Files  5 passed (5)
      Tests  46 passed (46)
   Start at  03:33:11
   Duration  7.05s (transform 346ms, setup 0ms, import 247ms, tests 6.25s, environment 0ms)


> @detran/ops-provisioning@0.0.1 test:integration /Users/aarusso/.codex/worktrees/stynx-canonical/detran/backend/domains/ops/provisioning
> DETRAN_TEST_TIER=integration vitest run --config vitest.config.ts


 RUN  v4.1.11 /Users/aarusso/.codex/worktrees/stynx-canonical/detran/backend/domains/ops/provisioning


 Test Files  4 passed (4)
      Tests  694 passed (694)
   Start at  03:33:19
   Duration  207.14s (transform 200ms, setup 0ms, import 1.96s, tests 204.78s, environment 0ms)


> @detran/inf-normative@0.0.1 test:integration /Users/aarusso/.codex/worktrees/stynx-canonical/detran/backend/domains/inf/normative
> DETRAN_TEST_TIER=integration vitest run --config vitest.config.ts


 RUN  v4.1.11 /Users/aarusso/.codex/worktrees/stynx-canonical/detran/backend/domains/inf/normative


 Test Files  2 passed (2)
      Tests  3 passed (3)
   Start at  03:36:46
   Duration  1.29s (transform 101ms, setup 0ms, import 57ms, tests 1.07s, environment 0ms)


> @detran/inf-infraction@0.0.1 test:integration /Users/aarusso/.codex/worktrees/stynx-canonical/detran/backend/domains/inf/infraction
> DETRAN_TEST_TIER=integration vitest run --config vitest.config.ts


 RUN  v4.1.11 /Users/aarusso/.codex/worktrees/stynx-canonical/detran/backend/domains/inf/infraction


 Test Files  1 passed (1)
      Tests  7 passed (7)
   Start at  03:36:48
   Duration  273ms (transform 16ms, setup 0ms, import 33ms, tests 159ms, environment 0ms)


> @detran/inf-notification@0.0.1 test:integration /Users/aarusso/.codex/worktrees/stynx-canonical/detran/backend/domains/inf/notification
> DETRAN_TEST_TIER=integration vitest run --config vitest.config.ts


 RUN  v4.1.11 /Users/aarusso/.codex/worktrees/stynx-canonical/detran/backend/domains/inf/notification


 Test Files  1 passed (1)
      Tests  7 passed (7)
   Start at  03:36:49
   Duration  272ms (transform 15ms, setup 0ms, import 33ms, tests 151ms, environment 0ms)


> @detran/inf-collection@0.0.1 test:integration /Users/aarusso/.codex/worktrees/stynx-canonical/detran/backend/domains/inf/collection
> DETRAN_TEST_TIER=integration vitest run --config vitest.config.ts


 RUN  v4.1.11 /Users/aarusso/.codex/worktrees/stynx-canonical/detran/backend/domains/inf/collection


 Test Files  1 passed (1)
      Tests  20 passed (20)
   Start at  03:36:49
   Duration  307ms (transform 18ms, setup 0ms, import 36ms, tests 190ms, environment 0ms)


> @detran/inf-rait-case@0.0.1 test:integration /Users/aarusso/.codex/worktrees/stynx-canonical/detran/backend/domains/inf/rait-case
> DETRAN_TEST_TIER=integration vitest run --config vitest.config.ts "--exclude" "**/rait-priority-upgrade.integration.spec.ts" "--passWithNoTests=false"


 RUN  v4.1.11 /Users/aarusso/.codex/worktrees/stynx-canonical/detran/backend/domains/inf/rait-case


 Test Files  4 passed (4)
      Tests  33 passed (33)
   Start at  03:36:50
   Duration  17.16s (transform 34ms, setup 0ms, import 102ms, tests 16.72s, environment 0ms)


> @detran/inf-rait-worklist@0.0.1 test:integration /Users/aarusso/.codex/worktrees/stynx-canonical/detran/backend/domains/inf/rait-worklist
> DETRAN_TEST_TIER=integration vitest run --config vitest.config.ts


 RUN  v4.1.11 /Users/aarusso/.codex/worktrees/stynx-canonical/detran/backend/domains/inf/rait-worklist


 Test Files  5 passed (5)
      Tests  42 passed (42)
   Start at  03:37:08
   Duration  1.82s (transform 277ms, setup 0ms, import 102ms, tests 1.32s, environment 0ms)


> @detran/inf-rait-session@0.0.1 test:integration /Users/aarusso/.codex/worktrees/stynx-canonical/detran/backend/domains/inf/rait-session
> DETRAN_TEST_TIER=integration vitest run --config vitest.config.ts


 RUN  v4.1.11 /Users/aarusso/.codex/worktrees/stynx-canonical/detran/backend/domains/inf/rait-session


 Test Files  4 passed (4)
      Tests  15 passed (15)
   Start at  03:37:10
   Duration  1.70s (transform 268ms, setup 0ms, import 75ms, tests 1.32s, environment 0ms)


> @detran/inf-rait-org@0.0.1 test:integration /Users/aarusso/.codex/worktrees/stynx-canonical/detran/backend/domains/inf/rait-org
> DETRAN_TEST_TIER=integration vitest run --config vitest.config.ts


 RUN  v4.1.11 /Users/aarusso/.codex/worktrees/stynx-canonical/detran/backend/domains/inf/rait-org


 Test Files  1 passed (1)
      Tests  25 passed (25)
   Start at  03:37:12
   Duration  343ms (transform 19ms, setup 0ms, import 38ms, tests 223ms, environment 0ms)


> @detran/inf-rait-integration@0.0.1 test:integration /Users/aarusso/.codex/worktrees/stynx-canonical/detran/backend/domains/inf/rait-integration
> DETRAN_TEST_TIER=integration vitest run --config vitest.config.ts


 RUN  v4.1.11 /Users/aarusso/.codex/worktrees/stynx-canonical/detran/backend/domains/inf/rait-integration


 Test Files  1 passed (1)
      Tests  11 passed (11)
   Start at  03:37:13
   Duration  264ms (transform 15ms, setup 0ms, import 32ms, tests 153ms, environment 0ms)


> @detran/portal-identity@0.0.1 test:integration /Users/aarusso/.codex/worktrees/stynx-canonical/detran/backend/domains/portal/identity
> DETRAN_TEST_TIER=integration vitest run --config vitest.config.ts


 RUN  v4.1.11 /Users/aarusso/.codex/worktrees/stynx-canonical/detran/backend/domains/portal/identity


 Test Files  2 passed (2)
      Tests  11 passed (11)
   Start at  03:37:13
   Duration  477ms (transform 20ms, setup 0ms, import 54ms, tests 263ms, environment 0ms)


> @detran/portal-requests@0.0.1 test:integration /Users/aarusso/.codex/worktrees/stynx-canonical/detran/backend/domains/portal/requests
> DETRAN_TEST_TIER=integration vitest run --config vitest.config.ts


 RUN  v4.1.11 /Users/aarusso/.codex/worktrees/stynx-canonical/detran/backend/domains/portal/requests


 Test Files  1 passed (1)
      Tests  3 passed (3)
   Start at  03:37:14
   Duration  887ms (transform 189ms, setup 0ms, import 595ms, tests 204ms, environment 0ms)


> @detran/portal-inbox@0.0.1 test:integration /Users/aarusso/.codex/worktrees/stynx-canonical/detran/backend/domains/portal/inbox
> DETRAN_TEST_TIER=integration vitest run --config vitest.config.ts


 RUN  v4.1.11 /Users/aarusso/.codex/worktrees/stynx-canonical/detran/backend/domains/portal/inbox


 Test Files  1 passed (1)
      Tests  2 passed (2)
   Start at  03:37:16
   Duration  974ms (transform 279ms, setup 0ms, import 719ms, tests 176ms, environment 0ms)


> @detran/portal-citizen-service@0.0.1 test:integration /Users/aarusso/.codex/worktrees/stynx-canonical/detran/backend/domains/portal/citizen-service
> DETRAN_TEST_TIER=integration vitest run --config vitest.config.ts


 RUN  v4.1.11 /Users/aarusso/.codex/worktrees/stynx-canonical/detran/backend/domains/portal/citizen-service


 Test Files  1 passed (1)
      Tests  1 passed (1)
   Start at  03:37:17
   Duration  720ms (transform 156ms, setup 0ms, import 554ms, tests 86ms, environment 0ms)


> @detran/portal-projections@0.0.1 test:integration /Users/aarusso/.codex/worktrees/stynx-canonical/detran/backend/domains/portal/projections
> DETRAN_TEST_TIER=integration vitest run --config vitest.config.ts


 RUN  v4.1.11 /Users/aarusso/.codex/worktrees/stynx-canonical/detran/backend/domains/portal/projections

(node:83094) DeprecationWarning: Calling client.query() when the client is already executing a query is deprecated and will be removed in pg@9.0. Use async/await or an external async flow control mechanism instead.
(Use `node --trace-deprecation ...` to show where the warning was created)

 Test Files  1 passed (1)
      Tests  7 passed (7)
   Start at  03:37:18
   Duration  1.05s (transform 190ms, setup 0ms, import 599ms, tests 366ms, environment 0ms)


> @detran/dashboard-monitor@0.0.1 test:integration /Users/aarusso/.codex/worktrees/stynx-canonical/detran/backend/domains/dashboard/monitor
> DETRAN_TEST_TIER=integration vitest run --config vitest.config.ts


 RUN  v4.1.11 /Users/aarusso/.codex/worktrees/stynx-canonical/detran/backend/domains/dashboard/monitor


 Test Files  14 passed (14)
      Tests  430 passed (430)
   Start at  03:37:20
   Duration  10.24s (transform 300ms, setup 0ms, import 3.44s, tests 5.63s, environment 1ms)


> detran@0.0.1 backend:test:prepare-legacy /Users/aarusso/.codex/worktrees/stynx-canonical/detran
> node backend/database/tests/prepare-rait-priority-upgraded-legacy.mjs

upgraded legacy fixture: 20 cases and priority schema verified

> detran@0.0.1 backend:test:e2e /Users/aarusso/.codex/worktrees/stynx-canonical/detran
> pnpm --filter @detran/app test:e2e && pnpm --filter @detran/ops-agency test:e2e && pnpm --filter @detran/ops-field test:e2e && pnpm --filter @detran/ops-snapshots test:e2e && pnpm --filter @detran/ops-evidence test:e2e && pnpm --filter @detran/ops-offline-sync test:e2e && pnpm --filter @detran/ops-provisioning test:e2e && pnpm --filter @detran/inf-ait test:e2e && pnpm --filter @detran/portal-identity test:e2e && pnpm --filter @detran/portal-requests test:e2e && pnpm --filter @detran/portal-inbox test:e2e && pnpm --filter @detran/portal-citizen-service test:e2e && pnpm --filter @detran/portal-projections test:e2e && pnpm --filter @detran/dashboard-monitor test:e2e


> @detran/app@0.0.1 test:e2e /Users/aarusso/.codex/worktrees/stynx-canonical/detran/backend/app
> DETRAN_TEST_TIER=e2e vitest run


 RUN  v4.1.11 /Users/aarusso/.codex/worktrees/stynx-canonical/detran/backend/app

[2026-09-28 03:37:43.419 -0300] INFO (83594): request completed
    route: "/v1/portal/identity/me"
    method: "GET"
    status: 200
    duration_ms: 150
[2026-09-28 03:37:43.435 -0300] INFO (83594): request completed
    route: "/v1/portal/identity/me"
    method: "GET"
    status: 200
    duration_ms: 13
[2026-09-28 03:37:43.445 -0300] INFO (83594): request completed
    route: "/v1/portal/identity/me"
    method: "GET"
    status: 200
    duration_ms: 9
[2026-09-28 03:37:43.473 -0300] INFO (83594): request completed
    route: "/v1/portal/identity/representations"
    method: "GET"
    status: 200
    duration_ms: 8
[2026-09-28 03:37:43.482 -0300] INFO (83594): request completed
    route: "/v1/portal/services"
    method: "GET"
    status: 200
    duration_ms: 8
[2026-09-28 03:37:43.493 -0300] INFO (83594): request completed
    route: "/v1/portal/aits/00000000-0000-7000-8000-0000f0000002"
    method: "GET"
    status: 200
    duration_ms: 10
[2026-09-28 03:37:43.501 -0300] INFO (83594): request completed
    route: "/v1/portal/aits/00000000-0000-7000-8000-0000f0000002/points"
    method: "GET"
    status: 200
    duration_ms: 6
[2026-09-28 03:37:43.508 -0300] INFO (83594): request completed
    route: "/v1/portal/points-summary"
    method: "GET"
    status: 200
    duration_ms: 6
[2026-09-28 03:37:43.528 -0300] INFO (83594): request completed
    route: "/v1/portal/requests"
    method: "GET"
    status: 200
    duration_ms: 19
[2026-09-28 03:37:43.538 -0300] INFO (83594): request completed
    route: "/v1/portal/requests/00000000-0000-7000-8000-000070400e09"
    method: "GET"
    status: 200
    duration_ms: 9
[2026-09-28 03:37:43.546 -0300] INFO (83594): request completed
    route: "/v1/portal/requests/00000000-0000-7000-8000-000070400e09/receipt"
    method: "GET"
    status: 404
    duration_ms: 7
[2026-09-28 03:37:43.553 -0300] INFO (83594): request completed
    route: "/v1/portal/requests/00000000-0000-7000-8000-000070400e09/decision"
    method: "GET"
    status: 200
    duration_ms: 6
[2026-09-28 03:37:43.560 -0300] INFO (83594): request completed
    route: "/v1/portal/inbox"
    method: "GET"
    status: 200
    duration_ms: 6
[2026-09-28 03:37:43.566 -0300] INFO (83594): request completed
    route: "/v1/portal/sne/enrollment"
    method: "GET"
    status: 200
    duration_ms: 5
[2026-09-28 03:37:43.636 -0300] INFO (83594): request completed
    route: "/v1/portal/documents/cnh"
    method: "GET"
    status: 200
    duration_ms: 69
[2026-09-28 03:37:43.665 -0300] INFO (83594): request completed
    route: "/v1/portal/vehicles"
    method: "GET"
    status: 200
    duration_ms: 28
[2026-09-28 03:37:43.674 -0300] INFO (83594): request completed
    route: "/v1/portal/vehicles/00000000-0000-7000-8000-00007ff00001/clearance"
    method: "GET"
    status: 503
    duration_ms: 8
[2026-09-28 03:37:43.685 -0300] INFO (83594): request completed
    route: "/v1/portal/crashes"
    method: "GET"
    status: 200
    duration_ms: 10
[2026-09-28 03:37:43.694 -0300] INFO (83594): request completed
    route: "/v1/portal/crashes/00000000-0000-7000-8000-00007ff00003"
    method: "GET"
    status: 200
    duration_ms: 9
[2026-09-28 03:37:43.703 -0300] INFO (83594): request completed
    route: "/v1/portal/exams"
    method: "GET"
    status: 200
    duration_ms: 8
[2026-09-28 03:37:43.709 -0300] INFO (83594): request completed
    route: "/v1/portal/exams/00000000-0000-7000-8000-00007ff00002"
    method: "GET"
    status: 404
    duration_ms: 5
[2026-09-28 03:37:43.718 -0300] INFO (83594): request completed
    route: "/v1/portal/manifestations"
    method: "GET"
    status: 200
    duration_ms: 8
[2026-09-28 03:37:43.722 -0300] INFO (83594): request completed
    route: "/v1/portal/service-charter/manifestar/deadline"
    method: "GET"
    status: 200
    duration_ms: 4
[2026-09-28 03:37:43.727 -0300] INFO (83594): request completed
    route: "/v1/portal/identity/representations"
    method: "GET"
    status: 200
    duration_ms: 4
[2026-09-28 03:37:43.732 -0300] INFO (83594): request completed
    route: "/v1/portal/services"
    method: "GET"
    status: 200
    duration_ms: 4
[2026-09-28 03:37:43.737 -0300] INFO (83594): request completed
    route: "/v1/portal/aits/00000000-0000-7000-8000-0000f0000002"
    method: "GET"
    status: 404
    duration_ms: 5
[2026-09-28 03:37:43.741 -0300] INFO (83594): request completed
    route: "/v1/portal/aits/00000000-0000-7000-8000-0000f0000002/points"
    method: "GET"
    status: 404
    duration_ms: 3
[2026-09-28 03:37:43.747 -0300] INFO (83594): request completed
    route: "/v1/portal/points-summary"
    method: "GET"
    status: 200
    duration_ms: 5
[2026-09-28 03:37:43.754 -0300] INFO (83594): request completed
    route: "/v1/portal/requests"
    method: "GET"
    status: 200
    duration_ms: 6
[2026-09-28 03:37:43.759 -0300] INFO (83594): request completed
    route: "/v1/portal/requests/00000000-0000-7000-8000-000070400e09"
    method: "GET"
    status: 404
    duration_ms: 4
[2026-09-28 03:37:43.765 -0300] INFO (83594): request completed
    route: "/v1/portal/requests/00000000-0000-7000-8000-000070400e09/receipt"
    method: "GET"
    status: 404
    duration_ms: 5
[2026-09-28 03:37:43.770 -0300] INFO (83594): request completed
    route: "/v1/portal/requests/00000000-0000-7000-8000-000070400e09/decision"
    method: "GET"
    status: 404
    duration_ms: 5
[2026-09-28 03:37:43.776 -0300] INFO (83594): request completed
    route: "/v1/portal/inbox"
    method: "GET"
    status: 200
    duration_ms: 5
[2026-09-28 03:37:43.781 -0300] INFO (83594): request completed
    route: "/v1/portal/sne/enrollment"
    method: "GET"
    status: 200
    duration_ms: 4
[2026-09-28 03:37:43.791 -0300] INFO (83594): request completed
    route: "/v1/portal/documents/cnh"
    method: "GET"
    status: 503
    duration_ms: 9
[2026-09-28 03:37:43.801 -0300] INFO (83594): request completed
    route: "/v1/portal/vehicles"
    method: "GET"
    status: 503
    duration_ms: 9
[2026-09-28 03:37:43.807 -0300] INFO (83594): request completed
    route: "/v1/portal/vehicles/00000000-0000-7000-8000-00007ff00001/clearance"
    method: "GET"
    status: 404
    duration_ms: 6
[2026-09-28 03:37:43.817 -0300] INFO (83594): request completed
    route: "/v1/portal/crashes"
    method: "GET"
    status: 200
    duration_ms: 9
[2026-09-28 03:37:43.823 -0300] INFO (83594): request completed
    route: "/v1/portal/crashes/00000000-0000-7000-8000-00007ff00003"
    method: "GET"
    status: 404
    duration_ms: 5
[2026-09-28 03:37:43.832 -0300] INFO (83594): request completed
    route: "/v1/portal/exams"
    method: "GET"
    status: 200
    duration_ms: 8
[2026-09-28 03:37:43.837 -0300] INFO (83594): request completed
    route: "/v1/portal/exams/00000000-0000-7000-8000-00007ff00002"
    method: "GET"
    status: 404
    duration_ms: 5
[2026-09-28 03:37:43.844 -0300] INFO (83594): request completed
    route: "/v1/portal/manifestations"
    method: "GET"
    status: 200
    duration_ms: 6
[2026-09-28 03:37:43.849 -0300] INFO (83594): request completed
    route: "/v1/portal/service-charter/manifestar/deadline"
    method: "GET"
    status: 200
    duration_ms: 4
[2026-09-28 03:37:43.853 -0300] INFO (83594): request completed
    route: "/v1/portal/identity/representations"
    method: "GET"
    status: 200
    duration_ms: 4
[2026-09-28 03:37:43.858 -0300] INFO (83594): request completed
    route: "/v1/portal/services"
    method: "GET"
    status: 200
    duration_ms: 4
[2026-09-28 03:37:43.862 -0300] INFO (83594): request completed
    route: "/v1/portal/aits/00000000-0000-7000-8000-0000f0000002"
    method: "GET"
    status: 404
    duration_ms: 4
[2026-09-28 03:37:43.868 -0300] INFO (83594): request completed
    route: "/v1/portal/aits/00000000-0000-7000-8000-0000f0000002/points"
    method: "GET"
    status: 404
    duration_ms: 5
[2026-09-28 03:37:43.873 -0300] INFO (83594): request completed
    route: "/v1/portal/points-summary"
    method: "GET"
    status: 200
    duration_ms: 4
[2026-09-28 03:37:43.880 -0300] INFO (83594): request completed
    route: "/v1/portal/requests"
    method: "GET"
    status: 200
    duration_ms: 6
[2026-09-28 03:37:43.885 -0300] INFO (83594): request completed
    route: "/v1/portal/requests/00000000-0000-7000-8000-000070400e09"
    method: "GET"
    status: 404
    duration_ms: 4
[2026-09-28 03:37:43.890 -0300] INFO (83594): request completed
    route: "/v1/portal/requests/00000000-0000-7000-8000-000070400e09/receipt"
    method: "GET"
    status: 404
    duration_ms: 4
[2026-09-28 03:37:43.896 -0300] INFO (83594): request completed
    route: "/v1/portal/requests/00000000-0000-7000-8000-000070400e09/decision"
    method: "GET"
    status: 404
    duration_ms: 5
[2026-09-28 03:37:43.902 -0300] INFO (83594): request completed
    route: "/v1/portal/inbox"
    method: "GET"
    status: 200
    duration_ms: 5
[2026-09-28 03:37:43.908 -0300] INFO (83594): request completed
    route: "/v1/portal/sne/enrollment"
    method: "GET"
    status: 200
    duration_ms: 5
[2026-09-28 03:37:43.920 -0300] INFO (83594): request completed
    route: "/v1/portal/documents/cnh"
    method: "GET"
    status: 200
    duration_ms: 12
[2026-09-28 03:37:43.933 -0300] INFO (83594): request completed
    route: "/v1/portal/vehicles"
    method: "GET"
    status: 200
    duration_ms: 12
[2026-09-28 03:37:43.938 -0300] INFO (83594): request completed
    route: "/v1/portal/vehicles/00000000-0000-7000-8000-00007ff00001/clearance"
    method: "GET"
    status: 404
    duration_ms: 5
[2026-09-28 03:37:43.946 -0300] INFO (83594): request completed
    route: "/v1/portal/crashes"
    method: "GET"
    status: 200
    duration_ms: 7
[2026-09-28 03:37:43.951 -0300] INFO (83594): request completed
    route: "/v1/portal/crashes/00000000-0000-7000-8000-00007ff00003"
    method: "GET"
    status: 404
    duration_ms: 4
[2026-09-28 03:37:43.959 -0300] INFO (83594): request completed
    route: "/v1/portal/exams"
    method: "GET"
    status: 200
    duration_ms: 7
[2026-09-28 03:37:43.969 -0300] INFO (83594): request completed
    route: "/v1/portal/exams/00000000-0000-7000-8000-00007ff00002"
    method: "GET"
    status: 200
    duration_ms: 9
[2026-09-28 03:37:43.975 -0300] INFO (83594): request completed
    route: "/v1/portal/manifestations"
    method: "GET"
    status: 200
    duration_ms: 5
[2026-09-28 03:37:43.979 -0300] INFO (83594): request completed
    route: "/v1/portal/service-charter/manifestar/deadline"
    method: "GET"
    status: 200
    duration_ms: 3
[2026-09-28 03:37:43.985 -0300] INFO (83594): request completed
    route: "/v1/portal/identity/representations"
    method: "GET"
    status: 200
    duration_ms: 5
[2026-09-28 03:37:43.991 -0300] INFO (83594): request completed
    route: "/v1/portal/services"
    method: "GET"
    status: 200
    duration_ms: 4
[2026-09-28 03:37:43.997 -0300] INFO (83594): request completed
    route: "/v1/portal/aits/00000000-0000-7000-8000-0000f0000002"
    method: "GET"
    status: 200
    duration_ms: 5
[2026-09-28 03:37:44.004 -0300] INFO (83594): request completed
    route: "/v1/portal/aits/00000000-0000-7000-8000-0000f0000002/points"
    method: "GET"
    status: 200
    duration_ms: 6
[2026-09-28 03:37:44.009 -0300] INFO (83594): request completed
    route: "/v1/portal/points-summary"
    method: "GET"
    status: 200
    duration_ms: 3
[2026-09-28 03:37:44.018 -0300] INFO (83594): request completed
    route: "/v1/portal/requests"
    method: "GET"
    status: 200
    duration_ms: 8
[2026-09-28 03:37:44.026 -0300] INFO (83594): request completed
    route: "/v1/portal/requests/00000000-0000-7000-8000-000070400e09"
    method: "GET"
    status: 200
    duration_ms: 7
[2026-09-28 03:37:44.031 -0300] INFO (83594): request completed
    route: "/v1/portal/requests/00000000-0000-7000-8000-000070400e09/receipt"
    method: "GET"
    status: 404
    duration_ms: 5
[2026-09-28 03:37:44.038 -0300] INFO (83594): request completed
    route: "/v1/portal/requests/00000000-0000-7000-8000-000070400e09/decision"
    method: "GET"
    status: 200
    duration_ms: 6
[2026-09-28 03:37:44.046 -0300] INFO (83594): request completed
    route: "/v1/portal/inbox"
    method: "GET"
    status: 200
    duration_ms: 5
[2026-09-28 03:37:44.052 -0300] INFO (83594): request completed
    route: "/v1/portal/sne/enrollment"
    method: "GET"
    status: 200
    duration_ms: 5
[2026-09-28 03:37:44.061 -0300] INFO (83594): request completed
    route: "/v1/portal/documents/cnh"
    method: "GET"
    status: 200
    duration_ms: 8
[2026-09-28 03:37:44.071 -0300] INFO (83594): request completed
    route: "/v1/portal/vehicles"
    method: "GET"
    status: 200
    duration_ms: 9
[2026-09-28 03:37:44.080 -0300] INFO (83594): request completed
    route: "/v1/portal/vehicles/00000000-0000-7000-8000-00007ff00001/clearance"
    method: "GET"
    status: 503
    duration_ms: 8
[2026-09-28 03:37:44.093 -0300] INFO (83594): request completed
    route: "/v1/portal/crashes"
    method: "GET"
    status: 200
    duration_ms: 11
[2026-09-28 03:37:44.103 -0300] INFO (83594): request completed
    route: "/v1/portal/crashes/00000000-0000-7000-8000-00007ff00003"
    method: "GET"
    status: 200
    duration_ms: 8
[2026-09-28 03:37:44.112 -0300] INFO (83594): request completed
    route: "/v1/portal/exams"
    method: "GET"
    status: 200
    duration_ms: 8
[2026-09-28 03:37:44.132 -0300] INFO (83594): request completed
    route: "/v1/portal/exams/00000000-0000-7000-8000-00007ff00002"
    method: "GET"
    status: 404
    duration_ms: 6
[2026-09-28 03:37:44.139 -0300] INFO (83594): request completed
    route: "/v1/portal/manifestations"
    method: "GET"
    status: 200
    duration_ms: 7
[2026-09-28 03:37:44.143 -0300] INFO (83594): request completed
    route: "/v1/portal/service-charter/manifestar/deadline"
    method: "GET"
    status: 200
    duration_ms: 3
[2026-09-28 03:37:44.148 -0300] INFO (83594): request completed
    route: "/v1/portal/identity/representations"
    method: "GET"
    status: 200
    duration_ms: 4
[2026-09-28 03:37:44.152 -0300] INFO (83594): request completed
    route: "/v1/portal/services"
    method: "GET"
    status: 200
    duration_ms: 3
[2026-09-28 03:37:44.158 -0300] INFO (83594): request completed
    route: "/v1/portal/aits/00000000-0000-7000-8000-0000f0000002"
    method: "GET"
    status: 404
    duration_ms: 5
[2026-09-28 03:37:44.167 -0300] INFO (83594): request completed
    route: "/v1/portal/aits/00000000-0000-7000-8000-0000f0000002/points"
    method: "GET"
    status: 404
    duration_ms: 7
[2026-09-28 03:37:44.173 -0300] INFO (83594): request completed
    route: "/v1/portal/points-summary"
    method: "GET"
    status: 200
    duration_ms: 5
[2026-09-28 03:37:44.180 -0300] INFO (83594): request completed
    route: "/v1/portal/requests"
    method: "GET"
    status: 200
    duration_ms: 6
[2026-09-28 03:37:44.186 -0300] INFO (83594): request completed
    route: "/v1/portal/requests/00000000-0000-7000-8000-000070400e09"
    method: "GET"
    status: 404
    duration_ms: 5
[2026-09-28 03:37:44.191 -0300] INFO (83594): request completed
    route: "/v1/portal/requests/00000000-0000-7000-8000-000070400e09/receipt"
    method: "GET"
    status: 404
    duration_ms: 4
[2026-09-28 03:37:44.197 -0300] INFO (83594): request completed
    route: "/v1/portal/requests/00000000-0000-7000-8000-000070400e09/decision"
    method: "GET"
    status: 404
    duration_ms: 5
[2026-09-28 03:37:44.206 -0300] INFO (83594): request completed
    route: "/v1/portal/inbox"
    method: "GET"
    status: 200
    duration_ms: 7
[2026-09-28 03:37:44.212 -0300] INFO (83594): request completed
    route: "/v1/portal/sne/enrollment"
    method: "GET"
    status: 200
    duration_ms: 5
[2026-09-28 03:37:44.225 -0300] INFO (83594): request completed
    route: "/v1/portal/documents/cnh"
    method: "GET"
    status: 503
    duration_ms: 12
[2026-09-28 03:37:44.239 -0300] INFO (83594): request completed
    route: "/v1/portal/vehicles"
    method: "GET"
    status: 503
    duration_ms: 13
[2026-09-28 03:37:44.247 -0300] INFO (83594): request completed
    route: "/v1/portal/vehicles/00000000-0000-7000-8000-00007ff00001/clearance"
    method: "GET"
    status: 404
    duration_ms: 7
[2026-09-28 03:37:44.258 -0300] INFO (83594): request completed
    route: "/v1/portal/crashes"
    method: "GET"
    status: 200
    duration_ms: 10
[2026-09-28 03:37:44.264 -0300] INFO (83594): request completed
    route: "/v1/portal/crashes/00000000-0000-7000-8000-00007ff00003"
    method: "GET"
    status: 404
    duration_ms: 5
[2026-09-28 03:37:44.273 -0300] INFO (83594): request completed
    route: "/v1/portal/exams"
    method: "GET"
    status: 200
    duration_ms: 8
[2026-09-28 03:37:44.280 -0300] INFO (83594): request completed
    route: "/v1/portal/exams/00000000-0000-7000-8000-00007ff00002"
    method: "GET"
    status: 404
    duration_ms: 7
[2026-09-28 03:37:44.290 -0300] INFO (83594): request completed
    route: "/v1/portal/manifestations"
    method: "GET"
    status: 200
    duration_ms: 8
[2026-09-28 03:37:44.296 -0300] INFO (83594): request completed
    route: "/v1/portal/service-charter/manifestar/deadline"
    method: "GET"
    status: 200
    duration_ms: 4
[2026-09-28 03:37:44.302 -0300] INFO (83594): request completed
    route: "/v1/portal/identity/representations"
    method: "GET"
    status: 200
    duration_ms: 5
[2026-09-28 03:37:44.306 -0300] INFO (83594): request completed
    route: "/v1/portal/services"
    method: "GET"
    status: 200
    duration_ms: 4
[2026-09-28 03:37:44.312 -0300] INFO (83594): request completed
    route: "/v1/portal/aits/00000000-0000-7000-8000-0000f0000002"
    method: "GET"
    status: 404
    duration_ms: 4
[2026-09-28 03:37:44.318 -0300] INFO (83594): request completed
    route: "/v1/portal/aits/00000000-0000-7000-8000-0000f0000002/points"
    method: "GET"
    status: 404
    duration_ms: 5
[2026-09-28 03:37:44.323 -0300] INFO (83594): request completed
    route: "/v1/portal/points-summary"
    method: "GET"
    status: 200
    duration_ms: 5
[2026-09-28 03:37:44.332 -0300] INFO (83594): request completed
    route: "/v1/portal/requests"
    method: "GET"
    status: 200
    duration_ms: 7
[2026-09-28 03:37:44.338 -0300] INFO (83594): request completed
    route: "/v1/portal/requests/00000000-0000-7000-8000-000070400e09"
    method: "GET"
    status: 404
    duration_ms: 4
[2026-09-28 03:37:44.344 -0300] INFO (83594): request completed
    route: "/v1/portal/requests/00000000-0000-7000-8000-000070400e09/receipt"
    method: "GET"
    status: 404
    duration_ms: 5
[2026-09-28 03:37:44.351 -0300] INFO (83594): request completed
    route: "/v1/portal/requests/00000000-0000-7000-8000-000070400e09/decision"
    method: "GET"
    status: 404
    duration_ms: 6
[2026-09-28 03:37:44.358 -0300] INFO (83594): request completed
    route: "/v1/portal/inbox"
    method: "GET"
    status: 200
    duration_ms: 6
[2026-09-28 03:37:44.364 -0300] INFO (83594): request completed
    route: "/v1/portal/sne/enrollment"
    method: "GET"
    status: 200
    duration_ms: 4
[2026-09-28 03:37:44.374 -0300] INFO (83594): request completed
    route: "/v1/portal/documents/cnh"
    method: "GET"
    status: 200
    duration_ms: 9
[2026-09-28 03:37:44.385 -0300] INFO (83594): request completed
    route: "/v1/portal/vehicles"
    method: "GET"
    status: 200
    duration_ms: 9
[2026-09-28 03:37:44.390 -0300] INFO (83594): request completed
    route: "/v1/portal/vehicles/00000000-0000-7000-8000-00007ff00001/clearance"
    method: "GET"
    status: 404
    duration_ms: 5
[2026-09-28 03:37:44.400 -0300] INFO (83594): request completed
    route: "/v1/portal/crashes"
    method: "GET"
    status: 200
    duration_ms: 8
[2026-09-28 03:37:44.405 -0300] INFO (83594): request completed
    route: "/v1/portal/crashes/00000000-0000-7000-8000-00007ff00003"
    method: "GET"
    status: 404
    duration_ms: 4
[2026-09-28 03:37:44.414 -0300] INFO (83594): request completed
    route: "/v1/portal/exams"
    method: "GET"
    status: 200
    duration_ms: 9
[2026-09-28 03:37:44.424 -0300] INFO (83594): request completed
    route: "/v1/portal/exams/00000000-0000-7000-8000-00007ff00002"
    method: "GET"
    status: 200
    duration_ms: 9
[2026-09-28 03:37:44.431 -0300] INFO (83594): request completed
    route: "/v1/portal/manifestations"
    method: "GET"
    status: 200
    duration_ms: 5
[2026-09-28 03:37:44.435 -0300] INFO (83594): request completed
    route: "/v1/portal/service-charter/manifestar/deadline"
    method: "GET"
    status: 200
    duration_ms: 3
[2026-09-28 03:37:44.441 -0300] INFO (83594): request completed
    route: "/v1/portal/identity/representations"
    method: "GET"
    status: 200
    duration_ms: 5
[2026-09-28 03:37:44.447 -0300] INFO (83594): request completed
    route: "/v1/portal/services"
    method: "GET"
    status: 200
    duration_ms: 5
[2026-09-28 03:37:44.454 -0300] INFO (83594): request completed
    route: "/v1/portal/aits/00000000-0000-7000-8000-0000f0000002"
    method: "GET"
    status: 200
    duration_ms: 5
[2026-09-28 03:37:44.460 -0300] INFO (83594): request completed
    route: "/v1/portal/aits/00000000-0000-7000-8000-0000f0000002/points"
    method: "GET"
    status: 200
    duration_ms: 5
[2026-09-28 03:37:44.466 -0300] INFO (83594): request completed
    route: "/v1/portal/points-summary"
    method: "GET"
    status: 200
    duration_ms: 5
[2026-09-28 03:37:44.472 -0300] INFO (83594): request completed
    route: "/v1/portal/requests"
    method: "GET"
    status: 200
    duration_ms: 5
[2026-09-28 03:37:44.480 -0300] INFO (83594): request completed
    route: "/v1/portal/requests/00000000-0000-7000-8000-000070400e09"
    method: "GET"
    status: 200
    duration_ms: 7
[2026-09-28 03:37:44.486 -0300] INFO (83594): request completed
    route: "/v1/portal/requests/00000000-0000-7000-8000-000070400e09/receipt"
    method: "GET"
    status: 404
    duration_ms: 4
[2026-09-28 03:37:44.492 -0300] INFO (83594): request completed
    route: "/v1/portal/requests/00000000-0000-7000-8000-000070400e09/decision"
    method: "GET"
    status: 200
    duration_ms: 5
[2026-09-28 03:37:44.499 -0300] INFO (83594): request completed
    route: "/v1/portal/inbox"
    method: "GET"
    status: 200
    duration_ms: 5
[2026-09-28 03:37:44.503 -0300] INFO (83594): request completed
    route: "/v1/portal/sne/enrollment"
    method: "GET"
    status: 200
    duration_ms: 4
[2026-09-28 03:37:44.513 -0300] INFO (83594): request completed
    route: "/v1/portal/documents/cnh"
    method: "GET"
    status: 200
    duration_ms: 9
[2026-09-28 03:37:44.522 -0300] INFO (83594): request completed
    route: "/v1/portal/vehicles"
    method: "GET"
    status: 200
    duration_ms: 9
[2026-09-28 03:37:44.528 -0300] INFO (83594): request completed
    route: "/v1/portal/vehicles/00000000-0000-7000-8000-00007ff00001/clearance"
    method: "GET"
    status: 503
    duration_ms: 6
[2026-09-28 03:37:44.536 -0300] INFO (83594): request completed
    route: "/v1/portal/crashes"
    method: "GET"
    status: 200
    duration_ms: 7
[2026-09-28 03:37:44.544 -0300] INFO (83594): request completed
    route: "/v1/portal/crashes/00000000-0000-7000-8000-00007ff00003"
    method: "GET"
    status: 200
    duration_ms: 7
[2026-09-28 03:37:44.552 -0300] INFO (83594): request completed
    route: "/v1/portal/exams"
    method: "GET"
    status: 200
    duration_ms: 7
[2026-09-28 03:37:44.557 -0300] INFO (83594): request completed
    route: "/v1/portal/exams/00000000-0000-7000-8000-00007ff00002"
    method: "GET"
    status: 404
    duration_ms: 5
[2026-09-28 03:37:44.563 -0300] INFO (83594): request completed
    route: "/v1/portal/manifestations"
    method: "GET"
    status: 200
    duration_ms: 6
[2026-09-28 03:37:44.567 -0300] INFO (83594): request completed
    route: "/v1/portal/service-charter/manifestar/deadline"
    method: "GET"
    status: 200
    duration_ms: 3
[2026-09-28 03:37:44.572 -0300] INFO (83594): request completed
    route: "/v1/portal/identity/representations"
    method: "GET"
    status: 200
    duration_ms: 4
[2026-09-28 03:37:44.575 -0300] INFO (83594): request completed
    route: "/v1/portal/services"
    method: "GET"
    status: 200
    duration_ms: 3
[2026-09-28 03:37:44.580 -0300] INFO (83594): request completed
    route: "/v1/portal/aits/00000000-0000-7000-8000-0000f0000002"
    method: "GET"
    status: 404
    duration_ms: 4
[2026-09-28 03:37:44.584 -0300] INFO (83594): request completed
    route: "/v1/portal/aits/00000000-0000-7000-8000-0000f0000002/points"
    method: "GET"
    status: 404
    duration_ms: 3
[2026-09-28 03:37:44.589 -0300] INFO (83594): request completed
    route: "/v1/portal/points-summary"
    method: "GET"
    status: 200
    duration_ms: 4
[2026-09-28 03:37:44.595 -0300] INFO (83594): request completed
    route: "/v1/portal/requests"
    method: "GET"
    status: 200
    duration_ms: 5
[2026-09-28 03:37:44.600 -0300] INFO (83594): request completed
    route: "/v1/portal/requests/00000000-0000-7000-8000-000070400e09"
    method: "GET"
    status: 404
    duration_ms: 5
[2026-09-28 03:37:44.607 -0300] INFO (83594): request completed
    route: "/v1/portal/requests/00000000-0000-7000-8000-000070400e09/receipt"
    method: "GET"
    status: 404
    duration_ms: 4
[2026-09-28 03:37:44.612 -0300] INFO (83594): request completed
    route: "/v1/portal/requests/00000000-0000-7000-8000-000070400e09/decision"
    method: "GET"
    status: 404
    duration_ms: 4
[2026-09-28 03:37:44.618 -0300] INFO (83594): request completed
    route: "/v1/portal/inbox"
    method: "GET"
    status: 200
    duration_ms: 5
[2026-09-28 03:37:44.624 -0300] INFO (83594): request completed
    route: "/v1/portal/sne/enrollment"
    method: "GET"
    status: 200
    duration_ms: 4
[2026-09-28 03:37:44.634 -0300] INFO (83594): request completed
    route: "/v1/portal/documents/cnh"
    method: "GET"
    status: 503
    duration_ms: 10
[2026-09-28 03:37:44.644 -0300] INFO (83594): request completed
    route: "/v1/portal/vehicles"
    method: "GET"
    status: 503
    duration_ms: 9
[2026-09-28 03:37:44.650 -0300] INFO (83594): request completed
    route: "/v1/portal/vehicles/00000000-0000-7000-8000-00007ff00001/clearance"
    method: "GET"
    status: 404
    duration_ms: 5
[2026-09-28 03:37:44.664 -0300] INFO (83594): request completed
    route: "/v1/portal/crashes"
    method: "GET"
    status: 200
    duration_ms: 12
[2026-09-28 03:37:44.669 -0300] INFO (83594): request completed
    route: "/v1/portal/crashes/00000000-0000-7000-8000-00007ff00003"
    method: "GET"
    status: 404
    duration_ms: 4
[2026-09-28 03:37:44.677 -0300] INFO (83594): request completed
    route: "/v1/portal/exams"
    method: "GET"
    status: 200
    duration_ms: 7
[2026-09-28 03:37:44.682 -0300] INFO (83594): request completed
    route: "/v1/portal/exams/00000000-0000-7000-8000-00007ff00002"
    method: "GET"
    status: 404
    duration_ms: 4
[2026-09-28 03:37:44.688 -0300] INFO (83594): request completed
    route: "/v1/portal/manifestations"
    method: "GET"
    status: 200
    duration_ms: 5
[2026-09-28 03:37:44.692 -0300] INFO (83594): request completed
    route: "/v1/portal/service-charter/manifestar/deadline"
    method: "GET"
    status: 200
    duration_ms: 4
[2026-09-28 03:37:44.698 -0300] INFO (83594): request completed
    route: "/v1/portal/identity/representations"
    method: "GET"
    status: 200
    duration_ms: 4
[2026-09-28 03:37:44.702 -0300] INFO (83594): request completed
    route: "/v1/portal/services"
    method: "GET"
    status: 200
    duration_ms: 3
[2026-09-28 03:37:44.707 -0300] INFO (83594): request completed
    route: "/v1/portal/aits/00000000-0000-7000-8000-0000f0000002"
    method: "GET"
    status: 404
    duration_ms: 4
[2026-09-28 03:37:44.712 -0300] INFO (83594): request completed
    route: "/v1/portal/aits/00000000-0000-7000-8000-0000f0000002/points"
    method: "GET"
    status: 404
    duration_ms: 4
[2026-09-28 03:37:44.717 -0300] INFO (83594): request completed
    route: "/v1/portal/points-summary"
    method: "GET"
    status: 200
    duration_ms: 4
[2026-09-28 03:37:44.725 -0300] INFO (83594): request completed
    route: "/v1/portal/requests"
    method: "GET"
    status: 200
    duration_ms: 6
[2026-09-28 03:37:44.730 -0300] INFO (83594): request completed
    route: "/v1/portal/requests/00000000-0000-7000-8000-000070400e09"
    method: "GET"
    status: 404
    duration_ms: 4
[2026-09-28 03:37:44.735 -0300] INFO (83594): request completed
    route: "/v1/portal/requests/00000000-0000-7000-8000-000070400e09/receipt"
    method: "GET"
    status: 404
    duration_ms: 4
[2026-09-28 03:37:44.741 -0300] INFO (83594): request completed
    route: "/v1/portal/requests/00000000-0000-7000-8000-000070400e09/decision"
    method: "GET"
    status: 404
    duration_ms: 5
[2026-09-28 03:37:44.747 -0300] INFO (83594): request completed
    route: "/v1/portal/inbox"
    method: "GET"
    status: 200
    duration_ms: 5
[2026-09-28 03:37:44.752 -0300] INFO (83594): request completed
    route: "/v1/portal/sne/enrollment"
    method: "GET"
    status: 200
    duration_ms: 4
[2026-09-28 03:37:44.761 -0300] INFO (83594): request completed
    route: "/v1/portal/documents/cnh"
    method: "GET"
    status: 200
    duration_ms: 8
[2026-09-28 03:37:44.769 -0300] INFO (83594): request completed
    route: "/v1/portal/vehicles"
    method: "GET"
    status: 200
    duration_ms: 7
[2026-09-28 03:37:44.774 -0300] INFO (83594): request completed
    route: "/v1/portal/vehicles/00000000-0000-7000-8000-00007ff00001/clearance"
    method: "GET"
    status: 404
    duration_ms: 4
[2026-09-28 03:37:44.781 -0300] INFO (83594): request completed
    route: "/v1/portal/crashes"
    method: "GET"
    status: 200
    duration_ms: 7
[2026-09-28 03:37:44.786 -0300] INFO (83594): request completed
    route: "/v1/portal/crashes/00000000-0000-7000-8000-00007ff00003"
    method: "GET"
    status: 404
    duration_ms: 4
[2026-09-28 03:37:44.793 -0300] INFO (83594): request completed
    route: "/v1/portal/exams"
    method: "GET"
    status: 200
    duration_ms: 7
[2026-09-28 03:37:44.803 -0300] INFO (83594): request completed
    route: "/v1/portal/exams/00000000-0000-7000-8000-00007ff00002"
    method: "GET"
    status: 200
    duration_ms: 8
[2026-09-28 03:37:44.809 -0300] INFO (83594): request completed
    route: "/v1/portal/manifestations"
    method: "GET"
    status: 200
    duration_ms: 6
[2026-09-28 03:37:44.814 -0300] INFO (83594): request completed
    route: "/v1/portal/service-charter/manifestar/deadline"
    method: "GET"
    status: 200
    duration_ms: 3
[2026-09-28 03:37:44.819 -0300] INFO (83594): request completed
    route: "/v1/portal/identity/representations"
    method: "GET"
    status: 200
    duration_ms: 4
[2026-09-28 03:37:44.823 -0300] INFO (83594): request completed
    route: "/v1/portal/services"
    method: "GET"
    status: 200
    duration_ms: 3
[2026-09-28 03:37:44.829 -0300] INFO (83594): request completed
    route: "/v1/portal/aits/00000000-0000-7000-8000-0000f0000002"
    method: "GET"
    status: 200
    duration_ms: 5
[2026-09-28 03:37:44.835 -0300] INFO (83594): request completed
    route: "/v1/portal/aits/00000000-0000-7000-8000-0000f0000002/points"
    method: "GET"
    status: 200
    duration_ms: 6
[2026-09-28 03:37:44.841 -0300] INFO (83594): request completed
    route: "/v1/portal/points-summary"
    method: "GET"
    status: 200
    duration_ms: 4
[2026-09-28 03:37:44.846 -0300] INFO (83594): request completed
    route: "/v1/portal/requests"
    method: "GET"
    status: 200
    duration_ms: 5
[2026-09-28 03:37:44.853 -0300] INFO (83594): request completed
    route: "/v1/portal/requests/00000000-0000-7000-8000-000070400e09"
    method: "GET"
    status: 200
    duration_ms: 6
[2026-09-28 03:37:44.859 -0300] INFO (83594): request completed
    route: "/v1/portal/requests/00000000-0000-7000-8000-000070400e09/receipt"
    method: "GET"
    status: 404
    duration_ms: 4
[2026-09-28 03:37:44.865 -0300] INFO (83594): request completed
    route: "/v1/portal/requests/00000000-0000-7000-8000-000070400e09/decision"
    method: "GET"
    status: 200
    duration_ms: 5
[2026-09-28 03:37:44.871 -0300] INFO (83594): request completed
    route: "/v1/portal/inbox"
    method: "GET"
    status: 200
    duration_ms: 6
[2026-09-28 03:37:44.877 -0300] INFO (83594): request completed
    route: "/v1/portal/sne/enrollment"
    method: "GET"
    status: 200
    duration_ms: 4
[2026-09-28 03:37:44.887 -0300] INFO (83594): request completed
    route: "/v1/portal/documents/cnh"
    method: "GET"
    status: 200
    duration_ms: 9
[2026-09-28 03:37:44.897 -0300] INFO (83594): request completed
    route: "/v1/portal/vehicles"
    method: "GET"
    status: 200
    duration_ms: 8
[2026-09-28 03:37:44.904 -0300] INFO (83594): request completed
    route: "/v1/portal/vehicles/00000000-0000-7000-8000-00007ff00001/clearance"
    method: "GET"
    status: 503
    duration_ms: 6
[2026-09-28 03:37:44.913 -0300] INFO (83594): request completed
    route: "/v1/portal/crashes"
    method: "GET"
    status: 200
    duration_ms: 7
[2026-09-28 03:37:44.923 -0300] INFO (83594): request completed
    route: "/v1/portal/crashes/00000000-0000-7000-8000-00007ff00003"
    method: "GET"
    status: 200
    duration_ms: 9
[2026-09-28 03:37:44.933 -0300] INFO (83594): request completed
    route: "/v1/portal/exams"
    method: "GET"
    status: 200
    duration_ms: 7
[2026-09-28 03:37:44.938 -0300] INFO (83594): request completed
    route: "/v1/portal/exams/00000000-0000-7000-8000-00007ff00002"
    method: "GET"
    status: 404
    duration_ms: 5
[2026-09-28 03:37:44.946 -0300] INFO (83594): request completed
    route: "/v1/portal/manifestations"
    method: "GET"
    status: 200
    duration_ms: 6
[2026-09-28 03:37:44.949 -0300] INFO (83594): request completed
    route: "/v1/portal/service-charter/manifestar/deadline"
    method: "GET"
    status: 200
    duration_ms: 3
[2026-09-28 03:37:44.954 -0300] INFO (83594): request completed
    route: "/v1/portal/identity/representations"
    method: "GET"
    status: 200
    duration_ms: 4
[2026-09-28 03:37:44.959 -0300] INFO (83594): request completed
    route: "/v1/portal/services"
    method: "GET"
    status: 200
    duration_ms: 4
[2026-09-28 03:37:44.965 -0300] INFO (83594): request completed
    route: "/v1/portal/aits/00000000-0000-7000-8000-0000f0000002"
    method: "GET"
    status: 404
    duration_ms: 4
[2026-09-28 03:37:44.969 -0300] INFO (83594): request completed
    route: "/v1/portal/aits/00000000-0000-7000-8000-0000f0000002/points"
    method: "GET"
    status: 404
    duration_ms: 3
[2026-09-28 03:37:44.975 -0300] INFO (83594): request completed
    route: "/v1/portal/points-summary"
    method: "GET"
    status: 200
    duration_ms: 5
[2026-09-28 03:37:44.981 -0300] INFO (83594): request completed
    route: "/v1/portal/requests"
    method: "GET"
    status: 200
    duration_ms: 6
[2026-09-28 03:37:44.986 -0300] INFO (83594): request completed
    route: "/v1/portal/requests/00000000-0000-7000-8000-000070400e09"
    method: "GET"
    status: 404
    duration_ms: 4
[2026-09-28 03:37:44.992 -0300] INFO (83594): request completed
    route: "/v1/portal/requests/00000000-0000-7000-8000-000070400e09/receipt"
    method: "GET"
    status: 404
    duration_ms: 5
[2026-09-28 03:37:45.002 -0300] INFO (83594): request completed
    route: "/v1/portal/requests/00000000-0000-7000-8000-000070400e09/decision"
    method: "GET"
    status: 404
    duration_ms: 8
[2026-09-28 03:37:45.008 -0300] INFO (83594): request completed
    route: "/v1/portal/inbox"
    method: "GET"
    status: 200
    duration_ms: 5
[2026-09-28 03:37:45.014 -0300] INFO (83594): request completed
    route: "/v1/portal/sne/enrollment"
    method: "GET"
    status: 200
    duration_ms: 4
[2026-09-28 03:37:45.025 -0300] INFO (83594): request completed
    route: "/v1/portal/documents/cnh"
    method: "GET"
    status: 503
    duration_ms: 10
[2026-09-28 03:37:45.031 -0300] INFO (83594): request completed
    route: "/v1/portal/vehicles"
    method: "GET"
    status: 503
    duration_ms: 6
[2026-09-28 03:37:45.037 -0300] INFO (83594): request completed
    route: "/v1/portal/vehicles/00000000-0000-7000-8000-00007ff00001/clearance"
    method: "GET"
    status: 404
    duration_ms: 6
[2026-09-28 03:37:45.048 -0300] INFO (83594): request completed
    route: "/v1/portal/crashes"
    method: "GET"
    status: 200
    duration_ms: 9
[2026-09-28 03:37:45.054 -0300] INFO (83594): request completed
    route: "/v1/portal/crashes/00000000-0000-7000-8000-00007ff00003"
    method: "GET"
    status: 404
    duration_ms: 5
[2026-09-28 03:37:45.062 -0300] INFO (83594): request completed
    route: "/v1/portal/exams"
    method: "GET"
    status: 200
    duration_ms: 8
[2026-09-28 03:37:45.067 -0300] INFO (83594): request completed
    route: "/v1/portal/exams/00000000-0000-7000-8000-00007ff00002"
    method: "GET"
    status: 404
    duration_ms: 4
[2026-09-28 03:37:45.075 -0300] INFO (83594): request completed
    route: "/v1/portal/manifestations"
    method: "GET"
    status: 200
    duration_ms: 5
[2026-09-28 03:37:45.079 -0300] INFO (83594): request completed
    route: "/v1/portal/service-charter/manifestar/deadline"
    method: "GET"
    status: 200
    duration_ms: 4
[2026-09-28 03:37:45.084 -0300] INFO (83594): request completed
    route: "/v1/portal/identity/representations"
    method: "GET"
    status: 200
    duration_ms: 5
[2026-09-28 03:37:45.090 -0300] INFO (83594): request completed
    route: "/v1/portal/services"
    method: "GET"
    status: 200
    duration_ms: 5
[2026-09-28 03:37:45.096 -0300] INFO (83594): request completed
    route: "/v1/portal/aits/00000000-0000-7000-8000-0000f0000002"
    method: "GET"
    status: 404
    duration_ms: 5
[2026-09-28 03:37:45.103 -0300] INFO (83594): request completed
    route: "/v1/portal/aits/00000000-0000-7000-8000-0000f0000002/points"
    method: "GET"
    status: 404
    duration_ms: 5
[2026-09-28 03:37:45.111 -0300] INFO (83594): request completed
    route: "/v1/portal/points-summary"
    method: "GET"
    status: 200
    duration_ms: 6
[2026-09-28 03:37:45.119 -0300] INFO (83594): request completed
    route: "/v1/portal/requests"
    method: "GET"
    status: 200
    duration_ms: 7
[2026-09-28 03:37:45.126 -0300] INFO (83594): request completed
    route: "/v1/portal/requests/00000000-0000-7000-8000-000070400e09"
    method: "GET"
    status: 404
    duration_ms: 5
[2026-09-28 03:37:45.132 -0300] INFO (83594): request completed
    route: "/v1/portal/requests/00000000-0000-7000-8000-000070400e09/receipt"
    method: "GET"
    status: 404
    duration_ms: 4
[2026-09-28 03:37:45.138 -0300] INFO (83594): request completed
    route: "/v1/portal/requests/00000000-0000-7000-8000-000070400e09/decision"
    method: "GET"
    status: 404
    duration_ms: 5
[2026-09-28 03:37:45.147 -0300] INFO (83594): request completed
    route: "/v1/portal/inbox"
    method: "GET"
    status: 200
    duration_ms: 7
[2026-09-28 03:37:45.152 -0300] INFO (83594): request completed
    route: "/v1/portal/sne/enrollment"
    method: "GET"
    status: 200
    duration_ms: 4
[2026-09-28 03:37:45.165 -0300] INFO (83594): request completed
    route: "/v1/portal/documents/cnh"
    method: "GET"
    status: 200
    duration_ms: 11
[2026-09-28 03:37:45.175 -0300] INFO (83594): request completed
    route: "/v1/portal/vehicles"
    method: "GET"
    status: 200
    duration_ms: 9
[2026-09-28 03:37:45.182 -0300] INFO (83594): request completed
    route: "/v1/portal/vehicles/00000000-0000-7000-8000-00007ff00001/clearance"
    method: "GET"
    status: 404
    duration_ms: 6
[2026-09-28 03:37:45.192 -0300] INFO (83594): request completed
    route: "/v1/portal/crashes"
    method: "GET"
    status: 200
    duration_ms: 9
[2026-09-28 03:37:45.199 -0300] INFO (83594): request completed
    route: "/v1/portal/crashes/00000000-0000-7000-8000-00007ff00003"
    method: "GET"
    status: 404
    duration_ms: 5
[2026-09-28 03:37:45.206 -0300] INFO (83594): request completed
    route: "/v1/portal/exams"
    method: "GET"
    status: 200
    duration_ms: 7
[2026-09-28 03:37:45.216 -0300] INFO (83594): request completed
    route: "/v1/portal/exams/00000000-0000-7000-8000-00007ff00002"
    method: "GET"
    status: 200
    duration_ms: 9
[2026-09-28 03:37:45.225 -0300] INFO (83594): request completed
    route: "/v1/portal/manifestations"
    method: "GET"
    status: 200
    duration_ms: 7
[2026-09-28 03:37:45.231 -0300] INFO (83594): request completed
    route: "/v1/portal/service-charter/manifestar/deadline"
    method: "GET"
    status: 200
    duration_ms: 4
[2026-09-28 03:37:45.238 -0300] INFO (83594): request completed
    route: "/v1/portal/identity/representations"
    method: "GET"
    status: 200
    duration_ms: 4
[2026-09-28 03:37:45.244 -0300] INFO (83594): request completed
    route: "/v1/portal/services"
    method: "GET"
    status: 200
    duration_ms: 4
[2026-09-28 03:37:45.252 -0300] INFO (83594): request completed
    route: "/v1/portal/aits/00000000-0000-7000-8000-0000f0000002"
    method: "GET"
    status: 200
    duration_ms: 6
[2026-09-28 03:37:45.258 -0300] INFO (83594): request completed
    route: "/v1/portal/aits/00000000-0000-7000-8000-0000f0000002/points"
    method: "GET"
    status: 200
    duration_ms: 6
[2026-09-28 03:37:45.263 -0300] INFO (83594): request completed
    route: "/v1/portal/points-summary"
    method: "GET"
    status: 200
    duration_ms: 4
[2026-09-28 03:37:45.269 -0300] INFO (83594): request completed
    route: "/v1/portal/requests"
    method: "GET"
    status: 200
    duration_ms: 5
[2026-09-28 03:37:45.278 -0300] INFO (83594): request completed
    route: "/v1/portal/requests/00000000-0000-7000-8000-000070400e09"
    method: "GET"
    status: 200
    duration_ms: 8
[2026-09-28 03:37:45.286 -0300] INFO (83594): request completed
    route: "/v1/portal/requests/00000000-0000-7000-8000-000070400e09/receipt"
    method: "GET"
    status: 404
    duration_ms: 6
[2026-09-28 03:37:45.296 -0300] INFO (83594): request completed
    route: "/v1/portal/requests/00000000-0000-7000-8000-000070400e09/decision"
    method: "GET"
    status: 200
    duration_ms: 7
[2026-09-28 03:37:45.303 -0300] INFO (83594): request completed
    route: "/v1/portal/inbox"
    method: "GET"
    status: 200
    duration_ms: 6
[2026-09-28 03:37:45.309 -0300] INFO (83594): request completed
    route: "/v1/portal/sne/enrollment"
    method: "GET"
    status: 200
    duration_ms: 5
[2026-09-28 03:37:45.320 -0300] INFO (83594): request completed
    route: "/v1/portal/documents/cnh"
    method: "GET"
    status: 200
    duration_ms: 10
[2026-09-28 03:37:45.337 -0300] INFO (83594): request completed
    route: "/v1/portal/vehicles"
    method: "GET"
    status: 200
    duration_ms: 14
[2026-09-28 03:37:45.345 -0300] INFO (83594): request completed
    route: "/v1/portal/vehicles/00000000-0000-7000-8000-00007ff00001/clearance"
    method: "GET"
    status: 503
    duration_ms: 7
[2026-09-28 03:37:45.356 -0300] INFO (83594): request completed
    route: "/v1/portal/crashes"
    method: "GET"
    status: 200
    duration_ms: 8
[2026-09-28 03:37:45.366 -0300] INFO (83594): request completed
    route: "/v1/portal/crashes/00000000-0000-7000-8000-00007ff00003"
    method: "GET"
    status: 200
    duration_ms: 8
[2026-09-28 03:37:45.376 -0300] INFO (83594): request completed
    route: "/v1/portal/exams"
    method: "GET"
    status: 200
    duration_ms: 10
[2026-09-28 03:37:45.383 -0300] INFO (83594): request completed
    route: "/v1/portal/exams/00000000-0000-7000-8000-00007ff00002"
    method: "GET"
    status: 404
    duration_ms: 5
[2026-09-28 03:37:45.391 -0300] INFO (83594): request completed
    route: "/v1/portal/manifestations"
    method: "GET"
    status: 200
    duration_ms: 7
[2026-09-28 03:37:45.397 -0300] INFO (83594): request completed
    route: "/v1/portal/service-charter/manifestar/deadline"
    method: "GET"
    status: 200
    duration_ms: 4
[2026-09-28 03:37:45.402 -0300] INFO (83594): request completed
    route: "/v1/portal/identity/representations"
    method: "GET"
    status: 200
    duration_ms: 5
[2026-09-28 03:37:45.406 -0300] INFO (83594): request completed
    route: "/v1/portal/services"
    method: "GET"
    status: 200
    duration_ms: 4
[2026-09-28 03:37:45.413 -0300] INFO (83594): request completed
    route: "/v1/portal/aits/00000000-0000-7000-8000-0000f0000002"
    method: "GET"
    status: 404
    duration_ms: 4
[2026-09-28 03:37:45.418 -0300] INFO (83594): request completed
    route: "/v1/portal/aits/00000000-0000-7000-8000-0000f0000002/points"
    method: "GET"
    status: 404
    duration_ms: 4
[2026-09-28 03:37:45.425 -0300] INFO (83594): request completed
    route: "/v1/portal/points-summary"
    method: "GET"
    status: 200
    duration_ms: 6
[2026-09-28 03:37:45.432 -0300] INFO (83594): request completed
    route: "/v1/portal/requests"
    method: "GET"
    status: 200
    duration_ms: 5
[2026-09-28 03:37:45.437 -0300] INFO (83594): request completed
    route: "/v1/portal/requests/00000000-0000-7000-8000-000070400e09"
    method: "GET"
    status: 404
    duration_ms: 5
[2026-09-28 03:37:45.443 -0300] INFO (83594): request completed
    route: "/v1/portal/requests/00000000-0000-7000-8000-000070400e09/receipt"
    method: "GET"
    status: 404
    duration_ms: 4
[2026-09-28 03:37:45.449 -0300] INFO (83594): request completed
    route: "/v1/portal/requests/00000000-0000-7000-8000-000070400e09/decision"
    method: "GET"
    status: 404
    duration_ms: 5
[2026-09-28 03:37:45.455 -0300] INFO (83594): request completed
    route: "/v1/portal/inbox"
    method: "GET"
    status: 200
    duration_ms: 6
[2026-09-28 03:37:45.461 -0300] INFO (83594): request completed
    route: "/v1/portal/sne/enrollment"
    method: "GET"
    status: 200
    duration_ms: 4
[2026-09-28 03:37:45.469 -0300] INFO (83594): request completed
    route: "/v1/portal/documents/cnh"
    method: "GET"
    status: 503
    duration_ms: 7
[2026-09-28 03:37:45.475 -0300] INFO (83594): request completed
    route: "/v1/portal/vehicles"
    method: "GET"
    status: 503
    duration_ms: 5
[2026-09-28 03:37:45.482 -0300] INFO (83594): request completed
    route: "/v1/portal/vehicles/00000000-0000-7000-8000-00007ff00001/clearance"
    method: "GET"
    status: 404
    duration_ms: 5
[2026-09-28 03:37:45.493 -0300] INFO (83594): request completed
    route: "/v1/portal/crashes"
    method: "GET"
    status: 200
    duration_ms: 10
[2026-09-28 03:37:45.500 -0300] INFO (83594): request completed
    route: "/v1/portal/crashes/00000000-0000-7000-8000-00007ff00003"
    method: "GET"
    status: 404
    duration_ms: 5
[2026-09-28 03:37:45.508 -0300] INFO (83594): request completed
    route: "/v1/portal/exams"
    method: "GET"
    status: 200
    duration_ms: 8
[2026-09-28 03:37:45.513 -0300] INFO (83594): request completed
    route: "/v1/portal/exams/00000000-0000-7000-8000-00007ff00002"
    method: "GET"
    status: 404
    duration_ms: 4
[2026-09-28 03:37:45.519 -0300] INFO (83594): request completed
    route: "/v1/portal/manifestations"
    method: "GET"
    status: 200
    duration_ms: 5
[2026-09-28 03:37:45.523 -0300] INFO (83594): request completed
    route: "/v1/portal/service-charter/manifestar/deadline"
    method: "GET"
    status: 200
    duration_ms: 3
[2026-09-28 03:37:45.528 -0300] INFO (83594): request completed
    route: "/v1/portal/identity/representations"
    method: "GET"
    status: 200
    duration_ms: 4
[2026-09-28 03:37:45.535 -0300] INFO (83594): request completed
    route: "/v1/portal/services"
    method: "GET"
    status: 200
    duration_ms: 5
[2026-09-28 03:37:45.540 -0300] INFO (83594): request completed
    route: "/v1/portal/aits/00000000-0000-7000-8000-0000f0000002"
    method: "GET"
    status: 404
    duration_ms: 4
[2026-09-28 03:37:45.546 -0300] INFO (83594): request completed
    route: "/v1/portal/aits/00000000-0000-7000-8000-0000f0000002/points"
    method: "GET"
    status: 404
    duration_ms: 5
[2026-09-28 03:37:45.551 -0300] INFO (83594): request completed
    route: "/v1/portal/points-summary"
    method: "GET"
    status: 200
    duration_ms: 5
[2026-09-28 03:37:45.557 -0300] INFO (83594): request completed
    route: "/v1/portal/requests"
    method: "GET"
    status: 200
    duration_ms: 5
[2026-09-28 03:37:45.562 -0300] INFO (83594): request completed
    route: "/v1/portal/requests/00000000-0000-7000-8000-000070400e09"
    method: "GET"
    status: 404
    duration_ms: 4
[2026-09-28 03:37:45.568 -0300] INFO (83594): request completed
    route: "/v1/portal/requests/00000000-0000-7000-8000-000070400e09/receipt"
    method: "GET"
    status: 404
    duration_ms: 5
[2026-09-28 03:37:45.573 -0300] INFO (83594): request completed
    route: "/v1/portal/requests/00000000-0000-7000-8000-000070400e09/decision"
    method: "GET"
    status: 404
    duration_ms: 4
[2026-09-28 03:37:45.578 -0300] INFO (83594): request completed
    route: "/v1/portal/inbox"
    method: "GET"
    status: 200
    duration_ms: 4
[2026-09-28 03:37:45.583 -0300] INFO (83594): request completed
    route: "/v1/portal/sne/enrollment"
    method: "GET"
    status: 200
    duration_ms: 4
[2026-09-28 03:37:45.596 -0300] INFO (83594): request completed
    route: "/v1/portal/documents/cnh"
    method: "GET"
    status: 200
    duration_ms: 11
[2026-09-28 03:37:45.605 -0300] INFO (83594): request completed
    route: "/v1/portal/vehicles"
    method: "GET"
    status: 200
    duration_ms: 8
[2026-09-28 03:37:45.610 -0300] INFO (83594): request completed
    route: "/v1/portal/vehicles/00000000-0000-7000-8000-00007ff00001/clearance"
    method: "GET"
    status: 404
    duration_ms: 5
[2026-09-28 03:37:45.620 -0300] INFO (83594): request completed
    route: "/v1/portal/crashes"
    method: "GET"
    status: 200
    duration_ms: 8
[2026-09-28 03:37:45.625 -0300] INFO (83594): request completed
    route: "/v1/portal/crashes/00000000-0000-7000-8000-00007ff00003"
    method: "GET"
    status: 404
    duration_ms: 5
[2026-09-28 03:37:45.635 -0300] INFO (83594): request completed
    route: "/v1/portal/exams"
    method: "GET"
    status: 200
    duration_ms: 9
[2026-09-28 03:37:45.644 -0300] INFO (83594): request completed
    route: "/v1/portal/exams/00000000-0000-7000-8000-00007ff00002"
    method: "GET"
    status: 200
    duration_ms: 8
[2026-09-28 03:37:45.650 -0300] INFO (83594): request completed
    route: "/v1/portal/manifestations"
    method: "GET"
    status: 200
    duration_ms: 6
[2026-09-28 03:37:45.654 -0300] INFO (83594): request completed
    route: "/v1/portal/service-charter/manifestar/deadline"
    method: "GET"
    status: 200
    duration_ms: 3
[2026-09-28 03:37:45.660 -0300] INFO (83594): request completed
    route: "/v1/portal/identity/representations"
    method: "GET"
    status: 200
    duration_ms: 5
[2026-09-28 03:37:45.669 -0300] INFO (83594): request completed
    route: "/v1/portal/services"
    method: "GET"
    status: 200
    duration_ms: 5
[2026-09-28 03:37:45.675 -0300] INFO (83594): request completed
    route: "/v1/portal/aits/00000000-0000-7000-8000-0000f0000002"
    method: "GET"
    status: 200
    duration_ms: 5
[2026-09-28 03:37:45.681 -0300] INFO (83594): request completed
    route: "/v1/portal/aits/00000000-0000-7000-8000-0000f0000002/points"
    method: "GET"
    status: 200
    duration_ms: 5
[2026-09-28 03:37:45.686 -0300] INFO (83594): request completed
    route: "/v1/portal/points-summary"
    method: "GET"
    status: 200
    duration_ms: 4
[2026-09-28 03:37:45.710 -0300] INFO (83594): request completed
    route: "/v1/portal/requests"
    method: "GET"
    status: 200
    duration_ms: 24
[2026-09-28 03:37:45.717 -0300] INFO (83594): request completed
    route: "/v1/portal/requests/00000000-0000-7000-8000-000070400e09"
    method: "GET"
    status: 200
    duration_ms: 6
[2026-09-28 03:37:45.723 -0300] INFO (83594): request completed
    route: "/v1/portal/requests/00000000-0000-7000-8000-000070400e09/receipt"
    method: "GET"
    status: 404
    duration_ms: 5
[2026-09-28 03:37:45.729 -0300] INFO (83594): request completed
    route: "/v1/portal/requests/00000000-0000-7000-8000-000070400e09/decision"
    method: "GET"
    status: 200
    duration_ms: 5
[2026-09-28 03:37:45.734 -0300] INFO (83594): request completed
    route: "/v1/portal/inbox"
    method: "GET"
    status: 200
    duration_ms: 4
[2026-09-28 03:37:45.740 -0300] INFO (83594): request completed
    route: "/v1/portal/sne/enrollment"
    method: "GET"
    status: 200
    duration_ms: 5
[2026-09-28 03:37:45.749 -0300] INFO (83594): request completed
    route: "/v1/portal/documents/cnh"
    method: "GET"
    status: 200
    duration_ms: 9
[2026-09-28 03:37:45.767 -0300] INFO (83594): request completed
    route: "/v1/portal/vehicles"
    method: "GET"
    status: 200
    duration_ms: 18
[2026-09-28 03:37:45.774 -0300] INFO (83594): request completed
    route: "/v1/portal/vehicles/00000000-0000-7000-8000-00007ff00001/clearance"
    method: "GET"
    status: 503
    duration_ms: 6
[2026-09-28 03:37:45.801 -0300] INFO (83594): request completed
    route: "/v1/portal/crashes"
    method: "GET"
    status: 200
    duration_ms: 26
[2026-09-28 03:37:45.812 -0300] INFO (83594): request completed
    route: "/v1/portal/crashes/00000000-0000-7000-8000-00007ff00003"
    method: "GET"
    status: 200
    duration_ms: 9
[2026-09-28 03:37:45.823 -0300] INFO (83594): request completed
    route: "/v1/portal/exams"
    method: "GET"
    status: 200
    duration_ms: 8
[2026-09-28 03:37:45.830 -0300] INFO (83594): request completed
    route: "/v1/portal/exams/00000000-0000-7000-8000-00007ff00002"
    method: "GET"
    status: 404
    duration_ms: 5
[2026-09-28 03:37:45.836 -0300] INFO (83594): request completed
    route: "/v1/portal/manifestations"
    method: "GET"
    status: 200
    duration_ms: 6
[2026-09-28 03:37:45.843 -0300] INFO (83594): request completed
    route: "/v1/portal/service-charter/manifestar/deadline"
    method: "GET"
    status: 200
    duration_ms: 5
[2026-09-28 03:37:45.848 -0300] INFO (83594): request completed
    route: "/v1/portal/identity/representations"
    method: "GET"
    status: 200
    duration_ms: 5
[2026-09-28 03:37:45.852 -0300] INFO (83594): request completed
    route: "/v1/portal/services"
    method: "GET"
    status: 200
    duration_ms: 3
[2026-09-28 03:37:45.857 -0300] INFO (83594): request completed
    route: "/v1/portal/aits/00000000-0000-7000-8000-0000f0000002"
    method: "GET"
    status: 404
    duration_ms: 4
[2026-09-28 03:37:45.862 -0300] INFO (83594): request completed
    route: "/v1/portal/aits/00000000-0000-7000-8000-0000f0000002/points"
    method: "GET"
    status: 404
    duration_ms: 5
[2026-09-28 03:37:45.868 -0300] INFO (83594): request completed
    route: "/v1/portal/points-summary"
    method: "GET"
    status: 200
    duration_ms: 6
[2026-09-28 03:37:45.874 -0300] INFO (83594): request completed
    route: "/v1/portal/requests"
    method: "GET"
    status: 200
    duration_ms: 5
[2026-09-28 03:37:45.879 -0300] INFO (83594): request completed
    route: "/v1/portal/requests/00000000-0000-7000-8000-000070400e09"
    method: "GET"
    status: 404
    duration_ms: 4
[2026-09-28 03:37:45.885 -0300] INFO (83594): request completed
    route: "/v1/portal/requests/00000000-0000-7000-8000-000070400e09/receipt"
    method: "GET"
    status: 404
    duration_ms: 5
[2026-09-28 03:37:45.892 -0300] INFO (83594): request completed
    route: "/v1/portal/requests/00000000-0000-7000-8000-000070400e09/decision"
    method: "GET"
    status: 404
    duration_ms: 6
[2026-09-28 03:37:45.900 -0300] INFO (83594): request completed
    route: "/v1/portal/inbox"
    method: "GET"
    status: 200
    duration_ms: 6
[2026-09-28 03:37:45.905 -0300] INFO (83594): request completed
    route: "/v1/portal/sne/enrollment"
    method: "GET"
    status: 200
    duration_ms: 4
[2026-09-28 03:37:45.911 -0300] INFO (83594): request completed
    route: "/v1/portal/documents/cnh"
    method: "GET"
    status: 503
    duration_ms: 5
[2026-09-28 03:37:45.917 -0300] INFO (83594): request completed
    route: "/v1/portal/vehicles"
    method: "GET"
    status: 503
    duration_ms: 5
[2026-09-28 03:37:45.924 -0300] INFO (83594): request completed
    route: "/v1/portal/vehicles/00000000-0000-7000-8000-00007ff00001/clearance"
    method: "GET"
    status: 404
    duration_ms: 5
[2026-09-28 03:37:45.934 -0300] INFO (83594): request completed
    route: "/v1/portal/crashes"
    method: "GET"
    status: 200
    duration_ms: 9
[2026-09-28 03:37:45.941 -0300] INFO (83594): request completed
    route: "/v1/portal/crashes/00000000-0000-7000-8000-00007ff00003"
    method: "GET"
    status: 404
    duration_ms: 5
[2026-09-28 03:37:45.950 -0300] INFO (83594): request completed
    route: "/v1/portal/exams"
    method: "GET"
    status: 200
    duration_ms: 8
[2026-09-28 03:37:45.955 -0300] INFO (83594): request completed
    route: "/v1/portal/exams/00000000-0000-7000-8000-00007ff00002"
    method: "GET"
    status: 404
    duration_ms: 4
[2026-09-28 03:37:45.961 -0300] INFO (83594): request completed
    route: "/v1/portal/manifestations"
    method: "GET"
    status: 200
    duration_ms: 5
[2026-09-28 03:37:45.966 -0300] INFO (83594): request completed
    route: "/v1/portal/service-charter/manifestar/deadline"
    method: "GET"
    status: 200
    duration_ms: 4
[2026-09-28 03:37:45.972 -0300] INFO (83594): request completed
    route: "/v1/portal/identity/representations"
    method: "GET"
    status: 200
    duration_ms: 4
[2026-09-28 03:37:45.977 -0300] INFO (83594): request completed
    route: "/v1/portal/services"
    method: "GET"
    status: 200
    duration_ms: 4
[2026-09-28 03:37:45.982 -0300] INFO (83594): request completed
    route: "/v1/portal/aits/00000000-0000-7000-8000-0000f0000002"
    method: "GET"
    status: 404
    duration_ms: 4
[2026-09-28 03:37:45.987 -0300] INFO (83594): request completed
    route: "/v1/portal/aits/00000000-0000-7000-8000-0000f0000002/points"
    method: "GET"
    status: 404
    duration_ms: 4
[2026-09-28 03:37:45.992 -0300] INFO (83594): request completed
    route: "/v1/portal/points-summary"
    method: "GET"
    status: 200
    duration_ms: 4
[2026-09-28 03:37:45.999 -0300] INFO (83594): request completed
    route: "/v1/portal/requests"
    method: "GET"
    status: 200
    duration_ms: 6
[2026-09-28 03:37:46.005 -0300] INFO (83594): request completed
    route: "/v1/portal/requests/00000000-0000-7000-8000-000070400e09"
    method: "GET"
    status: 404
    duration_ms: 5
[2026-09-28 03:37:46.009 -0300] INFO (83594): request completed
    route: "/v1/portal/requests/00000000-0000-7000-8000-000070400e09/receipt"
    method: "GET"
    status: 404
    duration_ms: 4
[2026-09-28 03:37:46.015 -0300] INFO (83594): request completed
    route: "/v1/portal/requests/00000000-0000-7000-8000-000070400e09/decision"
    method: "GET"
    status: 404
    duration_ms: 5
[2026-09-28 03:37:46.021 -0300] INFO (83594): request completed
    route: "/v1/portal/inbox"
    method: "GET"
    status: 200
    duration_ms: 5
[2026-09-28 03:37:46.028 -0300] INFO (83594): request completed
    route: "/v1/portal/sne/enrollment"
    method: "GET"
    status: 200
    duration_ms: 6
[2026-09-28 03:37:46.041 -0300] INFO (83594): request completed
    route: "/v1/portal/documents/cnh"
    method: "GET"
    status: 200
    duration_ms: 12
[2026-09-28 03:37:46.050 -0300] INFO (83594): request completed
    route: "/v1/portal/vehicles"
    method: "GET"
    status: 200
    duration_ms: 8
[2026-09-28 03:37:46.056 -0300] INFO (83594): request completed
    route: "/v1/portal/vehicles/00000000-0000-7000-8000-00007ff00001/clearance"
    method: "GET"
    status: 404
    duration_ms: 5
[2026-09-28 03:37:46.064 -0300] INFO (83594): request completed
    route: "/v1/portal/crashes"
    method: "GET"
    status: 200
    duration_ms: 7
[2026-09-28 03:37:46.069 -0300] INFO (83594): request completed
    route: "/v1/portal/crashes/00000000-0000-7000-8000-00007ff00003"
    method: "GET"
    status: 404
    duration_ms: 4
[2026-09-28 03:37:46.077 -0300] INFO (83594): request completed
    route: "/v1/portal/exams"
    method: "GET"
    status: 200
    duration_ms: 7
[2026-09-28 03:37:46.087 -0300] INFO (83594): request completed
    route: "/v1/portal/exams/00000000-0000-7000-8000-00007ff00002"
    method: "GET"
    status: 200
    duration_ms: 7
[2026-09-28 03:37:46.095 -0300] INFO (83594): request completed
    route: "/v1/portal/manifestations"
    method: "GET"
    status: 200
    duration_ms: 6
[2026-09-28 03:37:46.099 -0300] INFO (83594): request completed
    route: "/v1/portal/service-charter/manifestar/deadline"
    method: "GET"
    status: 200
    duration_ms: 4
[2026-09-28 03:37:46.104 -0300] INFO (83594): request completed
    route: "/v1/portal/identity/representations"
    method: "GET"
    status: 200
    duration_ms: 4
[2026-09-28 03:37:46.110 -0300] INFO (83594): request completed
    route: "/v1/portal/services"
    method: "GET"
    status: 200
    duration_ms: 4
[2026-09-28 03:37:46.117 -0300] INFO (83594): request completed
    route: "/v1/portal/aits/00000000-0000-7000-8000-0000f0000002"
    method: "GET"
    status: 200
    duration_ms: 6
[2026-09-28 03:37:46.124 -0300] INFO (83594): request completed
    route: "/v1/portal/aits/00000000-0000-7000-8000-0000f0000002/points"
    method: "GET"
    status: 200
    duration_ms: 6
[2026-09-28 03:37:46.130 -0300] INFO (83594): request completed
    route: "/v1/portal/points-summary"
    method: "GET"
    status: 200
    duration_ms: 5
[2026-09-28 03:37:46.136 -0300] INFO (83594): request completed
    route: "/v1/portal/requests"
    method: "GET"
    status: 200
    duration_ms: 6
[2026-09-28 03:37:46.144 -0300] INFO (83594): request completed
    route: "/v1/portal/requests/00000000-0000-7000-8000-000070400e09"
    method: "GET"
    status: 200
    duration_ms: 5
[2026-09-28 03:37:46.150 -0300] INFO (83594): request completed
    route: "/v1/portal/requests/00000000-0000-7000-8000-000070400e09/receipt"
    method: "GET"
    status: 404
    duration_ms: 5
[2026-09-28 03:37:46.156 -0300] INFO (83594): request completed
    route: "/v1/portal/requests/00000000-0000-7000-8000-000070400e09/decision"
    method: "GET"
    status: 200
    duration_ms: 4
[2026-09-28 03:37:46.161 -0300] INFO (83594): request completed
    route: "/v1/portal/inbox"
    method: "GET"
    status: 200
    duration_ms: 4
[2026-09-28 03:37:46.166 -0300] INFO (83594): request completed
    route: "/v1/portal/sne/enrollment"
    method: "GET"
    status: 200
    duration_ms: 4
[2026-09-28 03:37:46.176 -0300] INFO (83594): request completed
    route: "/v1/portal/documents/cnh"
    method: "GET"
    status: 200
    duration_ms: 8
[2026-09-28 03:37:46.186 -0300] INFO (83594): request completed
    route: "/v1/portal/vehicles"
    method: "GET"
    status: 200
    duration_ms: 9
[2026-09-28 03:37:46.194 -0300] INFO (83594): request completed
    route: "/v1/portal/vehicles/00000000-0000-7000-8000-00007ff00001/clearance"
    method: "GET"
    status: 503
    duration_ms: 6
[2026-09-28 03:37:46.203 -0300] INFO (83594): request completed
    route: "/v1/portal/crashes"
    method: "GET"
    status: 200
    duration_ms: 8
[2026-09-28 03:37:46.212 -0300] INFO (83594): request completed
    route: "/v1/portal/crashes/00000000-0000-7000-8000-00007ff00003"
    method: "GET"
    status: 200
    duration_ms: 7
[2026-09-28 03:37:46.221 -0300] INFO (83594): request completed
    route: "/v1/portal/exams"
    method: "GET"
    status: 200
    duration_ms: 8
[2026-09-28 03:37:46.226 -0300] INFO (83594): request completed
    route: "/v1/portal/exams/00000000-0000-7000-8000-00007ff00002"
    method: "GET"
    status: 404
    duration_ms: 5
[2026-09-28 03:37:46.233 -0300] INFO (83594): request completed
    route: "/v1/portal/manifestations"
    method: "GET"
    status: 200
    duration_ms: 6
[2026-09-28 03:37:46.239 -0300] INFO (83594): request completed
    route: "/v1/portal/service-charter/manifestar/deadline"
    method: "GET"
    status: 200
    duration_ms: 5
[2026-09-28 03:37:46.243 -0300] INFO (83594): request completed
    route: "/v1/portal/identity/representations"
    method: "GET"
    status: 200
    duration_ms: 3
[2026-09-28 03:37:46.247 -0300] INFO (83594): request completed
    route: "/v1/portal/services"
    method: "GET"
    status: 200
    duration_ms: 3
[2026-09-28 03:37:46.252 -0300] INFO (83594): request completed
    route: "/v1/portal/aits/00000000-0000-7000-8000-0000f0000002"
    method: "GET"
    status: 404
    duration_ms: 4
[2026-09-28 03:37:46.259 -0300] INFO (83594): request completed
    route: "/v1/portal/aits/00000000-0000-7000-8000-0000f0000002/points"
    method: "GET"
    status: 404
    duration_ms: 6
[2026-09-28 03:37:46.266 -0300] INFO (83594): request completed
    route: "/v1/portal/points-summary"
    method: "GET"
    status: 200
    duration_ms: 5
[2026-09-28 03:37:46.273 -0300] INFO (83594): request completed
    route: "/v1/portal/requests"
    method: "GET"
    status: 200
    duration_ms: 6
[2026-09-28 03:37:46.279 -0300] INFO (83594): request completed
    route: "/v1/portal/requests/00000000-0000-7000-8000-000070400e09"
    method: "GET"
    status: 404
    duration_ms: 5
[2026-09-28 03:37:46.284 -0300] INFO (83594): request completed
    route: "/v1/portal/requests/00000000-0000-7000-8000-000070400e09/receipt"
    method: "GET"
    status: 404
    duration_ms: 4
[2026-09-28 03:37:46.290 -0300] INFO (83594): request completed
    route: "/v1/portal/requests/00000000-0000-7000-8000-000070400e09/decision"
    method: "GET"
    status: 404
    duration_ms: 6
[2026-09-28 03:37:46.297 -0300] INFO (83594): request completed
    route: "/v1/portal/inbox"
    method: "GET"
    status: 200
    duration_ms: 5
[2026-09-28 03:37:46.303 -0300] INFO (83594): request completed
    route: "/v1/portal/sne/enrollment"
    method: "GET"
    status: 200
    duration_ms: 5
[2026-09-28 03:37:46.312 -0300] INFO (83594): request completed
    route: "/v1/portal/documents/cnh"
    method: "GET"
    status: 503
    duration_ms: 7
[2026-09-28 03:37:46.318 -0300] INFO (83594): request completed
    route: "/v1/portal/vehicles"
    method: "GET"
    status: 503
    duration_ms: 5
[2026-09-28 03:37:46.324 -0300] INFO (83594): request completed
    route: "/v1/portal/vehicles/00000000-0000-7000-8000-00007ff00001/clearance"
    method: "GET"
    status: 404
    duration_ms: 5
[2026-09-28 03:37:46.337 -0300] INFO (83594): request completed
    route: "/v1/portal/crashes"
    method: "GET"
    status: 200
    duration_ms: 11
[2026-09-28 03:37:46.342 -0300] INFO (83594): request completed
    route: "/v1/portal/crashes/00000000-0000-7000-8000-00007ff00003"
    method: "GET"
    status: 404
    duration_ms: 4
[2026-09-28 03:37:46.351 -0300] INFO (83594): request completed
    route: "/v1/portal/exams"
    method: "GET"
    status: 200
    duration_ms: 7
[2026-09-28 03:37:46.356 -0300] INFO (83594): request completed
    route: "/v1/portal/exams/00000000-0000-7000-8000-00007ff00002"
    method: "GET"
    status: 404
    duration_ms: 4
[2026-09-28 03:37:46.363 -0300] INFO (83594): request completed
    route: "/v1/portal/manifestations"
    method: "GET"
    status: 200
    duration_ms: 6
[2026-09-28 03:37:46.369 -0300] INFO (83594): request completed
    route: "/v1/portal/service-charter/manifestar/deadline"
    method: "GET"
    status: 200
    duration_ms: 4
[2026-09-28 03:37:46.374 -0300] INFO (83594): request completed
    route: "/v1/portal/identity/representations"
    method: "GET"
    status: 200
    duration_ms: 4
[2026-09-28 03:37:46.379 -0300] INFO (83594): request completed
    route: "/v1/portal/services"
    method: "GET"
    status: 200
    duration_ms: 5
[2026-09-28 03:37:46.385 -0300] INFO (83594): request completed
    route: "/v1/portal/aits/00000000-0000-7000-8000-0000f0000002"
    method: "GET"
    status: 404
    duration_ms: 4
[2026-09-28 03:37:46.390 -0300] INFO (83594): request completed
    route: "/v1/portal/aits/00000000-0000-7000-8000-0000f0000002/points"
    method: "GET"
    status: 404
    duration_ms: 5
[2026-09-28 03:37:46.397 -0300] INFO (83594): request completed
    route: "/v1/portal/points-summary"
    method: "GET"
    status: 200
    duration_ms: 6
[2026-09-28 03:37:46.406 -0300] INFO (83594): request completed
    route: "/v1/portal/requests"
    method: "GET"
    status: 200
    duration_ms: 6
[2026-09-28 03:37:46.411 -0300] INFO (83594): request completed
    route: "/v1/portal/requests/00000000-0000-7000-8000-000070400e09"
    method: "GET"
    status: 404
    duration_ms: 4
[2026-09-28 03:37:46.418 -0300] INFO (83594): request completed
    route: "/v1/portal/requests/00000000-0000-7000-8000-000070400e09/receipt"
    method: "GET"
    status: 404
    duration_ms: 5
[2026-09-28 03:37:46.424 -0300] INFO (83594): request completed
    route: "/v1/portal/requests/00000000-0000-7000-8000-000070400e09/decision"
    method: "GET"
    status: 404
    duration_ms: 5
[2026-09-28 03:37:46.432 -0300] INFO (83594): request completed
    route: "/v1/portal/inbox"
    method: "GET"
    status: 200
    duration_ms: 7
[2026-09-28 03:37:46.438 -0300] INFO (83594): request completed
    route: "/v1/portal/sne/enrollment"
    method: "GET"
    status: 200
    duration_ms: 4
[2026-09-28 03:37:46.448 -0300] INFO (83594): request completed
    route: "/v1/portal/documents/cnh"
    method: "GET"
    status: 200
    duration_ms: 9
[2026-09-28 03:37:46.457 -0300] INFO (83594): request completed
    route: "/v1/portal/vehicles"
    method: "GET"
    status: 200
    duration_ms: 8
[2026-09-28 03:37:46.464 -0300] INFO (83594): request completed
    route: "/v1/portal/vehicles/00000000-0000-7000-8000-00007ff00001/clearance"
    method: "GET"
    status: 404
    duration_ms: 5
[2026-09-28 03:37:46.472 -0300] INFO (83594): request completed
    route: "/v1/portal/crashes"
    method: "GET"
    status: 200
    duration_ms: 7
[2026-09-28 03:37:46.478 -0300] INFO (83594): request completed
    route: "/v1/portal/crashes/00000000-0000-7000-8000-00007ff00003"
    method: "GET"
    status: 404
    duration_ms: 4
[2026-09-28 03:37:46.487 -0300] INFO (83594): request completed
    route: "/v1/portal/exams"
    method: "GET"
    status: 200
    duration_ms: 8
[2026-09-28 03:37:46.496 -0300] INFO (83594): request completed
    route: "/v1/portal/exams/00000000-0000-7000-8000-00007ff00002"
    method: "GET"
    status: 200
    duration_ms: 7
[2026-09-28 03:37:46.503 -0300] INFO (83594): request completed
    route: "/v1/portal/manifestations"
    method: "GET"
    status: 200
    duration_ms: 6
[2026-09-28 03:37:46.509 -0300] INFO (83594): request completed
    route: "/v1/portal/service-charter/manifestar/deadline"
    method: "GET"
    status: 200
    duration_ms: 4
[2026-09-28 03:37:46.514 -0300] INFO (83594): request completed
    route: "/v1/portal/identity/representations"
    method: "GET"
    status: 200
    duration_ms: 4
[2026-09-28 03:37:46.518 -0300] INFO (83594): request completed
    route: "/v1/portal/services"
    method: "GET"
    status: 200
    duration_ms: 4
[2026-09-28 03:37:46.525 -0300] INFO (83594): request completed
    route: "/v1/portal/aits/00000000-0000-7000-8000-0000f0000002"
    method: "GET"
    status: 200
    duration_ms: 7
[2026-09-28 03:37:46.532 -0300] INFO (83594): request completed
    route: "/v1/portal/aits/00000000-0000-7000-8000-0000f0000002/points"
    method: "GET"
    status: 200
    duration_ms: 5
[2026-09-28 03:37:46.538 -0300] INFO (83594): request completed
    route: "/v1/portal/points-summary"
    method: "GET"
    status: 200
    duration_ms: 4
[2026-09-28 03:37:46.544 -0300] INFO (83594): request completed
    route: "/v1/portal/requests"
    method: "GET"
    status: 200
    duration_ms: 5
[2026-09-28 03:37:46.553 -0300] INFO (83594): request completed
    route: "/v1/portal/requests/00000000-0000-7000-8000-000070400e09"
    method: "GET"
    status: 200
    duration_ms: 7
[2026-09-28 03:37:46.561 -0300] INFO (83594): request completed
    route: "/v1/portal/requests/00000000-0000-7000-8000-000070400e09/receipt"
    method: "GET"
    status: 404
    duration_ms: 7
[2026-09-28 03:37:46.570 -0300] INFO (83594): request completed
    route: "/v1/portal/requests/00000000-0000-7000-8000-000070400e09/decision"
    method: "GET"
    status: 200
    duration_ms: 7
[2026-09-28 03:37:46.577 -0300] INFO (83594): request completed
    route: "/v1/portal/inbox"
    method: "GET"
    status: 200
    duration_ms: 5
[2026-09-28 03:37:46.582 -0300] INFO (83594): request completed
    route: "/v1/portal/sne/enrollment"
    method: "GET"
    status: 200
    duration_ms: 5
[2026-09-28 03:37:46.591 -0300] INFO (83594): request completed
    route: "/v1/portal/documents/cnh"
    method: "GET"
    status: 200
    duration_ms: 8
[2026-09-28 03:37:46.601 -0300] INFO (83594): request completed
    route: "/v1/portal/vehicles"
    method: "GET"
    status: 200
    duration_ms: 9
[2026-09-28 03:37:46.610 -0300] INFO (83594): request completed
    route: "/v1/portal/vehicles/00000000-0000-7000-8000-00007ff00001/clearance"
    method: "GET"
    status: 503
    duration_ms: 7
[2026-09-28 03:37:46.618 -0300] INFO (83594): request completed
    route: "/v1/portal/crashes"
    method: "GET"
    status: 200
    duration_ms: 8
[2026-09-28 03:37:46.626 -0300] INFO (83594): request completed
    route: "/v1/portal/crashes/00000000-0000-7000-8000-00007ff00003"
    method: "GET"
    status: 200
    duration_ms: 7
[2026-09-28 03:37:46.634 -0300] INFO (83594): request completed
    route: "/v1/portal/exams"
    method: "GET"
    status: 200
    duration_ms: 7
[2026-09-28 03:37:46.640 -0300] INFO (83594): request completed
    route: "/v1/portal/exams/00000000-0000-7000-8000-00007ff00002"
    method: "GET"
    status: 404
    duration_ms: 5
[2026-09-28 03:37:46.647 -0300] INFO (83594): request completed
    route: "/v1/portal/manifestations"
    method: "GET"
    status: 200
    duration_ms: 6
[2026-09-28 03:37:46.651 -0300] INFO (83594): request completed
    route: "/v1/portal/service-charter/manifestar/deadline"
    method: "GET"
    status: 200
    duration_ms: 3
[2026-09-28 03:37:46.655 -0300] INFO (83594): request completed
    route: "/v1/portal/identity/representations"
    method: "GET"
    status: 200
    duration_ms: 4
[2026-09-28 03:37:46.659 -0300] INFO (83594): request completed
    route: "/v1/portal/services"
    method: "GET"
    status: 200
    duration_ms: 3
[2026-09-28 03:37:46.663 -0300] INFO (83594): request completed
    route: "/v1/portal/aits/00000000-0000-7000-8000-0000f0000002"
    method: "GET"
    status: 404
    duration_ms: 3
[2026-09-28 03:37:46.668 -0300] INFO (83594): request completed
    route: "/v1/portal/aits/00000000-0000-7000-8000-0000f0000002/points"
    method: "GET"
    status: 404
    duration_ms: 4
[2026-09-28 03:37:46.675 -0300] INFO (83594): request completed
    route: "/v1/portal/points-summary"
    method: "GET"
    status: 200
    duration_ms: 6
[2026-09-28 03:37:46.684 -0300] INFO (83594): request completed
    route: "/v1/portal/requests"
    method: "GET"
    status: 200
    duration_ms: 7
[2026-09-28 03:37:46.691 -0300] INFO (83594): request completed
    route: "/v1/portal/requests/00000000-0000-7000-8000-000070400e09"
    method: "GET"
    status: 404
    duration_ms: 6
[2026-09-28 03:37:46.696 -0300] INFO (83594): request completed
    route: "/v1/portal/requests/00000000-0000-7000-8000-000070400e09/receipt"
    method: "GET"
    status: 404
    duration_ms: 5
[2026-09-28 03:37:46.703 -0300] INFO (83594): request completed
    route: "/v1/portal/requests/00000000-0000-7000-8000-000070400e09/decision"
    method: "GET"
    status: 404
    duration_ms: 5
[2026-09-28 03:37:46.709 -0300] INFO (83594): request completed
    route: "/v1/portal/inbox"
    method: "GET"
    status: 200
    duration_ms: 5
[2026-09-28 03:37:46.714 -0300] INFO (83594): request completed
    route: "/v1/portal/sne/enrollment"
    method: "GET"
    status: 200
    duration_ms: 5
[2026-09-28 03:37:46.726 -0300] INFO (83594): request completed
    route: "/v1/portal/documents/cnh"
    method: "GET"
    status: 503
    duration_ms: 10
[2026-09-28 03:37:46.732 -0300] INFO (83594): request completed
    route: "/v1/portal/vehicles"
    method: "GET"
    status: 503
    duration_ms: 5
[2026-09-28 03:37:46.737 -0300] INFO (83594): request completed
    route: "/v1/portal/vehicles/00000000-0000-7000-8000-00007ff00001/clearance"
    method: "GET"
    status: 404
    duration_ms: 4
[2026-09-28 03:37:46.747 -0300] INFO (83594): request completed
    route: "/v1/portal/crashes"
    method: "GET"
    status: 200
    duration_ms: 9
[2026-09-28 03:37:46.753 -0300] INFO (83594): request completed
    route: "/v1/portal/crashes/00000000-0000-7000-8000-00007ff00003"
    method: "GET"
    status: 404
    duration_ms: 5
[2026-09-28 03:37:46.761 -0300] INFO (83594): request completed
    route: "/v1/portal/exams"
    method: "GET"
    status: 200
    duration_ms: 8
[2026-09-28 03:37:46.767 -0300] INFO (83594): request completed
    route: "/v1/portal/exams/00000000-0000-7000-8000-00007ff00002"
    method: "GET"
    status: 404
    duration_ms: 4
[2026-09-28 03:37:46.773 -0300] INFO (83594): request completed
    route: "/v1/portal/manifestations"
    method: "GET"
    status: 200
    duration_ms: 5
[2026-09-28 03:37:46.777 -0300] INFO (83594): request completed
    route: "/v1/portal/service-charter/manifestar/deadline"
    method: "GET"
    status: 200
    duration_ms: 3
[2026-09-28 03:37:46.783 -0300] INFO (83594): request completed
    route: "/v1/portal/identity/representations"
    method: "GET"
    status: 200
    duration_ms: 4
[2026-09-28 03:37:46.786 -0300] INFO (83594): request completed
    route: "/v1/portal/services"
    method: "GET"
    status: 200
    duration_ms: 3
[2026-09-28 03:37:46.791 -0300] INFO (83594): request completed
    route: "/v1/portal/aits/00000000-0000-7000-8000-0000f0000002"
    method: "GET"
    status: 404
    duration_ms: 4
[2026-09-28 03:37:46.797 -0300] INFO (83594): request completed
    route: "/v1/portal/aits/00000000-0000-7000-8000-0000f0000002/points"
    method: "GET"
    status: 404
    duration_ms: 5
[2026-09-28 03:37:46.803 -0300] INFO (83594): request completed
    route: "/v1/portal/points-summary"
    method: "GET"
    status: 200
    duration_ms: 4
[2026-09-28 03:37:46.809 -0300] INFO (83594): request completed
    route: "/v1/portal/requests"
    method: "GET"
    status: 200
    duration_ms: 6
[2026-09-28 03:37:46.818 -0300] INFO (83594): request completed
    route: "/v1/portal/requests/00000000-0000-7000-8000-000070400e09"
    method: "GET"
    status: 404
    duration_ms: 5
[2026-09-28 03:37:46.823 -0300] INFO (83594): request completed
    route: "/v1/portal/requests/00000000-0000-7000-8000-000070400e09/receipt"
    method: "GET"
    status: 404
    duration_ms: 5
[2026-09-28 03:37:46.831 -0300] INFO (83594): request completed
    route: "/v1/portal/requests/00000000-0000-7000-8000-000070400e09/decision"
    method: "GET"
    status: 404
    duration_ms: 6
[2026-09-28 03:37:46.837 -0300] INFO (83594): request completed
    route: "/v1/portal/inbox"
    method: "GET"
    status: 200
    duration_ms: 5
[2026-09-28 03:37:46.842 -0300] INFO (83594): request completed
    route: "/v1/portal/sne/enrollment"
    method: "GET"
    status: 200
    duration_ms: 4
[2026-09-28 03:37:46.853 -0300] INFO (83594): request completed
    route: "/v1/portal/documents/cnh"
    method: "GET"
    status: 200
    duration_ms: 9
[2026-09-28 03:37:46.863 -0300] INFO (83594): request completed
    route: "/v1/portal/vehicles"
    method: "GET"
    status: 200
    duration_ms: 9
[2026-09-28 03:37:46.869 -0300] INFO (83594): request completed
    route: "/v1/portal/vehicles/00000000-0000-7000-8000-00007ff00001/clearance"
    method: "GET"
    status: 404
    duration_ms: 5
[2026-09-28 03:37:46.877 -0300] INFO (83594): request completed
    route: "/v1/portal/crashes"
    method: "GET"
    status: 200
    duration_ms: 7
[2026-09-28 03:37:46.881 -0300] INFO (83594): request completed
    route: "/v1/portal/crashes/00000000-0000-7000-8000-00007ff00003"
    method: "GET"
    status: 404
    duration_ms: 3
[2026-09-28 03:37:46.890 -0300] INFO (83594): request completed
    route: "/v1/portal/exams"
    method: "GET"
    status: 200
    duration_ms: 8
[2026-09-28 03:37:46.899 -0300] INFO (83594): request completed
    route: "/v1/portal/exams/00000000-0000-7000-8000-00007ff00002"
    method: "GET"
    status: 200
    duration_ms: 8
[2026-09-28 03:37:46.906 -0300] INFO (83594): request completed
    route: "/v1/portal/manifestations"
    method: "GET"
    status: 200
    duration_ms: 5
[2026-09-28 03:37:46.910 -0300] INFO (83594): request completed
    route: "/v1/portal/service-charter/manifestar/deadline"
    method: "GET"
    status: 200
    duration_ms: 3
[2026-09-28 03:37:46.915 -0300] INFO (83594): request completed
    route: "/v1/portal/identity/representations"
    method: "GET"
    status: 200
    duration_ms: 4
[2026-09-28 03:37:46.921 -0300] INFO (83594): request completed
    route: "/v1/portal/services"
    method: "GET"
    status: 200
    duration_ms: 4
[2026-09-28 03:37:46.928 -0300] INFO (83594): request completed
    route: "/v1/portal/aits/00000000-0000-7000-8000-0000f0000002"
    method: "GET"
    status: 200
    duration_ms: 5
[2026-09-28 03:37:46.933 -0300] INFO (83594): request completed
    route: "/v1/portal/aits/00000000-0000-7000-8000-0000f0000002/points"
    method: "GET"
    status: 200
    duration_ms: 5
[2026-09-28 03:37:46.939 -0300] INFO (83594): request completed
    route: "/v1/portal/points-summary"
    method: "GET"
    status: 200
    duration_ms: 4
[2026-09-28 03:37:46.947 -0300] INFO (83594): request completed
    route: "/v1/portal/requests"
    method: "GET"
    status: 200
    duration_ms: 6
[2026-09-28 03:37:46.954 -0300] INFO (83594): request completed
    route: "/v1/portal/requests/00000000-0000-7000-8000-000070400e09"
    method: "GET"
    status: 200
    duration_ms: 6
[2026-09-28 03:37:46.959 -0300] INFO (83594): request completed
    route: "/v1/portal/requests/00000000-0000-7000-8000-000070400e09/receipt"
    method: "GET"
    status: 404
    duration_ms: 4
[2026-09-28 03:37:46.965 -0300] INFO (83594): request completed
    route: "/v1/portal/requests/00000000-0000-7000-8000-000070400e09/decision"
    method: "GET"
    status: 200
    duration_ms: 5
[2026-09-28 03:37:46.970 -0300] INFO (83594): request completed
    route: "/v1/portal/inbox"
    method: "GET"
    status: 200
    duration_ms: 4
[2026-09-28 03:37:46.976 -0300] INFO (83594): request completed
    route: "/v1/portal/sne/enrollment"
    method: "GET"
    status: 200
    duration_ms: 4
[2026-09-28 03:37:46.985 -0300] INFO (83594): request completed
    route: "/v1/portal/documents/cnh"
    method: "GET"
    status: 200
    duration_ms: 8
[2026-09-28 03:37:46.994 -0300] INFO (83594): request completed
    route: "/v1/portal/vehicles"
    method: "GET"
    status: 200
    duration_ms: 8
[2026-09-28 03:37:47.002 -0300] INFO (83594): request completed
    route: "/v1/portal/vehicles/00000000-0000-7000-8000-00007ff00001/clearance"
    method: "GET"
    status: 503
    duration_ms: 7
[2026-09-28 03:37:47.010 -0300] INFO (83594): request completed
    route: "/v1/portal/crashes"
    method: "GET"
    status: 200
    duration_ms: 6
[2026-09-28 03:37:47.019 -0300] INFO (83594): request completed
    route: "/v1/portal/crashes/00000000-0000-7000-8000-00007ff00003"
    method: "GET"
    status: 200
    duration_ms: 8
[2026-09-28 03:37:47.029 -0300] INFO (83594): request completed
    route: "/v1/portal/exams"
    method: "GET"
    status: 200
    duration_ms: 7
[2026-09-28 03:37:47.034 -0300] INFO (83594): request completed
    route: "/v1/portal/exams/00000000-0000-7000-8000-00007ff00002"
    method: "GET"
    status: 404
    duration_ms: 5
[2026-09-28 03:37:47.042 -0300] INFO (83594): request completed
    route: "/v1/portal/manifestations"
    method: "GET"
    status: 200
    duration_ms: 6
[2026-09-28 03:37:47.046 -0300] INFO (83594): request completed
    route: "/v1/portal/service-charter/manifestar/deadline"
    method: "GET"
    status: 200
    duration_ms: 4
[2026-09-28 03:37:47.050 -0300] INFO (83594): request completed
    route: "/v1/portal/identity/representations"
    method: "GET"
    status: 200
    duration_ms: 4
[2026-09-28 03:37:47.055 -0300] INFO (83594): request completed
    route: "/v1/portal/services"
    method: "GET"
    status: 200
    duration_ms: 4
[2026-09-28 03:37:47.060 -0300] INFO (83594): request completed
    route: "/v1/portal/aits/00000000-0000-7000-8000-0000f0000002"
    method: "GET"
    status: 404
    duration_ms: 3
[2026-09-28 03:37:47.065 -0300] INFO (83594): request completed
    route: "/v1/portal/aits/00000000-0000-7000-8000-0000f0000002/points"
    method: "GET"
    status: 404
    duration_ms: 4
[2026-09-28 03:37:47.072 -0300] INFO (83594): request completed
    route: "/v1/portal/points-summary"
    method: "GET"
    status: 200
    duration_ms: 6
[2026-09-28 03:37:47.079 -0300] INFO (83594): request completed
    route: "/v1/portal/requests"
    method: "GET"
    status: 200
    duration_ms: 5
[2026-09-28 03:37:47.084 -0300] INFO (83594): request completed
    route: "/v1/portal/requests/00000000-0000-7000-8000-000070400e09"
    method: "GET"
    status: 404
    duration_ms: 4
[2026-09-28 03:37:47.090 -0300] INFO (83594): request completed
    route: "/v1/portal/requests/00000000-0000-7000-8000-000070400e09/receipt"
    method: "GET"
    status: 404
    duration_ms: 5
[2026-09-28 03:37:47.096 -0300] INFO (83594): request completed
    route: "/v1/portal/requests/00000000-0000-7000-8000-000070400e09/decision"
    method: "GET"
    status: 404
    duration_ms: 5
[2026-09-28 03:37:47.103 -0300] INFO (83594): request completed
    route: "/v1/portal/inbox"
    method: "GET"
    status: 200
    duration_ms: 6
[2026-09-28 03:37:47.108 -0300] INFO (83594): request completed
    route: "/v1/portal/sne/enrollment"
    method: "GET"
    status: 200
    duration_ms: 4
[2026-09-28 03:37:47.114 -0300] INFO (83594): request completed
    route: "/v1/portal/documents/cnh"
    method: "GET"
    status: 503
    duration_ms: 5
[2026-09-28 03:37:47.121 -0300] INFO (83594): request completed
    route: "/v1/portal/vehicles"
    method: "GET"
    status: 503
    duration_ms: 6
[2026-09-28 03:37:47.129 -0300] INFO (83594): request completed
    route: "/v1/portal/vehicles/00000000-0000-7000-8000-00007ff00001/clearance"
    method: "GET"
    status: 404
    duration_ms: 5
[2026-09-28 03:37:47.140 -0300] INFO (83594): request completed
    route: "/v1/portal/crashes"
    method: "GET"
    status: 200
    duration_ms: 10
[2026-09-28 03:37:47.147 -0300] INFO (83594): request completed
    route: "/v1/portal/crashes/00000000-0000-7000-8000-00007ff00003"
    method: "GET"
    status: 404
    duration_ms: 6
[2026-09-28 03:37:47.155 -0300] INFO (83594): request completed
    route: "/v1/portal/exams"
    method: "GET"
    status: 200
    duration_ms: 8
[2026-09-28 03:37:47.162 -0300] INFO (83594): request completed
    route: "/v1/portal/exams/00000000-0000-7000-8000-00007ff00002"
    method: "GET"
    status: 404
    duration_ms: 5
[2026-09-28 03:37:47.168 -0300] INFO (83594): request completed
    route: "/v1/portal/manifestations"
    method: "GET"
    status: 200
    duration_ms: 5
[2026-09-28 03:37:47.173 -0300] INFO (83594): request completed
    route: "/v1/portal/service-charter/manifestar/deadline"
    method: "GET"
    status: 200
    duration_ms: 4
[2026-09-28 03:37:47.179 -0300] INFO (83594): request completed
    route: "/v1/portal/identity/representations"
    method: "GET"
    status: 200
    duration_ms: 4
[2026-09-28 03:37:47.186 -0300] INFO (83594): request completed
    route: "/v1/portal/services"
    method: "GET"
    status: 200
    duration_ms: 5
[2026-09-28 03:37:47.193 -0300] INFO (83594): request completed
    route: "/v1/portal/aits/00000000-0000-7000-8000-0000f0000002"
    method: "GET"
    status: 404
    duration_ms: 5
[2026-09-28 03:37:47.200 -0300] INFO (83594): request completed
    route: "/v1/portal/aits/00000000-0000-7000-8000-0000f0000002/points"
    method: "GET"
    status: 404
    duration_ms: 4
[2026-09-28 03:37:47.205 -0300] INFO (83594): request completed
    route: "/v1/portal/points-summary"
    method: "GET"
    status: 200
    duration_ms: 4
[2026-09-28 03:37:47.212 -0300] INFO (83594): request completed
    route: "/v1/portal/requests"
    method: "GET"
    status: 200
    duration_ms: 6
[2026-09-28 03:37:47.219 -0300] INFO (83594): request completed
    route: "/v1/portal/requests/00000000-0000-7000-8000-000070400e09"
    method: "GET"
    status: 404
    duration_ms: 5
[2026-09-28 03:37:47.224 -0300] INFO (83594): request completed
    route: "/v1/portal/requests/00000000-0000-7000-8000-000070400e09/receipt"
    method: "GET"
    status: 404
    duration_ms: 4
[2026-09-28 03:37:47.229 -0300] INFO (83594): request completed
    route: "/v1/portal/requests/00000000-0000-7000-8000-000070400e09/decision"
    method: "GET"
    status: 404
    duration_ms: 4
[2026-09-28 03:37:47.236 -0300] INFO (83594): request completed
    route: "/v1/portal/inbox"
    method: "GET"
    status: 200
    duration_ms: 6
[2026-09-28 03:37:47.242 -0300] INFO (83594): request completed
    route: "/v1/portal/sne/enrollment"
    method: "GET"
    status: 200
    duration_ms: 5
[2026-09-28 03:37:47.253 -0300] INFO (83594): request completed
    route: "/v1/portal/documents/cnh"
    method: "GET"
    status: 200
    duration_ms: 10
[2026-09-28 03:37:47.265 -0300] INFO (83594): request completed
    route: "/v1/portal/vehicles"
    method: "GET"
    status: 200
    duration_ms: 10
[2026-09-28 03:37:47.270 -0300] INFO (83594): request completed
    route: "/v1/portal/vehicles/00000000-0000-7000-8000-00007ff00001/clearance"
    method: "GET"
    status: 404
    duration_ms: 4
[2026-09-28 03:37:47.278 -0300] INFO (83594): request completed
    route: "/v1/portal/crashes"
    method: "GET"
    status: 200
    duration_ms: 8
[2026-09-28 03:37:47.285 -0300] INFO (83594): request completed
    route: "/v1/portal/crashes/00000000-0000-7000-8000-00007ff00003"
    method: "GET"
    status: 404
    duration_ms: 5
[2026-09-28 03:37:47.294 -0300] INFO (83594): request completed
    route: "/v1/portal/exams"
    method: "GET"
    status: 200
    duration_ms: 7
[2026-09-28 03:37:47.302 -0300] INFO (83594): request completed
    route: "/v1/portal/exams/00000000-0000-7000-8000-00007ff00002"
    method: "GET"
    status: 200
    duration_ms: 8
[2026-09-28 03:37:47.310 -0300] INFO (83594): request completed
    route: "/v1/portal/manifestations"
    method: "GET"
    status: 200
    duration_ms: 7
[2026-09-28 03:37:47.314 -0300] INFO (83594): request completed
    route: "/v1/portal/service-charter/manifestar/deadline"
    method: "GET"
    status: 200
    duration_ms: 3
[2026-09-28 03:37:47.320 -0300] INFO (83594): request completed
    route: "/v1/portal/identity/representations"
    method: "GET"
    status: 200
    duration_ms: 5
[2026-09-28 03:37:47.326 -0300] INFO (83594): request completed
    route: "/v1/portal/services"
    method: "GET"
    status: 200
    duration_ms: 4
[2026-09-28 03:37:47.333 -0300] INFO (83594): request completed
    route: "/v1/portal/aits/00000000-0000-7000-8000-0000f0000002"
    method: "GET"
    status: 200
    duration_ms: 5
[2026-09-28 03:37:47.340 -0300] INFO (83594): request completed
    route: "/v1/portal/aits/00000000-0000-7000-8000-0000f0000002/points"
    method: "GET"
    status: 200
    duration_ms: 5
[2026-09-28 03:37:47.346 -0300] INFO (83594): request completed
    route: "/v1/portal/points-summary"
    method: "GET"
    status: 200
    duration_ms: 4
[2026-09-28 03:37:47.352 -0300] INFO (83594): request completed
    route: "/v1/portal/requests"
    method: "GET"
    status: 200
    duration_ms: 5
[2026-09-28 03:37:47.359 -0300] INFO (83594): request completed
    route: "/v1/portal/requests/00000000-0000-7000-8000-000070400e09"
    method: "GET"
    status: 200
    duration_ms: 6
[2026-09-28 03:37:47.365 -0300] INFO (83594): request completed
    route: "/v1/portal/requests/00000000-0000-7000-8000-000070400e09/receipt"
    method: "GET"
    status: 404
    duration_ms: 5
[2026-09-28 03:37:47.371 -0300] INFO (83594): request completed
    route: "/v1/portal/requests/00000000-0000-7000-8000-000070400e09/decision"
    method: "GET"
    status: 200
    duration_ms: 5
[2026-09-28 03:37:47.377 -0300] INFO (83594): request completed
    route: "/v1/portal/inbox"
    method: "GET"
    status: 200
    duration_ms: 5
[2026-09-28 03:37:47.381 -0300] INFO (83594): request completed
    route: "/v1/portal/sne/enrollment"
    method: "GET"
    status: 200
    duration_ms: 4
[2026-09-28 03:37:47.391 -0300] INFO (83594): request completed
    route: "/v1/portal/documents/cnh"
    method: "GET"
    status: 200
    duration_ms: 9
[2026-09-28 03:37:47.402 -0300] INFO (83594): request completed
    route: "/v1/portal/vehicles"
    method: "GET"
    status: 200
    duration_ms: 9
[2026-09-28 03:37:47.416 -0300] INFO (83594): request completed
    route: "/v1/portal/vehicles/00000000-0000-7000-8000-00007ff00001/clearance"
    method: "GET"
    status: 503
    duration_ms: 6
[2026-09-28 03:37:47.425 -0300] INFO (83594): request completed
    route: "/v1/portal/crashes"
    method: "GET"
    status: 200
    duration_ms: 8
[2026-09-28 03:37:47.436 -0300] INFO (83594): request completed
    route: "/v1/portal/crashes/00000000-0000-7000-8000-00007ff00003"
    method: "GET"
    status: 200
    duration_ms: 10
[2026-09-28 03:37:47.447 -0300] INFO (83594): request completed
    route: "/v1/portal/exams"
    method: "GET"
    status: 200
    duration_ms: 9
[2026-09-28 03:37:47.452 -0300] INFO (83594): request completed
    route: "/v1/portal/exams/00000000-0000-7000-8000-00007ff00002"
    method: "GET"
    status: 404
    duration_ms: 4
[2026-09-28 03:37:47.459 -0300] INFO (83594): request completed
    route: "/v1/portal/manifestations"
    method: "GET"
    status: 200
    duration_ms: 6
[2026-09-28 03:37:47.466 -0300] INFO (83594): request completed
    route: "/v1/portal/service-charter/manifestar/deadline"
    method: "GET"
    status: 200
    duration_ms: 6
[2026-09-28 03:37:47.472 -0300] INFO (83594): request completed
    route: "/v1/portal/identity/representations"
    method: "GET"
    status: 200
    duration_ms: 5
[2026-09-28 03:37:47.477 -0300] INFO (83594): request completed
    route: "/v1/portal/services"
    method: "GET"
    status: 200
    duration_ms: 4
[2026-09-28 03:37:47.482 -0300] INFO (83594): request completed
    route: "/v1/portal/aits/00000000-0000-7000-8000-0000f0000002"
    method: "GET"
    status: 404
    duration_ms: 4
[2026-09-28 03:37:47.487 -0300] INFO (83594): request completed
    route: "/v1/portal/aits/00000000-0000-7000-8000-0000f0000002/points"
    method: "GET"
    status: 404
    duration_ms: 5
[2026-09-28 03:37:47.493 -0300] INFO (83594): request completed
    route: "/v1/portal/points-summary"
    method: "GET"
    status: 200
    duration_ms: 4
[2026-09-28 03:37:47.500 -0300] INFO (83594): request completed
    route: "/v1/portal/requests"
    method: "GET"
    status: 200
    duration_ms: 6
[2026-09-28 03:37:47.506 -0300] INFO (83594): request completed
    route: "/v1/portal/requests/00000000-0000-7000-8000-000070400e09"
    method: "GET"
    status: 404
    duration_ms: 5
[2026-09-28 03:37:47.513 -0300] INFO (83594): request completed
    route: "/v1/portal/requests/00000000-0000-7000-8000-000070400e09/receipt"
    method: "GET"
    status: 404
    duration_ms: 5
[2026-09-28 03:37:47.520 -0300] INFO (83594): request completed
    route: "/v1/portal/requests/00000000-0000-7000-8000-000070400e09/decision"
    method: "GET"
    status: 404
    duration_ms: 5
[2026-09-28 03:37:47.528 -0300] INFO (83594): request completed
    route: "/v1/portal/inbox"
    method: "GET"
    status: 200
    duration_ms: 5
[2026-09-28 03:37:47.534 -0300] INFO (83594): request completed
    route: "/v1/portal/sne/enrollment"
    method: "GET"
    status: 200
    duration_ms: 5
[2026-09-28 03:37:47.542 -0300] INFO (83594): request completed
    route: "/v1/portal/documents/cnh"
    method: "GET"
    status: 503
    duration_ms: 6
[2026-09-28 03:37:47.548 -0300] INFO (83594): request completed
    route: "/v1/portal/vehicles"
    method: "GET"
    status: 503
    duration_ms: 5
[2026-09-28 03:37:47.554 -0300] INFO (83594): request completed
    route: "/v1/portal/vehicles/00000000-0000-7000-8000-00007ff00001/clearance"
    method: "GET"
    status: 404
    duration_ms: 6
[2026-09-28 03:37:47.565 -0300] INFO (83594): request completed
    route: "/v1/portal/crashes"
    method: "GET"
    status: 200
    duration_ms: 9
[2026-09-28 03:37:47.571 -0300] INFO (83594): request completed
    route: "/v1/portal/crashes/00000000-0000-7000-8000-00007ff00003"
    method: "GET"
    status: 404
    duration_ms: 4
[2026-09-28 03:37:47.580 -0300] INFO (83594): request completed
    route: "/v1/portal/exams"
    method: "GET"
    status: 200
    duration_ms: 8
[2026-09-28 03:37:47.586 -0300] INFO (83594): request completed
    route: "/v1/portal/exams/00000000-0000-7000-8000-00007ff00002"
    method: "GET"
    status: 404
    duration_ms: 5
[2026-09-28 03:37:47.594 -0300] INFO (83594): request completed
    route: "/v1/portal/manifestations"
    method: "GET"
    status: 200
    duration_ms: 5
[2026-09-28 03:37:47.599 -0300] INFO (83594): request completed
    route: "/v1/portal/service-charter/manifestar/deadline"
    method: "GET"
    status: 200
    duration_ms: 4
[2026-09-28 03:37:47.605 -0300] INFO (83594): request completed
    route: "/v1/portal/identity/representations"
    method: "GET"
    status: 200
    duration_ms: 4
[2026-09-28 03:37:47.609 -0300] INFO (83594): request completed
    route: "/v1/portal/services"
    method: "GET"
    status: 200
    duration_ms: 3
[2026-09-28 03:37:47.614 -0300] INFO (83594): request completed
    route: "/v1/portal/aits/00000000-0000-7000-8000-0000f0000002"
    method: "GET"
    status: 404
    duration_ms: 4
[2026-09-28 03:37:47.621 -0300] INFO (83594): request completed
    route: "/v1/portal/aits/00000000-0000-7000-8000-0000f0000002/points"
    method: "GET"
    status: 404
    duration_ms: 5
[2026-09-28 03:37:47.628 -0300] INFO (83594): request completed
    route: "/v1/portal/points-summary"
    method: "GET"
    status: 200
    duration_ms: 5
[2026-09-28 03:37:47.635 -0300] INFO (83594): request completed
    route: "/v1/portal/requests"
    method: "GET"
    status: 200
    duration_ms: 6
[2026-09-28 03:37:47.640 -0300] INFO (83594): request completed
    route: "/v1/portal/requests/00000000-0000-7000-8000-000070400e09"
    method: "GET"
    status: 404
    duration_ms: 4
[2026-09-28 03:37:47.646 -0300] INFO (83594): request completed
    route: "/v1/portal/requests/00000000-0000-7000-8000-000070400e09/receipt"
    method: "GET"
    status: 404
    duration_ms: 4
[2026-09-28 03:37:47.651 -0300] INFO (83594): request completed
    route: "/v1/portal/requests/00000000-0000-7000-8000-000070400e09/decision"
    method: "GET"
    status: 404
    duration_ms: 4
[2026-09-28 03:37:47.659 -0300] INFO (83594): request completed
    route: "/v1/portal/inbox"
    method: "GET"
    status: 200
    duration_ms: 7
[2026-09-28 03:37:47.664 -0300] INFO (83594): request completed
    route: "/v1/portal/sne/enrollment"
    method: "GET"
    status: 200
    duration_ms: 4
[2026-09-28 03:37:47.673 -0300] INFO (83594): request completed
    route: "/v1/portal/documents/cnh"
    method: "GET"
    status: 200
    duration_ms: 8
[2026-09-28 03:37:47.681 -0300] INFO (83594): request completed
    route: "/v1/portal/vehicles"
    method: "GET"
    status: 200
    duration_ms: 7
[2026-09-28 03:37:47.686 -0300] INFO (83594): request completed
    route: "/v1/portal/vehicles/00000000-0000-7000-8000-00007ff00001/clearance"
    method: "GET"
    status: 404
    duration_ms: 4
[2026-09-28 03:37:47.695 -0300] INFO (83594): request completed
    route: "/v1/portal/crashes"
    method: "GET"
    status: 200
    duration_ms: 8
[2026-09-28 03:37:47.701 -0300] INFO (83594): request completed
    route: "/v1/portal/crashes/00000000-0000-7000-8000-00007ff00003"
    method: "GET"
    status: 404
    duration_ms: 4
[2026-09-28 03:37:47.710 -0300] INFO (83594): request completed
    route: "/v1/portal/exams"
    method: "GET"
    status: 200
    duration_ms: 8
[2026-09-28 03:37:47.719 -0300] INFO (83594): request completed
    route: "/v1/portal/exams/00000000-0000-7000-8000-00007ff00002"
    method: "GET"
    status: 200
    duration_ms: 8
[2026-09-28 03:37:47.727 -0300] INFO (83594): request completed
    route: "/v1/portal/manifestations"
    method: "GET"
    status: 200
    duration_ms: 6
[2026-09-28 03:37:47.734 -0300] INFO (83594): request completed
    route: "/v1/portal/service-charter/manifestar/deadline"
    method: "GET"
    status: 200
    duration_ms: 4
[2026-09-28 03:37:47.738 -0300] INFO (83594): request completed
    route: "/v1/portal/identity/representations"
    method: "GET"
    status: 200
    duration_ms: 3
[2026-09-28 03:37:47.744 -0300] INFO (83594): request completed
    route: "/v1/portal/services"
    method: "GET"
    status: 200
    duration_ms: 5
[2026-09-28 03:37:47.750 -0300] INFO (83594): request completed
    route: "/v1/portal/aits/00000000-0000-7000-8000-0000f0000002"
    method: "GET"
    status: 200
    duration_ms: 5
[2026-09-28 03:37:47.755 -0300] INFO (83594): request completed
    route: "/v1/portal/aits/00000000-0000-7000-8000-0000f0000002/points"
    method: "GET"
    status: 200
    duration_ms: 4
[2026-09-28 03:37:47.760 -0300] INFO (83594): request completed
    route: "/v1/portal/points-summary"
    method: "GET"
    status: 200
    duration_ms: 4
[2026-09-28 03:37:47.768 -0300] INFO (83594): request completed
    route: "/v1/portal/requests"
    method: "GET"
    status: 200
    duration_ms: 7
[2026-09-28 03:37:47.775 -0300] INFO (83594): request completed
    route: "/v1/portal/requests/00000000-0000-7000-8000-000070400e09"
    method: "GET"
    status: 200
    duration_ms: 6
[2026-09-28 03:37:47.780 -0300] INFO (83594): request completed
    route: "/v1/portal/requests/00000000-0000-7000-8000-000070400e09/receipt"
    method: "GET"
    status: 404
    duration_ms: 4
[2026-09-28 03:37:47.786 -0300] INFO (83594): request completed
    route: "/v1/portal/requests/00000000-0000-7000-8000-000070400e09/decision"
    method: "GET"
    status: 200
    duration_ms: 5
[2026-09-28 03:37:47.792 -0300] INFO (83594): request completed
    route: "/v1/portal/inbox"
    method: "GET"
    status: 200
    duration_ms: 5
[2026-09-28 03:37:47.798 -0300] INFO (83594): request completed
    route: "/v1/portal/sne/enrollment"
    method: "GET"
    status: 200
    duration_ms: 4
[2026-09-28 03:37:47.808 -0300] INFO (83594): request completed
    route: "/v1/portal/documents/cnh"
    method: "GET"
    status: 200
    duration_ms: 9
[2026-09-28 03:37:47.817 -0300] INFO (83594): request completed
    route: "/v1/portal/vehicles"
    method: "GET"
    status: 200
    duration_ms: 8
[2026-09-28 03:37:47.825 -0300] INFO (83594): request completed
    route: "/v1/portal/vehicles/00000000-0000-7000-8000-00007ff00001/clearance"
    method: "GET"
    status: 503
    duration_ms: 7
[2026-09-28 03:37:47.836 -0300] INFO (83594): request completed
    route: "/v1/portal/crashes"
    method: "GET"
    status: 200
    duration_ms: 10
[2026-09-28 03:37:47.846 -0300] INFO (83594): request completed
    route: "/v1/portal/crashes/00000000-0000-7000-8000-00007ff00003"
    method: "GET"
    status: 200
    duration_ms: 9
[2026-09-28 03:37:47.856 -0300] INFO (83594): request completed
    route: "/v1/portal/exams"
    method: "GET"
    status: 200
    duration_ms: 9
[2026-09-28 03:37:47.864 -0300] INFO (83594): request completed
    route: "/v1/portal/exams/00000000-0000-7000-8000-00007ff00002"
    method: "GET"
    status: 404
    duration_ms: 6
[2026-09-28 03:37:47.872 -0300] INFO (83594): request completed
    route: "/v1/portal/manifestations"
    method: "GET"
    status: 200
    duration_ms: 7
[2026-09-28 03:37:47.877 -0300] INFO (83594): request completed
    route: "/v1/portal/service-charter/manifestar/deadline"
    method: "GET"
    status: 200
    duration_ms: 3
[2026-09-28 03:37:47.882 -0300] INFO (83594): request completed
    route: "/v1/portal/identity/representations"
    method: "GET"
    status: 200
    duration_ms: 4
[2026-09-28 03:37:47.886 -0300] INFO (83594): request completed
    route: "/v1/portal/services"
    method: "GET"
    status: 200
    duration_ms: 4
[2026-09-28 03:37:47.892 -0300] INFO (83594): request completed
    route: "/v1/portal/aits/00000000-0000-7000-8000-0000f0000002"
    method: "GET"
    status: 404
    duration_ms: 5
[2026-09-28 03:37:47.899 -0300] INFO (83594): request completed
    route: "/v1/portal/aits/00000000-0000-7000-8000-0000f0000002/points"
    method: "GET"
    status: 404
    duration_ms: 6
[2026-09-28 03:37:47.906 -0300] INFO (83594): request completed
    route: "/v1/portal/points-summary"
    method: "GET"
    status: 200
    duration_ms: 6
[2026-09-28 03:37:47.913 -0300] INFO (83594): request completed
    route: "/v1/portal/requests"
    method: "GET"
    status: 200
    duration_ms: 6
[2026-09-28 03:37:47.921 -0300] INFO (83594): request completed
    route: "/v1/portal/requests/00000000-0000-7000-8000-000070400e09"
    method: "GET"
    status: 404
    duration_ms: 7
[2026-09-28 03:37:47.928 -0300] INFO (83594): request completed
    route: "/v1/portal/requests/00000000-0000-7000-8000-000070400e09/receipt"
    method: "GET"
    status: 404
    duration_ms: 5
[2026-09-28 03:37:47.935 -0300] INFO (83594): request completed
    route: "/v1/portal/requests/00000000-0000-7000-8000-000070400e09/decision"
    method: "GET"
    status: 404
    duration_ms: 5
[2026-09-28 03:37:47.941 -0300] INFO (83594): request completed
    route: "/v1/portal/inbox"
    method: "GET"
    status: 200
    duration_ms: 5
[2026-09-28 03:37:47.948 -0300] INFO (83594): request completed
    route: "/v1/portal/sne/enrollment"
    method: "GET"
    status: 200
    duration_ms: 5
[2026-09-28 03:37:47.954 -0300] INFO (83594): request completed
    route: "/v1/portal/documents/cnh"
    method: "GET"
    status: 503
    duration_ms: 6
[2026-09-28 03:37:47.961 -0300] INFO (83594): request completed
    route: "/v1/portal/vehicles"
    method: "GET"
    status: 503
    duration_ms: 7
[2026-09-28 03:37:47.967 -0300] INFO (83594): request completed
    route: "/v1/portal/vehicles/00000000-0000-7000-8000-00007ff00001/clearance"
    method: "GET"
    status: 404
    duration_ms: 5
[2026-09-28 03:37:47.977 -0300] INFO (83594): request completed
    route: "/v1/portal/crashes"
    method: "GET"
    status: 200
    duration_ms: 9
[2026-09-28 03:37:47.983 -0300] INFO (83594): request completed
    route: "/v1/portal/crashes/00000000-0000-7000-8000-00007ff00003"
    method: "GET"
    status: 404
    duration_ms: 5
[2026-09-28 03:37:47.991 -0300] INFO (83594): request completed
    route: "/v1/portal/exams"
    method: "GET"
    status: 200
    duration_ms: 7
[2026-09-28 03:37:48.002 -0300] INFO (83594): request completed
    route: "/v1/portal/exams/00000000-0000-7000-8000-00007ff00002"
    method: "GET"
    status: 404
    duration_ms: 9
[2026-09-28 03:37:48.011 -0300] INFO (83594): request completed
    route: "/v1/portal/manifestations"
    method: "GET"
    status: 200
    duration_ms: 7
[2026-09-28 03:37:48.016 -0300] INFO (83594): request completed
    route: "/v1/portal/service-charter/manifestar/deadline"
    method: "GET"
    status: 200
    duration_ms: 3
[2026-09-28 03:37:48.021 -0300] INFO (83594): request completed
    route: "/v1/portal/identity/representations"
    method: "GET"
    status: 200
    duration_ms: 4
[2026-09-28 03:37:48.027 -0300] INFO (83594): request completed
    route: "/v1/portal/services"
    method: "GET"
    status: 200
    duration_ms: 4
[2026-09-28 03:37:48.032 -0300] INFO (83594): request completed
    route: "/v1/portal/aits/00000000-0000-7000-8000-0000f0000002"
    method: "GET"
    status: 404
    duration_ms: 4
[2026-09-28 03:37:48.037 -0300] INFO (83594): request completed
    route: "/v1/portal/aits/00000000-0000-7000-8000-0000f0000002/points"
    method: "GET"
    status: 404
    duration_ms: 4
[2026-09-28 03:37:48.043 -0300] INFO (83594): request completed
    route: "/v1/portal/points-summary"
    method: "GET"
    status: 200
    duration_ms: 5
[2026-09-28 03:37:48.049 -0300] INFO (83594): request completed
    route: "/v1/portal/requests"
    method: "GET"
    status: 200
    duration_ms: 6
[2026-09-28 03:37:48.055 -0300] INFO (83594): request completed
    route: "/v1/portal/requests/00000000-0000-7000-8000-000070400e09"
    method: "GET"
    status: 404
    duration_ms: 5
[2026-09-28 03:37:48.062 -0300] INFO (83594): request completed
    route: "/v1/portal/requests/00000000-0000-7000-8000-000070400e09/receipt"
    method: "GET"
    status: 404
    duration_ms: 5
[2026-09-28 03:37:48.072 -0300] INFO (83594): request completed
    route: "/v1/portal/requests/00000000-0000-7000-8000-000070400e09/decision"
    method: "GET"
    status: 404
    duration_ms: 9
[2026-09-28 03:37:48.077 -0300] INFO (83594): request completed
    route: "/v1/portal/inbox"
    method: "GET"
    status: 200
    duration_ms: 5
[2026-09-28 03:37:48.081 -0300] INFO (83594): request completed
    route: "/v1/portal/sne/enrollment"
    method: "GET"
    status: 200
    duration_ms: 3
[2026-09-28 03:37:48.092 -0300] INFO (83594): request completed
    route: "/v1/portal/documents/cnh"
    method: "GET"
    status: 200
    duration_ms: 10
[2026-09-28 03:37:48.102 -0300] INFO (83594): request completed
    route: "/v1/portal/vehicles"
    method: "GET"
    status: 200
    duration_ms: 9
[2026-09-28 03:37:48.109 -0300] INFO (83594): request completed
    route: "/v1/portal/vehicles/00000000-0000-7000-8000-00007ff00001/clearance"
    method: "GET"
    status: 404
    duration_ms: 6
[2026-09-28 03:37:48.118 -0300] INFO (83594): request completed
    route: "/v1/portal/crashes"
    method: "GET"
    status: 200
    duration_ms: 8
[2026-09-28 03:37:48.125 -0300] INFO (83594): request completed
    route: "/v1/portal/crashes/00000000-0000-7000-8000-00007ff00003"
    method: "GET"
    status: 404
    duration_ms: 6
[2026-09-28 03:37:48.139 -0300] INFO (83594): request completed
    route: "/v1/portal/exams"
    method: "GET"
    status: 200
    duration_ms: 12
[2026-09-28 03:37:48.147 -0300] INFO (83594): request completed
    route: "/v1/portal/exams/00000000-0000-7000-8000-00007ff00002"
    method: "GET"
    status: 200
    duration_ms: 7
[2026-09-28 03:37:48.153 -0300] INFO (83594): request completed
    route: "/v1/portal/manifestations"
    method: "GET"
    status: 200
    duration_ms: 6
[2026-09-28 03:37:48.158 -0300] INFO (83594): request completed
    route: "/v1/portal/service-charter/manifestar/deadline"
    method: "GET"
    status: 200
    duration_ms: 4
[2026-09-28 03:37:48.164 -0300] INFO (83594): request completed
    route: "/v1/portal/identity/representations"
    method: "GET"
    status: 200
    duration_ms: 5
[2026-09-28 03:37:48.170 -0300] INFO (83594): request completed
    route: "/v1/portal/services"
    method: "GET"
    status: 200
    duration_ms: 5
[2026-09-28 03:37:48.177 -0300] INFO (83594): request completed
    route: "/v1/portal/aits/00000000-0000-7000-8000-0000f0000002"
    method: "GET"
    status: 200
    duration_ms: 5
[2026-09-28 03:37:48.183 -0300] INFO (83594): request completed
    route: "/v1/portal/aits/00000000-0000-7000-8000-0000f0000002/points"
    method: "GET"
    status: 200
    duration_ms: 5
[2026-09-28 03:37:48.190 -0300] INFO (83594): request completed
    route: "/v1/portal/points-summary"
    method: "GET"
    status: 200
    duration_ms: 6
[2026-09-28 03:37:48.197 -0300] INFO (83594): request completed
    route: "/v1/portal/requests"
    method: "GET"
    status: 200
    duration_ms: 6
[2026-09-28 03:37:48.204 -0300] INFO (83594): request completed
    route: "/v1/portal/requests/00000000-0000-7000-8000-000070400e09"
    method: "GET"
    status: 200
    duration_ms: 6
[2026-09-28 03:37:48.211 -0300] INFO (83594): request completed
    route: "/v1/portal/requests/00000000-0000-7000-8000-000070400e09/receipt"
    method: "GET"
    status: 404
    duration_ms: 5
[2026-09-28 03:37:48.217 -0300] INFO (83594): request completed
    route: "/v1/portal/requests/00000000-0000-7000-8000-000070400e09/decision"
    method: "GET"
    status: 200
    duration_ms: 5
[2026-09-28 03:37:48.224 -0300] INFO (83594): request completed
    route: "/v1/portal/inbox"
    method: "GET"
    status: 200
    duration_ms: 6
[2026-09-28 03:37:48.230 -0300] INFO (83594): request completed
    route: "/v1/portal/sne/enrollment"
    method: "GET"
    status: 200
    duration_ms: 4
[2026-09-28 03:37:48.239 -0300] INFO (83594): request completed
    route: "/v1/portal/documents/cnh"
    method: "GET"
    status: 200
    duration_ms: 9
[2026-09-28 03:37:48.250 -0300] INFO (83594): request completed
    route: "/v1/portal/vehicles"
    method: "GET"
    status: 200
    duration_ms: 9
[2026-09-28 03:37:48.259 -0300] INFO (83594): request completed
    route: "/v1/portal/vehicles/00000000-0000-7000-8000-00007ff00001/clearance"
    method: "GET"
    status: 503
    duration_ms: 7
[2026-09-28 03:37:48.268 -0300] INFO (83594): request completed
    route: "/v1/portal/crashes"
    method: "GET"
    status: 200
    duration_ms: 8
[2026-09-28 03:37:48.277 -0300] INFO (83594): request completed
    route: "/v1/portal/crashes/00000000-0000-7000-8000-00007ff00003"
    method: "GET"
    status: 200
    duration_ms: 8
[2026-09-28 03:37:48.286 -0300] INFO (83594): request completed
    route: "/v1/portal/exams"
    method: "GET"
    status: 200
    duration_ms: 7
[2026-09-28 03:37:48.293 -0300] INFO (83594): request completed
    route: "/v1/portal/exams/00000000-0000-7000-8000-00007ff00002"
    method: "GET"
    status: 404
    duration_ms: 5
[2026-09-28 03:37:48.301 -0300] INFO (83594): request completed
    route: "/v1/portal/manifestations"
    method: "GET"
    status: 200
    duration_ms: 6
[2026-09-28 03:37:48.309 -0300] INFO (83594): request completed
    route: "/v1/portal/service-charter/manifestar/deadline"
    method: "GET"
    status: 200
    duration_ms: 8
[2026-09-28 03:37:48.315 -0300] INFO (83594): request completed
    route: "/v1/portal/identity/representations"
    method: "GET"
    status: 200
    duration_ms: 5
[2026-09-28 03:37:48.320 -0300] INFO (83594): request completed
    route: "/v1/portal/services"
    method: "GET"
    status: 200
    duration_ms: 4
[2026-09-28 03:37:48.325 -0300] INFO (83594): request completed
    route: "/v1/portal/aits/00000000-0000-7000-8000-0000f0000002"
    method: "GET"
    status: 404
    duration_ms: 5
[2026-09-28 03:37:48.332 -0300] INFO (83594): request completed
    route: "/v1/portal/aits/00000000-0000-7000-8000-0000f0000002/points"
    method: "GET"
    status: 404
    duration_ms: 5
[2026-09-28 03:37:48.337 -0300] INFO (83594): request completed
    route: "/v1/portal/points-summary"
    method: "GET"
    status: 200
    duration_ms: 5
[2026-09-28 03:37:48.345 -0300] INFO (83594): request completed
    route: "/v1/portal/requests"
    method: "GET"
    status: 200
    duration_ms: 7
[2026-09-28 03:37:48.351 -0300] INFO (83594): request completed
    route: "/v1/portal/requests/00000000-0000-7000-8000-000070400e09"
    method: "GET"
    status: 404
    duration_ms: 5
[2026-09-28 03:37:48.355 -0300] INFO (83594): request completed
    route: "/v1/portal/requests/00000000-0000-7000-8000-000070400e09/receipt"
    method: "GET"
    status: 404
    duration_ms: 4
[2026-09-28 03:37:48.364 -0300] INFO (83594): request completed
    route: "/v1/portal/requests/00000000-0000-7000-8000-000070400e09/decision"
    method: "GET"
    status: 404
    duration_ms: 7
[2026-09-28 03:37:48.371 -0300] INFO (83594): request completed
    route: "/v1/portal/inbox"
    method: "GET"
    status: 200
    duration_ms: 6
[2026-09-28 03:37:48.377 -0300] INFO (83594): request completed
    route: "/v1/portal/sne/enrollment"
    method: "GET"
    status: 200
    duration_ms: 5
[2026-09-28 03:37:48.384 -0300] INFO (83594): request completed
    route: "/v1/portal/documents/cnh"
    method: "GET"
    status: 503
    duration_ms: 6
[2026-09-28 03:37:48.391 -0300] INFO (83594): request completed
    route: "/v1/portal/vehicles"
    method: "GET"
    status: 503
    duration_ms: 6
[2026-09-28 03:37:48.397 -0300] INFO (83594): request completed
    route: "/v1/portal/vehicles/00000000-0000-7000-8000-00007ff00001/clearance"
    method: "GET"
    status: 404
    duration_ms: 4
[2026-09-28 03:37:48.407 -0300] INFO (83594): request completed
    route: "/v1/portal/crashes"
    method: "GET"
    status: 200
    duration_ms: 9
[2026-09-28 03:37:48.413 -0300] INFO (83594): request completed
    route: "/v1/portal/crashes/00000000-0000-7000-8000-00007ff00003"
    method: "GET"
    status: 404
    duration_ms: 5
[2026-09-28 03:37:48.420 -0300] INFO (83594): request completed
    route: "/v1/portal/exams"
    method: "GET"
    status: 200
    duration_ms: 7
[2026-09-28 03:37:48.428 -0300] INFO (83594): request completed
    route: "/v1/portal/exams/00000000-0000-7000-8000-00007ff00002"
    method: "GET"
    status: 404
    duration_ms: 6
[2026-09-28 03:37:48.435 -0300] INFO (83594): request completed
    route: "/v1/portal/manifestations"
    method: "GET"
    status: 200
    duration_ms: 5
[2026-09-28 03:37:48.441 -0300] INFO (83594): request completed
    route: "/v1/portal/service-charter/manifestar/deadline"
    method: "GET"
    status: 200
    duration_ms: 5
[2026-09-28 03:37:48.446 -0300] INFO (83594): request completed
    route: "/v1/portal/identity/representations"
    method: "GET"
    status: 200
    duration_ms: 4
[2026-09-28 03:37:48.450 -0300] INFO (83594): request completed
    route: "/v1/portal/services"
    method: "GET"
    status: 200
    duration_ms: 3
[2026-09-28 03:37:48.454 -0300] INFO (83594): request completed
    route: "/v1/portal/aits/00000000-0000-7000-8000-0000f0000002"
    method: "GET"
    status: 404
    duration_ms: 3
[2026-09-28 03:37:48.460 -0300] INFO (83594): request completed
    route: "/v1/portal/aits/00000000-0000-7000-8000-0000f0000002/points"
    method: "GET"
    status: 404
    duration_ms: 5
[2026-09-28 03:37:48.469 -0300] INFO (83594): request completed
    route: "/v1/portal/points-summary"
    method: "GET"
    status: 200
    duration_ms: 7
[2026-09-28 03:37:48.476 -0300] INFO (83594): request completed
    route: "/v1/portal/requests"
    method: "GET"
    status: 200
    duration_ms: 5
[2026-09-28 03:37:48.482 -0300] INFO (83594): request completed
    route: "/v1/portal/requests/00000000-0000-7000-8000-000070400e09"
    method: "GET"
    status: 404
    duration_ms: 5
[2026-09-28 03:37:48.486 -0300] INFO (83594): request completed
    route: "/v1/portal/requests/00000000-0000-7000-8000-000070400e09/receipt"
    method: "GET"
    status: 404
    duration_ms: 4
[2026-09-28 03:37:48.493 -0300] INFO (83594): request completed
    route: "/v1/portal/requests/00000000-0000-7000-8000-000070400e09/decision"
    method: "GET"
    status: 404
    duration_ms: 6
[2026-09-28 03:37:48.500 -0300] INFO (83594): request completed
    route: "/v1/portal/inbox"
    method: "GET"
    status: 200
    duration_ms: 6
[2026-09-28 03:37:48.504 -0300] INFO (83594): request completed
    route: "/v1/portal/sne/enrollment"
    method: "GET"
    status: 200
    duration_ms: 3
[2026-09-28 03:37:48.514 -0300] INFO (83594): request completed
    route: "/v1/portal/documents/cnh"
    method: "GET"
    status: 200
    duration_ms: 9
[2026-09-28 03:37:48.522 -0300] INFO (83594): request completed
    route: "/v1/portal/vehicles"
    method: "GET"
    status: 200
    duration_ms: 7
[2026-09-28 03:37:48.528 -0300] INFO (83594): request completed
    route: "/v1/portal/vehicles/00000000-0000-7000-8000-00007ff00001/clearance"
    method: "GET"
    status: 404
    duration_ms: 5
[2026-09-28 03:37:48.539 -0300] INFO (83594): request completed
    route: "/v1/portal/crashes"
    method: "GET"
    status: 200
    duration_ms: 9
[2026-09-28 03:37:48.546 -0300] INFO (83594): request completed
    route: "/v1/portal/crashes/00000000-0000-7000-8000-00007ff00003"
    method: "GET"
    status: 404
    duration_ms: 6
[2026-09-28 03:37:48.554 -0300] INFO (83594): request completed
    route: "/v1/portal/exams"
    method: "GET"
    status: 200
    duration_ms: 8
[2026-09-28 03:37:48.565 -0300] INFO (83594): request completed
    route: "/v1/portal/exams/00000000-0000-7000-8000-00007ff00002"
    method: "GET"
    status: 200
    duration_ms: 9
[2026-09-28 03:37:48.572 -0300] INFO (83594): request completed
    route: "/v1/portal/manifestations"
    method: "GET"
    status: 200
    duration_ms: 6
[2026-09-28 03:37:48.575 -0300] INFO (83594): request completed
    route: "/v1/portal/service-charter/manifestar/deadline"
    method: "GET"
    status: 200
    duration_ms: 3
[2026-09-28 03:37:48.579 -0300] INFO (83594): request completed
    route: "/v1/portal/identity/representations"
    method: "GET"
    status: 200
    duration_ms: 3
[2026-09-28 03:37:48.584 -0300] INFO (83594): request completed
    route: "/v1/portal/services"
    method: "GET"
    status: 200
    duration_ms: 4
[2026-09-28 03:37:48.591 -0300] INFO (83594): request completed
    route: "/v1/portal/aits/00000000-0000-7000-8000-0000f0000002"
    method: "GET"
    status: 200
    duration_ms: 5
[2026-09-28 03:37:48.596 -0300] INFO (83594): request completed
    route: "/v1/portal/aits/00000000-0000-7000-8000-0000f0000002/points"
    method: "GET"
    status: 200
    duration_ms: 5
[2026-09-28 03:37:48.601 -0300] INFO (83594): request completed
    route: "/v1/portal/points-summary"
    method: "GET"
    status: 200
    duration_ms: 5
[2026-09-28 03:37:48.608 -0300] INFO (83594): request completed
    route: "/v1/portal/requests"
    method: "GET"
    status: 200
    duration_ms: 5
[2026-09-28 03:37:48.614 -0300] INFO (83594): request completed
    route: "/v1/portal/requests/00000000-0000-7000-8000-000070400e09"
    method: "GET"
    status: 200
    duration_ms: 5
[2026-09-28 03:37:48.620 -0300] INFO (83594): request completed
    route: "/v1/portal/requests/00000000-0000-7000-8000-000070400e09/receipt"
    method: "GET"
    status: 404
    duration_ms: 4
[2026-09-28 03:37:48.625 -0300] INFO (83594): request completed
    route: "/v1/portal/requests/00000000-0000-7000-8000-000070400e09/decision"
    method: "GET"
    status: 200
    duration_ms: 4
[2026-09-28 03:37:48.631 -0300] INFO (83594): request completed
    route: "/v1/portal/inbox"
    method: "GET"
    status: 200
    duration_ms: 5
[2026-09-28 03:37:48.636 -0300] INFO (83594): request completed
    route: "/v1/portal/sne/enrollment"
    method: "GET"
    status: 200
    duration_ms: 4
[2026-09-28 03:37:48.646 -0300] INFO (83594): request completed
    route: "/v1/portal/documents/cnh"
    method: "GET"
    status: 200
    duration_ms: 9
[2026-09-28 03:37:48.657 -0300] INFO (83594): request completed
    route: "/v1/portal/vehicles"
    method: "GET"
    status: 200
    duration_ms: 10
[2026-09-28 03:37:48.666 -0300] INFO (83594): request completed
    route: "/v1/portal/vehicles/00000000-0000-7000-8000-00007ff00001/clearance"
    method: "GET"
    status: 503
    duration_ms: 7
[2026-09-28 03:37:48.675 -0300] INFO (83594): request completed
    route: "/v1/portal/crashes"
    method: "GET"
    status: 200
    duration_ms: 7
[2026-09-28 03:37:48.684 -0300] INFO (83594): request completed
    route: "/v1/portal/crashes/00000000-0000-7000-8000-00007ff00003"
    method: "GET"
    status: 200
    duration_ms: 8
[2026-09-28 03:37:48.693 -0300] INFO (83594): request completed
    route: "/v1/portal/exams"
    method: "GET"
    status: 200
    duration_ms: 8
[2026-09-28 03:37:48.699 -0300] INFO (83594): request completed
    route: "/v1/portal/exams/00000000-0000-7000-8000-00007ff00002"
    method: "GET"
    status: 404
    duration_ms: 4
[2026-09-28 03:37:48.705 -0300] INFO (83594): request completed
    route: "/v1/portal/manifestations"
    method: "GET"
    status: 200
    duration_ms: 5
[2026-09-28 03:37:48.710 -0300] INFO (83594): request completed
    route: "/v1/portal/service-charter/manifestar/deadline"
    method: "GET"
    status: 200
    duration_ms: 4
[2026-09-28 03:37:48.716 -0300] INFO (83594): request completed
    route: "/v1/portal/identity/representations"
    method: "GET"
    status: 200
    duration_ms: 4
[2026-09-28 03:37:48.725 -0300] INFO (83594): request completed
    route: "/v1/portal/services"
    method: "GET"
    status: 200
    duration_ms: 9
[2026-09-28 03:37:48.735 -0300] INFO (83594): request completed
    route: "/v1/portal/aits/00000000-0000-7000-8000-0000f0000002"
    method: "GET"
    status: 404
    duration_ms: 9
[2026-09-28 03:37:48.742 -0300] INFO (83594): request completed
    route: "/v1/portal/aits/00000000-0000-7000-8000-0000f0000002/points"
    method: "GET"
    status: 404
    duration_ms: 5
[2026-09-28 03:37:48.750 -0300] INFO (83594): request completed
    route: "/v1/portal/points-summary"
    method: "GET"
    status: 200
    duration_ms: 6
[2026-09-28 03:37:48.764 -0300] INFO (83594): request completed
    route: "/v1/portal/requests"
    method: "GET"
    status: 200
    duration_ms: 13
[2026-09-28 03:37:48.775 -0300] INFO (83594): request completed
    route: "/v1/portal/requests/00000000-0000-7000-8000-000070400e09"
    method: "GET"
    status: 404
    duration_ms: 8
[2026-09-28 03:37:48.785 -0300] INFO (83594): request completed
    route: "/v1/portal/requests/00000000-0000-7000-8000-000070400e09/receipt"
    method: "GET"
    status: 404
    duration_ms: 9
[2026-09-28 03:37:48.795 -0300] INFO (83594): request completed
    route: "/v1/portal/requests/00000000-0000-7000-8000-000070400e09/decision"
    method: "GET"
    status: 404
    duration_ms: 7
[2026-09-28 03:37:48.803 -0300] INFO (83594): request completed
    route: "/v1/portal/inbox"
    method: "GET"
    status: 200
    duration_ms: 7
[2026-09-28 03:37:48.809 -0300] INFO (83594): request completed
    route: "/v1/portal/sne/enrollment"
    method: "GET"
    status: 200
    duration_ms: 4
[2026-09-28 03:37:48.816 -0300] INFO (83594): request completed
    route: "/v1/portal/documents/cnh"
    method: "GET"
    status: 503
    duration_ms: 6
[2026-09-28 03:37:48.824 -0300] INFO (83594): request completed
    route: "/v1/portal/vehicles"
    method: "GET"
    status: 503
    duration_ms: 6
[2026-09-28 03:37:48.830 -0300] INFO (83594): request completed
    route: "/v1/portal/vehicles/00000000-0000-7000-8000-00007ff00001/clearance"
    method: "GET"
    status: 404
    duration_ms: 5
[2026-09-28 03:37:48.840 -0300] INFO (83594): request completed
    route: "/v1/portal/crashes"
    method: "GET"
    status: 200
    duration_ms: 9
[2026-09-28 03:37:48.847 -0300] INFO (83594): request completed
    route: "/v1/portal/crashes/00000000-0000-7000-8000-00007ff00003"
    method: "GET"
    status: 404
    duration_ms: 5
[2026-09-28 03:37:48.856 -0300] INFO (83594): request completed
    route: "/v1/portal/exams"
    method: "GET"
    status: 200
    duration_ms: 8
[2026-09-28 03:37:48.861 -0300] INFO (83594): request completed
    route: "/v1/portal/exams/00000000-0000-7000-8000-00007ff00002"
    method: "GET"
    status: 404
    duration_ms: 4
[2026-09-28 03:37:48.871 -0300] INFO (83594): request completed
    route: "/v1/portal/manifestations"
    method: "GET"
    status: 200
    duration_ms: 8
[2026-09-28 03:37:48.876 -0300] INFO (83594): request completed
    route: "/v1/portal/service-charter/manifestar/deadline"
    method: "GET"
    status: 200
    duration_ms: 4
[2026-09-28 03:37:48.880 -0300] INFO (83594): request completed
    route: "/v1/portal/identity/representations"
    method: "GET"
    status: 200
    duration_ms: 4
[2026-09-28 03:37:48.885 -0300] INFO (83594): request completed
    route: "/v1/portal/services"
    method: "GET"
    status: 200
    duration_ms: 4
[2026-09-28 03:37:48.889 -0300] INFO (83594): request completed
    route: "/v1/portal/aits/00000000-0000-7000-8000-0000f0000002"
    method: "GET"
    status: 404
    duration_ms: 4
[2026-09-28 03:37:48.894 -0300] INFO (83594): request completed
    route: "/v1/portal/aits/00000000-0000-7000-8000-0000f0000002/points"
    method: "GET"
    status: 404
    duration_ms: 4
[2026-09-28 03:37:48.902 -0300] INFO (83594): request completed
    route: "/v1/portal/points-summary"
    method: "GET"
    status: 200
    duration_ms: 6
[2026-09-28 03:37:48.909 -0300] INFO (83594): request completed
    route: "/v1/portal/requests"
    method: "GET"
    status: 200
    duration_ms: 6
[2026-09-28 03:37:48.914 -0300] INFO (83594): request completed
    route: "/v1/portal/requests/00000000-0000-7000-8000-000070400e09"
    method: "GET"
    status: 404
    duration_ms: 4
[2026-09-28 03:37:48.919 -0300] INFO (83594): request completed
    route: "/v1/portal/requests/00000000-0000-7000-8000-000070400e09/receipt"
    method: "GET"
    status: 404
    duration_ms: 4
[2026-09-28 03:37:48.925 -0300] INFO (83594): request completed
    route: "/v1/portal/requests/00000000-0000-7000-8000-000070400e09/decision"
    method: "GET"
    status: 404
    duration_ms: 5
[2026-09-28 03:37:48.932 -0300] INFO (83594): request completed
    route: "/v1/portal/inbox"
    method: "GET"
    status: 200
    duration_ms: 5
[2026-09-28 03:37:48.939 -0300] INFO (83594): request completed
    route: "/v1/portal/sne/enrollment"
    method: "GET"
    status: 200
    duration_ms: 6
[2026-09-28 03:37:48.949 -0300] INFO (83594): request completed
    route: "/v1/portal/documents/cnh"
    method: "GET"
    status: 200
    duration_ms: 8
[2026-09-28 03:37:48.958 -0300] INFO (83594): request completed
    route: "/v1/portal/vehicles"
    method: "GET"
    status: 200
    duration_ms: 8
[2026-09-28 03:37:48.964 -0300] INFO (83594): request completed
    route: "/v1/portal/vehicles/00000000-0000-7000-8000-00007ff00001/clearance"
    method: "GET"
    status: 404
    duration_ms: 4
[2026-09-28 03:37:48.973 -0300] INFO (83594): request completed
    route: "/v1/portal/crashes"
    method: "GET"
    status: 200
    duration_ms: 8
[2026-09-28 03:37:48.979 -0300] INFO (83594): request completed
    route: "/v1/portal/crashes/00000000-0000-7000-8000-00007ff00003"
    method: "GET"
    status: 404
    duration_ms: 5
[2026-09-28 03:37:48.987 -0300] INFO (83594): request completed
    route: "/v1/portal/exams"
    method: "GET"
    status: 200
    duration_ms: 8
[2026-09-28 03:37:48.995 -0300] INFO (83594): request completed
    route: "/v1/portal/exams/00000000-0000-7000-8000-00007ff00002"
    method: "GET"
    status: 200
    duration_ms: 7
[2026-09-28 03:37:49.001 -0300] INFO (83594): request completed
    route: "/v1/portal/manifestations"
    method: "GET"
    status: 200
    duration_ms: 5
[2026-09-28 03:37:49.006 -0300] INFO (83594): request completed
    route: "/v1/portal/service-charter/manifestar/deadline"
    method: "GET"
    status: 200
    duration_ms: 4
[2026-09-28 03:37:49.013 -0300] INFO (83594): request completed
    route: "/v1/portal/identity/representations"
    method: "GET"
    status: 200
    duration_ms: 5
[2026-09-28 03:37:49.017 -0300] INFO (83594): request completed
    route: "/v1/portal/services"
    method: "GET"
    status: 200
    duration_ms: 4
[2026-09-28 03:37:49.023 -0300] INFO (83594): request completed
    route: "/v1/portal/aits/00000000-0000-7000-8000-0000f0000002"
    method: "GET"
    status: 200
    duration_ms: 5
[2026-09-28 03:37:49.031 -0300] INFO (83594): request completed
    route: "/v1/portal/aits/00000000-0000-7000-8000-0000f0000002/points"
    method: "GET"
    status: 200
    duration_ms: 6
[2026-09-28 03:37:49.035 -0300] INFO (83594): request completed
    route: "/v1/portal/points-summary"
    method: "GET"
    status: 200
    duration_ms: 3
[2026-09-28 03:37:49.042 -0300] INFO (83594): request completed
    route: "/v1/portal/requests"
    method: "GET"
    status: 200
    duration_ms: 6
[2026-09-28 03:37:49.050 -0300] INFO (83594): request completed
    route: "/v1/portal/requests/00000000-0000-7000-8000-000070400e09"
    method: "GET"
    status: 200
    duration_ms: 7
[2026-09-28 03:37:49.056 -0300] INFO (83594): request completed
    route: "/v1/portal/requests/00000000-0000-7000-8000-000070400e09/receipt"
    method: "GET"
    status: 404
    duration_ms: 4
[2026-09-28 03:37:49.063 -0300] INFO (83594): request completed
    route: "/v1/portal/requests/00000000-0000-7000-8000-000070400e09/decision"
    method: "GET"
    status: 200
    duration_ms: 6
[2026-09-28 03:37:49.069 -0300] INFO (83594): request completed
    route: "/v1/portal/inbox"
    method: "GET"
    status: 200
    duration_ms: 5
[2026-09-28 03:37:49.074 -0300] INFO (83594): request completed
    route: "/v1/portal/sne/enrollment"
    method: "GET"
    status: 200
    duration_ms: 4
[2026-09-28 03:37:49.084 -0300] INFO (83594): request completed
    route: "/v1/portal/documents/cnh"
    method: "GET"
    status: 200
    duration_ms: 10
[2026-09-28 03:37:49.094 -0300] INFO (83594): request completed
    route: "/v1/portal/vehicles"
    method: "GET"
    status: 200
    duration_ms: 9
[2026-09-28 03:37:49.103 -0300] INFO (83594): request completed
    route: "/v1/portal/vehicles/00000000-0000-7000-8000-00007ff00001/clearance"
    method: "GET"
    status: 503
    duration_ms: 7
[2026-09-28 03:37:49.113 -0300] INFO (83594): request completed
    route: "/v1/portal/crashes"
    method: "GET"
    status: 200
    duration_ms: 9
[2026-09-28 03:37:49.122 -0300] INFO (83594): request completed
    route: "/v1/portal/crashes/00000000-0000-7000-8000-00007ff00003"
    method: "GET"
    status: 200
    duration_ms: 8
[2026-09-28 03:37:49.131 -0300] INFO (83594): request completed
    route: "/v1/portal/exams"
    method: "GET"
    status: 200
    duration_ms: 8
[2026-09-28 03:37:49.137 -0300] INFO (83594): request completed
    route: "/v1/portal/exams/00000000-0000-7000-8000-00007ff00002"
    method: "GET"
    status: 404
    duration_ms: 4
[2026-09-28 03:37:49.144 -0300] INFO (83594): request completed
    route: "/v1/portal/manifestations"
    method: "GET"
    status: 200
    duration_ms: 6
[2026-09-28 03:37:49.149 -0300] INFO (83594): request completed
    route: "/v1/portal/service-charter/manifestar/deadline"
    method: "GET"
    status: 200
    duration_ms: 4
[2026-09-28 03:37:49.155 -0300] INFO (83594): request completed
    route: "/v1/portal/identity/representations"
    method: "GET"
    status: 200
    duration_ms: 4
[2026-09-28 03:37:49.160 -0300] INFO (83594): request completed
    route: "/v1/portal/services"
    method: "GET"
    status: 200
    duration_ms: 3
[2026-09-28 03:37:49.165 -0300] INFO (83594): request completed
    route: "/v1/portal/aits/00000000-0000-7000-8000-0000f0000002"
    method: "GET"
    status: 404
    duration_ms: 4
[2026-09-28 03:37:49.171 -0300] INFO (83594): request completed
    route: "/v1/portal/aits/00000000-0000-7000-8000-0000f0000002/points"
    method: "GET"
    status: 404
    duration_ms: 5
[2026-09-28 03:37:49.177 -0300] INFO (83594): request completed
    route: "/v1/portal/points-summary"
    method: "GET"
    status: 200
    duration_ms: 5
[2026-09-28 03:37:49.184 -0300] INFO (83594): request completed
    route: "/v1/portal/requests"
    method: "GET"
    status: 200
    duration_ms: 6
[2026-09-28 03:37:49.189 -0300] INFO (83594): request completed
    route: "/v1/portal/requests/00000000-0000-7000-8000-000070400e09"
    method: "GET"
    status: 404
    duration_ms: 4
[2026-09-28 03:37:49.194 -0300] INFO (83594): request completed
    route: "/v1/portal/requests/00000000-0000-7000-8000-000070400e09/receipt"
    method: "GET"
    status: 404
    duration_ms: 4
[2026-09-28 03:37:49.201 -0300] INFO (83594): request completed
    route: "/v1/portal/requests/00000000-0000-7000-8000-000070400e09/decision"
    method: "GET"
    status: 404
    duration_ms: 6
[2026-09-28 03:37:49.205 -0300] INFO (83594): request completed
    route: "/v1/portal/inbox"
    method: "GET"
    status: 200
    duration_ms: 4
[2026-09-28 03:37:49.210 -0300] INFO (83594): request completed
    route: "/v1/portal/sne/enrollment"
    method: "GET"
    status: 200
    duration_ms: 4
[2026-09-28 03:37:49.217 -0300] INFO (83594): request completed
    route: "/v1/portal/documents/cnh"
    method: "GET"
    status: 503
    duration_ms: 6
[2026-09-28 03:37:49.224 -0300] INFO (83594): request completed
    route: "/v1/portal/vehicles"
    method: "GET"
    status: 503
    duration_ms: 6
[2026-09-28 03:37:49.230 -0300] INFO (83594): request completed
    route: "/v1/portal/vehicles/00000000-0000-7000-8000-00007ff00001/clearance"
    method: "GET"
    status: 404
    duration_ms: 5
[2026-09-28 03:37:49.239 -0300] INFO (83594): request completed
    route: "/v1/portal/crashes"
    method: "GET"
    status: 200
    duration_ms: 8
[2026-09-28 03:37:49.244 -0300] INFO (83594): request completed
    route: "/v1/portal/crashes/00000000-0000-7000-8000-00007ff00003"
    method: "GET"
    status: 404
    duration_ms: 5
[2026-09-28 03:37:49.253 -0300] INFO (83594): request completed
    route: "/v1/portal/exams"
    method: "GET"
    status: 200
    duration_ms: 9
[2026-09-28 03:37:49.259 -0300] INFO (83594): request completed
    route: "/v1/portal/exams/00000000-0000-7000-8000-00007ff00002"
    method: "GET"
    status: 404
    duration_ms: 5
[2026-09-28 03:37:49.267 -0300] INFO (83594): request completed
    route: "/v1/portal/manifestations"
    method: "GET"
    status: 200
    duration_ms: 7
[2026-09-28 03:37:49.273 -0300] INFO (83594): request completed
    route: "/v1/portal/service-charter/manifestar/deadline"
    method: "GET"
    status: 200
    duration_ms: 4
[2026-09-28 03:37:49.278 -0300] INFO (83594): request completed
    route: "/v1/portal/identity/representations"
    method: "GET"
    status: 200
    duration_ms: 4
[2026-09-28 03:37:49.283 -0300] INFO (83594): request completed
    route: "/v1/portal/services"
    method: "GET"
    status: 200
    duration_ms: 4
[2026-09-28 03:37:49.290 -0300] INFO (83594): request completed
    route: "/v1/portal/aits/00000000-0000-7000-8000-0000f0000002"
    method: "GET"
    status: 404
    duration_ms: 5
[2026-09-28 03:37:49.297 -0300] INFO (83594): request completed
    route: "/v1/portal/aits/00000000-0000-7000-8000-0000f0000002/points"
    method: "GET"
    status: 404
    duration_ms: 6
[2026-09-28 03:37:49.305 -0300] INFO (83594): request completed
    route: "/v1/portal/points-summary"
    method: "GET"
    status: 200
    duration_ms: 6
[2026-09-28 03:37:49.314 -0300] INFO (83594): request completed
    route: "/v1/portal/requests"
    method: "GET"
    status: 200
    duration_ms: 7
[2026-09-28 03:37:49.321 -0300] INFO (83594): request completed
    route: "/v1/portal/requests/00000000-0000-7000-8000-000070400e09"
    method: "GET"
    status: 404
    duration_ms: 5
[2026-09-28 03:37:49.328 -0300] INFO (83594): request completed
    route: "/v1/portal/requests/00000000-0000-7000-8000-000070400e09/receipt"
    method: "GET"
    status: 404
    duration_ms: 4
[2026-09-28 03:37:49.334 -0300] INFO (83594): request completed
    route: "/v1/portal/requests/00000000-0000-7000-8000-000070400e09/decision"
    method: "GET"
    status: 404
    duration_ms: 5
[2026-09-28 03:37:49.342 -0300] INFO (83594): request completed
    route: "/v1/portal/inbox"
    method: "GET"
    status: 200
    duration_ms: 6
[2026-09-28 03:37:49.347 -0300] INFO (83594): request completed
    route: "/v1/portal/sne/enrollment"
    method: "GET"
    status: 200
    duration_ms: 5
[2026-09-28 03:37:49.359 -0300] INFO (83594): request completed
    route: "/v1/portal/documents/cnh"
    method: "GET"
    status: 200
    duration_ms: 11
[2026-09-28 03:37:49.368 -0300] INFO (83594): request completed
    route: "/v1/portal/vehicles"
    method: "GET"
    status: 200
    duration_ms: 8
[2026-09-28 03:37:49.375 -0300] INFO (83594): request completed
    route: "/v1/portal/vehicles/00000000-0000-7000-8000-00007ff00001/clearance"
    method: "GET"
    status: 404
    duration_ms: 5
[2026-09-28 03:37:49.384 -0300] INFO (83594): request completed
    route: "/v1/portal/crashes"
    method: "GET"
    status: 200
    duration_ms: 7
[2026-09-28 03:37:49.390 -0300] INFO (83594): request completed
    route: "/v1/portal/crashes/00000000-0000-7000-8000-00007ff00003"
    method: "GET"
    status: 404
    duration_ms: 5
[2026-09-28 03:37:49.401 -0300] INFO (83594): request completed
    route: "/v1/portal/exams"
    method: "GET"
    status: 200
    duration_ms: 9
[2026-09-28 03:37:49.411 -0300] INFO (83594): request completed
    route: "/v1/portal/exams/00000000-0000-7000-8000-00007ff00002"
    method: "GET"
    status: 200
    duration_ms: 9
[2026-09-28 03:37:49.418 -0300] INFO (83594): request completed
    route: "/v1/portal/manifestations"
    method: "GET"
    status: 200
    duration_ms: 6
[2026-09-28 03:37:49.422 -0300] INFO (83594): request completed
    route: "/v1/portal/service-charter/manifestar/deadline"
    method: "GET"
    status: 200
    duration_ms: 3
[2026-09-28 03:37:49.427 -0300] INFO (83594): request completed
    route: "/v1/portal/identity/representations"
    method: "GET"
    status: 200
    duration_ms: 4
[2026-09-28 03:37:49.434 -0300] INFO (83594): request completed
    route: "/v1/portal/services"
    method: "GET"
    status: 200
    duration_ms: 5
[2026-09-28 03:37:49.441 -0300] INFO (83594): request completed
    route: "/v1/portal/aits/00000000-0000-7000-8000-0000f0000002"
    method: "GET"
    status: 200
    duration_ms: 5
[2026-09-28 03:37:49.447 -0300] INFO (83594): request completed
    route: "/v1/portal/aits/00000000-0000-7000-8000-0000f0000002/points"
    method: "GET"
    status: 200
    duration_ms: 5
[2026-09-28 03:37:49.453 -0300] INFO (83594): request completed
    route: "/v1/portal/points-summary"
    method: "GET"
    status: 200
    duration_ms: 4
[2026-09-28 03:37:49.458 -0300] INFO (83594): request completed
    route: "/v1/portal/requests"
    method: "GET"
    status: 200
    duration_ms: 5
[2026-09-28 03:37:49.467 -0300] INFO (83594): request completed
    route: "/v1/portal/requests/00000000-0000-7000-8000-000070400e09"
    method: "GET"
    status: 200
    duration_ms: 7
[2026-09-28 03:37:49.473 -0300] INFO (83594): request completed
    route: "/v1/portal/requests/00000000-0000-7000-8000-000070400e09/receipt"
    method: "GET"
    status: 404
    duration_ms: 4
[2026-09-28 03:37:49.479 -0300] INFO (83594): request completed
    route: "/v1/portal/requests/00000000-0000-7000-8000-000070400e09/decision"
    method: "GET"
    status: 200
    duration_ms: 5
[2026-09-28 03:37:49.485 -0300] INFO (83594): request completed
    route: "/v1/portal/inbox"
    method: "GET"
    status: 200
    duration_ms: 4
[2026-09-28 03:37:49.490 -0300] INFO (83594): request completed
    route: "/v1/portal/sne/enrollment"
    method: "GET"
    status: 200
    duration_ms: 4
[2026-09-28 03:37:49.500 -0300] INFO (83594): request completed
    route: "/v1/portal/documents/cnh"
    method: "GET"
    status: 200
    duration_ms: 9
[2026-09-28 03:37:49.511 -0300] INFO (83594): request completed
    route: "/v1/portal/vehicles"
    method: "GET"
    status: 200
    duration_ms: 10
[2026-09-28 03:37:49.520 -0300] INFO (83594): request completed
    route: "/v1/portal/vehicles/00000000-0000-7000-8000-00007ff00001/clearance"
    method: "GET"
    status: 503
    duration_ms: 6
[2026-09-28 03:37:49.532 -0300] INFO (83594): request completed
    route: "/v1/portal/crashes"
    method: "GET"
    status: 200
    duration_ms: 9
[2026-09-28 03:37:49.540 -0300] INFO (83594): request completed
    route: "/v1/portal/crashes/00000000-0000-7000-8000-00007ff00003"
    method: "GET"
    status: 200
    duration_ms: 7
[2026-09-28 03:37:49.549 -0300] INFO (83594): request completed
    route: "/v1/portal/exams"
    method: "GET"
    status: 200
    duration_ms: 8
[2026-09-28 03:37:49.555 -0300] INFO (83594): request completed
    route: "/v1/portal/exams/00000000-0000-7000-8000-00007ff00002"
    method: "GET"
    status: 404
    duration_ms: 5
[2026-09-28 03:37:49.563 -0300] INFO (83594): request completed
    route: "/v1/portal/manifestations"
    method: "GET"
    status: 200
    duration_ms: 6
[2026-09-28 03:37:49.567 -0300] INFO (83594): request completed
    route: "/v1/portal/service-charter/manifestar/deadline"
    method: "GET"
    status: 200
    duration_ms: 4
[2026-09-28 03:37:49.575 -0300] INFO (83594): request completed
    route: "/v1/portal/identity/representations"
    method: "GET"
    status: 200
    duration_ms: 7
[2026-09-28 03:37:49.582 -0300] INFO (83594): request completed
    route: "/v1/portal/services"
    method: "GET"
    status: 200
    duration_ms: 5
[2026-09-28 03:37:49.588 -0300] INFO (83594): request completed
    route: "/v1/portal/aits/00000000-0000-7000-8000-0000f0000002"
    method: "GET"
    status: 404
    duration_ms: 5
[2026-09-28 03:37:49.594 -0300] INFO (83594): request completed
    route: "/v1/portal/aits/00000000-0000-7000-8000-0000f0000002/points"
    method: "GET"
    status: 404
    duration_ms: 5
[2026-09-28 03:37:49.600 -0300] INFO (83594): request completed
    route: "/v1/portal/points-summary"
    method: "GET"
    status: 200
    duration_ms: 5
[2026-09-28 03:37:49.608 -0300] INFO (83594): request completed
    route: "/v1/portal/requests"
    method: "GET"
    status: 200
    duration_ms: 6
[2026-09-28 03:37:49.613 -0300] INFO (83594): request completed
    route: "/v1/portal/requests/00000000-0000-7000-8000-000070400e09"
    method: "GET"
    status: 404
    duration_ms: 5
[2026-09-28 03:37:49.620 -0300] INFO (83594): request completed
    route: "/v1/portal/requests/00000000-0000-7000-8000-000070400e09/receipt"
    method: "GET"
    status: 404
    duration_ms: 5
[2026-09-28 03:37:49.625 -0300] INFO (83594): request completed
    route: "/v1/portal/requests/00000000-0000-7000-8000-000070400e09/decision"
    method: "GET"
    status: 404
    duration_ms: 5
[2026-09-28 03:37:49.632 -0300] INFO (83594): request completed
    route: "/v1/portal/inbox"
    method: "GET"
    status: 200
    duration_ms: 6
[2026-09-28 03:37:49.638 -0300] INFO (83594): request completed
    route: "/v1/portal/sne/enrollment"
    method: "GET"
    status: 200
    duration_ms: 4
[2026-09-28 03:37:49.645 -0300] INFO (83594): request completed
    route: "/v1/portal/documents/cnh"
    method: "GET"
    status: 503
    duration_ms: 6
[2026-09-28 03:37:49.652 -0300] INFO (83594): request completed
    route: "/v1/portal/vehicles"
    method: "GET"
    status: 503
    duration_ms: 5
[2026-09-28 03:37:49.657 -0300] INFO (83594): request completed
    route: "/v1/portal/vehicles/00000000-0000-7000-8000-00007ff00001/clearance"
    method: "GET"
    status: 404
    duration_ms: 4
[2026-09-28 03:37:49.668 -0300] INFO (83594): request completed
    route: "/v1/portal/crashes"
    method: "GET"
    status: 200
    duration_ms: 10
[2026-09-28 03:37:49.676 -0300] INFO (83594): request completed
    route: "/v1/portal/crashes/00000000-0000-7000-8000-00007ff00003"
    method: "GET"
    status: 404
    duration_ms: 5
[2026-09-28 03:37:49.686 -0300] INFO (83594): request completed
    route: "/v1/portal/exams"
    method: "GET"
    status: 200
    duration_ms: 8
[2026-09-28 03:37:49.693 -0300] INFO (83594): request completed
    route: "/v1/portal/exams/00000000-0000-7000-8000-00007ff00002"
    method: "GET"
    status: 404
    duration_ms: 4
[2026-09-28 03:37:49.701 -0300] INFO (83594): request completed
    route: "/v1/portal/manifestations"
    method: "GET"
    status: 200
    duration_ms: 7
[2026-09-28 03:37:49.707 -0300] INFO (83594): request completed
    route: "/v1/portal/service-charter/manifestar/deadline"
    method: "GET"
    status: 200
    duration_ms: 5
[2026-09-28 03:37:49.713 -0300] INFO (83594): request completed
    route: "/v1/portal/identity/representations"
    method: "GET"
    status: 200
    duration_ms: 5
[2026-09-28 03:37:49.720 -0300] INFO (83594): request completed
    route: "/v1/portal/services"
    method: "GET"
    status: 200
    duration_ms: 5
[2026-09-28 03:37:49.727 -0300] INFO (83594): request completed
    route: "/v1/portal/aits/00000000-0000-7000-8000-0000f0000002"
    method: "GET"
    status: 404
    duration_ms: 5
[2026-09-28 03:37:49.733 -0300] INFO (83594): request completed
    route: "/v1/portal/aits/00000000-0000-7000-8000-0000f0000002/points"
    method: "GET"
    status: 404
    duration_ms: 4
[2026-09-28 03:37:49.739 -0300] INFO (83594): request completed
    route: "/v1/portal/points-summary"
    method: "GET"
    status: 200
    duration_ms: 5
[2026-09-28 03:37:49.746 -0300] INFO (83594): request completed
    route: "/v1/portal/requests"
    method: "GET"
    status: 200
    duration_ms: 6
[2026-09-28 03:37:49.751 -0300] INFO (83594): request completed
    route: "/v1/portal/requests/00000000-0000-7000-8000-000070400e09"
    method: "GET"
    status: 404
    duration_ms: 5
[2026-09-28 03:37:49.758 -0300] INFO (83594): request completed
    route: "/v1/portal/requests/00000000-0000-7000-8000-000070400e09/receipt"
    method: "GET"
    status: 404
    duration_ms: 6
[2026-09-28 03:37:49.764 -0300] INFO (83594): request completed
    route: "/v1/portal/requests/00000000-0000-7000-8000-000070400e09/decision"
    method: "GET"
    status: 404
    duration_ms: 5
[2026-09-28 03:37:49.769 -0300] INFO (83594): request completed
    route: "/v1/portal/inbox"
    method: "GET"
    status: 200
    duration_ms: 5
[2026-09-28 03:37:49.774 -0300] INFO (83594): request completed
    route: "/v1/portal/sne/enrollment"
    method: "GET"
    status: 200
    duration_ms: 4
[2026-09-28 03:37:49.785 -0300] INFO (83594): request completed
    route: "/v1/portal/documents/cnh"
    method: "GET"
    status: 200
    duration_ms: 9
[2026-09-28 03:37:49.795 -0300] INFO (83594): request completed
    route: "/v1/portal/vehicles"
    method: "GET"
    status: 200
    duration_ms: 9
[2026-09-28 03:37:49.800 -0300] INFO (83594): request completed
    route: "/v1/portal/vehicles/00000000-0000-7000-8000-00007ff00001/clearance"
    method: "GET"
    status: 404
    duration_ms: 4
[2026-09-28 03:37:49.810 -0300] INFO (83594): request completed
    route: "/v1/portal/crashes"
    method: "GET"
    status: 200
    duration_ms: 9
[2026-09-28 03:37:49.819 -0300] INFO (83594): request completed
    route: "/v1/portal/crashes/00000000-0000-7000-8000-00007ff00003"
    method: "GET"
    status: 404
    duration_ms: 8
[2026-09-28 03:37:49.837 -0300] INFO (83594): request completed
    route: "/v1/portal/exams"
    method: "GET"
    status: 200
    duration_ms: 13
[2026-09-28 03:37:49.847 -0300] INFO (83594): request completed
    route: "/v1/portal/exams/00000000-0000-7000-8000-00007ff00002"
    method: "GET"
    status: 200
    duration_ms: 8
[2026-09-28 03:37:49.853 -0300] INFO (83594): request completed
    route: "/v1/portal/manifestations"
    method: "GET"
    status: 200
    duration_ms: 5
[2026-09-28 03:37:49.857 -0300] INFO (83594): request completed
    route: "/v1/portal/service-charter/manifestar/deadline"
    method: "GET"
    status: 200
    duration_ms: 3
[2026-09-28 03:37:49.862 -0300] INFO (83594): request completed
    route: "/v1/portal/identity/representations"
    method: "GET"
    status: 200
    duration_ms: 4
[2026-09-28 03:37:49.866 -0300] INFO (83594): request completed
    route: "/v1/portal/services"
    method: "GET"
    status: 200
    duration_ms: 3
[2026-09-28 03:37:49.871 -0300] INFO (83594): request completed
    route: "/v1/portal/aits/00000000-0000-7000-8000-0000f0000002"
    method: "GET"
    status: 200
    duration_ms: 4
[2026-09-28 03:37:49.876 -0300] INFO (83594): request completed
    route: "/v1/portal/aits/00000000-0000-7000-8000-0000f0000002/points"
    method: "GET"
    status: 200
    duration_ms: 4
[2026-09-28 03:37:49.881 -0300] INFO (83594): request completed
    route: "/v1/portal/points-summary"
    method: "GET"
    status: 200
    duration_ms: 4
[2026-09-28 03:37:49.888 -0300] INFO (83594): request completed
    route: "/v1/portal/requests"
    method: "GET"
    status: 200
    duration_ms: 6
[2026-09-28 03:37:49.894 -0300] INFO (83594): request completed
    route: "/v1/portal/requests/00000000-0000-7000-8000-000070400e09"
    method: "GET"
    status: 200
    duration_ms: 5
[2026-09-28 03:37:49.900 -0300] INFO (83594): request completed
    route: "/v1/portal/requests/00000000-0000-7000-8000-000070400e09/receipt"
    method: "GET"
    status: 404
    duration_ms: 5
[2026-09-28 03:37:49.907 -0300] INFO (83594): request completed
    route: "/v1/portal/requests/00000000-0000-7000-8000-000070400e09/decision"
    method: "GET"
    status: 200
    duration_ms: 5
[2026-09-28 03:37:49.912 -0300] INFO (83594): request completed
    route: "/v1/portal/inbox"
    method: "GET"
    status: 200
    duration_ms: 4
[2026-09-28 03:37:49.918 -0300] INFO (83594): request completed
    route: "/v1/portal/sne/enrollment"
    method: "GET"
    status: 200
    duration_ms: 5
[2026-09-28 03:37:49.927 -0300] INFO (83594): request completed
    route: "/v1/portal/documents/cnh"
    method: "GET"
    status: 200
    duration_ms: 8
[2026-09-28 03:37:49.939 -0300] INFO (83594): request completed
    route: "/v1/portal/vehicles"
    method: "GET"
    status: 200
    duration_ms: 11
[2026-09-28 03:37:49.946 -0300] INFO (83594): request completed
    route: "/v1/portal/vehicles/00000000-0000-7000-8000-00007ff00001/clearance"
    method: "GET"
    status: 503
    duration_ms: 6
[2026-09-28 03:37:49.956 -0300] INFO (83594): request completed
    route: "/v1/portal/crashes"
    method: "GET"
    status: 200
    duration_ms: 10
[2026-09-28 03:37:49.968 -0300] INFO (83594): request completed
    route: "/v1/portal/crashes/00000000-0000-7000-8000-00007ff00003"
    method: "GET"
    status: 200
    duration_ms: 10
[2026-09-28 03:37:49.977 -0300] INFO (83594): request completed
    route: "/v1/portal/exams"
    method: "GET"
    status: 200
    duration_ms: 7
[2026-09-28 03:37:49.982 -0300] INFO (83594): request completed
    route: "/v1/portal/exams/00000000-0000-7000-8000-00007ff00002"
    method: "GET"
    status: 404
    duration_ms: 4
[2026-09-28 03:37:49.989 -0300] INFO (83594): request completed
    route: "/v1/portal/manifestations"
    method: "GET"
    status: 200
    duration_ms: 6
[2026-09-28 03:37:49.993 -0300] INFO (83594): request completed
    route: "/v1/portal/service-charter/manifestar/deadline"
    method: "GET"
    status: 200
    duration_ms: 3
[2026-09-28 03:37:49.997 -0300] INFO (83594): request completed
    route: "/v1/portal/identity/representations"
    method: "GET"
    status: 200
    duration_ms: 3
[2026-09-28 03:37:50.001 -0300] INFO (83594): request completed
    route: "/v1/portal/services"
    method: "GET"
    status: 200
    duration_ms: 3
[2026-09-28 03:37:50.006 -0300] INFO (83594): request completed
    route: "/v1/portal/aits/00000000-0000-7000-8000-0000f0000002"
    method: "GET"
    status: 404
    duration_ms: 4
[2026-09-28 03:37:50.011 -0300] INFO (83594): request completed
    route: "/v1/portal/aits/00000000-0000-7000-8000-0000f0000002/points"
    method: "GET"
    status: 404
    duration_ms: 4
[2026-09-28 03:37:50.016 -0300] INFO (83594): request completed
    route: "/v1/portal/points-summary"
    method: "GET"
    status: 200
    duration_ms: 5
[2026-09-28 03:37:50.023 -0300] INFO (83594): request completed
    route: "/v1/portal/requests"
    method: "GET"
    status: 200
    duration_ms: 5
[2026-09-28 03:37:50.028 -0300] INFO (83594): request completed
    route: "/v1/portal/requests/00000000-0000-7000-8000-000070400e09"
    method: "GET"
    status: 404
    duration_ms: 4
[2026-09-28 03:37:50.033 -0300] INFO (83594): request completed
    route: "/v1/portal/requests/00000000-0000-7000-8000-000070400e09/receipt"
    method: "GET"
    status: 404
    duration_ms: 4
[2026-09-28 03:37:50.039 -0300] INFO (83594): request completed
    route: "/v1/portal/requests/00000000-0000-7000-8000-000070400e09/decision"
    method: "GET"
    status: 404
    duration_ms: 5
[2026-09-28 03:37:50.045 -0300] INFO (83594): request completed
    route: "/v1/portal/inbox"
    method: "GET"
    status: 200
    duration_ms: 5
[2026-09-28 03:37:50.050 -0300] INFO (83594): request completed
    route: "/v1/portal/sne/enrollment"
    method: "GET"
    status: 200
    duration_ms: 4
[2026-09-28 03:37:50.057 -0300] INFO (83594): request completed
    route: "/v1/portal/documents/cnh"
    method: "GET"
    status: 503
    duration_ms: 6
[2026-09-28 03:37:50.062 -0300] INFO (83594): request completed
    route: "/v1/portal/vehicles"
    method: "GET"
    status: 503
    duration_ms: 4
[2026-09-28 03:37:50.067 -0300] INFO (83594): request completed
    route: "/v1/portal/vehicles/00000000-0000-7000-8000-00007ff00001/clearance"
    method: "GET"
    status: 404
    duration_ms: 4
[2026-09-28 03:37:50.078 -0300] INFO (83594): request completed
    route: "/v1/portal/crashes"
    method: "GET"
    status: 200
    duration_ms: 10
[2026-09-28 03:37:50.085 -0300] INFO (83594): request completed
    route: "/v1/portal/crashes/00000000-0000-7000-8000-00007ff00003"
    method: "GET"
    status: 404
    duration_ms: 6
[2026-09-28 03:37:50.096 -0300] INFO (83594): request completed
    route: "/v1/portal/exams"
    method: "GET"
    status: 200
    duration_ms: 10
[2026-09-28 03:37:50.103 -0300] INFO (83594): request completed
    route: "/v1/portal/exams/00000000-0000-7000-8000-00007ff00002"
    method: "GET"
    status: 404
    duration_ms: 5
[2026-09-28 03:37:50.109 -0300] INFO (83594): request completed
    route: "/v1/portal/manifestations"
    method: "GET"
    status: 200
    duration_ms: 5
[2026-09-28 03:37:50.113 -0300] INFO (83594): request completed
    route: "/v1/portal/service-charter/manifestar/deadline"
    method: "GET"
    status: 200
    duration_ms: 3
[2026-09-28 03:37:50.118 -0300] INFO (83594): request completed
    route: "/v1/portal/identity/representations"
    method: "GET"
    status: 200
    duration_ms: 4
[2026-09-28 03:37:50.122 -0300] INFO (83594): request completed
    route: "/v1/portal/services"
    method: "GET"
    status: 200
    duration_ms: 3
[2026-09-28 03:37:50.127 -0300] INFO (83594): request completed
    route: "/v1/portal/aits/00000000-0000-7000-8000-0000f0000002"
    method: "GET"
    status: 404
    duration_ms: 4
[2026-09-28 03:37:50.131 -0300] INFO (83594): request completed
    route: "/v1/portal/aits/00000000-0000-7000-8000-0000f0000002/points"
    method: "GET"
    status: 404
    duration_ms: 3
[2026-09-28 03:37:50.137 -0300] INFO (83594): request completed
    route: "/v1/portal/points-summary"
    method: "GET"
    status: 200
    duration_ms: 5
[2026-09-28 03:37:50.145 -0300] INFO (83594): request completed
    route: "/v1/portal/requests"
    method: "GET"
    status: 200
    duration_ms: 5
[2026-09-28 03:37:50.150 -0300] INFO (83594): request completed
    route: "/v1/portal/requests/00000000-0000-7000-8000-000070400e09"
    method: "GET"
    status: 404
    duration_ms: 4
[2026-09-28 03:37:50.156 -0300] INFO (83594): request completed
    route: "/v1/portal/requests/00000000-0000-7000-8000-000070400e09/receipt"
    method: "GET"
    status: 404
    duration_ms: 4
[2026-09-28 03:37:50.161 -0300] INFO (83594): request completed
    route: "/v1/portal/requests/00000000-0000-7000-8000-000070400e09/decision"
    method: "GET"
    status: 404
    duration_ms: 4
[2026-09-28 03:37:50.167 -0300] INFO (83594): request completed
    route: "/v1/portal/inbox"
    method: "GET"
    status: 200
    duration_ms: 5
[2026-09-28 03:37:50.173 -0300] INFO (83594): request completed
    route: "/v1/portal/sne/enrollment"
    method: "GET"
    status: 200
    duration_ms: 5
[2026-09-28 03:37:50.185 -0300] INFO (83594): request completed
    route: "/v1/portal/documents/cnh"
    method: "GET"
    status: 200
    duration_ms: 11
[2026-09-28 03:37:50.199 -0300] INFO (83594): request completed
    route: "/v1/portal/vehicles"
    method: "GET"
    status: 200
    duration_ms: 12
[2026-09-28 03:37:50.208 -0300] INFO (83594): request completed
    route: "/v1/portal/vehicles/00000000-0000-7000-8000-00007ff00001/clearance"
    method: "GET"
    status: 404
    duration_ms: 7
[2026-09-28 03:37:50.219 -0300] INFO (83594): request completed
    route: "/v1/portal/crashes"
    method: "GET"
    status: 200
    duration_ms: 9
[2026-09-28 03:37:50.225 -0300] INFO (83594): request completed
    route: "/v1/portal/crashes/00000000-0000-7000-8000-00007ff00003"
    method: "GET"
    status: 404
    duration_ms: 5
[2026-09-28 03:37:50.238 -0300] INFO (83594): request completed
    route: "/v1/portal/exams"
    method: "GET"
    status: 200
    duration_ms: 12
[2026-09-28 03:37:50.248 -0300] INFO (83594): request completed
    route: "/v1/portal/exams/00000000-0000-7000-8000-00007ff00002"
    method: "GET"
    status: 200
    duration_ms: 9
[2026-09-28 03:37:50.254 -0300] INFO (83594): request completed
    route: "/v1/portal/manifestations"
    method: "GET"
    status: 200
    duration_ms: 6
[2026-09-28 03:37:50.259 -0300] INFO (83594): request completed
    route: "/v1/portal/service-charter/manifestar/deadline"
    method: "GET"
    status: 200
    duration_ms: 4
[2026-09-28 03:37:50.263 -0300] INFO (83594): request completed
    route: "/v1/portal/identity/representations"
    method: "GET"
    status: 200
    duration_ms: 4
[2026-09-28 03:37:50.267 -0300] INFO (83594): request completed
    route: "/v1/portal/services"
    method: "GET"
    status: 200
    duration_ms: 3
[2026-09-28 03:37:50.273 -0300] INFO (83594): request completed
    route: "/v1/portal/aits/00000000-0000-7000-8000-0000f0000002"
    method: "GET"
    status: 200
    duration_ms: 5
[2026-09-28 03:37:50.279 -0300] INFO (83594): request completed
    route: "/v1/portal/aits/00000000-0000-7000-8000-0000f0000002/points"
    method: "GET"
    status: 200
    duration_ms: 5
[2026-09-28 03:37:50.284 -0300] INFO (83594): request completed
    route: "/v1/portal/points-summary"
    method: "GET"
    status: 200
    duration_ms: 4
[2026-09-28 03:37:50.293 -0300] INFO (83594): request completed
    route: "/v1/portal/requests"
    method: "GET"
    status: 200
    duration_ms: 8
[2026-09-28 03:37:50.302 -0300] INFO (83594): request completed
    route: "/v1/portal/requests/00000000-0000-7000-8000-000070400e09"
    method: "GET"
    status: 200
    duration_ms: 7
[2026-09-28 03:37:50.307 -0300] INFO (83594): request completed
    route: "/v1/portal/requests/00000000-0000-7000-8000-000070400e09/receipt"
    method: "GET"
    status: 404
    duration_ms: 4
[2026-09-28 03:37:50.314 -0300] INFO (83594): request completed
    route: "/v1/portal/requests/00000000-0000-7000-8000-000070400e09/decision"
    method: "GET"
    status: 200
    duration_ms: 6
[2026-09-28 03:37:50.320 -0300] INFO (83594): request completed
    route: "/v1/portal/inbox"
    method: "GET"
    status: 200
    duration_ms: 5
[2026-09-28 03:37:50.325 -0300] INFO (83594): request completed
    route: "/v1/portal/sne/enrollment"
    method: "GET"
    status: 200
    duration_ms: 4
[2026-09-28 03:37:50.338 -0300] INFO (83594): request completed
    route: "/v1/portal/documents/cnh"
    method: "GET"
    status: 200
    duration_ms: 12
[2026-09-28 03:37:50.351 -0300] INFO (83594): request completed
    route: "/v1/portal/vehicles"
    method: "GET"
    status: 200
    duration_ms: 13
[2026-09-28 03:37:50.361 -0300] INFO (83594): request completed
    route: "/v1/portal/vehicles/00000000-0000-7000-8000-00007ff00001/clearance"
    method: "GET"
    status: 503
    duration_ms: 9
[2026-09-28 03:37:50.372 -0300] INFO (83594): request completed
    route: "/v1/portal/crashes"
    method: "GET"
    status: 200
    duration_ms: 9
[2026-09-28 03:37:50.381 -0300] INFO (83594): request completed
    route: "/v1/portal/crashes/00000000-0000-7000-8000-00007ff00003"
    method: "GET"
    status: 200
    duration_ms: 8
[2026-09-28 03:37:50.392 -0300] INFO (83594): request completed
    route: "/v1/portal/exams"
    method: "GET"
    status: 200
    duration_ms: 10
[2026-09-28 03:37:50.398 -0300] INFO (83594): request completed
    route: "/v1/portal/exams/00000000-0000-7000-8000-00007ff00002"
    method: "GET"
    status: 404
    duration_ms: 5
[2026-09-28 03:37:50.407 -0300] INFO (83594): request completed
    route: "/v1/portal/manifestations"
    method: "GET"
    status: 200
    duration_ms: 8
[2026-09-28 03:37:50.412 -0300] INFO (83594): request completed
    route: "/v1/portal/service-charter/manifestar/deadline"
    method: "GET"
    status: 200
    duration_ms: 4
[2026-09-28 03:37:50.417 -0300] INFO (83594): request completed
    route: "/v1/portal/identity/representations"
    method: "GET"
    status: 200
    duration_ms: 3
[2026-09-28 03:37:50.421 -0300] INFO (83594): request completed
    route: "/v1/portal/services"
    method: "GET"
    status: 200
    duration_ms: 3
[2026-09-28 03:37:50.426 -0300] INFO (83594): request completed
    route: "/v1/portal/aits/00000000-0000-7000-8000-0000f0000002"
    method: "GET"
    status: 404
    duration_ms: 4
[2026-09-28 03:37:50.432 -0300] INFO (83594): request completed
    route: "/v1/portal/aits/00000000-0000-7000-8000-0000f0000002/points"
    method: "GET"
    status: 404
    duration_ms: 5
[2026-09-28 03:37:50.438 -0300] INFO (83594): request completed
    route: "/v1/portal/points-summary"
    method: "GET"
    status: 200
    duration_ms: 5
[2026-09-28 03:37:50.445 -0300] INFO (83594): request completed
    route: "/v1/portal/requests"
    method: "GET"
    status: 200
    duration_ms: 5
[2026-09-28 03:37:50.451 -0300] INFO (83594): request completed
    route: "/v1/portal/requests/00000000-0000-7000-8000-000070400e09"
    method: "GET"
    status: 404
    duration_ms: 5
[2026-09-28 03:37:50.456 -0300] INFO (83594): request completed
    route: "/v1/portal/requests/00000000-0000-7000-8000-000070400e09/receipt"
    method: "GET"
    status: 404
    duration_ms: 4
[2026-09-28 03:37:50.462 -0300] INFO (83594): request completed
    route: "/v1/portal/requests/00000000-0000-7000-8000-000070400e09/decision"
    method: "GET"
    status: 404
    duration_ms: 5
[2026-09-28 03:37:50.468 -0300] INFO (83594): request completed
    route: "/v1/portal/inbox"
    method: "GET"
    status: 200
    duration_ms: 5
[2026-09-28 03:37:50.474 -0300] INFO (83594): request completed
    route: "/v1/portal/sne/enrollment"
    method: "GET"
    status: 200
    duration_ms: 4
[2026-09-28 03:37:50.481 -0300] INFO (83594): request completed
    route: "/v1/portal/documents/cnh"
    method: "GET"
    status: 503
    duration_ms: 6
[2026-09-28 03:37:50.489 -0300] INFO (83594): request completed
    route: "/v1/portal/vehicles"
    method: "GET"
    status: 503
    duration_ms: 7
[2026-09-28 03:37:50.497 -0300] INFO (83594): request completed
    route: "/v1/portal/vehicles/00000000-0000-7000-8000-00007ff00001/clearance"
    method: "GET"
    status: 404
    duration_ms: 6
[2026-09-28 03:37:50.506 -0300] INFO (83594): request completed
    route: "/v1/portal/crashes"
    method: "GET"
    status: 200
    duration_ms: 9
[2026-09-28 03:37:50.513 -0300] INFO (83594): request completed
    route: "/v1/portal/crashes/00000000-0000-7000-8000-00007ff00003"
    method: "GET"
    status: 404
    duration_ms: 5
[2026-09-28 03:37:50.523 -0300] INFO (83594): request completed
    route: "/v1/portal/exams"
    method: "GET"
    status: 200
    duration_ms: 8
[2026-09-28 03:37:50.530 -0300] INFO (83594): request completed
    route: "/v1/portal/exams/00000000-0000-7000-8000-00007ff00002"
    method: "GET"
    status: 404
    duration_ms: 5
[2026-09-28 03:37:50.536 -0300] INFO (83594): request completed
    route: "/v1/portal/manifestations"
    method: "GET"
    status: 200
    duration_ms: 5
[2026-09-28 03:37:50.541 -0300] INFO (83594): request completed
    route: "/v1/portal/service-charter/manifestar/deadline"
    method: "GET"
    status: 200
    duration_ms: 4
[2026-09-28 03:37:50.547 -0300] INFO (83594): request completed
    route: "/v1/portal/identity/representations"
    method: "GET"
    status: 200
    duration_ms: 5
[2026-09-28 03:37:50.551 -0300] INFO (83594): request completed
    route: "/v1/portal/services"
    method: "GET"
    status: 200
    duration_ms: 3
[2026-09-28 03:37:50.556 -0300] INFO (83594): request completed
    route: "/v1/portal/aits/00000000-0000-7000-8000-0000f0000002"
    method: "GET"
    status: 404
    duration_ms: 4
[2026-09-28 03:37:50.563 -0300] INFO (83594): request completed
    route: "/v1/portal/aits/00000000-0000-7000-8000-0000f0000002/points"
    method: "GET"
    status: 404
    duration_ms: 6
[2026-09-28 03:37:50.571 -0300] INFO (83594): request completed
    route: "/v1/portal/points-summary"
    method: "GET"
    status: 200
    duration_ms: 6
[2026-09-28 03:37:50.579 -0300] INFO (83594): request completed
    route: "/v1/portal/requests"
    method: "GET"
    status: 200
    duration_ms: 5
[2026-09-28 03:37:50.585 -0300] INFO (83594): request completed
    route: "/v1/portal/requests/00000000-0000-7000-8000-000070400e09"
    method: "GET"
    status: 404
    duration_ms: 4
[2026-09-28 03:37:50.590 -0300] INFO (83594): request completed
    route: "/v1/portal/requests/00000000-0000-7000-8000-000070400e09/receipt"
    method: "GET"
    status: 404
    duration_ms: 4
[2026-09-28 03:37:50.597 -0300] INFO (83594): request completed
    route: "/v1/portal/requests/00000000-0000-7000-8000-000070400e09/decision"
    method: "GET"
    status: 404
    duration_ms: 6
[2026-09-28 03:37:50.604 -0300] INFO (83594): request completed
    route: "/v1/portal/inbox"
    method: "GET"
    status: 200
    duration_ms: 5
[2026-09-28 03:37:50.609 -0300] INFO (83594): request completed
    route: "/v1/portal/sne/enrollment"
    method: "GET"
    status: 200
    duration_ms: 5
[2026-09-28 03:37:50.620 -0300] INFO (83594): request completed
    route: "/v1/portal/documents/cnh"
    method: "GET"
    status: 200
    duration_ms: 10
[2026-09-28 03:37:50.630 -0300] INFO (83594): request completed
    route: "/v1/portal/vehicles"
    method: "GET"
    status: 200
    duration_ms: 8
[2026-09-28 03:37:50.636 -0300] INFO (83594): request completed
    route: "/v1/portal/vehicles/00000000-0000-7000-8000-00007ff00001/clearance"
    method: "GET"
    status: 404
    duration_ms: 4
[2026-09-28 03:37:50.644 -0300] INFO (83594): request completed
    route: "/v1/portal/crashes"
    method: "GET"
    status: 200
    duration_ms: 7
[2026-09-28 03:37:50.651 -0300] INFO (83594): request completed
    route: "/v1/portal/crashes/00000000-0000-7000-8000-00007ff00003"
    method: "GET"
    status: 404
    duration_ms: 5
[2026-09-28 03:37:50.661 -0300] INFO (83594): request completed
    route: "/v1/portal/exams"
    method: "GET"
    status: 200
    duration_ms: 8
[2026-09-28 03:37:50.671 -0300] INFO (83594): request completed
    route: "/v1/portal/exams/00000000-0000-7000-8000-00007ff00002"
    method: "GET"
    status: 200
    duration_ms: 9
[2026-09-28 03:37:50.678 -0300] INFO (83594): request completed
    route: "/v1/portal/manifestations"
    method: "GET"
    status: 200
    duration_ms: 6
[2026-09-28 03:37:50.683 -0300] INFO (83594): request completed
    route: "/v1/portal/service-charter/manifestar/deadline"
    method: "GET"
    status: 200
    duration_ms: 4
[2026-09-28 03:37:50.695 -0300] INFO (83594): request completed
    route: "/v1/portal/identity/me"
    method: "GET"
    status: 200
    duration_ms: 10
[2026-09-28 03:37:50.701 -0300] INFO (83594): request completed
    route: "/v1/portal/identity/representations"
    method: "GET"
    status: 200
    duration_ms: 4
[2026-09-28 03:37:50.705 -0300] INFO (83594): request completed
    route: "/v1/portal/services"
    method: "GET"
    status: 200
    duration_ms: 3
[2026-09-28 03:37:50.712 -0300] INFO (83594): request completed
    route: "/v1/portal/aits/00000000-0000-7000-8000-0000f0000002"
    method: "GET"
    status: 200
    duration_ms: 5
[2026-09-28 03:37:50.717 -0300] INFO (83594): request completed
    route: "/v1/portal/aits/00000000-0000-7000-8000-0000f0000002/points"
    method: "GET"
    status: 200
    duration_ms: 4
[2026-09-28 03:37:50.722 -0300] INFO (83594): request completed
    route: "/v1/portal/points-summary"
    method: "GET"
    status: 200
    duration_ms: 4
[2026-09-28 03:37:50.729 -0300] INFO (83594): request completed
    route: "/v1/portal/requests"
    method: "GET"
    status: 200
    duration_ms: 5
[2026-09-28 03:37:50.736 -0300] INFO (83594): request completed
    route: "/v1/portal/requests/00000000-0000-7000-8000-000070400e09"
    method: "GET"
    status: 200
    duration_ms: 6
[2026-09-28 03:37:50.741 -0300] INFO (83594): request completed
    route: "/v1/portal/requests/00000000-0000-7000-8000-000070400e09/receipt"
    method: "GET"
    status: 404
    duration_ms: 4
[2026-09-28 03:37:50.747 -0300] INFO (83594): request completed
    route: "/v1/portal/requests/00000000-0000-7000-8000-000070400e09/decision"
    method: "GET"
    status: 200
    duration_ms: 5
[2026-09-28 03:37:50.753 -0300] INFO (83594): request completed
    route: "/v1/portal/inbox"
    method: "GET"
    status: 200
    duration_ms: 5
[2026-09-28 03:37:50.760 -0300] INFO (83594): request completed
    route: "/v1/portal/sne/enrollment"
    method: "GET"
    status: 200
    duration_ms: 4
[2026-09-28 03:37:50.769 -0300] INFO (83594): request completed
    route: "/v1/portal/documents/cnh"
    method: "GET"
    status: 200
    duration_ms: 8
[2026-09-28 03:37:50.781 -0300] INFO (83594): request completed
    route: "/v1/portal/vehicles"
    method: "GET"
    status: 200
    duration_ms: 10
[2026-09-28 03:37:50.788 -0300] INFO (83594): request completed
    route: "/v1/portal/vehicles/00000000-0000-7000-8000-00007ff00001/clearance"
    method: "GET"
    status: 503
    duration_ms: 7
[2026-09-28 03:37:50.797 -0300] INFO (83594): request completed
    route: "/v1/portal/crashes"
    method: "GET"
    status: 200
    duration_ms: 7
[2026-09-28 03:37:50.806 -0300] INFO (83594): request completed
    route: "/v1/portal/crashes/00000000-0000-7000-8000-00007ff00003"
    method: "GET"
    status: 200
    duration_ms: 8
[2026-09-28 03:37:50.814 -0300] INFO (83594): request completed
    route: "/v1/portal/exams"
    method: "GET"
    status: 200
    duration_ms: 7
[2026-09-28 03:37:50.820 -0300] INFO (83594): request completed
    route: "/v1/portal/exams/00000000-0000-7000-8000-00007ff00002"
    method: "GET"
    status: 404
    duration_ms: 5
[2026-09-28 03:37:50.828 -0300] INFO (83594): request completed
    route: "/v1/portal/manifestations"
    method: "GET"
    status: 200
    duration_ms: 5
[2026-09-28 03:37:50.833 -0300] INFO (83594): request completed
    route: "/v1/portal/service-charter/manifestar/deadline"
    method: "GET"
    status: 200
    duration_ms: 4
[2026-09-28 03:37:50.842 -0300] INFO (83594): request completed
    route: "/v1/portal/identity/me"
    method: "GET"
    status: 200
    duration_ms: 7
[2026-09-28 03:37:50.862 -0300] INFO (83594): request completed
    route: "/v1/portal/requests"
    method: "POST"
    status: 422
    duration_ms: 11
[2026-09-28 03:37:50.872 -0300] INFO (83594): request completed
    route: "/v1/portal/requests"
    method: "POST"
    status: 422
    duration_ms: 8
[2026-09-28 03:37:50.881 -0300] INFO (83594): request completed
    route: "/v1/portal/requests"
    method: "POST"
    status: 422
    duration_ms: 8
[2026-09-28 03:37:50.890 -0300] INFO (83594): request completed
    route: "/v1/portal/requests"
    method: "POST"
    status: 422
    duration_ms: 8
[2026-09-28 03:37:50.898 -0300] INFO (83594): request completed
    route: "/v1/portal/requests"
    method: "POST"
    status: 422
    duration_ms: 7
[2026-09-28 03:37:50.907 -0300] INFO (83594): request completed
    route: "/v1/portal/requests"
    method: "POST"
    status: 422
    duration_ms: 7
[2026-09-28 03:37:50.925 -0300] INFO (83594): request completed
    route: "/v1/portal/identity/preferences"
    method: "PUT"
    status: 422
    duration_ms: 17
[2026-09-28 03:37:50.935 -0300] INFO (83594): request completed
    route: "/v1/portal/requests"
    method: "POST"
    status: 404
    duration_ms: 7
[2026-09-28 03:37:54.058 -0300] INFO (83625): request completed
    route: "/v1/ops/stream"
    method: "GET"
    status: 403
    duration_ms: 3
[2026-09-28 03:37:57.195 -0300] INFO (83625): request completed
    request_id: "01a0e6bc-0646-764c-9312-390d6ce18d12"
    tenant_id: "00000000-0000-7000-8000-00000000a001"
    actor_id: "00000000-0000-4000-8000-0000b0000001"
    route: "/v1/ops/stream"
    method: "GET"
    status: 204
    duration_ms: 8
[2026-09-28 03:38:02.036 -0300] INFO (83855): request completed
    route: "/v1/dashboard/alerts"
    method: "GET"
    status: 403
    duration_ms: 69
[2026-09-28 03:38:02.062 -0300] INFO (83855): request completed
    route: "/v1/dashboard/alerts/00000000-0000-7000-8000-000081000102"
    method: "GET"
    status: 403
    duration_ms: 23
[2026-09-28 03:38:02.071 -0300] INFO (83855): request completed
    route: "/v1/dashboard/alerts"
    method: "GET"
    status: 403
    duration_ms: 1
[2026-09-28 03:38:02.073 -0300] INFO (83855): request completed
    route: "/v1/dashboard/alerts/00000000-0000-7000-8000-000081000102"
    method: "GET"
    status: 403
    duration_ms: 1
[2026-09-28 03:38:02.074 -0300] INFO (83855): request completed
    route: "/v1/dashboard/stream"
    method: "GET"
    status: 403
    duration_ms: 0
[2026-09-28 03:38:02.076 -0300] INFO (83855): request completed
    route: "/v1/dashboard/alerts"
    method: "GET"
    status: 403
    duration_ms: 0
[2026-09-28 03:38:02.077 -0300] INFO (83855): request completed
    route: "/v1/dashboard/alerts/00000000-0000-7000-8000-000081000102"
    method: "GET"
    status: 403
    duration_ms: 0
[2026-09-28 03:38:02.078 -0300] INFO (83855): request completed
    route: "/v1/dashboard/stream"
    method: "GET"
    status: 403
    duration_ms: 0
[2026-09-28 03:38:02.079 -0300] INFO (83855): request completed
    route: "/v1/dashboard/alerts"
    method: "GET"
    status: 403
    duration_ms: 0
[2026-09-28 03:38:02.081 -0300] INFO (83855): request completed
    route: "/v1/dashboard/alerts/00000000-0000-7000-8000-000081000102"
    method: "GET"
    status: 403
    duration_ms: 1
[2026-09-28 03:38:02.081 -0300] INFO (83855): request completed
    route: "/v1/dashboard/stream"
    method: "GET"
    status: 403
    duration_ms: 0
[2026-09-28 03:38:02.082 -0300] INFO (83855): request completed
    route: "/v1/dashboard/alerts"
    method: "GET"
    status: 403
    duration_ms: 0
[2026-09-28 03:38:02.083 -0300] INFO (83855): request completed
    route: "/v1/dashboard/alerts/00000000-0000-7000-8000-000081000102"
    method: "GET"
    status: 403
    duration_ms: 0
[2026-09-28 03:38:02.084 -0300] INFO (83855): request completed
    route: "/v1/dashboard/stream"
    method: "GET"
    status: 403
    duration_ms: 0
[2026-09-28 03:38:02.085 -0300] INFO (83855): request completed
    route: "/v1/dashboard/alerts"
    method: "GET"
    status: 403
    duration_ms: 0
[2026-09-28 03:38:02.086 -0300] INFO (83855): request completed
    route: "/v1/dashboard/alerts/00000000-0000-7000-8000-000081000102"
    method: "GET"
    status: 403
    duration_ms: 0
[2026-09-28 03:38:02.087 -0300] INFO (83855): request completed
    route: "/v1/dashboard/stream"
    method: "GET"
    status: 403
    duration_ms: 0
[2026-09-28 03:38:02.125 -0300] INFO (83855): request completed
    route: "/v1/dashboard/alerts"
    method: "GET"
    status: 200
    duration_ms: 38
[2026-09-28 03:38:02.163 -0300] INFO (83855): request completed
    route: "/v1/dashboard/alerts/00000000-0000-7000-8000-000081000102"
    method: "GET"
    status: 200
    duration_ms: 37
[2026-09-28 03:38:02.257 -0300] INFO (83855): request completed
    route: "/v1/dashboard/alerts"
    method: "GET"
    status: 200
    duration_ms: 89
[2026-09-28 03:38:02.295 -0300] INFO (83855): request completed
    route: "/v1/dashboard/alerts/00000000-0000-7000-8000-000081000102"
    method: "GET"
    status: 200
    duration_ms: 37
[2026-09-28 03:38:02.301 -0300] INFO (83855): request completed
    route: "/v1/dashboard/alerts"
    method: "GET"
    status: 403
    duration_ms: 1
[2026-09-28 03:38:02.302 -0300] INFO (83855): request completed
    route: "/v1/dashboard/alerts/00000000-0000-7000-8000-000081000102"
    method: "GET"
    status: 403
    duration_ms: 1
[2026-09-28 03:38:02.303 -0300] INFO (83855): request completed
    route: "/v1/dashboard/stream"
    method: "GET"
    status: 403
    duration_ms: 0
[2026-09-28 03:38:02.313 -0300] INFO (83855): request completed
    route: "/v1/dashboard/alerts"
    method: "GET"
    status: 200
    duration_ms: 10
[2026-09-28 03:38:02.324 -0300] INFO (83855): request completed
    route: "/v1/dashboard/alerts/00000000-0000-7000-8000-000081000102"
    method: "GET"
    status: 200
    duration_ms: 11
[2026-09-28 03:38:02.329 -0300] INFO (83855): request completed
    route: "/v1/dashboard/alerts"
    method: "GET"
    status: 403
    duration_ms: 0
[2026-09-28 03:38:02.330 -0300] INFO (83855): request completed
    route: "/v1/dashboard/alerts/00000000-0000-7000-8000-000081000102"
    method: "GET"
    status: 403
    duration_ms: 0
[2026-09-28 03:38:02.332 -0300] INFO (83855): request completed
    route: "/v1/dashboard/stream"
    method: "GET"
    status: 403
    duration_ms: 1
[2026-09-28 03:38:02.333 -0300] INFO (83855): request completed
    route: "/v1/dashboard/alerts"
    method: "GET"
    status: 403
    duration_ms: 1
[2026-09-28 03:38:02.334 -0300] INFO (83855): request completed
    route: "/v1/dashboard/alerts/00000000-0000-7000-8000-000081000102"
    method: "GET"
    status: 403
    duration_ms: 1
[2026-09-28 03:38:02.334 -0300] INFO (83855): request completed
    route: "/v1/dashboard/stream"
    method: "GET"
    status: 403
    duration_ms: 0
[2026-09-28 03:38:02.335 -0300] INFO (83855): request completed
    route: "/v1/dashboard/alerts"
    method: "GET"
    status: 403
    duration_ms: 0
[2026-09-28 03:38:02.336 -0300] INFO (83855): request completed
    route: "/v1/dashboard/alerts/00000000-0000-7000-8000-000081000102"
    method: "GET"
    status: 403
    duration_ms: 1
[2026-09-28 03:38:02.336 -0300] INFO (83855): request completed
    route: "/v1/dashboard/stream"
    method: "GET"
    status: 403
    duration_ms: 0
[2026-09-28 03:38:02.339 -0300] INFO (83855): request completed
    route: "/v1/dashboard/alerts"
    method: "GET"
    status: 403
    duration_ms: 2
[2026-09-28 03:38:02.344 -0300] INFO (83855): request completed
    route: "/v1/dashboard/alerts/00000000-0000-7000-8000-000081000102"
    method: "GET"
    status: 403
    duration_ms: 4
[2026-09-28 03:38:02.350 -0300] INFO (83855): request completed
    route: "/v1/dashboard/alerts"
    method: "GET"
    status: 403
    duration_ms: 1
[2026-09-28 03:38:02.351 -0300] INFO (83855): request completed
    route: "/v1/dashboard/alerts/00000000-0000-7000-8000-000081000102"
    method: "GET"
    status: 403
    duration_ms: 0
[2026-09-28 03:38:02.356 -0300] INFO (83855): request completed
    route: "/v1/dashboard/stream"
    method: "GET"
    status: 403
    duration_ms: 0
[2026-09-28 03:38:02.357 -0300] INFO (83855): request completed
    route: "/v1/dashboard/alerts"
    method: "GET"
    status: 403
    duration_ms: 0
[2026-09-28 03:38:02.358 -0300] INFO (83855): request completed
    route: "/v1/dashboard/alerts/00000000-0000-7000-8000-000081000102"
    method: "GET"
    status: 403
    duration_ms: 0
[2026-09-28 03:38:02.359 -0300] INFO (83855): request completed
    route: "/v1/dashboard/stream"
    method: "GET"
    status: 403
    duration_ms: 0
[2026-09-28 03:38:02.360 -0300] INFO (83855): request completed
    route: "/v1/dashboard/alerts"
    method: "GET"
    status: 403
    duration_ms: 1
[2026-09-28 03:38:02.360 -0300] INFO (83855): request completed
    route: "/v1/dashboard/alerts/00000000-0000-7000-8000-000081000102"
    method: "GET"
    status: 403
    duration_ms: 0
[2026-09-28 03:38:02.361 -0300] INFO (83855): request completed
    route: "/v1/dashboard/stream"
    method: "GET"
    status: 403
    duration_ms: 0
[2026-09-28 03:38:02.362 -0300] INFO (83855): request completed
    route: "/v1/dashboard/alerts"
    method: "GET"
    status: 403
    duration_ms: 1
[2026-09-28 03:38:02.362 -0300] INFO (83855): request completed
    route: "/v1/dashboard/alerts/00000000-0000-7000-8000-000081000102"
    method: "GET"
    status: 403
    duration_ms: 0
[2026-09-28 03:38:02.363 -0300] INFO (83855): request completed
    route: "/v1/dashboard/stream"
    method: "GET"
    status: 403
    duration_ms: 0
[2026-09-28 03:38:02.372 -0300] INFO (83855): request completed
    route: "/v1/dashboard/alerts"
    method: "GET"
    status: 200
    duration_ms: 9
[2026-09-28 03:38:02.383 -0300] INFO (83855): request completed
    route: "/v1/dashboard/alerts/00000000-0000-7000-8000-000081000102"
    method: "GET"
    status: 200
    duration_ms: 10
[2026-09-28 03:38:02.395 -0300] INFO (83855): request completed
    route: "/v1/dashboard/alerts"
    method: "GET"
    status: 200
    duration_ms: 8
[2026-09-28 03:38:02.406 -0300] INFO (83855): request completed
    route: "/v1/dashboard/alerts/00000000-0000-7000-8000-000081000102"
    method: "GET"
    status: 200
    duration_ms: 10
[2026-09-28 03:38:02.417 -0300] INFO (83855): request completed
    route: "/v1/dashboard/alerts"
    method: "GET"
    status: 200
    duration_ms: 7
[2026-09-28 03:38:02.427 -0300] INFO (83855): request completed
    route: "/v1/dashboard/alerts/00000000-0000-7000-8000-000081000102"
    method: "GET"
    status: 200
    duration_ms: 10
[2026-09-28 03:38:02.432 -0300] INFO (83855): request completed
    route: "/v1/dashboard/alerts"
    method: "GET"
    status: 403
    duration_ms: 1
[2026-09-28 03:38:02.432 -0300] INFO (83855): request completed
    route: "/v1/dashboard/alerts/00000000-0000-7000-8000-000081000102"
    method: "GET"
    status: 403
    duration_ms: 0
[2026-09-28 03:38:02.433 -0300] INFO (83855): request completed
    route: "/v1/dashboard/stream"
    method: "GET"
    status: 403
    duration_ms: 0
[2026-09-28 03:38:02.434 -0300] INFO (83855): request completed
    route: "/v1/dashboard/alerts"
    method: "GET"
    status: 403
    duration_ms: 0
[2026-09-28 03:38:02.435 -0300] INFO (83855): request completed
    route: "/v1/dashboard/alerts/00000000-0000-7000-8000-000081000102"
    method: "GET"
    status: 403
    duration_ms: 0
[2026-09-28 03:38:02.436 -0300] INFO (83855): request completed
    route: "/v1/dashboard/stream"
    method: "GET"
    status: 403
    duration_ms: 0
[2026-09-28 03:38:02.436 -0300] INFO (83855): request completed
    route: "/v1/dashboard/alerts"
    method: "GET"
    status: 403
    duration_ms: 0
[2026-09-28 03:38:02.437 -0300] INFO (83855): request completed
    route: "/v1/dashboard/alerts/00000000-0000-7000-8000-000081000102"
    method: "GET"
    status: 403
    duration_ms: 0
[2026-09-28 03:38:02.438 -0300] INFO (83855): request completed
    route: "/v1/dashboard/stream"
    method: "GET"
    status: 403
    duration_ms: 1
[2026-09-28 03:38:02.445 -0300] INFO (83855): request completed
    route: "/v1/dashboard/alerts"
    method: "GET"
    status: 200
    duration_ms: 7
[2026-09-28 03:38:02.456 -0300] INFO (83855): request completed
    route: "/v1/dashboard/alerts/00000000-0000-7000-8000-000081000102"
    method: "GET"
    status: 200
    duration_ms: 10
[2026-09-28 03:38:02.461 -0300] INFO (83855): request completed
    route: "/v1/dashboard/alerts"
    method: "GET"
    status: 403
    duration_ms: 1
[2026-09-28 03:38:02.462 -0300] INFO (83855): request completed
    route: "/v1/dashboard/alerts/00000000-0000-7000-8000-000081000102"
    method: "GET"
    status: 403
    duration_ms: 1
[2026-09-28 03:38:02.463 -0300] INFO (83855): request completed
    route: "/v1/dashboard/stream"
    method: "GET"
    status: 403
    duration_ms: 1
[2026-09-28 03:38:02.463 -0300] INFO (83855): request completed
    route: "/v1/dashboard/alerts"
    method: "GET"
    status: 403
    duration_ms: 0
[2026-09-28 03:38:02.464 -0300] INFO (83855): request completed
    route: "/v1/dashboard/alerts/00000000-0000-7000-8000-000081000102"
    method: "GET"
    status: 403
    duration_ms: 0
[2026-09-28 03:38:02.465 -0300] INFO (83855): request completed
    route: "/v1/dashboard/stream"
    method: "GET"
    status: 403
    duration_ms: 1
[2026-09-28 03:38:02.465 -0300] INFO (83855): request completed
    route: "/v1/dashboard/alerts"
    method: "GET"
    status: 403
    duration_ms: 0
[2026-09-28 03:38:02.466 -0300] INFO (83855): request completed
    route: "/v1/dashboard/alerts/00000000-0000-7000-8000-000081000102"
    method: "GET"
    status: 403
    duration_ms: 0
[2026-09-28 03:38:02.466 -0300] INFO (83855): request completed
    route: "/v1/dashboard/stream"
    method: "GET"
    status: 403
    duration_ms: 0
[2026-09-28 03:38:02.467 -0300] INFO (83855): request completed
    route: "/v1/dashboard/alerts"
    method: "GET"
    status: 403
    duration_ms: 0
[2026-09-28 03:38:02.467 -0300] INFO (83855): request completed
    route: "/v1/dashboard/alerts/00000000-0000-7000-8000-000081000102"
    method: "GET"
    status: 403
    duration_ms: 0
[2026-09-28 03:38:02.468 -0300] INFO (83855): request completed
    route: "/v1/dashboard/stream"
    method: "GET"
    status: 403
    duration_ms: 0
[2026-09-28 03:38:02.475 -0300] INFO (83855): request completed
    route: "/v1/dashboard/alerts"
    method: "GET"
    status: 200
    duration_ms: 7
[2026-09-28 03:38:02.486 -0300] INFO (83855): request completed
    route: "/v1/dashboard/alerts/00000000-0000-7000-8000-000081000102"
    method: "GET"
    status: 200
    duration_ms: 10
[2026-09-28 03:38:02.496 -0300] INFO (83855): request completed
    route: "/v1/dashboard/alerts"
    method: "GET"
    status: 200
    duration_ms: 7
[2026-09-28 03:38:02.506 -0300] INFO (83855): request completed
    route: "/v1/dashboard/alerts/00000000-0000-7000-8000-000081000102"
    method: "GET"
    status: 200
    duration_ms: 9
[2026-09-28 03:38:02.511 -0300] INFO (83855): request completed
    route: "/v1/dashboard/alerts"
    method: "GET"
    status: 403
    duration_ms: 1
[2026-09-28 03:38:02.512 -0300] INFO (83855): request completed
    route: "/v1/dashboard/alerts/00000000-0000-7000-8000-000081000102"
    method: "GET"
    status: 403
    duration_ms: 1
[2026-09-28 03:38:02.513 -0300] INFO (83855): request completed
    route: "/v1/dashboard/stream"
    method: "GET"
    status: 403
    duration_ms: 1
[2026-09-28 03:38:02.513 -0300] INFO (83855): request completed
    route: "/v1/dashboard/alerts"
    method: "GET"
    status: 403
    duration_ms: 0
[2026-09-28 03:38:02.514 -0300] INFO (83855): request completed
    route: "/v1/dashboard/alerts/00000000-0000-7000-8000-000081000102"
    method: "GET"
    status: 403
    duration_ms: 0
[2026-09-28 03:38:02.515 -0300] INFO (83855): request completed
    route: "/v1/dashboard/stream"
    method: "GET"
    status: 403
    duration_ms: 1
[2026-09-28 03:38:02.522 -0300] INFO (83855): request completed
    route: "/v1/dashboard/alerts"
    method: "GET"
    status: 200
    duration_ms: 7
[2026-09-28 03:38:02.534 -0300] INFO (83855): request completed
    route: "/v1/dashboard/alerts/00000000-0000-7000-8000-000081000102"
    method: "GET"
    status: 200
    duration_ms: 12
[2026-09-28 03:38:02.539 -0300] INFO (83855): request completed
    route: "/v1/dashboard/alerts"
    method: "GET"
    status: 403
    duration_ms: 1
[2026-09-28 03:38:02.539 -0300] INFO (83855): request completed
    route: "/v1/dashboard/alerts/00000000-0000-7000-8000-000081000102"
    method: "GET"
    status: 403
    duration_ms: 0
[2026-09-28 03:38:02.540 -0300] INFO (83855): request completed
    route: "/v1/dashboard/stream"
    method: "GET"
    status: 403
    duration_ms: 0
[2026-09-28 03:38:02.541 -0300] INFO (83855): request completed
    route: "/v1/dashboard/alerts"
    method: "GET"
    status: 403
    duration_ms: 0
[2026-09-28 03:38:02.542 -0300] INFO (83855): request completed
    route: "/v1/dashboard/alerts/00000000-0000-7000-8000-000081000102"
    method: "GET"
    status: 403
    duration_ms: 0
[2026-09-28 03:38:02.542 -0300] INFO (83855): request completed
    route: "/v1/dashboard/stream"
    method: "GET"
    status: 403
    duration_ms: 0
[2026-09-28 03:38:02.566 -0300] INFO (83855): request completed
    route: "/v1/dashboard/alerts/00000000-0000-7000-8000-000081000105/ack"
    method: "POST"
    status: 403
    duration_ms: 23
[2026-09-28 03:38:02.568 -0300] INFO (83855): request completed
    route: "/v1/dashboard/alerts/00000000-0000-7000-8000-000081000105/ack"
    method: "POST"
    status: 403
    duration_ms: 1
[2026-09-28 03:38:02.569 -0300] INFO (83855): request completed
    route: "/v1/dashboard/alerts/00000000-0000-7000-8000-000081000105/ack"
    method: "POST"
    status: 403
    duration_ms: 1
[2026-09-28 03:38:02.569 -0300] INFO (83855): request completed
    route: "/v1/dashboard/alerts/00000000-0000-7000-8000-000081000105/ack"
    method: "POST"
    status: 403
    duration_ms: 0
[2026-09-28 03:38:02.570 -0300] INFO (83855): request completed
    route: "/v1/dashboard/alerts/00000000-0000-7000-8000-000081000105/ack"
    method: "POST"
    status: 403
    duration_ms: 0
[2026-09-28 03:38:02.571 -0300] INFO (83855): request completed
    route: "/v1/dashboard/alerts/00000000-0000-7000-8000-000081000105/ack"
    method: "POST"
    status: 403
    duration_ms: 1
[2026-09-28 03:38:02.571 -0300] INFO (83855): request completed
    route: "/v1/dashboard/alerts/00000000-0000-7000-8000-000081000105/ack"
    method: "POST"
    status: 403
    duration_ms: 0
[2026-09-28 03:38:02.589 -0300] INFO (83855): request completed
    route: "/v1/dashboard/alerts/00000000-0000-7000-8000-000081000105/ack"
    method: "POST"
    status: 428
    duration_ms: 17
[2026-09-28 03:38:02.590 -0300] INFO (83855): request completed
    route: "/v1/dashboard/alerts/00000000-0000-7000-8000-000081000105/ack"
    method: "POST"
    status: 403
    duration_ms: 0
[2026-09-28 03:38:02.607 -0300] INFO (83855): request completed
    route: "/v1/dashboard/alerts/00000000-0000-7000-8000-000081000105/ack"
    method: "POST"
    status: 428
    duration_ms: 16
[2026-09-28 03:38:02.608 -0300] INFO (83855): request completed
    route: "/v1/dashboard/alerts/00000000-0000-7000-8000-000081000105/ack"
    method: "POST"
    status: 403
    duration_ms: 1
[2026-09-28 03:38:02.608 -0300] INFO (83855): request completed
    route: "/v1/dashboard/alerts/00000000-0000-7000-8000-000081000105/ack"
    method: "POST"
    status: 403
    duration_ms: 0
[2026-09-28 03:38:02.609 -0300] INFO (83855): request completed
    route: "/v1/dashboard/alerts/00000000-0000-7000-8000-000081000105/ack"
    method: "POST"
    status: 403
    duration_ms: 0
[2026-09-28 03:38:02.625 -0300] INFO (83855): request completed
    route: "/v1/dashboard/alerts/00000000-0000-7000-8000-000081000105/ack"
    method: "POST"
    status: 403
    duration_ms: 14
[2026-09-28 03:38:02.626 -0300] INFO (83855): request completed
    route: "/v1/dashboard/alerts/00000000-0000-7000-8000-000081000105/ack"
    method: "POST"
    status: 403
    duration_ms: 1
[2026-09-28 03:38:02.626 -0300] INFO (83855): request completed
    route: "/v1/dashboard/alerts/00000000-0000-7000-8000-000081000105/ack"
    method: "POST"
    status: 403
    duration_ms: 0
[2026-09-28 03:38:02.627 -0300] INFO (83855): request completed
    route: "/v1/dashboard/alerts/00000000-0000-7000-8000-000081000105/ack"
    method: "POST"
    status: 403
    duration_ms: 0
[2026-09-28 03:38:02.628 -0300] INFO (83855): request completed
    route: "/v1/dashboard/alerts/00000000-0000-7000-8000-000081000105/ack"
    method: "POST"
    status: 403
    duration_ms: 0
[2026-09-28 03:38:02.644 -0300] INFO (83855): request completed
    route: "/v1/dashboard/alerts/00000000-0000-7000-8000-000081000105/ack"
    method: "POST"
    status: 428
    duration_ms: 16
[2026-09-28 03:38:02.658 -0300] INFO (83855): request completed
    route: "/v1/dashboard/alerts/00000000-0000-7000-8000-000081000105/ack"
    method: "POST"
    status: 428
    duration_ms: 14
[2026-09-28 03:38:02.675 -0300] INFO (83855): request completed
    route: "/v1/dashboard/alerts/00000000-0000-7000-8000-000081000105/ack"
    method: "POST"
    status: 428
    duration_ms: 16
[2026-09-28 03:38:02.676 -0300] INFO (83855): request completed
    route: "/v1/dashboard/alerts/00000000-0000-7000-8000-000081000105/ack"
    method: "POST"
    status: 403
    duration_ms: 1
[2026-09-28 03:38:02.691 -0300] INFO (83855): request completed
    route: "/v1/dashboard/alerts/00000000-0000-7000-8000-000081000105/ack"
    method: "POST"
    status: 428
    duration_ms: 15
[2026-09-28 03:38:02.692 -0300] INFO (83855): request completed
    route: "/v1/dashboard/alerts/00000000-0000-7000-8000-000081000105/ack"
    method: "POST"
    status: 403
    duration_ms: 0
[2026-09-28 03:38:02.707 -0300] INFO (83855): request completed
    route: "/v1/dashboard/alerts/00000000-0000-7000-8000-000081000105/ack"
    method: "POST"
    status: 428
    duration_ms: 14
[2026-09-28 03:38:02.709 -0300] INFO (83855): request completed
    route: "/v1/dashboard/alerts/00000000-0000-7000-8000-000081000105/ack"
    method: "POST"
    status: 403
    duration_ms: 1
[2026-09-28 03:38:02.709 -0300] INFO (83855): request completed
    route: "/v1/dashboard/alerts/00000000-0000-7000-8000-000081000105/ack"
    method: "POST"
    status: 403
    duration_ms: 0
[2026-09-28 03:38:02.710 -0300] INFO (83855): request completed
    route: "/v1/dashboard/alerts/00000000-0000-7000-8000-000081000105/ack"
    method: "POST"
    status: 403
    duration_ms: 0
[2026-09-28 03:38:02.711 -0300] INFO (83855): request completed
    route: "/v1/dashboard/alerts/00000000-0000-7000-8000-000081000105/ack"
    method: "POST"
    status: 403
    duration_ms: 0
[2026-09-28 03:38:02.726 -0300] INFO (83855): request completed
    route: "/v1/dashboard/alerts/00000000-0000-7000-8000-000081000105/ack"
    method: "POST"
    status: 428
    duration_ms: 15
[2026-09-28 03:38:02.742 -0300] INFO (83855): request completed
    route: "/v1/dashboard/alerts/00000000-0000-7000-8000-000081000105/ack"
    method: "POST"
    status: 428
    duration_ms: 15
[2026-09-28 03:38:02.743 -0300] INFO (83855): request completed
    route: "/v1/dashboard/alerts/00000000-0000-7000-8000-000081000105/ack"
    method: "POST"
    status: 403
    duration_ms: 0
[2026-09-28 03:38:02.744 -0300] INFO (83855): request completed
    route: "/v1/dashboard/alerts/00000000-0000-7000-8000-000081000105/ack"
    method: "POST"
    status: 403
    duration_ms: 1
[2026-09-28 03:38:02.759 -0300] INFO (83855): request completed
    route: "/v1/dashboard/alerts/00000000-0000-7000-8000-000081000105/ack"
    method: "POST"
    status: 428
    duration_ms: 15
[2026-09-28 03:38:02.760 -0300] INFO (83855): request completed
    route: "/v1/dashboard/alerts/00000000-0000-7000-8000-000081000105/ack"
    method: "POST"
    status: 403
    duration_ms: 0
[2026-09-28 03:38:02.761 -0300] INFO (83855): request completed
    route: "/v1/dashboard/alerts/00000000-0000-7000-8000-000081000105/ack"
    method: "POST"
    status: 403
    duration_ms: 0
[2026-09-28 03:38:02.779 -0300] INFO (83855): request completed
    route: "/v1/dashboard/alerts/00000000-0000-7000-8000-000081000107/treating"
    method: "POST"
    status: 403
    duration_ms: 15
[2026-09-28 03:38:02.780 -0300] INFO (83855): request completed
    route: "/v1/dashboard/alerts/00000000-0000-7000-8000-000081000107/treating"
    method: "POST"
    status: 403
    duration_ms: 0
[2026-09-28 03:38:02.781 -0300] INFO (83855): request completed
    route: "/v1/dashboard/alerts/00000000-0000-7000-8000-000081000107/treating"
    method: "POST"
    status: 403
    duration_ms: 0
[2026-09-28 03:38:02.782 -0300] INFO (83855): request completed
    route: "/v1/dashboard/alerts/00000000-0000-7000-8000-000081000107/treating"
    method: "POST"
    status: 403
    duration_ms: 1
[2026-09-28 03:38:02.782 -0300] INFO (83855): request completed
    route: "/v1/dashboard/alerts/00000000-0000-7000-8000-000081000107/treating"
    method: "POST"
    status: 403
    duration_ms: 0
[2026-09-28 03:38:02.783 -0300] INFO (83855): request completed
    route: "/v1/dashboard/alerts/00000000-0000-7000-8000-000081000107/treating"
    method: "POST"
    status: 403
    duration_ms: 0
[2026-09-28 03:38:02.784 -0300] INFO (83855): request completed
    route: "/v1/dashboard/alerts/00000000-0000-7000-8000-000081000107/treating"
    method: "POST"
    status: 403
    duration_ms: 0
[2026-09-28 03:38:02.799 -0300] INFO (83855): request completed
    route: "/v1/dashboard/alerts/00000000-0000-7000-8000-000081000107/treating"
    method: "POST"
    status: 428
    duration_ms: 15
[2026-09-28 03:38:02.800 -0300] INFO (83855): request completed
    route: "/v1/dashboard/alerts/00000000-0000-7000-8000-000081000107/treating"
    method: "POST"
    status: 403
    duration_ms: 0
[2026-09-28 03:38:02.818 -0300] INFO (83855): request completed
    route: "/v1/dashboard/alerts/00000000-0000-7000-8000-000081000107/treating"
    method: "POST"
    status: 428
    duration_ms: 17
[2026-09-28 03:38:02.820 -0300] INFO (83855): request completed
    route: "/v1/dashboard/alerts/00000000-0000-7000-8000-000081000107/treating"
    method: "POST"
    status: 403
    duration_ms: 1
[2026-09-28 03:38:02.821 -0300] INFO (83855): request completed
    route: "/v1/dashboard/alerts/00000000-0000-7000-8000-000081000107/treating"
    method: "POST"
    status: 403
    duration_ms: 1
[2026-09-28 03:38:02.821 -0300] INFO (83855): request completed
    route: "/v1/dashboard/alerts/00000000-0000-7000-8000-000081000107/treating"
    method: "POST"
    status: 403
    duration_ms: 0
[2026-09-28 03:38:02.839 -0300] INFO (83855): request completed
    route: "/v1/dashboard/alerts/00000000-0000-7000-8000-000081000107/treating"
    method: "POST"
    status: 403
    duration_ms: 17
[2026-09-28 03:38:02.841 -0300] INFO (83855): request completed
    route: "/v1/dashboard/alerts/00000000-0000-7000-8000-000081000107/treating"
    method: "POST"
    status: 403
    duration_ms: 1
[2026-09-28 03:38:02.842 -0300] INFO (83855): request completed
    route: "/v1/dashboard/alerts/00000000-0000-7000-8000-000081000107/treating"
    method: "POST"
    status: 403
    duration_ms: 1
[2026-09-28 03:38:02.843 -0300] INFO (83855): request completed
    route: "/v1/dashboard/alerts/00000000-0000-7000-8000-000081000107/treating"
    method: "POST"
    status: 403
    duration_ms: 1
[2026-09-28 03:38:02.843 -0300] INFO (83855): request completed
    route: "/v1/dashboard/alerts/00000000-0000-7000-8000-000081000107/treating"
    method: "POST"
    status: 403
    duration_ms: 0
[2026-09-28 03:38:02.859 -0300] INFO (83855): request completed
    route: "/v1/dashboard/alerts/00000000-0000-7000-8000-000081000107/treating"
    method: "POST"
    status: 428
    duration_ms: 15
[2026-09-28 03:38:02.875 -0300] INFO (83855): request completed
    route: "/v1/dashboard/alerts/00000000-0000-7000-8000-000081000107/treating"
    method: "POST"
    status: 428
    duration_ms: 15
[2026-09-28 03:38:02.891 -0300] INFO (83855): request completed
    route: "/v1/dashboard/alerts/00000000-0000-7000-8000-000081000107/treating"
    method: "POST"
    status: 428
    duration_ms: 15
[2026-09-28 03:38:02.892 -0300] INFO (83855): request completed
    route: "/v1/dashboard/alerts/00000000-0000-7000-8000-000081000107/treating"
    method: "POST"
    status: 403
    duration_ms: 1
[2026-09-28 03:38:02.908 -0300] INFO (83855): request completed
    route: "/v1/dashboard/alerts/00000000-0000-7000-8000-000081000107/treating"
    method: "POST"
    status: 428
    duration_ms: 16
[2026-09-28 03:38:02.909 -0300] INFO (83855): request completed
    route: "/v1/dashboard/alerts/00000000-0000-7000-8000-000081000107/treating"
    method: "POST"
    status: 403
    duration_ms: 1
[2026-09-28 03:38:02.927 -0300] INFO (83855): request completed
    route: "/v1/dashboard/alerts/00000000-0000-7000-8000-000081000107/treating"
    method: "POST"
    status: 428
    duration_ms: 18
[2026-09-28 03:38:02.929 -0300] INFO (83855): request completed
    route: "/v1/dashboard/alerts/00000000-0000-7000-8000-000081000107/treating"
    method: "POST"
    status: 403
    duration_ms: 0
[2026-09-28 03:38:02.930 -0300] INFO (83855): request completed
    route: "/v1/dashboard/alerts/00000000-0000-7000-8000-000081000107/treating"
    method: "POST"
    status: 403
    duration_ms: 0
[2026-09-28 03:38:02.931 -0300] INFO (83855): request completed
    route: "/v1/dashboard/alerts/00000000-0000-7000-8000-000081000107/treating"
    method: "POST"
    status: 403
    duration_ms: 0
[2026-09-28 03:38:02.932 -0300] INFO (83855): request completed
    route: "/v1/dashboard/alerts/00000000-0000-7000-8000-000081000107/treating"
    method: "POST"
    status: 403
    duration_ms: 1
[2026-09-28 03:38:02.949 -0300] INFO (83855): request completed
    route: "/v1/dashboard/alerts/00000000-0000-7000-8000-000081000107/treating"
    method: "POST"
    status: 428
    duration_ms: 17
[2026-09-28 03:38:02.966 -0300] INFO (83855): request completed
    route: "/v1/dashboard/alerts/00000000-0000-7000-8000-000081000107/treating"
    method: "POST"
    status: 428
    duration_ms: 16
[2026-09-28 03:38:02.967 -0300] INFO (83855): request completed
    route: "/v1/dashboard/alerts/00000000-0000-7000-8000-000081000107/treating"
    method: "POST"
    status: 403
    duration_ms: 0
[2026-09-28 03:38:02.968 -0300] INFO (83855): request completed
    route: "/v1/dashboard/alerts/00000000-0000-7000-8000-000081000107/treating"
    method: "POST"
    status: 403
    duration_ms: 0
[2026-09-28 03:38:02.969 -0300] INFO (83855): request completed
    route: "/v1/dashboard/alerts/00000000-0000-7000-8000-000081000107/treating"
    method: "POST"
    status: 403
    duration_ms: 0
[2026-09-28 03:38:02.970 -0300] INFO (83855): request completed
    route: "/v1/dashboard/alerts/00000000-0000-7000-8000-000081000107/treating"
    method: "POST"
    status: 403
    duration_ms: 0
[2026-09-28 03:38:02.971 -0300] INFO (83855): request completed
    route: "/v1/dashboard/alerts/00000000-0000-7000-8000-000081000107/treating"
    method: "POST"
    status: 403
    duration_ms: 1
[2026-09-28 03:38:02.989 -0300] INFO (83855): request completed
    route: "/v1/dashboard/alerts/00000000-0000-7000-8000-000081000112/close"
    method: "POST"
    status: 403
    duration_ms: 18
[2026-09-28 03:38:02.991 -0300] INFO (83855): request completed
    route: "/v1/dashboard/alerts/00000000-0000-7000-8000-000081000112/close"
    method: "POST"
    status: 403
    duration_ms: 1
[2026-09-28 03:38:02.992 -0300] INFO (83855): request completed
    route: "/v1/dashboard/alerts/00000000-0000-7000-8000-000081000112/close"
    method: "POST"
    status: 403
    duration_ms: 1
[2026-09-28 03:38:02.992 -0300] INFO (83855): request completed
    route: "/v1/dashboard/alerts/00000000-0000-7000-8000-000081000112/close"
    method: "POST"
    status: 403
    duration_ms: 0
[2026-09-28 03:38:02.993 -0300] INFO (83855): request completed
    route: "/v1/dashboard/alerts/00000000-0000-7000-8000-000081000112/close"
    method: "POST"
    status: 403
    duration_ms: 0
[2026-09-28 03:38:02.994 -0300] INFO (83855): request completed
    route: "/v1/dashboard/alerts/00000000-0000-7000-8000-000081000112/close"
    method: "POST"
    status: 403
    duration_ms: 0
[2026-09-28 03:38:02.995 -0300] INFO (83855): request completed
    route: "/v1/dashboard/alerts/00000000-0000-7000-8000-000081000112/close"
    method: "POST"
    status: 403
    duration_ms: 0
[2026-09-28 03:38:02.996 -0300] INFO (83855): request completed
    route: "/v1/dashboard/alerts/00000000-0000-7000-8000-000081000112/close"
    method: "POST"
    status: 403
    duration_ms: 0
[2026-09-28 03:38:02.996 -0300] INFO (83855): request completed
    route: "/v1/dashboard/alerts/00000000-0000-7000-8000-000081000112/close"
    method: "POST"
    status: 403
    duration_ms: 0
[2026-09-28 03:38:03.014 -0300] INFO (83855): request completed
    route: "/v1/dashboard/alerts/00000000-0000-7000-8000-000081000112/close"
    method: "POST"
    status: 428
    duration_ms: 17
[2026-09-28 03:38:03.015 -0300] INFO (83855): request completed
    route: "/v1/dashboard/alerts/00000000-0000-7000-8000-000081000112/close"
    method: "POST"
    status: 403
    duration_ms: 0
[2026-09-28 03:38:03.016 -0300] INFO (83855): request completed
    route: "/v1/dashboard/alerts/00000000-0000-7000-8000-000081000112/close"
    method: "POST"
    status: 403
    duration_ms: 0
[2026-09-28 03:38:03.017 -0300] INFO (83855): request completed
    route: "/v1/dashboard/alerts/00000000-0000-7000-8000-000081000112/close"
    method: "POST"
    status: 403
    duration_ms: 1
[2026-09-28 03:38:03.035 -0300] INFO (83855): request completed
    route: "/v1/dashboard/alerts/00000000-0000-7000-8000-000081000112/close"
    method: "POST"
    status: 403
    duration_ms: 18
[2026-09-28 03:38:03.036 -0300] INFO (83855): request completed
    route: "/v1/dashboard/alerts/00000000-0000-7000-8000-000081000112/close"
    method: "POST"
    status: 403
    duration_ms: 1
[2026-09-28 03:38:03.037 -0300] INFO (83855): request completed
    route: "/v1/dashboard/alerts/00000000-0000-7000-8000-000081000112/close"
    method: "POST"
    status: 403
    duration_ms: 1
[2026-09-28 03:38:03.038 -0300] INFO (83855): request completed
    route: "/v1/dashboard/alerts/00000000-0000-7000-8000-000081000112/close"
    method: "POST"
    status: 403
    duration_ms: 1
[2026-09-28 03:38:03.038 -0300] INFO (83855): request completed
    route: "/v1/dashboard/alerts/00000000-0000-7000-8000-000081000112/close"
    method: "POST"
    status: 403
    duration_ms: 0
[2026-09-28 03:38:03.039 -0300] INFO (83855): request completed
    route: "/v1/dashboard/alerts/00000000-0000-7000-8000-000081000112/close"
    method: "POST"
    status: 403
    duration_ms: 0
[2026-09-28 03:38:03.040 -0300] INFO (83855): request completed
    route: "/v1/dashboard/alerts/00000000-0000-7000-8000-000081000112/close"
    method: "POST"
    status: 403
    duration_ms: 0
[2026-09-28 03:38:03.058 -0300] INFO (83855): request completed
    route: "/v1/dashboard/alerts/00000000-0000-7000-8000-000081000112/close"
    method: "POST"
    status: 428
    duration_ms: 18
[2026-09-28 03:38:03.060 -0300] INFO (83855): request completed
    route: "/v1/dashboard/alerts/00000000-0000-7000-8000-000081000112/close"
    method: "POST"
    status: 403
    duration_ms: 1
[2026-09-28 03:38:03.061 -0300] INFO (83855): request completed
    route: "/v1/dashboard/alerts/00000000-0000-7000-8000-000081000112/close"
    method: "POST"
    status: 403
    duration_ms: 1
[2026-09-28 03:38:03.061 -0300] INFO (83855): request completed
    route: "/v1/dashboard/alerts/00000000-0000-7000-8000-000081000112/close"
    method: "POST"
    status: 403
    duration_ms: 0
[2026-09-28 03:38:03.062 -0300] INFO (83855): request completed
    route: "/v1/dashboard/alerts/00000000-0000-7000-8000-000081000112/close"
    method: "POST"
    status: 403
    duration_ms: 0
[2026-09-28 03:38:03.063 -0300] INFO (83855): request completed
    route: "/v1/dashboard/alerts/00000000-0000-7000-8000-000081000112/close"
    method: "POST"
    status: 403
    duration_ms: 0
[2026-09-28 03:38:03.064 -0300] INFO (83855): request completed
    route: "/v1/dashboard/alerts/00000000-0000-7000-8000-000081000112/close"
    method: "POST"
    status: 403
    duration_ms: 1
[2026-09-28 03:38:03.064 -0300] INFO (83855): request completed
    route: "/v1/dashboard/alerts/00000000-0000-7000-8000-000081000112/close"
    method: "POST"
    status: 403
    duration_ms: 0
[2026-09-28 03:38:03.065 -0300] INFO (83855): request completed
    route: "/v1/dashboard/alerts/00000000-0000-7000-8000-000081000112/close"
    method: "POST"
    status: 403
    duration_ms: 0
[2026-09-28 03:38:03.066 -0300] INFO (83855): request completed
    route: "/v1/dashboard/alerts/00000000-0000-7000-8000-000081000112/close"
    method: "POST"
    status: 403
    duration_ms: 0
[2026-09-28 03:38:03.066 -0300] INFO (83855): request completed
    route: "/v1/dashboard/alerts/00000000-0000-7000-8000-000081000112/close"
    method: "POST"
    status: 403
    duration_ms: 0
[2026-09-28 03:38:03.067 -0300] INFO (83855): request completed
    route: "/v1/dashboard/alerts/00000000-0000-7000-8000-000081000112/close"
    method: "POST"
    status: 403
    duration_ms: 0
[2026-09-28 03:38:03.068 -0300] INFO (83855): request completed
    route: "/v1/dashboard/alerts/00000000-0000-7000-8000-000081000112/close"
    method: "POST"
    status: 403
    duration_ms: 0
[2026-09-28 03:38:03.088 -0300] INFO (83855): request completed
    route: "/v1/dashboard/alerts/00000000-0000-7000-8000-000081000112/close"
    method: "POST"
    status: 428
    duration_ms: 19
[2026-09-28 03:38:03.089 -0300] INFO (83855): request completed
    route: "/v1/dashboard/alerts/00000000-0000-7000-8000-000081000112/close"
    method: "POST"
    status: 403
    duration_ms: 0
[2026-09-28 03:38:03.090 -0300] INFO (83855): request completed
    route: "/v1/dashboard/alerts/00000000-0000-7000-8000-000081000112/close"
    method: "POST"
    status: 403
    duration_ms: 0
[2026-09-28 03:38:03.108 -0300] INFO (83855): request completed
    route: "/v1/dashboard/alerts/00000000-0000-7000-8000-000081000105/root-cause"
    method: "POST"
    status: 403
    duration_ms: 17
[2026-09-28 03:38:03.110 -0300] INFO (83855): request completed
    route: "/v1/dashboard/alerts/00000000-0000-7000-8000-000081000105/root-cause"
    method: "POST"
    status: 403
    duration_ms: 1
[2026-09-28 03:38:03.111 -0300] INFO (83855): request completed
    route: "/v1/dashboard/alerts/00000000-0000-7000-8000-000081000105/root-cause"
    method: "POST"
    status: 403
    duration_ms: 1
[2026-09-28 03:38:03.112 -0300] INFO (83855): request completed
    route: "/v1/dashboard/alerts/00000000-0000-7000-8000-000081000105/root-cause"
    method: "POST"
    status: 403
    duration_ms: 1
[2026-09-28 03:38:03.112 -0300] INFO (83855): request completed
    route: "/v1/dashboard/alerts/00000000-0000-7000-8000-000081000105/root-cause"
    method: "POST"
    status: 403
    duration_ms: 0
[2026-09-28 03:38:03.113 -0300] INFO (83855): request completed
    route: "/v1/dashboard/alerts/00000000-0000-7000-8000-000081000105/root-cause"
    method: "POST"
    status: 403
    duration_ms: 0
[2026-09-28 03:38:03.114 -0300] INFO (83855): request completed
    route: "/v1/dashboard/alerts/00000000-0000-7000-8000-000081000105/root-cause"
    method: "POST"
    status: 403
    duration_ms: 0
[2026-09-28 03:38:03.115 -0300] INFO (83855): request completed
    route: "/v1/dashboard/alerts/00000000-0000-7000-8000-000081000105/root-cause"
    method: "POST"
    status: 403
    duration_ms: 0
[2026-09-28 03:38:03.116 -0300] INFO (83855): request completed
    route: "/v1/dashboard/alerts/00000000-0000-7000-8000-000081000105/root-cause"
    method: "POST"
    status: 403
    duration_ms: 1
[2026-09-28 03:38:03.133 -0300] INFO (83855): request completed
    route: "/v1/dashboard/alerts/00000000-0000-7000-8000-000081000105/root-cause"
    method: "POST"
    status: 428
    duration_ms: 17
[2026-09-28 03:38:03.134 -0300] INFO (83855): request completed
    route: "/v1/dashboard/alerts/00000000-0000-7000-8000-000081000105/root-cause"
    method: "POST"
    status: 403
    duration_ms: 0
[2026-09-28 03:38:03.135 -0300] INFO (83855): request completed
    route: "/v1/dashboard/alerts/00000000-0000-7000-8000-000081000105/root-cause"
    method: "POST"
    status: 403
    duration_ms: 0
[2026-09-28 03:38:03.136 -0300] INFO (83855): request completed
    route: "/v1/dashboard/alerts/00000000-0000-7000-8000-000081000105/root-cause"
    method: "POST"
    status: 403
    duration_ms: 0
[2026-09-28 03:38:03.153 -0300] INFO (83855): request completed
    route: "/v1/dashboard/alerts/00000000-0000-7000-8000-000081000105/root-cause"
    method: "POST"
    status: 403
    duration_ms: 17
[2026-09-28 03:38:03.154 -0300] INFO (83855): request completed
    route: "/v1/dashboard/alerts/00000000-0000-7000-8000-000081000105/root-cause"
    method: "POST"
    status: 403
    duration_ms: 0
[2026-09-28 03:38:03.155 -0300] INFO (83855): request completed
    route: "/v1/dashboard/alerts/00000000-0000-7000-8000-000081000105/root-cause"
    method: "POST"
    status: 403
    duration_ms: 0
[2026-09-28 03:38:03.156 -0300] INFO (83855): request completed
    route: "/v1/dashboard/alerts/00000000-0000-7000-8000-000081000105/root-cause"
    method: "POST"
    status: 403
    duration_ms: 0
[2026-09-28 03:38:03.157 -0300] INFO (83855): request completed
    route: "/v1/dashboard/alerts/00000000-0000-7000-8000-000081000105/root-cause"
    method: "POST"
    status: 403
    duration_ms: 0
[2026-09-28 03:38:03.157 -0300] INFO (83855): request completed
    route: "/v1/dashboard/alerts/00000000-0000-7000-8000-000081000105/root-cause"
    method: "POST"
    status: 403
    duration_ms: 0
[2026-09-28 03:38:03.158 -0300] INFO (83855): request completed
    route: "/v1/dashboard/alerts/00000000-0000-7000-8000-000081000105/root-cause"
    method: "POST"
    status: 403
    duration_ms: 0
[2026-09-28 03:38:03.177 -0300] INFO (83855): request completed
    route: "/v1/dashboard/alerts/00000000-0000-7000-8000-000081000105/root-cause"
    method: "POST"
    status: 428
    duration_ms: 18
[2026-09-28 03:38:03.178 -0300] INFO (83855): request completed
    route: "/v1/dashboard/alerts/00000000-0000-7000-8000-000081000105/root-cause"
    method: "POST"
    status: 403
    duration_ms: 0
[2026-09-28 03:38:03.197 -0300] INFO (83855): request completed
    route: "/v1/dashboard/alerts/00000000-0000-7000-8000-000081000105/root-cause"
    method: "POST"
    status: 428
    duration_ms: 18
[2026-09-28 03:38:03.198 -0300] INFO (83855): request completed
    route: "/v1/dashboard/alerts/00000000-0000-7000-8000-000081000105/root-cause"
    method: "POST"
    status: 403
    duration_ms: 0
[2026-09-28 03:38:03.199 -0300] INFO (83855): request completed
    route: "/v1/dashboard/alerts/00000000-0000-7000-8000-000081000105/root-cause"
    method: "POST"
    status: 403
    duration_ms: 0
[2026-09-28 03:38:03.200 -0300] INFO (83855): request completed
    route: "/v1/dashboard/alerts/00000000-0000-7000-8000-000081000105/root-cause"
    method: "POST"
    status: 403
    duration_ms: 0
[2026-09-28 03:38:03.201 -0300] INFO (83855): request completed
    route: "/v1/dashboard/alerts/00000000-0000-7000-8000-000081000105/root-cause"
    method: "POST"
    status: 403
    duration_ms: 0
[2026-09-28 03:38:03.202 -0300] INFO (83855): request completed
    route: "/v1/dashboard/alerts/00000000-0000-7000-8000-000081000105/root-cause"
    method: "POST"
    status: 403
    duration_ms: 1
[2026-09-28 03:38:03.203 -0300] INFO (83855): request completed
    route: "/v1/dashboard/alerts/00000000-0000-7000-8000-000081000105/root-cause"
    method: "POST"
    status: 403
    duration_ms: 1
[2026-09-28 03:38:03.204 -0300] INFO (83855): request completed
    route: "/v1/dashboard/alerts/00000000-0000-7000-8000-000081000105/root-cause"
    method: "POST"
    status: 403
    duration_ms: 1
[2026-09-28 03:38:03.204 -0300] INFO (83855): request completed
    route: "/v1/dashboard/alerts/00000000-0000-7000-8000-000081000105/root-cause"
    method: "POST"
    status: 403
    duration_ms: 0
[2026-09-28 03:38:03.205 -0300] INFO (83855): request completed
    route: "/v1/dashboard/alerts/00000000-0000-7000-8000-000081000105/root-cause"
    method: "POST"
    status: 403
    duration_ms: 0
[2026-09-28 03:38:03.206 -0300] INFO (83855): request completed
    route: "/v1/dashboard/alerts/00000000-0000-7000-8000-000081000105/root-cause"
    method: "POST"
    status: 403
    duration_ms: 0
[2026-09-28 03:38:03.207 -0300] INFO (83855): request completed
    route: "/v1/dashboard/alerts/00000000-0000-7000-8000-000081000105/root-cause"
    method: "POST"
    status: 403
    duration_ms: 0
[2026-09-28 03:38:03.208 -0300] INFO (83855): request completed
    route: "/v1/dashboard/alerts/00000000-0000-7000-8000-000081000105/root-cause"
    method: "POST"
    status: 403
    duration_ms: 1
[2026-09-28 03:38:03.209 -0300] INFO (83855): request completed
    route: "/v1/dashboard/alerts/00000000-0000-7000-8000-000081000105/root-cause"
    method: "POST"
    status: 403
    duration_ms: 1
[2026-09-28 03:38:03.214 -0300] INFO (83855): request completed
    route: "/v1/dashboard/alerts/00000000-0000-7000-8000-000081000102/incident"
    method: "GET"
    status: 403
    duration_ms: 5
[2026-09-28 03:38:03.215 -0300] INFO (83855): request completed
    route: "/v1/dashboard/alerts/00000000-0000-7000-8000-000081000102/incident"
    method: "GET"
    status: 403
    duration_ms: 0
[2026-09-28 03:38:03.216 -0300] INFO (83855): request completed
    route: "/v1/dashboard/alerts/00000000-0000-7000-8000-000081000102/incident"
    method: "GET"
    status: 403
    duration_ms: 0
[2026-09-28 03:38:03.217 -0300] INFO (83855): request completed
    route: "/v1/dashboard/alerts/00000000-0000-7000-8000-000081000102/incident"
    method: "GET"
    status: 403
    duration_ms: 0
[2026-09-28 03:38:03.218 -0300] INFO (83855): request completed
    route: "/v1/dashboard/alerts/00000000-0000-7000-8000-000081000102/incident"
    method: "GET"
    status: 403
    duration_ms: 0
[2026-09-28 03:38:03.219 -0300] INFO (83855): request completed
    route: "/v1/dashboard/alerts/00000000-0000-7000-8000-000081000102/incident"
    method: "GET"
    status: 403
    duration_ms: 0
[2026-09-28 03:38:03.224 -0300] INFO (83855): request completed
    route: "/v1/dashboard/alerts/00000000-0000-7000-8000-000081000102/incident"
    method: "GET"
    status: 404
    duration_ms: 4
[2026-09-28 03:38:03.229 -0300] INFO (83855): request completed
    route: "/v1/dashboard/alerts/00000000-0000-7000-8000-000081000102/incident"
    method: "GET"
    status: 404
    duration_ms: 4
[2026-09-28 03:38:03.230 -0300] INFO (83855): request completed
    route: "/v1/dashboard/alerts/00000000-0000-7000-8000-000081000102/incident"
    method: "GET"
    status: 403
    duration_ms: 0
[2026-09-28 03:38:03.234 -0300] INFO (83855): request completed
    route: "/v1/dashboard/alerts/00000000-0000-7000-8000-000081000102/incident"
    method: "GET"
    status: 404
    duration_ms: 3
[2026-09-28 03:38:03.235 -0300] INFO (83855): request completed
    route: "/v1/dashboard/alerts/00000000-0000-7000-8000-000081000102/incident"
    method: "GET"
    status: 403
    duration_ms: 0
[2026-09-28 03:38:03.236 -0300] INFO (83855): request completed
    route: "/v1/dashboard/alerts/00000000-0000-7000-8000-000081000102/incident"
    method: "GET"
    status: 403
    duration_ms: 0
[2026-09-28 03:38:03.237 -0300] INFO (83855): request completed
    route: "/v1/dashboard/alerts/00000000-0000-7000-8000-000081000102/incident"
    method: "GET"
    status: 403
    duration_ms: 0
[2026-09-28 03:38:03.241 -0300] INFO (83855): request completed
    route: "/v1/dashboard/alerts/00000000-0000-7000-8000-000081000102/incident"
    method: "GET"
    status: 403
    duration_ms: 4
[2026-09-28 03:38:03.242 -0300] INFO (83855): request completed
    route: "/v1/dashboard/alerts/00000000-0000-7000-8000-000081000102/incident"
    method: "GET"
    status: 403
    duration_ms: 0
[2026-09-28 03:38:03.243 -0300] INFO (83855): request completed
    route: "/v1/dashboard/alerts/00000000-0000-7000-8000-000081000102/incident"
    method: "GET"
    status: 403
    duration_ms: 0
[2026-09-28 03:38:03.244 -0300] INFO (83855): request completed
    route: "/v1/dashboard/alerts/00000000-0000-7000-8000-000081000102/incident"
    method: "GET"
    status: 403
    duration_ms: 0
[2026-09-28 03:38:03.245 -0300] INFO (83855): request completed
    route: "/v1/dashboard/alerts/00000000-0000-7000-8000-000081000102/incident"
    method: "GET"
    status: 403
    duration_ms: 0
[2026-09-28 03:38:03.250 -0300] INFO (83855): request completed
    route: "/v1/dashboard/alerts/00000000-0000-7000-8000-000081000102/incident"
    method: "GET"
    status: 404
    duration_ms: 4
[2026-09-28 03:38:03.257 -0300] INFO (83855): request completed
    route: "/v1/dashboard/alerts/00000000-0000-7000-8000-000081000102/incident"
    method: "GET"
    status: 404
    duration_ms: 4
[2026-09-28 03:38:03.261 -0300] INFO (83855): request completed
    route: "/v1/dashboard/alerts/00000000-0000-7000-8000-000081000102/incident"
    method: "GET"
    status: 404
    duration_ms: 4
[2026-09-28 03:38:03.262 -0300] INFO (83855): request completed
    route: "/v1/dashboard/alerts/00000000-0000-7000-8000-000081000102/incident"
    method: "GET"
    status: 403
    duration_ms: 0
[2026-09-28 03:38:03.263 -0300] INFO (83855): request completed
    route: "/v1/dashboard/alerts/00000000-0000-7000-8000-000081000102/incident"
    method: "GET"
    status: 403
    duration_ms: 1
[2026-09-28 03:38:03.264 -0300] INFO (83855): request completed
    route: "/v1/dashboard/alerts/00000000-0000-7000-8000-000081000102/incident"
    method: "GET"
    status: 403
    duration_ms: 1
[2026-09-28 03:38:03.268 -0300] INFO (83855): request completed
    route: "/v1/dashboard/alerts/00000000-0000-7000-8000-000081000102/incident"
    method: "GET"
    status: 404
    duration_ms: 4
[2026-09-28 03:38:03.269 -0300] INFO (83855): request completed
    route: "/v1/dashboard/alerts/00000000-0000-7000-8000-000081000102/incident"
    method: "GET"
    status: 403
    duration_ms: 1
[2026-09-28 03:38:03.269 -0300] INFO (83855): request completed
    route: "/v1/dashboard/alerts/00000000-0000-7000-8000-000081000102/incident"
    method: "GET"
    status: 403
    duration_ms: 0
[2026-09-28 03:38:03.270 -0300] INFO (83855): request completed
    route: "/v1/dashboard/alerts/00000000-0000-7000-8000-000081000102/incident"
    method: "GET"
    status: 403
    duration_ms: 0
[2026-09-28 03:38:03.271 -0300] INFO (83855): request completed
    route: "/v1/dashboard/alerts/00000000-0000-7000-8000-000081000102/incident"
    method: "GET"
    status: 403
    duration_ms: 0
[2026-09-28 03:38:03.275 -0300] INFO (83855): request completed
    route: "/v1/dashboard/alerts/00000000-0000-7000-8000-000081000102/incident"
    method: "GET"
    status: 404
    duration_ms: 4
[2026-09-28 03:38:03.280 -0300] INFO (83855): request completed
    route: "/v1/dashboard/alerts/00000000-0000-7000-8000-000081000102/incident"
    method: "GET"
    status: 404
    duration_ms: 4
[2026-09-28 03:38:03.281 -0300] INFO (83855): request completed
    route: "/v1/dashboard/alerts/00000000-0000-7000-8000-000081000102/incident"
    method: "GET"
    status: 403
    duration_ms: 0
[2026-09-28 03:38:03.281 -0300] INFO (83855): request completed
    route: "/v1/dashboard/alerts/00000000-0000-7000-8000-000081000102/incident"
    method: "GET"
    status: 403
    duration_ms: 0
[2026-09-28 03:38:03.282 -0300] INFO (83855): request completed
    route: "/v1/dashboard/alerts/00000000-0000-7000-8000-000081000102/incident"
    method: "GET"
    status: 403
    duration_ms: 0
[2026-09-28 03:38:03.283 -0300] INFO (83855): request completed
    route: "/v1/dashboard/alerts/00000000-0000-7000-8000-000081000102/incident"
    method: "GET"
    status: 403
    duration_ms: 0
[2026-09-28 03:38:03.283 -0300] INFO (83855): request completed
    route: "/v1/dashboard/alerts/00000000-0000-7000-8000-000081000102/incident"
    method: "GET"
    status: 403
    duration_ms: 0
[2026-09-28 03:38:03.293 -0300] INFO (83855): request completed
    route: "/v1/dashboard/duties"
    method: "GET"
    status: 200
    duration_ms: 9
[2026-09-28 03:38:03.300 -0300] INFO (83855): request completed
    route: "/v1/dashboard/duties"
    method: "GET"
    status: 200
    duration_ms: 6
[2026-09-28 03:38:03.306 -0300] INFO (83855): request completed
    route: "/v1/dashboard/duties"
    method: "GET"
    status: 200
    duration_ms: 5
[2026-09-28 03:38:03.312 -0300] INFO (83855): request completed
    route: "/v1/dashboard/duties"
    method: "GET"
    status: 200
    duration_ms: 5
[2026-09-28 03:38:03.317 -0300] INFO (83855): request completed
    route: "/v1/dashboard/duties"
    method: "GET"
    status: 200
    duration_ms: 4
[2026-09-28 03:38:03.323 -0300] INFO (83855): request completed
    route: "/v1/dashboard/duties"
    method: "GET"
    status: 200
    duration_ms: 5
[2026-09-28 03:38:03.329 -0300] INFO (83855): request completed
    route: "/v1/dashboard/duties"
    method: "GET"
    status: 200
    duration_ms: 5
[2026-09-28 03:38:03.334 -0300] INFO (83855): request completed
    route: "/v1/dashboard/duties"
    method: "GET"
    status: 200
    duration_ms: 5
[2026-09-28 03:38:03.340 -0300] INFO (83855): request completed
    route: "/v1/dashboard/duties"
    method: "GET"
    status: 200
    duration_ms: 5
[2026-09-28 03:38:03.345 -0300] INFO (83855): request completed
    route: "/v1/dashboard/duties"
    method: "GET"
    status: 200
    duration_ms: 5
[2026-09-28 03:38:03.350 -0300] INFO (83855): request completed
    route: "/v1/dashboard/duties"
    method: "GET"
    status: 200
    duration_ms: 4
[2026-09-28 03:38:03.356 -0300] INFO (83855): request completed
    route: "/v1/dashboard/duties"
    method: "GET"
    status: 200
    duration_ms: 5
[2026-09-28 03:38:03.362 -0300] INFO (83855): request completed
    route: "/v1/dashboard/duties"
    method: "GET"
    status: 200
    duration_ms: 5
[2026-09-28 03:38:03.367 -0300] INFO (83855): request completed
    route: "/v1/dashboard/duties"
    method: "GET"
    status: 200
    duration_ms: 4
[2026-09-28 03:38:03.368 -0300] INFO (83855): request completed
    route: "/v1/dashboard/duties"
    method: "GET"
    status: 403
    duration_ms: 0
[2026-09-28 03:38:03.374 -0300] INFO (83855): request completed
    route: "/v1/dashboard/duties"
    method: "GET"
    status: 200
    duration_ms: 5
[2026-09-28 03:38:03.379 -0300] INFO (83855): request completed
    route: "/v1/dashboard/duties"
    method: "GET"
    status: 200
    duration_ms: 5
[2026-09-28 03:38:03.384 -0300] INFO (83855): request completed
    route: "/v1/dashboard/duties"
    method: "GET"
    status: 200
    duration_ms: 4
[2026-09-28 03:38:03.390 -0300] INFO (83855): request completed
    route: "/v1/dashboard/duties"
    method: "GET"
    status: 200
    duration_ms: 5
[2026-09-28 03:38:03.396 -0300] INFO (83855): request completed
    route: "/v1/dashboard/duties"
    method: "GET"
    status: 200
    duration_ms: 5
[2026-09-28 03:38:03.401 -0300] INFO (83855): request completed
    route: "/v1/dashboard/duties"
    method: "GET"
    status: 200
    duration_ms: 5
[2026-09-28 03:38:03.407 -0300] INFO (83855): request completed
    route: "/v1/dashboard/duties"
    method: "GET"
    status: 200
    duration_ms: 6
[2026-09-28 03:38:03.412 -0300] INFO (83855): request completed
    route: "/v1/dashboard/duties"
    method: "GET"
    status: 200
    duration_ms: 5
[2026-09-28 03:38:03.418 -0300] INFO (83855): request completed
    route: "/v1/dashboard/duties"
    method: "GET"
    status: 200
    duration_ms: 5
[2026-09-28 03:38:03.423 -0300] INFO (83855): request completed
    route: "/v1/dashboard/duties"
    method: "GET"
    status: 200
    duration_ms: 5
[2026-09-28 03:38:03.429 -0300] INFO (83855): request completed
    route: "/v1/dashboard/duties"
    method: "GET"
    status: 200
    duration_ms: 5
[2026-09-28 03:38:03.434 -0300] INFO (83855): request completed
    route: "/v1/dashboard/duties"
    method: "GET"
    status: 200
    duration_ms: 5
[2026-09-28 03:38:03.440 -0300] INFO (83855): request completed
    route: "/v1/dashboard/duties"
    method: "GET"
    status: 200
    duration_ms: 5
[2026-09-28 03:38:03.445 -0300] INFO (83855): request completed
    route: "/v1/dashboard/duties"
    method: "GET"
    status: 200
    duration_ms: 4
[2026-09-28 03:38:03.451 -0300] INFO (83855): request completed
    route: "/v1/dashboard/duties"
    method: "GET"
    status: 200
    duration_ms: 5
[2026-09-28 03:38:03.456 -0300] INFO (83855): request completed
    route: "/v1/dashboard/duties"
    method: "GET"
    status: 200
    duration_ms: 5
[2026-09-28 03:38:03.462 -0300] INFO (83855): request completed
    route: "/v1/dashboard/duties"
    method: "GET"
    status: 200
    duration_ms: 5
[2026-09-28 03:38:03.467 -0300] INFO (83855): request completed
    route: "/v1/dashboard/duties"
    method: "GET"
    status: 200
    duration_ms: 5
[2026-09-28 03:38:03.473 -0300] INFO (83855): request completed
    route: "/v1/dashboard/duties"
    method: "GET"
    status: 200
    duration_ms: 5
[2026-09-28 03:38:03.478 -0300] INFO (83855): request completed
    route: "/v1/dashboard/duties"
    method: "GET"
    status: 200
    duration_ms: 5
[2026-09-28 03:38:03.479 -0300] INFO (83855): request completed
    route: "/v1/dashboard/duties"
    method: "GET"
    status: 403
    duration_ms: 0
[2026-09-28 03:38:03.484 -0300] INFO (83855): request completed
    route: "/v1/dashboard/duties/00000000-0000-7000-8000-000080001001/cycles"
    method: "GET"
    status: 200
    duration_ms: 4
[2026-09-28 03:38:03.489 -0300] INFO (83855): request completed
    route: "/v1/dashboard/duties/00000000-0000-7000-8000-000080001001/cycles/2026-09"
    method: "GET"
    status: 200
    duration_ms: 4
[2026-09-28 03:38:03.494 -0300] INFO (83855): request completed
    route: "/v1/dashboard/duties/00000000-0000-7000-8000-000080001001/cycles"
    method: "GET"
    status: 200
    duration_ms: 4
[2026-09-28 03:38:03.499 -0300] INFO (83855): request completed
    route: "/v1/dashboard/duties/00000000-0000-7000-8000-000080001001/cycles/2026-09"
    method: "GET"
    status: 200
    duration_ms: 4
[2026-09-28 03:38:03.504 -0300] INFO (83855): request completed
    route: "/v1/dashboard/duties/00000000-0000-7000-8000-000080001001/cycles"
    method: "GET"
    status: 200
    duration_ms: 4
[2026-09-28 03:38:03.509 -0300] INFO (83855): request completed
    route: "/v1/dashboard/duties/00000000-0000-7000-8000-000080001001/cycles/2026-09"
    method: "GET"
    status: 200
    duration_ms: 4
[2026-09-28 03:38:03.513 -0300] INFO (83855): request completed
    route: "/v1/dashboard/duties/00000000-0000-7000-8000-000080001001/cycles"
    method: "GET"
    status: 200
    duration_ms: 4
[2026-09-28 03:38:03.518 -0300] INFO (83855): request completed
    route: "/v1/dashboard/duties/00000000-0000-7000-8000-000080001001/cycles/2026-09"
    method: "GET"
    status: 200
    duration_ms: 4
[2026-09-28 03:38:03.523 -0300] INFO (83855): request completed
    route: "/v1/dashboard/duties/00000000-0000-7000-8000-000080001001/cycles"
    method: "GET"
    status: 200
    duration_ms: 5
[2026-09-28 03:38:03.528 -0300] INFO (83855): request completed
    route: "/v1/dashboard/duties/00000000-0000-7000-8000-000080001001/cycles/2026-09"
    method: "GET"
    status: 200
    duration_ms: 4
[2026-09-28 03:38:03.533 -0300] INFO (83855): request completed
    route: "/v1/dashboard/duties/00000000-0000-7000-8000-000080001001/cycles"
    method: "GET"
    status: 200
    duration_ms: 4
[2026-09-28 03:38:03.538 -0300] INFO (83855): request completed
    route: "/v1/dashboard/duties/00000000-0000-7000-8000-000080001001/cycles/2026-09"
    method: "GET"
    status: 200
    duration_ms: 4
[2026-09-28 03:38:03.543 -0300] INFO (83855): request completed
    route: "/v1/dashboard/duties/00000000-0000-7000-8000-000080001001/cycles"
    method: "GET"
    status: 200
    duration_ms: 4
[2026-09-28 03:38:03.548 -0300] INFO (83855): request completed
    route: "/v1/dashboard/duties/00000000-0000-7000-8000-000080001001/cycles/2026-09"
    method: "GET"
    status: 200
    duration_ms: 4
[2026-09-28 03:38:03.553 -0300] INFO (83855): request completed
    route: "/v1/dashboard/duties/00000000-0000-7000-8000-000080001001/cycles"
    method: "GET"
    status: 200
    duration_ms: 4
[2026-09-28 03:38:03.558 -0300] INFO (83855): request completed
    route: "/v1/dashboard/duties/00000000-0000-7000-8000-000080001001/cycles/2026-09"
    method: "GET"
    status: 200
    duration_ms: 4
[2026-09-28 03:38:03.564 -0300] INFO (83855): request completed
    route: "/v1/dashboard/duties/00000000-0000-7000-8000-000080001001/cycles"
    method: "GET"
    status: 200
    duration_ms: 5
[2026-09-28 03:38:03.570 -0300] INFO (83855): request completed
    route: "/v1/dashboard/duties/00000000-0000-7000-8000-000080001001/cycles/2026-09"
    method: "GET"
    status: 200
    duration_ms: 6
[2026-09-28 03:38:03.575 -0300] INFO (83855): request completed
    route: "/v1/dashboard/duties/00000000-0000-7000-8000-000080001001/cycles"
    method: "GET"
    status: 200
    duration_ms: 5
[2026-09-28 03:38:03.580 -0300] INFO (83855): request completed
    route: "/v1/dashboard/duties/00000000-0000-7000-8000-000080001001/cycles/2026-09"
    method: "GET"
    status: 200
    duration_ms: 5
[2026-09-28 03:38:03.585 -0300] INFO (83855): request completed
    route: "/v1/dashboard/duties/00000000-0000-7000-8000-000080001001/cycles"
    method: "GET"
    status: 200
    duration_ms: 5
[2026-09-28 03:38:03.589 -0300] INFO (83855): request completed
    route: "/v1/dashboard/duties/00000000-0000-7000-8000-000080001001/cycles/2026-09"
    method: "GET"
    status: 200
    duration_ms: 4
[2026-09-28 03:38:03.594 -0300] INFO (83855): request completed
    route: "/v1/dashboard/duties/00000000-0000-7000-8000-000080001001/cycles"
    method: "GET"
    status: 200
    duration_ms: 4
[2026-09-28 03:38:03.599 -0300] INFO (83855): request completed
    route: "/v1/dashboard/duties/00000000-0000-7000-8000-000080001001/cycles/2026-09"
    method: "GET"
    status: 200
    duration_ms: 4
[2026-09-28 03:38:03.604 -0300] INFO (83855): request completed
    route: "/v1/dashboard/duties/00000000-0000-7000-8000-000080001001/cycles"
    method: "GET"
    status: 200
    duration_ms: 4
[2026-09-28 03:38:03.609 -0300] INFO (83855): request completed
    route: "/v1/dashboard/duties/00000000-0000-7000-8000-000080001001/cycles/2026-09"
    method: "GET"
    status: 200
    duration_ms: 4
[2026-09-28 03:38:03.613 -0300] INFO (83855): request completed
    route: "/v1/dashboard/duties/00000000-0000-7000-8000-000080001001/cycles"
    method: "GET"
    status: 200
    duration_ms: 4
[2026-09-28 03:38:03.617 -0300] INFO (83855): request completed
    route: "/v1/dashboard/duties/00000000-0000-7000-8000-000080001001/cycles/2026-09"
    method: "GET"
    status: 200
    duration_ms: 3
[2026-09-28 03:38:03.618 -0300] INFO (83855): request completed
    route: "/v1/dashboard/duties/00000000-0000-7000-8000-000080001001/cycles"
    method: "GET"
    status: 403
    duration_ms: 0
[2026-09-28 03:38:03.619 -0300] INFO (83855): request completed
    route: "/v1/dashboard/duties/00000000-0000-7000-8000-000080001001/cycles/2026-09"
    method: "GET"
    status: 403
    duration_ms: 0
[2026-09-28 03:38:03.624 -0300] INFO (83855): request completed
    route: "/v1/dashboard/duties/00000000-0000-7000-8000-000080001001/cycles"
    method: "GET"
    status: 200
    duration_ms: 5
[2026-09-28 03:38:03.628 -0300] INFO (83855): request completed
    route: "/v1/dashboard/duties/00000000-0000-7000-8000-000080001001/cycles/2026-09"
    method: "GET"
    status: 200
    duration_ms: 4
[2026-09-28 03:38:03.633 -0300] INFO (83855): request completed
    route: "/v1/dashboard/duties/00000000-0000-7000-8000-000080001001/cycles"
    method: "GET"
    status: 200
    duration_ms: 5
[2026-09-28 03:38:03.637 -0300] INFO (83855): request completed
    route: "/v1/dashboard/duties/00000000-0000-7000-8000-000080001001/cycles/2026-09"
    method: "GET"
    status: 200
    duration_ms: 4
[2026-09-28 03:38:03.642 -0300] INFO (83855): request completed
    route: "/v1/dashboard/duties/00000000-0000-7000-8000-000080001001/cycles"
    method: "GET"
    status: 200
    duration_ms: 4
[2026-09-28 03:38:03.647 -0300] INFO (83855): request completed
    route: "/v1/dashboard/duties/00000000-0000-7000-8000-000080001001/cycles/2026-09"
    method: "GET"
    status: 200
    duration_ms: 4
[2026-09-28 03:38:03.651 -0300] INFO (83855): request completed
    route: "/v1/dashboard/duties/00000000-0000-7000-8000-000080001001/cycles"
    method: "GET"
    status: 200
    duration_ms: 4
[2026-09-28 03:38:03.656 -0300] INFO (83855): request completed
    route: "/v1/dashboard/duties/00000000-0000-7000-8000-000080001001/cycles/2026-09"
    method: "GET"
    status: 200
    duration_ms: 4
[2026-09-28 03:38:03.661 -0300] INFO (83855): request completed
    route: "/v1/dashboard/duties/00000000-0000-7000-8000-000080001001/cycles"
    method: "GET"
    status: 200
    duration_ms: 4
[2026-09-28 03:38:03.666 -0300] INFO (83855): request completed
    route: "/v1/dashboard/duties/00000000-0000-7000-8000-000080001001/cycles/2026-09"
    method: "GET"
    status: 200
    duration_ms: 5
[2026-09-28 03:38:03.672 -0300] INFO (83855): request completed
    route: "/v1/dashboard/duties/00000000-0000-7000-8000-000080001001/cycles"
    method: "GET"
    status: 200
    duration_ms: 5
[2026-09-28 03:38:03.676 -0300] INFO (83855): request completed
    route: "/v1/dashboard/duties/00000000-0000-7000-8000-000080001001/cycles/2026-09"
    method: "GET"
    status: 200
    duration_ms: 4
[2026-09-28 03:38:03.682 -0300] INFO (83855): request completed
    route: "/v1/dashboard/duties/00000000-0000-7000-8000-000080001001/cycles"
    method: "GET"
    status: 200
    duration_ms: 5
[2026-09-28 03:38:03.689 -0300] INFO (83855): request completed
    route: "/v1/dashboard/duties/00000000-0000-7000-8000-000080001001/cycles/2026-09"
    method: "GET"
    status: 200
    duration_ms: 6
[2026-09-28 03:38:03.696 -0300] INFO (83855): request completed
    route: "/v1/dashboard/duties/00000000-0000-7000-8000-000080001001/cycles"
    method: "GET"
    status: 200
    duration_ms: 6
[2026-09-28 03:38:03.702 -0300] INFO (83855): request completed
    route: "/v1/dashboard/duties/00000000-0000-7000-8000-000080001001/cycles/2026-09"
    method: "GET"
    status: 200
    duration_ms: 5
[2026-09-28 03:38:03.708 -0300] INFO (83855): request completed
    route: "/v1/dashboard/duties/00000000-0000-7000-8000-000080001001/cycles"
    method: "GET"
    status: 200
    duration_ms: 5
[2026-09-28 03:38:03.716 -0300] INFO (83855): request completed
    route: "/v1/dashboard/duties/00000000-0000-7000-8000-000080001001/cycles/2026-09"
    method: "GET"
    status: 200
    duration_ms: 7
[2026-09-28 03:38:03.722 -0300] INFO (83855): request completed
    route: "/v1/dashboard/duties/00000000-0000-7000-8000-000080001001/cycles"
    method: "GET"
    status: 200
    duration_ms: 5
[2026-09-28 03:38:03.726 -0300] INFO (83855): request completed
    route: "/v1/dashboard/duties/00000000-0000-7000-8000-000080001001/cycles/2026-09"
    method: "GET"
    status: 200
    duration_ms: 4
[2026-09-28 03:38:03.732 -0300] INFO (83855): request completed
    route: "/v1/dashboard/duties/00000000-0000-7000-8000-000080001001/cycles"
    method: "GET"
    status: 200
    duration_ms: 5
[2026-09-28 03:38:03.738 -0300] INFO (83855): request completed
    route: "/v1/dashboard/duties/00000000-0000-7000-8000-000080001001/cycles/2026-09"
    method: "GET"
    status: 200
    duration_ms: 5
[2026-09-28 03:38:03.744 -0300] INFO (83855): request completed
    route: "/v1/dashboard/duties/00000000-0000-7000-8000-000080001001/cycles"
    method: "GET"
    status: 200
    duration_ms: 5
[2026-09-28 03:38:03.749 -0300] INFO (83855): request completed
    route: "/v1/dashboard/duties/00000000-0000-7000-8000-000080001001/cycles/2026-09"
    method: "GET"
    status: 200
    duration_ms: 4
[2026-09-28 03:38:03.754 -0300] INFO (83855): request completed
    route: "/v1/dashboard/duties/00000000-0000-7000-8000-000080001001/cycles"
    method: "GET"
    status: 200
    duration_ms: 4
[2026-09-28 03:38:03.759 -0300] INFO (83855): request completed
    route: "/v1/dashboard/duties/00000000-0000-7000-8000-000080001001/cycles/2026-09"
    method: "GET"
    status: 200
    duration_ms: 4
[2026-09-28 03:38:03.764 -0300] INFO (83855): request completed
    route: "/v1/dashboard/duties/00000000-0000-7000-8000-000080001001/cycles"
    method: "GET"
    status: 200
    duration_ms: 4
[2026-09-28 03:38:03.769 -0300] INFO (83855): request completed
    route: "/v1/dashboard/duties/00000000-0000-7000-8000-000080001001/cycles/2026-09"
    method: "GET"
    status: 200
    duration_ms: 4
[2026-09-28 03:38:03.774 -0300] INFO (83855): request completed
    route: "/v1/dashboard/duties/00000000-0000-7000-8000-000080001001/cycles"
    method: "GET"
    status: 200
    duration_ms: 5
[2026-09-28 03:38:03.778 -0300] INFO (83855): request completed
    route: "/v1/dashboard/duties/00000000-0000-7000-8000-000080001001/cycles/2026-09"
    method: "GET"
    status: 200
    duration_ms: 4
[2026-09-28 03:38:03.783 -0300] INFO (83855): request completed
    route: "/v1/dashboard/duties/00000000-0000-7000-8000-000080001001/cycles"
    method: "GET"
    status: 200
    duration_ms: 4
[2026-09-28 03:38:03.788 -0300] INFO (83855): request completed
    route: "/v1/dashboard/duties/00000000-0000-7000-8000-000080001001/cycles/2026-09"
    method: "GET"
    status: 200
    duration_ms: 4
[2026-09-28 03:38:03.796 -0300] INFO (83855): request completed
    route: "/v1/dashboard/duties/00000000-0000-7000-8000-000080001001/cycles"
    method: "GET"
    status: 200
    duration_ms: 7
[2026-09-28 03:38:03.801 -0300] INFO (83855): request completed
    route: "/v1/dashboard/duties/00000000-0000-7000-8000-000080001001/cycles/2026-09"
    method: "GET"
    status: 200
    duration_ms: 5
[2026-09-28 03:38:03.807 -0300] INFO (83855): request completed
    route: "/v1/dashboard/duties/00000000-0000-7000-8000-000080001001/cycles"
    method: "GET"
    status: 200
    duration_ms: 5
[2026-09-28 03:38:03.812 -0300] INFO (83855): request completed
    route: "/v1/dashboard/duties/00000000-0000-7000-8000-000080001001/cycles/2026-09"
    method: "GET"
    status: 200
    duration_ms: 5
[2026-09-28 03:38:03.817 -0300] INFO (83855): request completed
    route: "/v1/dashboard/duties/00000000-0000-7000-8000-000080001001/cycles"
    method: "GET"
    status: 200
    duration_ms: 5
[2026-09-28 03:38:03.821 -0300] INFO (83855): request completed
    route: "/v1/dashboard/duties/00000000-0000-7000-8000-000080001001/cycles/2026-09"
    method: "GET"
    status: 200
    duration_ms: 4
[2026-09-28 03:38:03.826 -0300] INFO (83855): request completed
    route: "/v1/dashboard/duties/00000000-0000-7000-8000-000080001001/cycles"
    method: "GET"
    status: 200
    duration_ms: 4
[2026-09-28 03:38:03.831 -0300] INFO (83855): request completed
    route: "/v1/dashboard/duties/00000000-0000-7000-8000-000080001001/cycles/2026-09"
    method: "GET"
    status: 200
    duration_ms: 4
[2026-09-28 03:38:03.832 -0300] INFO (83855): request completed
    route: "/v1/dashboard/duties/00000000-0000-7000-8000-000080001001/cycles"
    method: "GET"
    status: 403
    duration_ms: 1
[2026-09-28 03:38:03.832 -0300] INFO (83855): request completed
    route: "/v1/dashboard/duties/00000000-0000-7000-8000-000080001001/cycles/2026-09"
    method: "GET"
    status: 403
    duration_ms: 0
[2026-09-28 03:38:03.850 -0300] INFO (83855): request completed
    route: "/v1/dashboard/duties/00000000-0000-7000-8000-000080001001/cycles/2026-09/start"
    method: "POST"
    status: 428
    duration_ms: 17
[2026-09-28 03:38:03.851 -0300] INFO (83855): request completed
    route: "/v1/dashboard/duties/00000000-0000-7000-8000-000080001001/cycles/2026-09/start"
    method: "POST"
    status: 403
    duration_ms: 0
[2026-09-28 03:38:03.852 -0300] INFO (83855): request completed
    route: "/v1/dashboard/duties/00000000-0000-7000-8000-000080001001/cycles/2026-09/start"
    method: "POST"
    status: 403
    duration_ms: 0
[2026-09-28 03:38:03.853 -0300] INFO (83855): request completed
    route: "/v1/dashboard/duties/00000000-0000-7000-8000-000080001001/cycles/2026-09/start"
    method: "POST"
    status: 403
    duration_ms: 0
[2026-09-28 03:38:03.853 -0300] INFO (83855): request completed
    route: "/v1/dashboard/duties/00000000-0000-7000-8000-000080001001/cycles/2026-09/start"
    method: "POST"
    status: 403
    duration_ms: 0
[2026-09-28 03:38:03.854 -0300] INFO (83855): request completed
    route: "/v1/dashboard/duties/00000000-0000-7000-8000-000080001001/cycles/2026-09/start"
    method: "POST"
    status: 403
    duration_ms: 0
[2026-09-28 03:38:03.855 -0300] INFO (83855): request completed
    route: "/v1/dashboard/duties/00000000-0000-7000-8000-000080001001/cycles/2026-09/start"
    method: "POST"
    status: 403
    duration_ms: 1
[2026-09-28 03:38:03.855 -0300] INFO (83855): request completed
    route: "/v1/dashboard/duties/00000000-0000-7000-8000-000080001001/cycles/2026-09/start"
    method: "POST"
    status: 403
    duration_ms: 0
[2026-09-28 03:38:03.856 -0300] INFO (83855): request completed
    route: "/v1/dashboard/duties/00000000-0000-7000-8000-000080001001/cycles/2026-09/start"
    method: "POST"
    status: 403
    duration_ms: 0
[2026-09-28 03:38:03.874 -0300] INFO (83855): request completed
    route: "/v1/dashboard/duties/00000000-0000-7000-8000-000080001001/cycles/2026-09/start"
    method: "POST"
    status: 428
    duration_ms: 18
[2026-09-28 03:38:03.875 -0300] INFO (83855): request completed
    route: "/v1/dashboard/duties/00000000-0000-7000-8000-000080001001/cycles/2026-09/start"
    method: "POST"
    status: 403
    duration_ms: 1
[2026-09-28 03:38:03.875 -0300] INFO (83855): request completed
    route: "/v1/dashboard/duties/00000000-0000-7000-8000-000080001001/cycles/2026-09/start"
    method: "POST"
    status: 403
    duration_ms: 0
[2026-09-28 03:38:03.876 -0300] INFO (83855): request completed
    route: "/v1/dashboard/duties/00000000-0000-7000-8000-000080001001/cycles/2026-09/start"
    method: "POST"
    status: 403
    duration_ms: 0
[2026-09-28 03:38:03.892 -0300] INFO (83855): request completed
    route: "/v1/dashboard/duties/00000000-0000-7000-8000-000080001001/cycles/2026-09/start"
    method: "POST"
    status: 428
    duration_ms: 16
[2026-09-28 03:38:03.893 -0300] INFO (83855): request completed
    route: "/v1/dashboard/duties/00000000-0000-7000-8000-000080001001/cycles/2026-09/start"
    method: "POST"
    status: 403
    duration_ms: 0
[2026-09-28 03:38:03.894 -0300] INFO (83855): request completed
    route: "/v1/dashboard/duties/00000000-0000-7000-8000-000080001001/cycles/2026-09/start"
    method: "POST"
    status: 403
    duration_ms: 1
[2026-09-28 03:38:03.894 -0300] INFO (83855): request completed
    route: "/v1/dashboard/duties/00000000-0000-7000-8000-000080001001/cycles/2026-09/start"
    method: "POST"
    status: 403
    duration_ms: 0
[2026-09-28 03:38:03.895 -0300] INFO (83855): request completed
    route: "/v1/dashboard/duties/00000000-0000-7000-8000-000080001001/cycles/2026-09/start"
    method: "POST"
    status: 403
    duration_ms: 0
[2026-09-28 03:38:03.896 -0300] INFO (83855): request completed
    route: "/v1/dashboard/duties/00000000-0000-7000-8000-000080001001/cycles/2026-09/start"
    method: "POST"
    status: 403
    duration_ms: 1
[2026-09-28 03:38:03.912 -0300] INFO (83855): request completed
    route: "/v1/dashboard/duties/00000000-0000-7000-8000-000080001001/cycles/2026-09/start"
    method: "POST"
    status: 428
    duration_ms: 16
[2026-09-28 03:38:03.928 -0300] INFO (83855): request completed
    route: "/v1/dashboard/duties/00000000-0000-7000-8000-000080001001/cycles/2026-09/start"
    method: "POST"
    status: 428
    duration_ms: 15
[2026-09-28 03:38:03.929 -0300] INFO (83855): request completed
    route: "/v1/dashboard/duties/00000000-0000-7000-8000-000080001001/cycles/2026-09/start"
    method: "POST"
    status: 403
    duration_ms: 0
[2026-09-28 03:38:03.929 -0300] INFO (83855): request completed
    route: "/v1/dashboard/duties/00000000-0000-7000-8000-000080001001/cycles/2026-09/start"
    method: "POST"
    status: 403
    duration_ms: 0
[2026-09-28 03:38:03.930 -0300] INFO (83855): request completed
    route: "/v1/dashboard/duties/00000000-0000-7000-8000-000080001001/cycles/2026-09/start"
    method: "POST"
    status: 403
    duration_ms: 0
[2026-09-28 03:38:03.931 -0300] INFO (83855): request completed
    route: "/v1/dashboard/duties/00000000-0000-7000-8000-000080001001/cycles/2026-09/start"
    method: "POST"
    status: 403
    duration_ms: 1
[2026-09-28 03:38:03.931 -0300] INFO (83855): request completed
    route: "/v1/dashboard/duties/00000000-0000-7000-8000-000080001001/cycles/2026-09/start"
    method: "POST"
    status: 403
    duration_ms: 0
[2026-09-28 03:38:03.932 -0300] INFO (83855): request completed
    route: "/v1/dashboard/duties/00000000-0000-7000-8000-000080001001/cycles/2026-09/start"
    method: "POST"
    status: 403
    duration_ms: 0
[2026-09-28 03:38:03.932 -0300] INFO (83855): request completed
    route: "/v1/dashboard/duties/00000000-0000-7000-8000-000080001001/cycles/2026-09/start"
    method: "POST"
    status: 403
    duration_ms: 0
[2026-09-28 03:38:03.933 -0300] INFO (83855): request completed
    route: "/v1/dashboard/duties/00000000-0000-7000-8000-000080001001/cycles/2026-09/start"
    method: "POST"
    status: 403
    duration_ms: 0
[2026-09-28 03:38:03.933 -0300] INFO (83855): request completed
    route: "/v1/dashboard/duties/00000000-0000-7000-8000-000080001001/cycles/2026-09/start"
    method: "POST"
    status: 403
    duration_ms: 0
[2026-09-28 03:38:03.934 -0300] INFO (83855): request completed
    route: "/v1/dashboard/duties/00000000-0000-7000-8000-000080001001/cycles/2026-09/start"
    method: "POST"
    status: 403
    duration_ms: 0
[2026-09-28 03:38:03.935 -0300] INFO (83855): request completed
    route: "/v1/dashboard/duties/00000000-0000-7000-8000-000080001001/cycles/2026-09/start"
    method: "POST"
    status: 403
    duration_ms: 1
[2026-09-28 03:38:03.935 -0300] INFO (83855): request completed
    route: "/v1/dashboard/duties/00000000-0000-7000-8000-000080001001/cycles/2026-09/start"
    method: "POST"
    status: 403
    duration_ms: 0
[2026-09-28 03:38:03.936 -0300] INFO (83855): request completed
    route: "/v1/dashboard/duties/00000000-0000-7000-8000-000080001001/cycles/2026-09/start"
    method: "POST"
    status: 403
    duration_ms: 0
[2026-09-28 03:38:03.952 -0300] INFO (83855): request completed
    route: "/v1/dashboard/duties/00000000-0000-7000-8000-000080001001/cycles/2026-09/start"
    method: "POST"
    status: 428
    duration_ms: 16
[2026-09-28 03:38:03.953 -0300] INFO (83855): request completed
    route: "/v1/dashboard/duties/00000000-0000-7000-8000-000080001001/cycles/2026-09/start"
    method: "POST"
    status: 403
    duration_ms: 0
[2026-09-28 03:38:03.969 -0300] INFO (83855): request completed
    route: "/v1/dashboard/duties/00000000-0000-7000-8000-000080001001/cycles/2026-09/prepare"
    method: "POST"
    status: 428
    duration_ms: 16
[2026-09-28 03:38:03.970 -0300] INFO (83855): request completed
    route: "/v1/dashboard/duties/00000000-0000-7000-8000-000080001001/cycles/2026-09/prepare"
    method: "POST"
    status: 403
    duration_ms: 1
[2026-09-28 03:38:03.970 -0300] INFO (83855): request completed
    route: "/v1/dashboard/duties/00000000-0000-7000-8000-000080001001/cycles/2026-09/prepare"
    method: "POST"
    status: 403
    duration_ms: 0
[2026-09-28 03:38:03.971 -0300] INFO (83855): request completed
    route: "/v1/dashboard/duties/00000000-0000-7000-8000-000080001001/cycles/2026-09/prepare"
    method: "POST"
    status: 403
    duration_ms: 0
[2026-09-28 03:38:03.972 -0300] INFO (83855): request completed
    route: "/v1/dashboard/duties/00000000-0000-7000-8000-000080001001/cycles/2026-09/prepare"
    method: "POST"
    status: 403
    duration_ms: 0
[2026-09-28 03:38:03.972 -0300] INFO (83855): request completed
    route: "/v1/dashboard/duties/00000000-0000-7000-8000-000080001001/cycles/2026-09/prepare"
    method: "POST"
    status: 403
    duration_ms: 0
[2026-09-28 03:38:03.973 -0300] INFO (83855): request completed
    route: "/v1/dashboard/duties/00000000-0000-7000-8000-000080001001/cycles/2026-09/prepare"
    method: "POST"
    status: 403
    duration_ms: 0
[2026-09-28 03:38:03.974 -0300] INFO (83855): request completed
    route: "/v1/dashboard/duties/00000000-0000-7000-8000-000080001001/cycles/2026-09/prepare"
    method: "POST"
    status: 403
    duration_ms: 1
[2026-09-28 03:38:03.974 -0300] INFO (83855): request completed
    route: "/v1/dashboard/duties/00000000-0000-7000-8000-000080001001/cycles/2026-09/prepare"
    method: "POST"
    status: 403
    duration_ms: 0
[2026-09-28 03:38:03.991 -0300] INFO (83855): request completed
    route: "/v1/dashboard/duties/00000000-0000-7000-8000-000080001001/cycles/2026-09/prepare"
    method: "POST"
    status: 428
    duration_ms: 16
[2026-09-28 03:38:03.992 -0300] INFO (83855): request completed
    route: "/v1/dashboard/duties/00000000-0000-7000-8000-000080001001/cycles/2026-09/prepare"
    method: "POST"
    status: 403
    duration_ms: 0
[2026-09-28 03:38:03.992 -0300] INFO (83855): request completed
    route: "/v1/dashboard/duties/00000000-0000-7000-8000-000080001001/cycles/2026-09/prepare"
    method: "POST"
    status: 403
    duration_ms: 0
[2026-09-28 03:38:03.993 -0300] INFO (83855): request completed
    route: "/v1/dashboard/duties/00000000-0000-7000-8000-000080001001/cycles/2026-09/prepare"
    method: "POST"
    status: 403
    duration_ms: 0
[2026-09-28 03:38:04.009 -0300] INFO (83855): request completed
    route: "/v1/dashboard/duties/00000000-0000-7000-8000-000080001001/cycles/2026-09/prepare"
    method: "POST"
    status: 428
    duration_ms: 15
[2026-09-28 03:38:04.010 -0300] INFO (83855): request completed
    route: "/v1/dashboard/duties/00000000-0000-7000-8000-000080001001/cycles/2026-09/prepare"
    method: "POST"
    status: 403
    duration_ms: 0
[2026-09-28 03:38:04.011 -0300] INFO (83855): request completed
    route: "/v1/dashboard/duties/00000000-0000-7000-8000-000080001001/cycles/2026-09/prepare"
    method: "POST"
    status: 403
    duration_ms: 1
[2026-09-28 03:38:04.011 -0300] INFO (83855): request completed
    route: "/v1/dashboard/duties/00000000-0000-7000-8000-000080001001/cycles/2026-09/prepare"
    method: "POST"
    status: 403
    duration_ms: 0
[2026-09-28 03:38:04.012 -0300] INFO (83855): request completed
    route: "/v1/dashboard/duties/00000000-0000-7000-8000-000080001001/cycles/2026-09/prepare"
    method: "POST"
    status: 403
    duration_ms: 0
[2026-09-28 03:38:04.012 -0300] INFO (83855): request completed
    route: "/v1/dashboard/duties/00000000-0000-7000-8000-000080001001/cycles/2026-09/prepare"
    method: "POST"
    status: 403
    duration_ms: 0
[2026-09-28 03:38:04.028 -0300] INFO (83855): request completed
    route: "/v1/dashboard/duties/00000000-0000-7000-8000-000080001001/cycles/2026-09/prepare"
    method: "POST"
    status: 428
    duration_ms: 15
[2026-09-28 03:38:04.043 -0300] INFO (83855): request completed
    route: "/v1/dashboard/duties/00000000-0000-7000-8000-000080001001/cycles/2026-09/prepare"
    method: "POST"
    status: 428
    duration_ms: 15
[2026-09-28 03:38:04.044 -0300] INFO (83855): request completed
    route: "/v1/dashboard/duties/00000000-0000-7000-8000-000080001001/cycles/2026-09/prepare"
    method: "POST"
    status: 403
    duration_ms: 0
[2026-09-28 03:38:04.044 -0300] INFO (83855): request completed
    route: "/v1/dashboard/duties/00000000-0000-7000-8000-000080001001/cycles/2026-09/prepare"
    method: "POST"
    status: 403
    duration_ms: 0
[2026-09-28 03:38:04.045 -0300] INFO (83855): request completed
    route: "/v1/dashboard/duties/00000000-0000-7000-8000-000080001001/cycles/2026-09/prepare"
    method: "POST"
    status: 403
    duration_ms: 0
[2026-09-28 03:38:04.046 -0300] INFO (83855): request completed
    route: "/v1/dashboard/duties/00000000-0000-7000-8000-000080001001/cycles/2026-09/prepare"
    method: "POST"
    status: 403
    duration_ms: 0
[2026-09-28 03:38:04.046 -0300] INFO (83855): request completed
    route: "/v1/dashboard/duties/00000000-0000-7000-8000-000080001001/cycles/2026-09/prepare"
    method: "POST"
    status: 403
    duration_ms: 0
[2026-09-28 03:38:04.047 -0300] INFO (83855): request completed
    route: "/v1/dashboard/duties/00000000-0000-7000-8000-000080001001/cycles/2026-09/prepare"
    method: "POST"
    status: 403
    duration_ms: 0
[2026-09-28 03:38:04.048 -0300] INFO (83855): request completed
    route: "/v1/dashboard/duties/00000000-0000-7000-8000-000080001001/cycles/2026-09/prepare"
    method: "POST"
    status: 403
    duration_ms: 0
[2026-09-28 03:38:04.048 -0300] INFO (83855): request completed
    route: "/v1/dashboard/duties/00000000-0000-7000-8000-000080001001/cycles/2026-09/prepare"
    method: "POST"
    status: 403
    duration_ms: 0
[2026-09-28 03:38:04.049 -0300] INFO (83855): request completed
    route: "/v1/dashboard/duties/00000000-0000-7000-8000-000080001001/cycles/2026-09/prepare"
    method: "POST"
    status: 403
    duration_ms: 0
[2026-09-28 03:38:04.050 -0300] INFO (83855): request completed
    route: "/v1/dashboard/duties/00000000-0000-7000-8000-000080001001/cycles/2026-09/prepare"
    method: "POST"
    status: 403
    duration_ms: 1
[2026-09-28 03:38:04.050 -0300] INFO (83855): request completed
    route: "/v1/dashboard/duties/00000000-0000-7000-8000-000080001001/cycles/2026-09/prepare"
    method: "POST"
    status: 403
    duration_ms: 0
[2026-09-28 03:38:04.051 -0300] INFO (83855): request completed
    route: "/v1/dashboard/duties/00000000-0000-7000-8000-000080001001/cycles/2026-09/prepare"
    method: "POST"
    status: 403
    duration_ms: 0
[2026-09-28 03:38:04.051 -0300] INFO (83855): request completed
    route: "/v1/dashboard/duties/00000000-0000-7000-8000-000080001001/cycles/2026-09/prepare"
    method: "POST"
    status: 403
    duration_ms: 0
[2026-09-28 03:38:04.067 -0300] INFO (83855): request completed
    route: "/v1/dashboard/duties/00000000-0000-7000-8000-000080001001/cycles/2026-09/prepare"
    method: "POST"
    status: 428
    duration_ms: 15
[2026-09-28 03:38:04.068 -0300] INFO (83855): request completed
    route: "/v1/dashboard/duties/00000000-0000-7000-8000-000080001001/cycles/2026-09/prepare"
    method: "POST"
    status: 403
    duration_ms: 0
[2026-09-28 03:38:04.084 -0300] INFO (83855): request completed
    route: "/v1/dashboard/duties/00000000-0000-7000-8000-000080001001/cycles/2026-09/submit"
    method: "POST"
    status: 428
    duration_ms: 15
[2026-09-28 03:38:04.085 -0300] INFO (83855): request completed
    route: "/v1/dashboard/duties/00000000-0000-7000-8000-000080001001/cycles/2026-09/submit"
    method: "POST"
    status: 403
    duration_ms: 0
[2026-09-28 03:38:04.086 -0300] INFO (83855): request completed
    route: "/v1/dashboard/duties/00000000-0000-7000-8000-000080001001/cycles/2026-09/submit"
    method: "POST"
    status: 403
    duration_ms: 0
[2026-09-28 03:38:04.087 -0300] INFO (83855): request completed
    route: "/v1/dashboard/duties/00000000-0000-7000-8000-000080001001/cycles/2026-09/submit"
    method: "POST"
    status: 403
    duration_ms: 0
[2026-09-28 03:38:04.087 -0300] INFO (83855): request completed
    route: "/v1/dashboard/duties/00000000-0000-7000-8000-000080001001/cycles/2026-09/submit"
    method: "POST"
    status: 403
    duration_ms: 0
[2026-09-28 03:38:04.088 -0300] INFO (83855): request completed
    route: "/v1/dashboard/duties/00000000-0000-7000-8000-000080001001/cycles/2026-09/submit"
    method: "POST"
    status: 403
    duration_ms: 0
[2026-09-28 03:38:04.088 -0300] INFO (83855): request completed
    route: "/v1/dashboard/duties/00000000-0000-7000-8000-000080001001/cycles/2026-09/submit"
    method: "POST"
    status: 403
    duration_ms: 0
[2026-09-28 03:38:04.089 -0300] INFO (83855): request completed
    route: "/v1/dashboard/duties/00000000-0000-7000-8000-000080001001/cycles/2026-09/submit"
    method: "POST"
    status: 403
    duration_ms: 0
[2026-09-28 03:38:04.090 -0300] INFO (83855): request completed
    route: "/v1/dashboard/duties/00000000-0000-7000-8000-000080001001/cycles/2026-09/submit"
    method: "POST"
    status: 403
    duration_ms: 1
[2026-09-28 03:38:04.106 -0300] INFO (83855): request completed
    route: "/v1/dashboard/duties/00000000-0000-7000-8000-000080001001/cycles/2026-09/submit"
    method: "POST"
    status: 428
    duration_ms: 16
[2026-09-28 03:38:04.107 -0300] INFO (83855): request completed
    route: "/v1/dashboard/duties/00000000-0000-7000-8000-000080001001/cycles/2026-09/submit"
    method: "POST"
    status: 403
    duration_ms: 0
[2026-09-28 03:38:04.107 -0300] INFO (83855): request completed
    route: "/v1/dashboard/duties/00000000-0000-7000-8000-000080001001/cycles/2026-09/submit"
    method: "POST"
    status: 403
    duration_ms: 0
[2026-09-28 03:38:04.108 -0300] INFO (83855): request completed
    route: "/v1/dashboard/duties/00000000-0000-7000-8000-000080001001/cycles/2026-09/submit"
    method: "POST"
    status: 403
    duration_ms: 0
[2026-09-28 03:38:04.124 -0300] INFO (83855): request completed
    route: "/v1/dashboard/duties/00000000-0000-7000-8000-000080001001/cycles/2026-09/submit"
    method: "POST"
    status: 428
    duration_ms: 15
[2026-09-28 03:38:04.125 -0300] INFO (83855): request completed
    route: "/v1/dashboard/duties/00000000-0000-7000-8000-000080001001/cycles/2026-09/submit"
    method: "POST"
    status: 403
    duration_ms: 0
[2026-09-28 03:38:04.125 -0300] INFO (83855): request completed
    route: "/v1/dashboard/duties/00000000-0000-7000-8000-000080001001/cycles/2026-09/submit"
    method: "POST"
    status: 403
    duration_ms: 0
[2026-09-28 03:38:04.126 -0300] INFO (83855): request completed
    route: "/v1/dashboard/duties/00000000-0000-7000-8000-000080001001/cycles/2026-09/submit"
    method: "POST"
    status: 403
    duration_ms: 0
[2026-09-28 03:38:04.127 -0300] INFO (83855): request completed
    route: "/v1/dashboard/duties/00000000-0000-7000-8000-000080001001/cycles/2026-09/submit"
    method: "POST"
    status: 403
    duration_ms: 0
[2026-09-28 03:38:04.127 -0300] INFO (83855): request completed
    route: "/v1/dashboard/duties/00000000-0000-7000-8000-000080001001/cycles/2026-09/submit"
    method: "POST"
    status: 403
    duration_ms: 0
[2026-09-28 03:38:04.143 -0300] INFO (83855): request completed
    route: "/v1/dashboard/duties/00000000-0000-7000-8000-000080001001/cycles/2026-09/submit"
    method: "POST"
    status: 428
    duration_ms: 15
[2026-09-28 03:38:04.158 -0300] INFO (83855): request completed
    route: "/v1/dashboard/duties/00000000-0000-7000-8000-000080001001/cycles/2026-09/submit"
    method: "POST"
    status: 428
    duration_ms: 14
[2026-09-28 03:38:04.159 -0300] INFO (83855): request completed
    route: "/v1/dashboard/duties/00000000-0000-7000-8000-000080001001/cycles/2026-09/submit"
    method: "POST"
    status: 403
    duration_ms: 0
[2026-09-28 03:38:04.163 -0300] INFO (83855): request completed
    route: "/v1/dashboard/duties/00000000-0000-7000-8000-000080001001/cycles/2026-09/submit"
    method: "POST"
    status: 403
    duration_ms: 1
[2026-09-28 03:38:04.163 -0300] INFO (83855): request completed
    route: "/v1/dashboard/duties/00000000-0000-7000-8000-000080001001/cycles/2026-09/submit"
    method: "POST"
    status: 403
    duration_ms: 0
[2026-09-28 03:38:04.164 -0300] INFO (83855): request completed
    route: "/v1/dashboard/duties/00000000-0000-7000-8000-000080001001/cycles/2026-09/submit"
    method: "POST"
    status: 403
    duration_ms: 0
[2026-09-28 03:38:04.165 -0300] INFO (83855): request completed
    route: "/v1/dashboard/duties/00000000-0000-7000-8000-000080001001/cycles/2026-09/submit"
    method: "POST"
    status: 403
    duration_ms: 1
[2026-09-28 03:38:04.165 -0300] INFO (83855): request completed
    route: "/v1/dashboard/duties/00000000-0000-7000-8000-000080001001/cycles/2026-09/submit"
    method: "POST"
    status: 403
    duration_ms: 0
[2026-09-28 03:38:04.166 -0300] INFO (83855): request completed
    route: "/v1/dashboard/duties/00000000-0000-7000-8000-000080001001/cycles/2026-09/submit"
    method: "POST"
    status: 403
    duration_ms: 1
[2026-09-28 03:38:04.166 -0300] INFO (83855): request completed
    route: "/v1/dashboard/duties/00000000-0000-7000-8000-000080001001/cycles/2026-09/submit"
    method: "POST"
    status: 403
    duration_ms: 0
[2026-09-28 03:38:04.167 -0300] INFO (83855): request completed
    route: "/v1/dashboard/duties/00000000-0000-7000-8000-000080001001/cycles/2026-09/submit"
    method: "POST"
    status: 403
    duration_ms: 1
[2026-09-28 03:38:04.167 -0300] INFO (83855): request completed
    route: "/v1/dashboard/duties/00000000-0000-7000-8000-000080001001/cycles/2026-09/submit"
    method: "POST"
    status: 403
    duration_ms: 0
[2026-09-28 03:38:04.168 -0300] INFO (83855): request completed
    route: "/v1/dashboard/duties/00000000-0000-7000-8000-000080001001/cycles/2026-09/submit"
    method: "POST"
    status: 403
    duration_ms: 1
[2026-09-28 03:38:04.168 -0300] INFO (83855): request completed
    route: "/v1/dashboard/duties/00000000-0000-7000-8000-000080001001/cycles/2026-09/submit"
    method: "POST"
    status: 403
    duration_ms: 0
[2026-09-28 03:38:04.169 -0300] INFO (83855): request completed
    route: "/v1/dashboard/duties/00000000-0000-7000-8000-000080001001/cycles/2026-09/submit"
    method: "POST"
    status: 403
    duration_ms: 1
[2026-09-28 03:38:04.185 -0300] INFO (83855): request completed
    route: "/v1/dashboard/duties/00000000-0000-7000-8000-000080001001/cycles/2026-09/submit"
    method: "POST"
    status: 428
    duration_ms: 16
[2026-09-28 03:38:04.186 -0300] INFO (83855): request completed
    route: "/v1/dashboard/duties/00000000-0000-7000-8000-000080001001/cycles/2026-09/submit"
    method: "POST"
    status: 403
    duration_ms: 0
[2026-09-28 03:38:04.203 -0300] INFO (83855): request completed
    route: "/v1/dashboard/duties/00000000-0000-7000-8000-000080001001/cycles/2026-09/prove"
    method: "POST"
    status: 428
    duration_ms: 17
[2026-09-28 03:38:04.204 -0300] INFO (83855): request completed
    route: "/v1/dashboard/duties/00000000-0000-7000-8000-000080001001/cycles/2026-09/prove"
    method: "POST"
    status: 403
    duration_ms: 1
[2026-09-28 03:38:04.204 -0300] INFO (83855): request completed
    route: "/v1/dashboard/duties/00000000-0000-7000-8000-000080001001/cycles/2026-09/prove"
    method: "POST"
    status: 403
    duration_ms: 0
[2026-09-28 03:38:04.205 -0300] INFO (83855): request completed
    route: "/v1/dashboard/duties/00000000-0000-7000-8000-000080001001/cycles/2026-09/prove"
    method: "POST"
    status: 403
    duration_ms: 0
[2026-09-28 03:38:04.205 -0300] INFO (83855): request completed
    route: "/v1/dashboard/duties/00000000-0000-7000-8000-000080001001/cycles/2026-09/prove"
    method: "POST"
    status: 403
    duration_ms: 0
[2026-09-28 03:38:04.206 -0300] INFO (83855): request completed
    route: "/v1/dashboard/duties/00000000-0000-7000-8000-000080001001/cycles/2026-09/prove"
    method: "POST"
    status: 403
    duration_ms: 0
[2026-09-28 03:38:04.207 -0300] INFO (83855): request completed
    route: "/v1/dashboard/duties/00000000-0000-7000-8000-000080001001/cycles/2026-09/prove"
    method: "POST"
    status: 403
    duration_ms: 1
[2026-09-28 03:38:04.207 -0300] INFO (83855): request completed
    route: "/v1/dashboard/duties/00000000-0000-7000-8000-000080001001/cycles/2026-09/prove"
    method: "POST"
    status: 403
    duration_ms: 0
[2026-09-28 03:38:04.208 -0300] INFO (83855): request completed
    route: "/v1/dashboard/duties/00000000-0000-7000-8000-000080001001/cycles/2026-09/prove"
    method: "POST"
    status: 403
    duration_ms: 0
[2026-09-28 03:38:04.224 -0300] INFO (83855): request completed
    route: "/v1/dashboard/duties/00000000-0000-7000-8000-000080001001/cycles/2026-09/prove"
    method: "POST"
    status: 428
    duration_ms: 16
[2026-09-28 03:38:04.225 -0300] INFO (83855): request completed
    route: "/v1/dashboard/duties/00000000-0000-7000-8000-000080001001/cycles/2026-09/prove"
    method: "POST"
    status: 403
    duration_ms: 0
[2026-09-28 03:38:04.226 -0300] INFO (83855): request completed
    route: "/v1/dashboard/duties/00000000-0000-7000-8000-000080001001/cycles/2026-09/prove"
    method: "POST"
    status: 403
    duration_ms: 0
[2026-09-28 03:38:04.226 -0300] INFO (83855): request completed
    route: "/v1/dashboard/duties/00000000-0000-7000-8000-000080001001/cycles/2026-09/prove"
    method: "POST"
    status: 403
    duration_ms: 0
[2026-09-28 03:38:04.242 -0300] INFO (83855): request completed
    route: "/v1/dashboard/duties/00000000-0000-7000-8000-000080001001/cycles/2026-09/prove"
    method: "POST"
    status: 428
    duration_ms: 15
[2026-09-28 03:38:04.243 -0300] INFO (83855): request completed
    route: "/v1/dashboard/duties/00000000-0000-7000-8000-000080001001/cycles/2026-09/prove"
    method: "POST"
    status: 403
    duration_ms: 0
[2026-09-28 03:38:04.244 -0300] INFO (83855): request completed
    route: "/v1/dashboard/duties/00000000-0000-7000-8000-000080001001/cycles/2026-09/prove"
    method: "POST"
    status: 403
    duration_ms: 0
[2026-09-28 03:38:04.244 -0300] INFO (83855): request completed
    route: "/v1/dashboard/duties/00000000-0000-7000-8000-000080001001/cycles/2026-09/prove"
    method: "POST"
    status: 403
    duration_ms: 0
[2026-09-28 03:38:04.245 -0300] INFO (83855): request completed
    route: "/v1/dashboard/duties/00000000-0000-7000-8000-000080001001/cycles/2026-09/prove"
    method: "POST"
    status: 403
    duration_ms: 0
[2026-09-28 03:38:04.246 -0300] INFO (83855): request completed
    route: "/v1/dashboard/duties/00000000-0000-7000-8000-000080001001/cycles/2026-09/prove"
    method: "POST"
    status: 403
    duration_ms: 0
[2026-09-28 03:38:04.262 -0300] INFO (83855): request completed
    route: "/v1/dashboard/duties/00000000-0000-7000-8000-000080001001/cycles/2026-09/prove"
    method: "POST"
    status: 428
    duration_ms: 16
[2026-09-28 03:38:04.279 -0300] INFO (83855): request completed
    route: "/v1/dashboard/duties/00000000-0000-7000-8000-000080001001/cycles/2026-09/prove"
    method: "POST"
    status: 428
    duration_ms: 16
[2026-09-28 03:38:04.280 -0300] INFO (83855): request completed
    route: "/v1/dashboard/duties/00000000-0000-7000-8000-000080001001/cycles/2026-09/prove"
    method: "POST"
    status: 403
    duration_ms: 1
[2026-09-28 03:38:04.280 -0300] INFO (83855): request completed
    route: "/v1/dashboard/duties/00000000-0000-7000-8000-000080001001/cycles/2026-09/prove"
    method: "POST"
    status: 403
    duration_ms: 0
[2026-09-28 03:38:04.281 -0300] INFO (83855): request completed
    route: "/v1/dashboard/duties/00000000-0000-7000-8000-000080001001/cycles/2026-09/prove"
    method: "POST"
    status: 403
    duration_ms: 0
[2026-09-28 03:38:04.281 -0300] INFO (83855): request completed
    route: "/v1/dashboard/duties/00000000-0000-7000-8000-000080001001/cycles/2026-09/prove"
    method: "POST"
    status: 403
    duration_ms: 0
[2026-09-28 03:38:04.282 -0300] INFO (83855): request completed
    route: "/v1/dashboard/duties/00000000-0000-7000-8000-000080001001/cycles/2026-09/prove"
    method: "POST"
    status: 403
    duration_ms: 0
[2026-09-28 03:38:04.282 -0300] INFO (83855): request completed
    route: "/v1/dashboard/duties/00000000-0000-7000-8000-000080001001/cycles/2026-09/prove"
    method: "POST"
    status: 403
    duration_ms: 0
[2026-09-28 03:38:04.283 -0300] INFO (83855): request completed
    route: "/v1/dashboard/duties/00000000-0000-7000-8000-000080001001/cycles/2026-09/prove"
    method: "POST"
    status: 403
    duration_ms: 0
[2026-09-28 03:38:04.284 -0300] INFO (83855): request completed
    route: "/v1/dashboard/duties/00000000-0000-7000-8000-000080001001/cycles/2026-09/prove"
    method: "POST"
    status: 403
    duration_ms: 1
[2026-09-28 03:38:04.284 -0300] INFO (83855): request completed
    route: "/v1/dashboard/duties/00000000-0000-7000-8000-000080001001/cycles/2026-09/prove"
    method: "POST"
    status: 403
    duration_ms: 0
[2026-09-28 03:38:04.285 -0300] INFO (83855): request completed
    route: "/v1/dashboard/duties/00000000-0000-7000-8000-000080001001/cycles/2026-09/prove"
    method: "POST"
    status: 403
    duration_ms: 0
[2026-09-28 03:38:04.285 -0300] INFO (83855): request completed
    route: "/v1/dashboard/duties/00000000-0000-7000-8000-000080001001/cycles/2026-09/prove"
    method: "POST"
    status: 403
    duration_ms: 0
[2026-09-28 03:38:04.286 -0300] INFO (83855): request completed
    route: "/v1/dashboard/duties/00000000-0000-7000-8000-000080001001/cycles/2026-09/prove"
    method: "POST"
    status: 403
    duration_ms: 0
[2026-09-28 03:38:04.286 -0300] INFO (83855): request completed
    route: "/v1/dashboard/duties/00000000-0000-7000-8000-000080001001/cycles/2026-09/prove"
    method: "POST"
    status: 403
    duration_ms: 0
[2026-09-28 03:38:04.302 -0300] INFO (83855): request completed
    route: "/v1/dashboard/duties/00000000-0000-7000-8000-000080001001/cycles/2026-09/prove"
    method: "POST"
    status: 428
    duration_ms: 15
[2026-09-28 03:38:04.303 -0300] INFO (83855): request completed
    route: "/v1/dashboard/duties/00000000-0000-7000-8000-000080001001/cycles/2026-09/prove"
    method: "POST"
    status: 403
    duration_ms: 0
[2026-09-28 03:38:04.319 -0300] INFO (83855): request completed
    route: "/v1/dashboard/duties/00000000-0000-7000-8000-000080001001/cycles/2026-09/archive"
    method: "POST"
    status: 428
    duration_ms: 16
[2026-09-28 03:38:04.320 -0300] INFO (83855): request completed
    route: "/v1/dashboard/duties/00000000-0000-7000-8000-000080001001/cycles/2026-09/archive"
    method: "POST"
    status: 403
    duration_ms: 0
[2026-09-28 03:38:04.321 -0300] INFO (83855): request completed
    route: "/v1/dashboard/duties/00000000-0000-7000-8000-000080001001/cycles/2026-09/archive"
    method: "POST"
    status: 403
    duration_ms: 0
[2026-09-28 03:38:04.322 -0300] INFO (83855): request completed
    route: "/v1/dashboard/duties/00000000-0000-7000-8000-000080001001/cycles/2026-09/archive"
    method: "POST"
    status: 403
    duration_ms: 1
[2026-09-28 03:38:04.322 -0300] INFO (83855): request completed
    route: "/v1/dashboard/duties/00000000-0000-7000-8000-000080001001/cycles/2026-09/archive"
    method: "POST"
    status: 403
    duration_ms: 0
[2026-09-28 03:38:04.323 -0300] INFO (83855): request completed
    route: "/v1/dashboard/duties/00000000-0000-7000-8000-000080001001/cycles/2026-09/archive"
    method: "POST"
    status: 403
    duration_ms: 0
[2026-09-28 03:38:04.324 -0300] INFO (83855): request completed
    route: "/v1/dashboard/duties/00000000-0000-7000-8000-000080001001/cycles/2026-09/archive"
    method: "POST"
    status: 403
    duration_ms: 1
[2026-09-28 03:38:04.324 -0300] INFO (83855): request completed
    route: "/v1/dashboard/duties/00000000-0000-7000-8000-000080001001/cycles/2026-09/archive"
    method: "POST"
    status: 403
    duration_ms: 0
[2026-09-28 03:38:04.325 -0300] INFO (83855): request completed
    route: "/v1/dashboard/duties/00000000-0000-7000-8000-000080001001/cycles/2026-09/archive"
    method: "POST"
    status: 403
    duration_ms: 0
[2026-09-28 03:38:04.341 -0300] INFO (83855): request completed
    route: "/v1/dashboard/duties/00000000-0000-7000-8000-000080001001/cycles/2026-09/archive"
    method: "POST"
    status: 428
    duration_ms: 15
[2026-09-28 03:38:04.342 -0300] INFO (83855): request completed
    route: "/v1/dashboard/duties/00000000-0000-7000-8000-000080001001/cycles/2026-09/archive"
    method: "POST"
    status: 403
    duration_ms: 0
[2026-09-28 03:38:04.343 -0300] INFO (83855): request completed
    route: "/v1/dashboard/duties/00000000-0000-7000-8000-000080001001/cycles/2026-09/archive"
    method: "POST"
    status: 403
    duration_ms: 0
[2026-09-28 03:38:04.344 -0300] INFO (83855): request completed
    route: "/v1/dashboard/duties/00000000-0000-7000-8000-000080001001/cycles/2026-09/archive"
    method: "POST"
    status: 403
    duration_ms: 1
[2026-09-28 03:38:04.364 -0300] INFO (83855): request completed
    route: "/v1/dashboard/duties/00000000-0000-7000-8000-000080001001/cycles/2026-09/archive"
    method: "POST"
    status: 428
    duration_ms: 20
[2026-09-28 03:38:04.365 -0300] INFO (83855): request completed
    route: "/v1/dashboard/duties/00000000-0000-7000-8000-000080001001/cycles/2026-09/archive"
    method: "POST"
    status: 403
    duration_ms: 0
[2026-09-28 03:38:04.366 -0300] INFO (83855): request completed
    route: "/v1/dashboard/duties/00000000-0000-7000-8000-000080001001/cycles/2026-09/archive"
    method: "POST"
    status: 403
    duration_ms: 0
[2026-09-28 03:38:04.367 -0300] INFO (83855): request completed
    route: "/v1/dashboard/duties/00000000-0000-7000-8000-000080001001/cycles/2026-09/archive"
    method: "POST"
    status: 403
    duration_ms: 0
[2026-09-28 03:38:04.367 -0300] INFO (83855): request completed
    route: "/v1/dashboard/duties/00000000-0000-7000-8000-000080001001/cycles/2026-09/archive"
    method: "POST"
    status: 403
    duration_ms: 0
[2026-09-28 03:38:04.368 -0300] INFO (83855): request completed
    route: "/v1/dashboard/duties/00000000-0000-7000-8000-000080001001/cycles/2026-09/archive"
    method: "POST"
    status: 403
    duration_ms: 0
[2026-09-28 03:38:04.387 -0300] INFO (83855): request completed
    route: "/v1/dashboard/duties/00000000-0000-7000-8000-000080001001/cycles/2026-09/archive"
    method: "POST"
    status: 428
    duration_ms: 19
[2026-09-28 03:38:04.403 -0300] INFO (83855): request completed
    route: "/v1/dashboard/duties/00000000-0000-7000-8000-000080001001/cycles/2026-09/archive"
    method: "POST"
    status: 428
    duration_ms: 15
[2026-09-28 03:38:04.404 -0300] INFO (83855): request completed
    route: "/v1/dashboard/duties/00000000-0000-7000-8000-000080001001/cycles/2026-09/archive"
    method: "POST"
    status: 403
    duration_ms: 1
[2026-09-28 03:38:04.404 -0300] INFO (83855): request completed
    route: "/v1/dashboard/duties/00000000-0000-7000-8000-000080001001/cycles/2026-09/archive"
    method: "POST"
    status: 403
    duration_ms: 0
[2026-09-28 03:38:04.405 -0300] INFO (83855): request completed
    route: "/v1/dashboard/duties/00000000-0000-7000-8000-000080001001/cycles/2026-09/archive"
    method: "POST"
    status: 403
    duration_ms: 0
[2026-09-28 03:38:04.406 -0300] INFO (83855): request completed
    route: "/v1/dashboard/duties/00000000-0000-7000-8000-000080001001/cycles/2026-09/archive"
    method: "POST"
    status: 403
    duration_ms: 1
[2026-09-28 03:38:04.406 -0300] INFO (83855): request completed
    route: "/v1/dashboard/duties/00000000-0000-7000-8000-000080001001/cycles/2026-09/archive"
    method: "POST"
    status: 403
    duration_ms: 0
[2026-09-28 03:38:04.407 -0300] INFO (83855): request completed
    route: "/v1/dashboard/duties/00000000-0000-7000-8000-000080001001/cycles/2026-09/archive"
    method: "POST"
    status: 403
    duration_ms: 0
[2026-09-28 03:38:04.407 -0300] INFO (83855): request completed
    route: "/v1/dashboard/duties/00000000-0000-7000-8000-000080001001/cycles/2026-09/archive"
    method: "POST"
    status: 403
    duration_ms: 0
[2026-09-28 03:38:04.408 -0300] INFO (83855): request completed
    route: "/v1/dashboard/duties/00000000-0000-7000-8000-000080001001/cycles/2026-09/archive"
    method: "POST"
    status: 403
    duration_ms: 0
[2026-09-28 03:38:04.408 -0300] INFO (83855): request completed
    route: "/v1/dashboard/duties/00000000-0000-7000-8000-000080001001/cycles/2026-09/archive"
    method: "POST"
    status: 403
    duration_ms: 0
[2026-09-28 03:38:04.409 -0300] INFO (83855): request completed
    route: "/v1/dashboard/duties/00000000-0000-7000-8000-000080001001/cycles/2026-09/archive"
    method: "POST"
    status: 403
    duration_ms: 0
[2026-09-28 03:38:04.409 -0300] INFO (83855): request completed
    route: "/v1/dashboard/duties/00000000-0000-7000-8000-000080001001/cycles/2026-09/archive"
    method: "POST"
    status: 403
    duration_ms: 0
[2026-09-28 03:38:04.410 -0300] INFO (83855): request completed
    route: "/v1/dashboard/duties/00000000-0000-7000-8000-000080001001/cycles/2026-09/archive"
    method: "POST"
    status: 403
    duration_ms: 0
[2026-09-28 03:38:04.426 -0300] INFO (83855): request completed
    route: "/v1/dashboard/duties/00000000-0000-7000-8000-000080001001/cycles/2026-09/archive"
    method: "POST"
    status: 428
    duration_ms: 16
[2026-09-28 03:38:04.427 -0300] INFO (83855): request completed
    route: "/v1/dashboard/duties/00000000-0000-7000-8000-000080001001/cycles/2026-09/archive"
    method: "POST"
    status: 403
    duration_ms: 1
[2026-09-28 03:38:04.427 -0300] INFO (83855): request completed
    route: "/v1/dashboard/duties/00000000-0000-7000-8000-000080001001/cycles/2026-09/archive"
    method: "POST"
    status: 403
    duration_ms: 0
[2026-09-28 03:38:04.433 -0300] INFO (83855): request completed
    route: "/v1/dashboard/indicators"
    method: "GET"
    status: 200
    duration_ms: 5
[2026-09-28 03:38:04.443 -0300] INFO (83855): request completed
    route: "/v1/dashboard/indicators/IND-DASH-101"
    method: "GET"
    status: 200
    duration_ms: 9
[2026-09-28 03:38:04.448 -0300] INFO (83855): request completed
    route: "/v1/dashboard/indicators"
    method: "GET"
    status: 200
    duration_ms: 4
[2026-09-28 03:38:04.454 -0300] INFO (83855): request completed
    route: "/v1/dashboard/indicators/IND-DASH-101"
    method: "GET"
    status: 200
    duration_ms: 5
[2026-09-28 03:38:04.459 -0300] INFO (83855): request completed
    route: "/v1/dashboard/indicators"
    method: "GET"
    status: 200
    duration_ms: 4
[2026-09-28 03:38:04.465 -0300] INFO (83855): request completed
    route: "/v1/dashboard/indicators/IND-DASH-101"
    method: "GET"
    status: 200
    duration_ms: 5
[2026-09-28 03:38:04.470 -0300] INFO (83855): request completed
    route: "/v1/dashboard/indicators"
    method: "GET"
    status: 200
    duration_ms: 4
[2026-09-28 03:38:04.476 -0300] INFO (83855): request completed
    route: "/v1/dashboard/indicators/IND-DASH-101"
    method: "GET"
    status: 200
    duration_ms: 5
[2026-09-28 03:38:04.481 -0300] INFO (83855): request completed
    route: "/v1/dashboard/indicators"
    method: "GET"
    status: 200
    duration_ms: 4
[2026-09-28 03:38:04.487 -0300] INFO (83855): request completed
    route: "/v1/dashboard/indicators/IND-DASH-101"
    method: "GET"
    status: 200
    duration_ms: 5
[2026-09-28 03:38:04.492 -0300] INFO (83855): request completed
    route: "/v1/dashboard/indicators"
    method: "GET"
    status: 200
    duration_ms: 5
[2026-09-28 03:38:04.498 -0300] INFO (83855): request completed
    route: "/v1/dashboard/indicators/IND-DASH-101"
    method: "GET"
    status: 200
    duration_ms: 6
[2026-09-28 03:38:04.502 -0300] INFO (83855): request completed
    route: "/v1/dashboard/indicators"
    method: "GET"
    status: 200
    duration_ms: 4
[2026-09-28 03:38:04.510 -0300] INFO (83855): request completed
    route: "/v1/dashboard/indicators/IND-DASH-101"
    method: "GET"
    status: 200
    duration_ms: 7
[2026-09-28 03:38:04.515 -0300] INFO (83855): request completed
    route: "/v1/dashboard/indicators"
    method: "GET"
    status: 200
    duration_ms: 4
[2026-09-28 03:38:04.521 -0300] INFO (83855): request completed
    route: "/v1/dashboard/indicators/IND-DASH-101"
    method: "GET"
    status: 200
    duration_ms: 5
[2026-09-28 03:38:04.526 -0300] INFO (83855): request completed
    route: "/v1/dashboard/indicators"
    method: "GET"
    status: 200
    duration_ms: 4
[2026-09-28 03:38:04.532 -0300] INFO (83855): request completed
    route: "/v1/dashboard/indicators/IND-DASH-101"
    method: "GET"
    status: 200
    duration_ms: 5
[2026-09-28 03:38:04.537 -0300] INFO (83855): request completed
    route: "/v1/dashboard/indicators"
    method: "GET"
    status: 200
    duration_ms: 4
[2026-09-28 03:38:04.543 -0300] INFO (83855): request completed
    route: "/v1/dashboard/indicators/IND-DASH-101"
    method: "GET"
    status: 200
    duration_ms: 5
[2026-09-28 03:38:04.548 -0300] INFO (83855): request completed
    route: "/v1/dashboard/indicators"
    method: "GET"
    status: 200
    duration_ms: 4
[2026-09-28 03:38:04.554 -0300] INFO (83855): request completed
    route: "/v1/dashboard/indicators/IND-DASH-101"
    method: "GET"
    status: 200
    duration_ms: 5
[2026-09-28 03:38:04.560 -0300] INFO (83855): request completed
    route: "/v1/dashboard/indicators"
    method: "GET"
    status: 200
    duration_ms: 5
[2026-09-28 03:38:04.566 -0300] INFO (83855): request completed
    route: "/v1/dashboard/indicators/IND-DASH-101"
    method: "GET"
    status: 200
    duration_ms: 5
[2026-09-28 03:38:04.571 -0300] INFO (83855): request completed
    route: "/v1/dashboard/indicators"
    method: "GET"
    status: 200
    duration_ms: 4
[2026-09-28 03:38:04.577 -0300] INFO (83855): request completed
    route: "/v1/dashboard/indicators/IND-DASH-101"
    method: "GET"
    status: 200
    duration_ms: 5
[2026-09-28 03:38:04.582 -0300] INFO (83855): request completed
    route: "/v1/dashboard/indicators"
    method: "GET"
    status: 200
    duration_ms: 4
[2026-09-28 03:38:04.588 -0300] INFO (83855): request completed
    route: "/v1/dashboard/indicators/IND-DASH-101"
    method: "GET"
    status: 200
    duration_ms: 5
[2026-09-28 03:38:04.589 -0300] INFO (83855): request completed
    route: "/v1/dashboard/indicators"
    method: "GET"
    status: 403
    duration_ms: 0
[2026-09-28 03:38:04.590 -0300] INFO (83855): request completed
    route: "/v1/dashboard/indicators/IND-DASH-101"
    method: "GET"
    status: 403
    duration_ms: 0
[2026-09-28 03:38:04.595 -0300] INFO (83855): request completed
    route: "/v1/dashboard/indicators"
    method: "GET"
    status: 200
    duration_ms: 5
[2026-09-28 03:38:04.601 -0300] INFO (83855): request completed
    route: "/v1/dashboard/indicators/IND-DASH-101"
    method: "GET"
    status: 200
    duration_ms: 6
[2026-09-28 03:38:04.608 -0300] INFO (83855): request completed
    route: "/v1/dashboard/indicators"
    method: "GET"
    status: 200
    duration_ms: 5
[2026-09-28 03:38:04.614 -0300] INFO (83855): request completed
    route: "/v1/dashboard/indicators/IND-DASH-101"
    method: "GET"
    status: 200
    duration_ms: 5
[2026-09-28 03:38:04.619 -0300] INFO (83855): request completed
    route: "/v1/dashboard/indicators"
    method: "GET"
    status: 200
    duration_ms: 4
[2026-09-28 03:38:04.625 -0300] INFO (83855): request completed
    route: "/v1/dashboard/indicators/IND-DASH-101"
    method: "GET"
    status: 200
    duration_ms: 5
[2026-09-28 03:38:04.630 -0300] INFO (83855): request completed
    route: "/v1/dashboard/indicators"
    method: "GET"
    status: 200
    duration_ms: 4
[2026-09-28 03:38:04.636 -0300] INFO (83855): request completed
    route: "/v1/dashboard/indicators/IND-DASH-101"
    method: "GET"
    status: 200
    duration_ms: 5
[2026-09-28 03:38:04.641 -0300] INFO (83855): request completed
    route: "/v1/dashboard/indicators"
    method: "GET"
    status: 200
    duration_ms: 4
[2026-09-28 03:38:04.647 -0300] INFO (83855): request completed
    route: "/v1/dashboard/indicators/IND-DASH-101"
    method: "GET"
    status: 200
    duration_ms: 5
[2026-09-28 03:38:04.652 -0300] INFO (83855): request completed
    route: "/v1/dashboard/indicators"
    method: "GET"
    status: 200
    duration_ms: 4
[2026-09-28 03:38:04.658 -0300] INFO (83855): request completed
    route: "/v1/dashboard/indicators/IND-DASH-101"
    method: "GET"
    status: 200
    duration_ms: 5
[2026-09-28 03:38:04.663 -0300] INFO (83855): request completed
    route: "/v1/dashboard/indicators"
    method: "GET"
    status: 200
    duration_ms: 5
[2026-09-28 03:38:04.669 -0300] INFO (83855): request completed
    route: "/v1/dashboard/indicators/IND-DASH-101"
    method: "GET"
    status: 200
    duration_ms: 6
[2026-09-28 03:38:04.673 -0300] INFO (83855): request completed
    route: "/v1/dashboard/indicators"
    method: "GET"
    status: 200
    duration_ms: 4
[2026-09-28 03:38:04.679 -0300] INFO (83855): request completed
    route: "/v1/dashboard/indicators/IND-DASH-101"
    method: "GET"
    status: 200
    duration_ms: 5
[2026-09-28 03:38:04.684 -0300] INFO (83855): request completed
    route: "/v1/dashboard/indicators"
    method: "GET"
    status: 200
    duration_ms: 4
[2026-09-28 03:38:04.690 -0300] INFO (83855): request completed
    route: "/v1/dashboard/indicators/IND-DASH-101"
    method: "GET"
    status: 200
    duration_ms: 5
[2026-09-28 03:38:04.695 -0300] INFO (83855): request completed
    route: "/v1/dashboard/indicators"
    method: "GET"
    status: 200
    duration_ms: 4
[2026-09-28 03:38:04.701 -0300] INFO (83855): request completed
    route: "/v1/dashboard/indicators/IND-DASH-101"
    method: "GET"
    status: 200
    duration_ms: 5
[2026-09-28 03:38:04.707 -0300] INFO (83855): request completed
    route: "/v1/dashboard/indicators"
    method: "GET"
    status: 200
    duration_ms: 5
[2026-09-28 03:38:04.713 -0300] INFO (83855): request completed
    route: "/v1/dashboard/indicators/IND-DASH-101"
    method: "GET"
    status: 200
    duration_ms: 6
[2026-09-28 03:38:04.718 -0300] INFO (83855): request completed
    route: "/v1/dashboard/indicators"
    method: "GET"
    status: 200
    duration_ms: 5
[2026-09-28 03:38:04.725 -0300] INFO (83855): request completed
    route: "/v1/dashboard/indicators/IND-DASH-101"
    method: "GET"
    status: 200
    duration_ms: 6
[2026-09-28 03:38:04.730 -0300] INFO (83855): request completed
    route: "/v1/dashboard/indicators"
    method: "GET"
    status: 200
    duration_ms: 5
[2026-09-28 03:38:04.736 -0300] INFO (83855): request completed
    route: "/v1/dashboard/indicators/IND-DASH-101"
    method: "GET"
    status: 200
    duration_ms: 5
[2026-09-28 03:38:04.741 -0300] INFO (83855): request completed
    route: "/v1/dashboard/indicators"
    method: "GET"
    status: 200
    duration_ms: 4
[2026-09-28 03:38:04.747 -0300] INFO (83855): request completed
    route: "/v1/dashboard/indicators/IND-DASH-101"
    method: "GET"
    status: 200
    duration_ms: 6
[2026-09-28 03:38:04.751 -0300] INFO (83855): request completed
    route: "/v1/dashboard/indicators"
    method: "GET"
    status: 200
    duration_ms: 4
[2026-09-28 03:38:04.757 -0300] INFO (83855): request completed
    route: "/v1/dashboard/indicators/IND-DASH-101"
    method: "GET"
    status: 200
    duration_ms: 5
[2026-09-28 03:38:04.762 -0300] INFO (83855): request completed
    route: "/v1/dashboard/indicators"
    method: "GET"
    status: 200
    duration_ms: 4
[2026-09-28 03:38:04.768 -0300] INFO (83855): request completed
    route: "/v1/dashboard/indicators/IND-DASH-101"
    method: "GET"
    status: 200
    duration_ms: 5
[2026-09-28 03:38:04.773 -0300] INFO (83855): request completed
    route: "/v1/dashboard/indicators"
    method: "GET"
    status: 200
    duration_ms: 4
[2026-09-28 03:38:04.779 -0300] INFO (83855): request completed
    route: "/v1/dashboard/indicators/IND-DASH-101"
    method: "GET"
    status: 200
    duration_ms: 5
[2026-09-28 03:38:04.783 -0300] INFO (83855): request completed
    route: "/v1/dashboard/indicators"
    method: "GET"
    status: 200
    duration_ms: 4
[2026-09-28 03:38:04.789 -0300] INFO (83855): request completed
    route: "/v1/dashboard/indicators/IND-DASH-101"
    method: "GET"
    status: 200
    duration_ms: 5
[2026-09-28 03:38:04.794 -0300] INFO (83855): request completed
    route: "/v1/dashboard/indicators"
    method: "GET"
    status: 200
    duration_ms: 4
[2026-09-28 03:38:04.800 -0300] INFO (83855): request completed
    route: "/v1/dashboard/indicators/IND-DASH-101"
    method: "GET"
    status: 200
    duration_ms: 5
[2026-09-28 03:38:04.805 -0300] INFO (83855): request completed
    route: "/v1/dashboard/indicators"
    method: "GET"
    status: 200
    duration_ms: 4
[2026-09-28 03:38:04.810 -0300] INFO (83855): request completed
    route: "/v1/dashboard/indicators/IND-DASH-101"
    method: "GET"
    status: 200
    duration_ms: 4
[2026-09-28 03:38:04.811 -0300] INFO (83855): request completed
    route: "/v1/dashboard/indicators"
    method: "GET"
    status: 403
    duration_ms: 0
[2026-09-28 03:38:04.812 -0300] INFO (83855): request completed
    route: "/v1/dashboard/indicators/IND-DASH-101"
    method: "GET"
    status: 403
    duration_ms: 0
[2026-09-28 03:38:04.817 -0300] INFO (83855): request completed
    route: "/v1/dashboard/indicator-configs"
    method: "GET"
    status: 200
    duration_ms: 5
[2026-09-28 03:38:04.821 -0300] INFO (83855): request completed
    route: "/v1/dashboard/indicator-configs/00000000-0000-7000-8000-000084000301"
    method: "GET"
    status: 200
    duration_ms: 4
[2026-09-28 03:38:04.822 -0300] INFO (83855): request completed
    route: "/v1/dashboard/indicator-configs"
    method: "GET"
    status: 403
    duration_ms: 0
[2026-09-28 03:38:04.823 -0300] INFO (83855): request completed
    route: "/v1/dashboard/indicator-configs/00000000-0000-7000-8000-000084000301"
    method: "GET"
    status: 403
    duration_ms: 1
[2026-09-28 03:38:04.823 -0300] INFO (83855): request completed
    route: "/v1/dashboard/indicator-configs"
    method: "GET"
    status: 403
    duration_ms: 0
[2026-09-28 03:38:04.824 -0300] INFO (83855): request completed
    route: "/v1/dashboard/indicator-configs/00000000-0000-7000-8000-000084000301"
    method: "GET"
    status: 403
    duration_ms: 0
[2026-09-28 03:38:04.825 -0300] INFO (83855): request completed
    route: "/v1/dashboard/indicator-configs"
    method: "GET"
    status: 403
    duration_ms: 1
[2026-09-28 03:38:04.825 -0300] INFO (83855): request completed
    route: "/v1/dashboard/indicator-configs/00000000-0000-7000-8000-000084000301"
    method: "GET"
    status: 403
    duration_ms: 0
[2026-09-28 03:38:04.826 -0300] INFO (83855): request completed
    route: "/v1/dashboard/indicator-configs"
    method: "GET"
    status: 403
    duration_ms: 0
[2026-09-28 03:38:04.826 -0300] INFO (83855): request completed
    route: "/v1/dashboard/indicator-configs/00000000-0000-7000-8000-000084000301"
    method: "GET"
    status: 403
    duration_ms: 0
[2026-09-28 03:38:04.827 -0300] INFO (83855): request completed
    route: "/v1/dashboard/indicator-configs"
    method: "GET"
    status: 403
    duration_ms: 0
[2026-09-28 03:38:04.828 -0300] INFO (83855): request completed
    route: "/v1/dashboard/indicator-configs/00000000-0000-7000-8000-000084000301"
    method: "GET"
    status: 403
    duration_ms: 0
[2026-09-28 03:38:04.832 -0300] INFO (83855): request completed
    route: "/v1/dashboard/indicator-configs"
    method: "GET"
    status: 200
    duration_ms: 4
[2026-09-28 03:38:04.837 -0300] INFO (83855): request completed
    route: "/v1/dashboard/indicator-configs/00000000-0000-7000-8000-000084000301"
    method: "GET"
    status: 200
    duration_ms: 4
[2026-09-28 03:38:04.837 -0300] INFO (83855): request completed
    route: "/v1/dashboard/indicator-configs"
    method: "GET"
    status: 403
    duration_ms: 0
[2026-09-28 03:38:04.838 -0300] INFO (83855): request completed
    route: "/v1/dashboard/indicator-configs/00000000-0000-7000-8000-000084000301"
    method: "GET"
    status: 403
    duration_ms: 0
[2026-09-28 03:38:04.839 -0300] INFO (83855): request completed
    route: "/v1/dashboard/indicator-configs"
    method: "GET"
    status: 403
    duration_ms: 0
[2026-09-28 03:38:04.839 -0300] INFO (83855): request completed
    route: "/v1/dashboard/indicator-configs/00000000-0000-7000-8000-000084000301"
    method: "GET"
    status: 403
    duration_ms: 0
[2026-09-28 03:38:04.843 -0300] INFO (83855): request completed
    route: "/v1/dashboard/indicator-configs"
    method: "GET"
    status: 200
    duration_ms: 3
[2026-09-28 03:38:04.847 -0300] INFO (83855): request completed
    route: "/v1/dashboard/indicator-configs/00000000-0000-7000-8000-000084000301"
    method: "GET"
    status: 200
    duration_ms: 3
[2026-09-28 03:38:04.848 -0300] INFO (83855): request completed
    route: "/v1/dashboard/indicator-configs"
    method: "GET"
    status: 403
    duration_ms: 0
[2026-09-28 03:38:04.849 -0300] INFO (83855): request completed
    route: "/v1/dashboard/indicator-configs/00000000-0000-7000-8000-000084000301"
    method: "GET"
    status: 403
    duration_ms: 1
[2026-09-28 03:38:04.849 -0300] INFO (83855): request completed
    route: "/v1/dashboard/indicator-configs"
    method: "GET"
    status: 403
    duration_ms: 0
[2026-09-28 03:38:04.850 -0300] INFO (83855): request completed
    route: "/v1/dashboard/indicator-configs/00000000-0000-7000-8000-000084000301"
    method: "GET"
    status: 403
    duration_ms: 0
[2026-09-28 03:38:04.850 -0300] INFO (83855): request completed
    route: "/v1/dashboard/indicator-configs"
    method: "GET"
    status: 403
    duration_ms: 0
[2026-09-28 03:38:04.851 -0300] INFO (83855): request completed
    route: "/v1/dashboard/indicator-configs/00000000-0000-7000-8000-000084000301"
    method: "GET"
    status: 403
    duration_ms: 0
[2026-09-28 03:38:04.855 -0300] INFO (83855): request completed
    route: "/v1/dashboard/indicator-configs"
    method: "GET"
    status: 200
    duration_ms: 4
[2026-09-28 03:38:04.861 -0300] INFO (83855): request completed
    route: "/v1/dashboard/indicator-configs/00000000-0000-7000-8000-000084000301"
    method: "GET"
    status: 200
    duration_ms: 5
[2026-09-28 03:38:04.863 -0300] INFO (83855): request completed
    route: "/v1/dashboard/indicator-configs"
    method: "GET"
    status: 403
    duration_ms: 1
[2026-09-28 03:38:04.864 -0300] INFO (83855): request completed
    route: "/v1/dashboard/indicator-configs/00000000-0000-7000-8000-000084000301"
    method: "GET"
    status: 403
    duration_ms: 1
[2026-09-28 03:38:04.864 -0300] INFO (83855): request completed
    route: "/v1/dashboard/indicator-configs"
    method: "GET"
    status: 403
    duration_ms: 0
[2026-09-28 03:38:04.865 -0300] INFO (83855): request completed
    route: "/v1/dashboard/indicator-configs/00000000-0000-7000-8000-000084000301"
    method: "GET"
    status: 403
    duration_ms: 0
[2026-09-28 03:38:04.866 -0300] INFO (83855): request completed
    route: "/v1/dashboard/indicator-configs"
    method: "GET"
    status: 403
    duration_ms: 1
[2026-09-28 03:38:04.866 -0300] INFO (83855): request completed
    route: "/v1/dashboard/indicator-configs/00000000-0000-7000-8000-000084000301"
    method: "GET"
    status: 403
    duration_ms: 0
[2026-09-28 03:38:04.867 -0300] INFO (83855): request completed
    route: "/v1/dashboard/indicator-configs"
    method: "GET"
    status: 403
    duration_ms: 0
[2026-09-28 03:38:04.868 -0300] INFO (83855): request completed
    route: "/v1/dashboard/indicator-configs/00000000-0000-7000-8000-000084000301"
    method: "GET"
    status: 403
    duration_ms: 1
[2026-09-28 03:38:04.868 -0300] INFO (83855): request completed
    route: "/v1/dashboard/indicator-configs"
    method: "GET"
    status: 403
    duration_ms: 0
[2026-09-28 03:38:04.869 -0300] INFO (83855): request completed
    route: "/v1/dashboard/indicator-configs/00000000-0000-7000-8000-000084000301"
    method: "GET"
    status: 403
    duration_ms: 0
[2026-09-28 03:38:04.874 -0300] INFO (83855): request completed
    route: "/v1/dashboard/indicator-configs"
    method: "GET"
    status: 200
    duration_ms: 5
[2026-09-28 03:38:04.880 -0300] INFO (83855): request completed
    route: "/v1/dashboard/indicator-configs/00000000-0000-7000-8000-000084000301"
    method: "GET"
    status: 200
    duration_ms: 5
[2026-09-28 03:38:04.886 -0300] INFO (83855): request completed
    route: "/v1/dashboard/indicator-configs"
    method: "GET"
    status: 200
    duration_ms: 5
[2026-09-28 03:38:04.891 -0300] INFO (83855): request completed
    route: "/v1/dashboard/indicator-configs/00000000-0000-7000-8000-000084000301"
    method: "GET"
    status: 200
    duration_ms: 4
[2026-09-28 03:38:04.896 -0300] INFO (83855): request completed
    route: "/v1/dashboard/indicator-configs"
    method: "GET"
    status: 200
    duration_ms: 4
[2026-09-28 03:38:04.900 -0300] INFO (83855): request completed
    route: "/v1/dashboard/indicator-configs/00000000-0000-7000-8000-000084000301"
    method: "GET"
    status: 200
    duration_ms: 4
[2026-09-28 03:38:04.901 -0300] INFO (83855): request completed
    route: "/v1/dashboard/indicator-configs"
    method: "GET"
    status: 403
    duration_ms: 1
[2026-09-28 03:38:04.901 -0300] INFO (83855): request completed
    route: "/v1/dashboard/indicator-configs/00000000-0000-7000-8000-000084000301"
    method: "GET"
    status: 403
    duration_ms: 0
[2026-09-28 03:38:04.902 -0300] INFO (83855): request completed
    route: "/v1/dashboard/indicator-configs"
    method: "GET"
    status: 403
    duration_ms: 0
[2026-09-28 03:38:04.902 -0300] INFO (83855): request completed
    route: "/v1/dashboard/indicator-configs/00000000-0000-7000-8000-000084000301"
    method: "GET"
    status: 403
    duration_ms: 0
[2026-09-28 03:38:04.903 -0300] INFO (83855): request completed
    route: "/v1/dashboard/indicator-configs"
    method: "GET"
    status: 403
    duration_ms: 0
[2026-09-28 03:38:04.904 -0300] INFO (83855): request completed
    route: "/v1/dashboard/indicator-configs/00000000-0000-7000-8000-000084000301"
    method: "GET"
    status: 403
    duration_ms: 1
[2026-09-28 03:38:04.904 -0300] INFO (83855): request completed
    route: "/v1/dashboard/indicator-configs"
    method: "GET"
    status: 403
    duration_ms: 0
[2026-09-28 03:38:04.905 -0300] INFO (83855): request completed
    route: "/v1/dashboard/indicator-configs/00000000-0000-7000-8000-000084000301"
    method: "GET"
    status: 403
    duration_ms: 1
[2026-09-28 03:38:04.905 -0300] INFO (83855): request completed
    route: "/v1/dashboard/indicator-configs"
    method: "GET"
    status: 403
    duration_ms: 0
[2026-09-28 03:38:04.906 -0300] INFO (83855): request completed
    route: "/v1/dashboard/indicator-configs/00000000-0000-7000-8000-000084000301"
    method: "GET"
    status: 403
    duration_ms: 1
[2026-09-28 03:38:04.906 -0300] INFO (83855): request completed
    route: "/v1/dashboard/indicator-configs"
    method: "GET"
    status: 403
    duration_ms: 0
[2026-09-28 03:38:04.907 -0300] INFO (83855): request completed
    route: "/v1/dashboard/indicator-configs/00000000-0000-7000-8000-000084000301"
    method: "GET"
    status: 403
    duration_ms: 1
[2026-09-28 03:38:04.907 -0300] INFO (83855): request completed
    route: "/v1/dashboard/indicator-configs"
    method: "GET"
    status: 403
    duration_ms: 0
[2026-09-28 03:38:04.908 -0300] INFO (83855): request completed
    route: "/v1/dashboard/indicator-configs/00000000-0000-7000-8000-000084000301"
    method: "GET"
    status: 403
    duration_ms: 1
[2026-09-28 03:38:04.908 -0300] INFO (83855): request completed
    route: "/v1/dashboard/indicator-configs"
    method: "GET"
    status: 403
    duration_ms: 0
[2026-09-28 03:38:04.909 -0300] INFO (83855): request completed
    route: "/v1/dashboard/indicator-configs/00000000-0000-7000-8000-000084000301"
    method: "GET"
    status: 403
    duration_ms: 1
[2026-09-28 03:38:04.909 -0300] INFO (83855): request completed
    route: "/v1/dashboard/indicator-configs"
    method: "GET"
    status: 403
    duration_ms: 0
[2026-09-28 03:38:04.910 -0300] INFO (83855): request completed
    route: "/v1/dashboard/indicator-configs/00000000-0000-7000-8000-000084000301"
    method: "GET"
    status: 403
    duration_ms: 1
[2026-09-28 03:38:04.910 -0300] INFO (83855): request completed
    route: "/v1/dashboard/indicator-configs"
    method: "GET"
    status: 403
    duration_ms: 0
[2026-09-28 03:38:04.910 -0300] INFO (83855): request completed
    route: "/v1/dashboard/indicator-configs/00000000-0000-7000-8000-000084000301"
    method: "GET"
    status: 403
    duration_ms: 0
[2026-09-28 03:38:04.911 -0300] INFO (83855): request completed
    route: "/v1/dashboard/indicator-configs"
    method: "GET"
    status: 403
    duration_ms: 0
[2026-09-28 03:38:04.911 -0300] INFO (83855): request completed
    route: "/v1/dashboard/indicator-configs/00000000-0000-7000-8000-000084000301"
    method: "GET"
    status: 403
    duration_ms: 0
[2026-09-28 03:38:04.912 -0300] INFO (83855): request completed
    route: "/v1/dashboard/indicator-configs"
    method: "GET"
    status: 403
    duration_ms: 0
[2026-09-28 03:38:04.912 -0300] INFO (83855): request completed
    route: "/v1/dashboard/indicator-configs/00000000-0000-7000-8000-000084000301"
    method: "GET"
    status: 403
    duration_ms: 0
[2026-09-28 03:38:04.913 -0300] INFO (83855): request completed
    route: "/v1/dashboard/indicator-configs"
    method: "GET"
    status: 403
    duration_ms: 0
[2026-09-28 03:38:04.913 -0300] INFO (83855): request completed
    route: "/v1/dashboard/indicator-configs/00000000-0000-7000-8000-000084000301"
    method: "GET"
    status: 403
    duration_ms: 0
[2026-09-28 03:38:04.914 -0300] INFO (83855): request completed
    route: "/v1/dashboard/indicator-configs"
    method: "GET"
    status: 403
    duration_ms: 1
[2026-09-28 03:38:04.914 -0300] INFO (83855): request completed
    route: "/v1/dashboard/indicator-configs/00000000-0000-7000-8000-000084000301"
    method: "GET"
    status: 403
    duration_ms: 0
[2026-09-28 03:38:04.930 -0300] INFO (83855): request completed
    route: "/v1/dashboard/indicator-configs/00000000-0000-7000-8000-000084000301"
    method: "PATCH"
    status: 428
    duration_ms: 16
[2026-09-28 03:38:04.931 -0300] INFO (83855): request completed
    route: "/v1/dashboard/indicator-configs/00000000-0000-7000-8000-000084000301"
    method: "PATCH"
    status: 403
    duration_ms: 0
[2026-09-28 03:38:04.932 -0300] INFO (83855): request completed
    route: "/v1/dashboard/indicator-configs/00000000-0000-7000-8000-000084000301"
    method: "PATCH"
    status: 403
    duration_ms: 1
[2026-09-28 03:38:04.932 -0300] INFO (83855): request completed
    route: "/v1/dashboard/indicator-configs/00000000-0000-7000-8000-000084000301"
    method: "PATCH"
    status: 403
    duration_ms: 0
[2026-09-28 03:38:04.933 -0300] INFO (83855): request completed
    route: "/v1/dashboard/indicator-configs/00000000-0000-7000-8000-000084000301"
    method: "PATCH"
    status: 403
    duration_ms: 0
[2026-09-28 03:38:04.933 -0300] INFO (83855): request completed
    route: "/v1/dashboard/indicator-configs/00000000-0000-7000-8000-000084000301"
    method: "PATCH"
    status: 403
    duration_ms: 0
[2026-09-28 03:38:04.934 -0300] INFO (83855): request completed
    route: "/v1/dashboard/indicator-configs/00000000-0000-7000-8000-000084000301"
    method: "PATCH"
    status: 403
    duration_ms: 0
[2026-09-28 03:38:04.934 -0300] INFO (83855): request completed
    route: "/v1/dashboard/indicator-configs/00000000-0000-7000-8000-000084000301"
    method: "PATCH"
    status: 403
    duration_ms: 0
[2026-09-28 03:38:04.935 -0300] INFO (83855): request completed
    route: "/v1/dashboard/indicator-configs/00000000-0000-7000-8000-000084000301"
    method: "PATCH"
    status: 403
    duration_ms: 0
[2026-09-28 03:38:04.952 -0300] INFO (83855): request completed
    route: "/v1/dashboard/indicator-configs/00000000-0000-7000-8000-000084000301"
    method: "PATCH"
    status: 428
    duration_ms: 17
[2026-09-28 03:38:04.953 -0300] INFO (83855): request completed
    route: "/v1/dashboard/indicator-configs/00000000-0000-7000-8000-000084000301"
    method: "PATCH"
    status: 403
    duration_ms: 0
[2026-09-28 03:38:04.953 -0300] INFO (83855): request completed
    route: "/v1/dashboard/indicator-configs/00000000-0000-7000-8000-000084000301"
    method: "PATCH"
    status: 403
    duration_ms: 0
[2026-09-28 03:38:04.954 -0300] INFO (83855): request completed
    route: "/v1/dashboard/indicator-configs/00000000-0000-7000-8000-000084000301"
    method: "PATCH"
    status: 403
    duration_ms: 0
[2026-09-28 03:38:04.968 -0300] INFO (83855): request completed
    route: "/v1/dashboard/indicator-configs/00000000-0000-7000-8000-000084000301"
    method: "PATCH"
    status: 428
    duration_ms: 14
[2026-09-28 03:38:04.969 -0300] INFO (83855): request completed
    route: "/v1/dashboard/indicator-configs/00000000-0000-7000-8000-000084000301"
    method: "PATCH"
    status: 403
    duration_ms: 0
[2026-09-28 03:38:04.970 -0300] INFO (83855): request completed
    route: "/v1/dashboard/indicator-configs/00000000-0000-7000-8000-000084000301"
    method: "PATCH"
    status: 403
    duration_ms: 0
[2026-09-28 03:38:04.970 -0300] INFO (83855): request completed
    route: "/v1/dashboard/indicator-configs/00000000-0000-7000-8000-000084000301"
    method: "PATCH"
    status: 403
    duration_ms: 0
[2026-09-28 03:38:04.971 -0300] INFO (83855): request completed
    route: "/v1/dashboard/indicator-configs/00000000-0000-7000-8000-000084000301"
    method: "PATCH"
    status: 403
    duration_ms: 0
[2026-09-28 03:38:04.972 -0300] INFO (83855): request completed
    route: "/v1/dashboard/indicator-configs/00000000-0000-7000-8000-000084000301"
    method: "PATCH"
    status: 403
    duration_ms: 0
[2026-09-28 03:38:04.985 -0300] INFO (83855): request completed
    route: "/v1/dashboard/indicator-configs/00000000-0000-7000-8000-000084000301"
    method: "PATCH"
    status: 428
    duration_ms: 13
[2026-09-28 03:38:04.999 -0300] INFO (83855): request completed
    route: "/v1/dashboard/indicator-configs/00000000-0000-7000-8000-000084000301"
    method: "PATCH"
    status: 428
    duration_ms: 13
[2026-09-28 03:38:05.013 -0300] INFO (83855): request completed
    route: "/v1/dashboard/indicator-configs/00000000-0000-7000-8000-000084000301"
    method: "PATCH"
    status: 428
    duration_ms: 13
[2026-09-28 03:38:05.014 -0300] INFO (83855): request completed
    route: "/v1/dashboard/indicator-configs/00000000-0000-7000-8000-000084000301"
    method: "PATCH"
    status: 403
    duration_ms: 1
[2026-09-28 03:38:05.014 -0300] INFO (83855): request completed
    route: "/v1/dashboard/indicator-configs/00000000-0000-7000-8000-000084000301"
    method: "PATCH"
    status: 403
    duration_ms: 0
[2026-09-28 03:38:05.015 -0300] INFO (83855): request completed
    route: "/v1/dashboard/indicator-configs/00000000-0000-7000-8000-000084000301"
    method: "PATCH"
    status: 403
    duration_ms: 0
[2026-09-28 03:38:05.015 -0300] INFO (83855): request completed
    route: "/v1/dashboard/indicator-configs/00000000-0000-7000-8000-000084000301"
    method: "PATCH"
    status: 403
    duration_ms: 0
[2026-09-28 03:38:05.016 -0300] INFO (83855): request completed
    route: "/v1/dashboard/indicator-configs/00000000-0000-7000-8000-000084000301"
    method: "PATCH"
    status: 403
    duration_ms: 0
[2026-09-28 03:38:05.016 -0300] INFO (83855): request completed
    route: "/v1/dashboard/indicator-configs/00000000-0000-7000-8000-000084000301"
    method: "PATCH"
    status: 403
    duration_ms: 0
[2026-09-28 03:38:05.017 -0300] INFO (83855): request completed
    route: "/v1/dashboard/indicator-configs/00000000-0000-7000-8000-000084000301"
    method: "PATCH"
    status: 403
    duration_ms: 0
[2026-09-28 03:38:05.017 -0300] INFO (83855): request completed
    route: "/v1/dashboard/indicator-configs/00000000-0000-7000-8000-000084000301"
    method: "PATCH"
    status: 403
    duration_ms: 0
[2026-09-28 03:38:05.018 -0300] INFO (83855): request completed
    route: "/v1/dashboard/indicator-configs/00000000-0000-7000-8000-000084000301"
    method: "PATCH"
    status: 403
    duration_ms: 0
[2026-09-28 03:38:05.018 -0300] INFO (83855): request completed
    route: "/v1/dashboard/indicator-configs/00000000-0000-7000-8000-000084000301"
    method: "PATCH"
    status: 403
    duration_ms: 0
[2026-09-28 03:38:05.019 -0300] INFO (83855): request completed
    route: "/v1/dashboard/indicator-configs/00000000-0000-7000-8000-000084000301"
    method: "PATCH"
    status: 403
    duration_ms: 0
[2026-09-28 03:38:05.019 -0300] INFO (83855): request completed
    route: "/v1/dashboard/indicator-configs/00000000-0000-7000-8000-000084000301"
    method: "PATCH"
    status: 403
    duration_ms: 0
[2026-09-28 03:38:05.020 -0300] INFO (83855): request completed
    route: "/v1/dashboard/indicator-configs/00000000-0000-7000-8000-000084000301"
    method: "PATCH"
    status: 403
    duration_ms: 0
[2026-09-28 03:38:05.020 -0300] INFO (83855): request completed
    route: "/v1/dashboard/indicator-configs/00000000-0000-7000-8000-000084000301"
    method: "PATCH"
    status: 403
    duration_ms: 0
[2026-09-28 03:38:05.034 -0300] INFO (83855): request completed
    route: "/v1/dashboard/indicator-configs/00000000-0000-7000-8000-000084000301/publish"
    method: "POST"
    status: 428
    duration_ms: 13
[2026-09-28 03:38:05.035 -0300] INFO (83855): request completed
    route: "/v1/dashboard/indicator-configs/00000000-0000-7000-8000-000084000301/publish"
    method: "POST"
    status: 403
    duration_ms: 0
[2026-09-28 03:38:05.036 -0300] INFO (83855): request completed
    route: "/v1/dashboard/indicator-configs/00000000-0000-7000-8000-000084000301/publish"
    method: "POST"
    status: 403
    duration_ms: 0
[2026-09-28 03:38:05.036 -0300] INFO (83855): request completed
    route: "/v1/dashboard/indicator-configs/00000000-0000-7000-8000-000084000301/publish"
    method: "POST"
    status: 403
    duration_ms: 0
[2026-09-28 03:38:05.037 -0300] INFO (83855): request completed
    route: "/v1/dashboard/indicator-configs/00000000-0000-7000-8000-000084000301/publish"
    method: "POST"
    status: 403
    duration_ms: 0
[2026-09-28 03:38:05.037 -0300] INFO (83855): request completed
    route: "/v1/dashboard/indicator-configs/00000000-0000-7000-8000-000084000301/publish"
    method: "POST"
    status: 403
    duration_ms: 0
[2026-09-28 03:38:05.038 -0300] INFO (83855): request completed
    route: "/v1/dashboard/indicator-configs/00000000-0000-7000-8000-000084000301/publish"
    method: "POST"
    status: 403
    duration_ms: 0
[2026-09-28 03:38:05.039 -0300] INFO (83855): request completed
    route: "/v1/dashboard/indicator-configs/00000000-0000-7000-8000-000084000301/publish"
    method: "POST"
    status: 403
    duration_ms: 1
[2026-09-28 03:38:05.039 -0300] INFO (83855): request completed
    route: "/v1/dashboard/indicator-configs/00000000-0000-7000-8000-000084000301/publish"
    method: "POST"
    status: 403
    duration_ms: 0
[2026-09-28 03:38:05.053 -0300] INFO (83855): request completed
    route: "/v1/dashboard/indicator-configs/00000000-0000-7000-8000-000084000301/publish"
    method: "POST"
    status: 428
    duration_ms: 13
[2026-09-28 03:38:05.054 -0300] INFO (83855): request completed
    route: "/v1/dashboard/indicator-configs/00000000-0000-7000-8000-000084000301/publish"
    method: "POST"
    status: 403
    duration_ms: 1
[2026-09-28 03:38:05.054 -0300] INFO (83855): request completed
    route: "/v1/dashboard/indicator-configs/00000000-0000-7000-8000-000084000301/publish"
    method: "POST"
    status: 403
    duration_ms: 0
[2026-09-28 03:38:05.055 -0300] INFO (83855): request completed
    route: "/v1/dashboard/indicator-configs/00000000-0000-7000-8000-000084000301/publish"
    method: "POST"
    status: 403
    duration_ms: 0
[2026-09-28 03:38:05.068 -0300] INFO (83855): request completed
    route: "/v1/dashboard/indicator-configs/00000000-0000-7000-8000-000084000301/publish"
    method: "POST"
    status: 428
    duration_ms: 13
[2026-09-28 03:38:05.069 -0300] INFO (83855): request completed
    route: "/v1/dashboard/indicator-configs/00000000-0000-7000-8000-000084000301/publish"
    method: "POST"
    status: 403
    duration_ms: 0
[2026-09-28 03:38:05.070 -0300] INFO (83855): request completed
    route: "/v1/dashboard/indicator-configs/00000000-0000-7000-8000-000084000301/publish"
    method: "POST"
    status: 403
    duration_ms: 1
[2026-09-28 03:38:05.070 -0300] INFO (83855): request completed
    route: "/v1/dashboard/indicator-configs/00000000-0000-7000-8000-000084000301/publish"
    method: "POST"
    status: 403
    duration_ms: 0
[2026-09-28 03:38:05.071 -0300] INFO (83855): request completed
    route: "/v1/dashboard/indicator-configs/00000000-0000-7000-8000-000084000301/publish"
    method: "POST"
    status: 403
    duration_ms: 0
[2026-09-28 03:38:05.072 -0300] INFO (83855): request completed
    route: "/v1/dashboard/indicator-configs/00000000-0000-7000-8000-000084000301/publish"
    method: "POST"
    status: 403
    duration_ms: 1
[2026-09-28 03:38:05.085 -0300] INFO (83855): request completed
    route: "/v1/dashboard/indicator-configs/00000000-0000-7000-8000-000084000301/publish"
    method: "POST"
    status: 428
    duration_ms: 13
[2026-09-28 03:38:05.099 -0300] INFO (83855): request completed
    route: "/v1/dashboard/indicator-configs/00000000-0000-7000-8000-000084000301/publish"
    method: "POST"
    status: 428
    duration_ms: 13
[2026-09-28 03:38:05.112 -0300] INFO (83855): request completed
    route: "/v1/dashboard/indicator-configs/00000000-0000-7000-8000-000084000301/publish"
    method: "POST"
    status: 428
    duration_ms: 13
[2026-09-28 03:38:05.113 -0300] INFO (83855): request completed
    route: "/v1/dashboard/indicator-configs/00000000-0000-7000-8000-000084000301/publish"
    method: "POST"
    status: 403
    duration_ms: 0
[2026-09-28 03:38:05.113 -0300] INFO (83855): request completed
    route: "/v1/dashboard/indicator-configs/00000000-0000-7000-8000-000084000301/publish"
    method: "POST"
    status: 403
    duration_ms: 0
[2026-09-28 03:38:05.114 -0300] INFO (83855): request completed
    route: "/v1/dashboard/indicator-configs/00000000-0000-7000-8000-000084000301/publish"
    method: "POST"
    status: 403
    duration_ms: 0
[2026-09-28 03:38:05.114 -0300] INFO (83855): request completed
    route: "/v1/dashboard/indicator-configs/00000000-0000-7000-8000-000084000301/publish"
    method: "POST"
    status: 403
    duration_ms: 0
[2026-09-28 03:38:05.115 -0300] INFO (83855): request completed
    route: "/v1/dashboard/indicator-configs/00000000-0000-7000-8000-000084000301/publish"
    method: "POST"
    status: 403
    duration_ms: 0
[2026-09-28 03:38:05.115 -0300] INFO (83855): request completed
    route: "/v1/dashboard/indicator-configs/00000000-0000-7000-8000-000084000301/publish"
    method: "POST"
    status: 403
    duration_ms: 0
[2026-09-28 03:38:05.116 -0300] INFO (83855): request completed
    route: "/v1/dashboard/indicator-configs/00000000-0000-7000-8000-000084000301/publish"
    method: "POST"
    status: 403
    duration_ms: 0
[2026-09-28 03:38:05.116 -0300] INFO (83855): request completed
    route: "/v1/dashboard/indicator-configs/00000000-0000-7000-8000-000084000301/publish"
    method: "POST"
    status: 403
    duration_ms: 0
[2026-09-28 03:38:05.117 -0300] INFO (83855): request completed
    route: "/v1/dashboard/indicator-configs/00000000-0000-7000-8000-000084000301/publish"
    method: "POST"
    status: 403
    duration_ms: 0
[2026-09-28 03:38:05.117 -0300] INFO (83855): request completed
    route: "/v1/dashboard/indicator-configs/00000000-0000-7000-8000-000084000301/publish"
    method: "POST"
    status: 403
    duration_ms: 0
[2026-09-28 03:38:05.118 -0300] INFO (83855): request completed
    route: "/v1/dashboard/indicator-configs/00000000-0000-7000-8000-000084000301/publish"
    method: "POST"
    status: 403
    duration_ms: 1
[2026-09-28 03:38:05.118 -0300] INFO (83855): request completed
    route: "/v1/dashboard/indicator-configs/00000000-0000-7000-8000-000084000301/publish"
    method: "POST"
    status: 403
    duration_ms: 0
[2026-09-28 03:38:05.118 -0300] INFO (83855): request completed
    route: "/v1/dashboard/indicator-configs/00000000-0000-7000-8000-000084000301/publish"
    method: "POST"
    status: 403
    duration_ms: 0
[2026-09-28 03:38:05.119 -0300] INFO (83855): request completed
    route: "/v1/dashboard/indicator-configs/00000000-0000-7000-8000-000084000301/publish"
    method: "POST"
    status: 403
    duration_ms: 0
[2026-09-28 03:38:05.124 -0300] INFO (83855): request completed
    route: "/v1/dashboard/bi-panels"
    method: "GET"
    status: 200
    duration_ms: 5
[2026-09-28 03:38:05.128 -0300] INFO (83855): request completed
    route: "/v1/dashboard/bi-panels/00000000-0000-7000-8000-000084000401"
    method: "GET"
    status: 200
    duration_ms: 4
[2026-09-28 03:38:05.129 -0300] INFO (83855): request completed
    route: "/v1/dashboard/bi-panels"
    method: "GET"
    status: 403
    duration_ms: 0
[2026-09-28 03:38:05.129 -0300] INFO (83855): request completed
    route: "/v1/dashboard/bi-panels/00000000-0000-7000-8000-000084000401"
    method: "GET"
    status: 403
    duration_ms: 0
[2026-09-28 03:38:05.130 -0300] INFO (83855): request completed
    route: "/v1/dashboard/bi-panels"
    method: "GET"
    status: 403
    duration_ms: 0
[2026-09-28 03:38:05.131 -0300] INFO (83855): request completed
    route: "/v1/dashboard/bi-panels/00000000-0000-7000-8000-000084000401"
    method: "GET"
    status: 403
    duration_ms: 1
[2026-09-28 03:38:05.131 -0300] INFO (83855): request completed
    route: "/v1/dashboard/bi-panels"
    method: "GET"
    status: 403
    duration_ms: 0
[2026-09-28 03:38:05.131 -0300] INFO (83855): request completed
    route: "/v1/dashboard/bi-panels/00000000-0000-7000-8000-000084000401"
    method: "GET"
    status: 403
    duration_ms: 0
[2026-09-28 03:38:05.132 -0300] INFO (83855): request completed
    route: "/v1/dashboard/bi-panels"
    method: "GET"
    status: 403
    duration_ms: 0
[2026-09-28 03:38:05.132 -0300] INFO (83855): request completed
    route: "/v1/dashboard/bi-panels/00000000-0000-7000-8000-000084000401"
    method: "GET"
    status: 403
    duration_ms: 0
[2026-09-28 03:38:05.133 -0300] INFO (83855): request completed
    route: "/v1/dashboard/bi-panels"
    method: "GET"
    status: 403
    duration_ms: 0
[2026-09-28 03:38:05.133 -0300] INFO (83855): request completed
    route: "/v1/dashboard/bi-panels/00000000-0000-7000-8000-000084000401"
    method: "GET"
    status: 403
    duration_ms: 0
[2026-09-28 03:38:05.137 -0300] INFO (83855): request completed
    route: "/v1/dashboard/bi-panels"
    method: "GET"
    status: 200
    duration_ms: 4
[2026-09-28 03:38:05.141 -0300] INFO (83855): request completed
    route: "/v1/dashboard/bi-panels/00000000-0000-7000-8000-000084000401"
    method: "GET"
    status: 200
    duration_ms: 4
[2026-09-28 03:38:05.142 -0300] INFO (83855): request completed
    route: "/v1/dashboard/bi-panels"
    method: "GET"
    status: 403
    duration_ms: 1
[2026-09-28 03:38:05.142 -0300] INFO (83855): request completed
    route: "/v1/dashboard/bi-panels/00000000-0000-7000-8000-000084000401"
    method: "GET"
    status: 403
    duration_ms: 0
[2026-09-28 03:38:05.143 -0300] INFO (83855): request completed
    route: "/v1/dashboard/bi-panels"
    method: "GET"
    status: 403
    duration_ms: 0
[2026-09-28 03:38:05.143 -0300] INFO (83855): request completed
    route: "/v1/dashboard/bi-panels/00000000-0000-7000-8000-000084000401"
    method: "GET"
    status: 403
    duration_ms: 0
[2026-09-28 03:38:05.148 -0300] INFO (83855): request completed
    route: "/v1/dashboard/bi-panels"
    method: "GET"
    status: 200
    duration_ms: 4
[2026-09-28 03:38:05.152 -0300] INFO (83855): request completed
    route: "/v1/dashboard/bi-panels/00000000-0000-7000-8000-000084000401"
    method: "GET"
    status: 200
    duration_ms: 4
[2026-09-28 03:38:05.152 -0300] INFO (83855): request completed
    route: "/v1/dashboard/bi-panels"
    method: "GET"
    status: 403
    duration_ms: 0
[2026-09-28 03:38:05.153 -0300] INFO (83855): request completed
    route: "/v1/dashboard/bi-panels/00000000-0000-7000-8000-000084000401"
    method: "GET"
    status: 403
    duration_ms: 0
[2026-09-28 03:38:05.154 -0300] INFO (83855): request completed
    route: "/v1/dashboard/bi-panels"
    method: "GET"
    status: 403
    duration_ms: 1
[2026-09-28 03:38:05.154 -0300] INFO (83855): request completed
    route: "/v1/dashboard/bi-panels/00000000-0000-7000-8000-000084000401"
    method: "GET"
    status: 403
    duration_ms: 0
[2026-09-28 03:38:05.155 -0300] INFO (83855): request completed
    route: "/v1/dashboard/bi-panels"
    method: "GET"
    status: 403
    duration_ms: 0
[2026-09-28 03:38:05.155 -0300] INFO (83855): request completed
    route: "/v1/dashboard/bi-panels/00000000-0000-7000-8000-000084000401"
    method: "GET"
    status: 403
    duration_ms: 0
[2026-09-28 03:38:05.159 -0300] INFO (83855): request completed
    route: "/v1/dashboard/bi-panels"
    method: "GET"
    status: 200
    duration_ms: 3
[2026-09-28 03:38:05.163 -0300] INFO (83855): request completed
    route: "/v1/dashboard/bi-panels/00000000-0000-7000-8000-000084000401"
    method: "GET"
    status: 200
    duration_ms: 3
[2026-09-28 03:38:05.164 -0300] INFO (83855): request completed
    route: "/v1/dashboard/bi-panels"
    method: "GET"
    status: 403
    duration_ms: 0
[2026-09-28 03:38:05.165 -0300] INFO (83855): request completed
    route: "/v1/dashboard/bi-panels/00000000-0000-7000-8000-000084000401"
    method: "GET"
    status: 403
    duration_ms: 1
[2026-09-28 03:38:05.165 -0300] INFO (83855): request completed
    route: "/v1/dashboard/bi-panels"
    method: "GET"
    status: 403
    duration_ms: 0
[2026-09-28 03:38:05.166 -0300] INFO (83855): request completed
    route: "/v1/dashboard/bi-panels/00000000-0000-7000-8000-000084000401"
    method: "GET"
    status: 403
    duration_ms: 0
[2026-09-28 03:38:05.166 -0300] INFO (83855): request completed
    route: "/v1/dashboard/bi-panels"
    method: "GET"
    status: 403
    duration_ms: 0
[2026-09-28 03:38:05.167 -0300] INFO (83855): request completed
    route: "/v1/dashboard/bi-panels/00000000-0000-7000-8000-000084000401"
    method: "GET"
    status: 403
    duration_ms: 0
[2026-09-28 03:38:05.168 -0300] INFO (83855): request completed
    route: "/v1/dashboard/bi-panels"
    method: "GET"
    status: 403
    duration_ms: 1
[2026-09-28 03:38:05.168 -0300] INFO (83855): request completed
    route: "/v1/dashboard/bi-panels/00000000-0000-7000-8000-000084000401"
    method: "GET"
    status: 403
    duration_ms: 0
[2026-09-28 03:38:05.169 -0300] INFO (83855): request completed
    route: "/v1/dashboard/bi-panels"
    method: "GET"
    status: 403
    duration_ms: 0
[2026-09-28 03:38:05.169 -0300] INFO (83855): request completed
    route: "/v1/dashboard/bi-panels/00000000-0000-7000-8000-000084000401"
    method: "GET"
    status: 403
    duration_ms: 0
[2026-09-28 03:38:05.173 -0300] INFO (83855): request completed
    route: "/v1/dashboard/bi-panels"
    method: "GET"
    status: 200
    duration_ms: 3
[2026-09-28 03:38:05.177 -0300] INFO (83855): request completed
    route: "/v1/dashboard/bi-panels/00000000-0000-7000-8000-000084000401"
    method: "GET"
    status: 200
    duration_ms: 3
[2026-09-28 03:38:05.182 -0300] INFO (83855): request completed
    route: "/v1/dashboard/bi-panels"
    method: "GET"
    status: 200
    duration_ms: 4
[2026-09-28 03:38:05.187 -0300] INFO (83855): request completed
    route: "/v1/dashboard/bi-panels/00000000-0000-7000-8000-000084000401"
    method: "GET"
    status: 200
    duration_ms: 5
[2026-09-28 03:38:05.191 -0300] INFO (83855): request completed
    route: "/v1/dashboard/bi-panels"
    method: "GET"
    status: 200
    duration_ms: 3
[2026-09-28 03:38:05.196 -0300] INFO (83855): request completed
    route: "/v1/dashboard/bi-panels/00000000-0000-7000-8000-000084000401"
    method: "GET"
    status: 200
    duration_ms: 4
[2026-09-28 03:38:05.196 -0300] INFO (83855): request completed
    route: "/v1/dashboard/bi-panels"
    method: "GET"
    status: 403
    duration_ms: 0
[2026-09-28 03:38:05.197 -0300] INFO (83855): request completed
    route: "/v1/dashboard/bi-panels/00000000-0000-7000-8000-000084000401"
    method: "GET"
    status: 403
    duration_ms: 0
[2026-09-28 03:38:05.198 -0300] INFO (83855): request completed
    route: "/v1/dashboard/bi-panels"
    method: "GET"
    status: 403
    duration_ms: 1
[2026-09-28 03:38:05.198 -0300] INFO (83855): request completed
    route: "/v1/dashboard/bi-panels/00000000-0000-7000-8000-000084000401"
    method: "GET"
    status: 403
    duration_ms: 0
[2026-09-28 03:38:05.199 -0300] INFO (83855): request completed
    route: "/v1/dashboard/bi-panels"
    method: "GET"
    status: 403
    duration_ms: 0
[2026-09-28 03:38:05.199 -0300] INFO (83855): request completed
    route: "/v1/dashboard/bi-panels/00000000-0000-7000-8000-000084000401"
    method: "GET"
    status: 403
    duration_ms: 0
[2026-09-28 03:38:05.200 -0300] INFO (83855): request completed
    route: "/v1/dashboard/bi-panels"
    method: "GET"
    status: 403
    duration_ms: 0
[2026-09-28 03:38:05.200 -0300] INFO (83855): request completed
    route: "/v1/dashboard/bi-panels/00000000-0000-7000-8000-000084000401"
    method: "GET"
    status: 403
    duration_ms: 0
[2026-09-28 03:38:05.201 -0300] INFO (83855): request completed
    route: "/v1/dashboard/bi-panels"
    method: "GET"
    status: 403
    duration_ms: 0
[2026-09-28 03:38:05.201 -0300] INFO (83855): request completed
    route: "/v1/dashboard/bi-panels/00000000-0000-7000-8000-000084000401"
    method: "GET"
    status: 403
    duration_ms: 0
[2026-09-28 03:38:05.202 -0300] INFO (83855): request completed
    route: "/v1/dashboard/bi-panels"
    method: "GET"
    status: 403
    duration_ms: 0
[2026-09-28 03:38:05.202 -0300] INFO (83855): request completed
    route: "/v1/dashboard/bi-panels/00000000-0000-7000-8000-000084000401"
    method: "GET"
    status: 403
    duration_ms: 0
[2026-09-28 03:38:05.203 -0300] INFO (83855): request completed
    route: "/v1/dashboard/bi-panels"
    method: "GET"
    status: 403
    duration_ms: 0
[2026-09-28 03:38:05.203 -0300] INFO (83855): request completed
    route: "/v1/dashboard/bi-panels/00000000-0000-7000-8000-000084000401"
    method: "GET"
    status: 403
    duration_ms: 0
[2026-09-28 03:38:05.204 -0300] INFO (83855): request completed
    route: "/v1/dashboard/bi-panels"
    method: "GET"
    status: 403
    duration_ms: 0
[2026-09-28 03:38:05.205 -0300] INFO (83855): request completed
    route: "/v1/dashboard/bi-panels/00000000-0000-7000-8000-000084000401"
    method: "GET"
    status: 403
    duration_ms: 0
[2026-09-28 03:38:05.205 -0300] INFO (83855): request completed
    route: "/v1/dashboard/bi-panels"
    method: "GET"
    status: 403
    duration_ms: 0
[2026-09-28 03:38:05.206 -0300] INFO (83855): request completed
    route: "/v1/dashboard/bi-panels/00000000-0000-7000-8000-000084000401"
    method: "GET"
    status: 403
    duration_ms: 1
[2026-09-28 03:38:05.206 -0300] INFO (83855): request completed
    route: "/v1/dashboard/bi-panels"
    method: "GET"
    status: 403
    duration_ms: 0
[2026-09-28 03:38:05.206 -0300] INFO (83855): request completed
    route: "/v1/dashboard/bi-panels/00000000-0000-7000-8000-000084000401"
    method: "GET"
    status: 403
    duration_ms: 0
[2026-09-28 03:38:05.207 -0300] INFO (83855): request completed
    route: "/v1/dashboard/bi-panels"
    method: "GET"
    status: 403
    duration_ms: 0
[2026-09-28 03:38:05.207 -0300] INFO (83855): request completed
    route: "/v1/dashboard/bi-panels/00000000-0000-7000-8000-000084000401"
    method: "GET"
    status: 403
    duration_ms: 0
[2026-09-28 03:38:05.208 -0300] INFO (83855): request completed
    route: "/v1/dashboard/bi-panels"
    method: "GET"
    status: 403
    duration_ms: 0
[2026-09-28 03:38:05.208 -0300] INFO (83855): request completed
    route: "/v1/dashboard/bi-panels/00000000-0000-7000-8000-000084000401"
    method: "GET"
    status: 403
    duration_ms: 0
[2026-09-28 03:38:05.209 -0300] INFO (83855): request completed
    route: "/v1/dashboard/bi-panels"
    method: "GET"
    status: 403
    duration_ms: 0
[2026-09-28 03:38:05.209 -0300] INFO (83855): request completed
    route: "/v1/dashboard/bi-panels/00000000-0000-7000-8000-000084000401"
    method: "GET"
    status: 403
    duration_ms: 0
[2026-09-28 03:38:05.210 -0300] INFO (83855): request completed
    route: "/v1/dashboard/bi-panels"
    method: "GET"
    status: 403
    duration_ms: 1
[2026-09-28 03:38:05.210 -0300] INFO (83855): request completed
    route: "/v1/dashboard/bi-panels/00000000-0000-7000-8000-000084000401"
    method: "GET"
    status: 403
    duration_ms: 0
[2026-09-28 03:38:05.223 -0300] INFO (83855): request completed
    route: "/v1/dashboard/bi-panels"
    method: "POST"
    status: 400
    duration_ms: 13
[2026-09-28 03:38:05.238 -0300] INFO (83855): request completed
    route: "/v1/dashboard/bi-panels/00000000-0000-7000-8000-000084000401"
    method: "PATCH"
    status: 428
    duration_ms: 14
[2026-09-28 03:38:05.252 -0300] INFO (83855): request completed
    route: "/v1/dashboard/bi-panels/00000000-0000-7000-8000-000084000401/publish"
    method: "POST"
    status: 428
    duration_ms: 13
[2026-09-28 03:38:05.253 -0300] INFO (83855): request completed
    route: "/v1/dashboard/bi-panels"
    method: "POST"
    status: 403
    duration_ms: 0
[2026-09-28 03:38:05.254 -0300] INFO (83855): request completed
    route: "/v1/dashboard/bi-panels/00000000-0000-7000-8000-000084000401"
    method: "PATCH"
    status: 403
    duration_ms: 0
[2026-09-28 03:38:05.254 -0300] INFO (83855): request completed
    route: "/v1/dashboard/bi-panels/00000000-0000-7000-8000-000084000401/publish"
    method: "POST"
    status: 403
    duration_ms: 0
[2026-09-28 03:38:05.255 -0300] INFO (83855): request completed
    route: "/v1/dashboard/bi-panels"
    method: "POST"
    status: 403
    duration_ms: 0
[2026-09-28 03:38:05.255 -0300] INFO (83855): request completed
    route: "/v1/dashboard/bi-panels/00000000-0000-7000-8000-000084000401"
    method: "PATCH"
    status: 403
    duration_ms: 0
[2026-09-28 03:38:05.256 -0300] INFO (83855): request completed
    route: "/v1/dashboard/bi-panels/00000000-0000-7000-8000-000084000401/publish"
    method: "POST"
    status: 403
    duration_ms: 0
[2026-09-28 03:38:05.257 -0300] INFO (83855): request completed
    route: "/v1/dashboard/bi-panels"
    method: "POST"
    status: 403
    duration_ms: 1
[2026-09-28 03:38:05.257 -0300] INFO (83855): request completed
    route: "/v1/dashboard/bi-panels/00000000-0000-7000-8000-000084000401"
    method: "PATCH"
    status: 403
    duration_ms: 0
[2026-09-28 03:38:05.257 -0300] INFO (83855): request completed
    route: "/v1/dashboard/bi-panels/00000000-0000-7000-8000-000084000401/publish"
    method: "POST"
    status: 403
    duration_ms: 0
[2026-09-28 03:38:05.258 -0300] INFO (83855): request completed
    route: "/v1/dashboard/bi-panels"
    method: "POST"
    status: 403
    duration_ms: 0
[2026-09-28 03:38:05.258 -0300] INFO (83855): request completed
    route: "/v1/dashboard/bi-panels/00000000-0000-7000-8000-000084000401"
    method: "PATCH"
    status: 403
    duration_ms: 0
[2026-09-28 03:38:05.259 -0300] INFO (83855): request completed
    route: "/v1/dashboard/bi-panels/00000000-0000-7000-8000-000084000401/publish"
    method: "POST"
    status: 403
    duration_ms: 0
[2026-09-28 03:38:05.260 -0300] INFO (83855): request completed
    route: "/v1/dashboard/bi-panels"
    method: "POST"
    status: 403
    duration_ms: 1
[2026-09-28 03:38:05.260 -0300] INFO (83855): request completed
    route: "/v1/dashboard/bi-panels/00000000-0000-7000-8000-000084000401"
    method: "PATCH"
    status: 403
    duration_ms: 0
[2026-09-28 03:38:05.261 -0300] INFO (83855): request completed
    route: "/v1/dashboard/bi-panels/00000000-0000-7000-8000-000084000401/publish"
    method: "POST"
    status: 403
    duration_ms: 0
[2026-09-28 03:38:05.261 -0300] INFO (83855): request completed
    route: "/v1/dashboard/bi-panels"
    method: "POST"
    status: 403
    duration_ms: 0
[2026-09-28 03:38:05.264 -0300] INFO (83855): request completed
    route: "/v1/dashboard/bi-panels/00000000-0000-7000-8000-000084000401"
    method: "PATCH"
    status: 403
    duration_ms: 0
[2026-09-28 03:38:05.265 -0300] INFO (83855): request completed
    route: "/v1/dashboard/bi-panels/00000000-0000-7000-8000-000084000401/publish"
    method: "POST"
    status: 403
    duration_ms: 0
[2026-09-28 03:38:05.265 -0300] INFO (83855): request completed
    route: "/v1/dashboard/bi-panels"
    method: "POST"
    status: 403
    duration_ms: 0
[2026-09-28 03:38:05.266 -0300] INFO (83855): request completed
    route: "/v1/dashboard/bi-panels/00000000-0000-7000-8000-000084000401"
    method: "PATCH"
    status: 403
    duration_ms: 0
[2026-09-28 03:38:05.266 -0300] INFO (83855): request completed
    route: "/v1/dashboard/bi-panels/00000000-0000-7000-8000-000084000401/publish"
    method: "POST"
    status: 403
    duration_ms: 0
[2026-09-28 03:38:05.267 -0300] INFO (83855): request completed
    route: "/v1/dashboard/bi-panels"
    method: "POST"
    status: 403
    duration_ms: 0
[2026-09-28 03:38:05.267 -0300] INFO (83855): request completed
    route: "/v1/dashboard/bi-panels/00000000-0000-7000-8000-000084000401"
    method: "PATCH"
    status: 403
    duration_ms: 0
[2026-09-28 03:38:05.268 -0300] INFO (83855): request completed
    route: "/v1/dashboard/bi-panels/00000000-0000-7000-8000-000084000401/publish"
    method: "POST"
    status: 403
    duration_ms: 1
[2026-09-28 03:38:05.280 -0300] INFO (83855): request completed
    route: "/v1/dashboard/bi-panels"
    method: "POST"
    status: 400
    duration_ms: 12
[2026-09-28 03:38:05.294 -0300] INFO (83855): request completed
    route: "/v1/dashboard/bi-panels/00000000-0000-7000-8000-000084000401"
    method: "PATCH"
    status: 428
    duration_ms: 13
[2026-09-28 03:38:05.308 -0300] INFO (83855): request completed
    route: "/v1/dashboard/bi-panels/00000000-0000-7000-8000-000084000401/publish"
    method: "POST"
    status: 428
    duration_ms: 13
[2026-09-28 03:38:05.309 -0300] INFO (83855): request completed
    route: "/v1/dashboard/bi-panels"
    method: "POST"
    status: 403
    duration_ms: 0
[2026-09-28 03:38:05.310 -0300] INFO (83855): request completed
    route: "/v1/dashboard/bi-panels/00000000-0000-7000-8000-000084000401"
    method: "PATCH"
    status: 403
    duration_ms: 1
[2026-09-28 03:38:05.310 -0300] INFO (83855): request completed
    route: "/v1/dashboard/bi-panels/00000000-0000-7000-8000-000084000401/publish"
    method: "POST"
    status: 403
    duration_ms: 0
[2026-09-28 03:38:05.310 -0300] INFO (83855): request completed
    route: "/v1/dashboard/bi-panels"
    method: "POST"
    status: 403
    duration_ms: 0
[2026-09-28 03:38:05.311 -0300] INFO (83855): request completed
    route: "/v1/dashboard/bi-panels/00000000-0000-7000-8000-000084000401"
    method: "PATCH"
    status: 403
    duration_ms: 0
[2026-09-28 03:38:05.311 -0300] INFO (83855): request completed
    route: "/v1/dashboard/bi-panels/00000000-0000-7000-8000-000084000401/publish"
    method: "POST"
    status: 403
    duration_ms: 0
[2026-09-28 03:38:05.312 -0300] INFO (83855): request completed
    route: "/v1/dashboard/bi-panels"
    method: "POST"
    status: 403
    duration_ms: 0
[2026-09-28 03:38:05.312 -0300] INFO (83855): request completed
    route: "/v1/dashboard/bi-panels/00000000-0000-7000-8000-000084000401"
    method: "PATCH"
    status: 403
    duration_ms: 0
[2026-09-28 03:38:05.313 -0300] INFO (83855): request completed
    route: "/v1/dashboard/bi-panels/00000000-0000-7000-8000-000084000401/publish"
    method: "POST"
    status: 403
    duration_ms: 0
[2026-09-28 03:38:05.324 -0300] INFO (83855): request completed
    route: "/v1/dashboard/bi-panels"
    method: "POST"
    status: 400
    duration_ms: 11
[2026-09-28 03:38:05.338 -0300] INFO (83855): request completed
    route: "/v1/dashboard/bi-panels/00000000-0000-7000-8000-000084000401"
    method: "PATCH"
    status: 428
    duration_ms: 13
[2026-09-28 03:38:05.351 -0300] INFO (83855): request completed
    route: "/v1/dashboard/bi-panels/00000000-0000-7000-8000-000084000401/publish"
    method: "POST"
    status: 428
    duration_ms: 13
[2026-09-28 03:38:05.352 -0300] INFO (83855): request completed
    route: "/v1/dashboard/bi-panels"
    method: "POST"
    status: 403
    duration_ms: 0
[2026-09-28 03:38:05.353 -0300] INFO (83855): request completed
    route: "/v1/dashboard/bi-panels/00000000-0000-7000-8000-000084000401"
    method: "PATCH"
    status: 403
    duration_ms: 0
[2026-09-28 03:38:05.353 -0300] INFO (83855): request completed
    route: "/v1/dashboard/bi-panels/00000000-0000-7000-8000-000084000401/publish"
    method: "POST"
    status: 403
    duration_ms: 0
[2026-09-28 03:38:05.354 -0300] INFO (83855): request completed
    route: "/v1/dashboard/bi-panels"
    method: "POST"
    status: 403
    duration_ms: 0
[2026-09-28 03:38:05.354 -0300] INFO (83855): request completed
    route: "/v1/dashboard/bi-panels/00000000-0000-7000-8000-000084000401"
    method: "PATCH"
    status: 403
    duration_ms: 0
[2026-09-28 03:38:05.355 -0300] INFO (83855): request completed
    route: "/v1/dashboard/bi-panels/00000000-0000-7000-8000-000084000401/publish"
    method: "POST"
    status: 403
    duration_ms: 0
[2026-09-28 03:38:05.355 -0300] INFO (83855): request completed
    route: "/v1/dashboard/bi-panels"
    method: "POST"
    status: 403
    duration_ms: 0
[2026-09-28 03:38:05.356 -0300] INFO (83855): request completed
    route: "/v1/dashboard/bi-panels/00000000-0000-7000-8000-000084000401"
    method: "PATCH"
    status: 403
    duration_ms: 0
[2026-09-28 03:38:05.356 -0300] INFO (83855): request completed
    route: "/v1/dashboard/bi-panels/00000000-0000-7000-8000-000084000401/publish"
    method: "POST"
    status: 403
    duration_ms: 0
[2026-09-28 03:38:05.357 -0300] INFO (83855): request completed
    route: "/v1/dashboard/bi-panels"
    method: "POST"
    status: 403
    duration_ms: 0
[2026-09-28 03:38:05.357 -0300] INFO (83855): request completed
    route: "/v1/dashboard/bi-panels/00000000-0000-7000-8000-000084000401"
    method: "PATCH"
    status: 403
    duration_ms: 0
[2026-09-28 03:38:05.358 -0300] INFO (83855): request completed
    route: "/v1/dashboard/bi-panels/00000000-0000-7000-8000-000084000401/publish"
    method: "POST"
    status: 403
    duration_ms: 0
[2026-09-28 03:38:05.358 -0300] INFO (83855): request completed
    route: "/v1/dashboard/bi-panels"
    method: "POST"
    status: 403
    duration_ms: 0
[2026-09-28 03:38:05.359 -0300] INFO (83855): request completed
    route: "/v1/dashboard/bi-panels/00000000-0000-7000-8000-000084000401"
    method: "PATCH"
    status: 403
    duration_ms: 0
[2026-09-28 03:38:05.359 -0300] INFO (83855): request completed
    route: "/v1/dashboard/bi-panels/00000000-0000-7000-8000-000084000401/publish"
    method: "POST"
    status: 403
    duration_ms: 0
[2026-09-28 03:38:05.371 -0300] INFO (83855): request completed
    route: "/v1/dashboard/bi-panels"
    method: "POST"
    status: 400
    duration_ms: 11
[2026-09-28 03:38:05.388 -0300] INFO (83855): request completed
    route: "/v1/dashboard/bi-panels/00000000-0000-7000-8000-000084000401"
    method: "PATCH"
    status: 428
    duration_ms: 17
[2026-09-28 03:38:05.405 -0300] INFO (83855): request completed
    route: "/v1/dashboard/bi-panels/00000000-0000-7000-8000-000084000401/publish"
    method: "POST"
    status: 428
    duration_ms: 16
[2026-09-28 03:38:05.418 -0300] INFO (83855): request completed
    route: "/v1/dashboard/bi-panels"
    method: "POST"
    status: 400
    duration_ms: 12
[2026-09-28 03:38:05.435 -0300] INFO (83855): request completed
    route: "/v1/dashboard/bi-panels/00000000-0000-7000-8000-000084000401"
    method: "PATCH"
    status: 428
    duration_ms: 16
[2026-09-28 03:38:05.449 -0300] INFO (83855): request completed
    route: "/v1/dashboard/bi-panels/00000000-0000-7000-8000-000084000401/publish"
    method: "POST"
    status: 428
    duration_ms: 14
[2026-09-28 03:38:05.461 -0300] INFO (83855): request completed
    route: "/v1/dashboard/bi-panels"
    method: "POST"
    status: 400
    duration_ms: 11
[2026-09-28 03:38:05.474 -0300] INFO (83855): request completed
    route: "/v1/dashboard/bi-panels/00000000-0000-7000-8000-000084000401"
    method: "PATCH"
    status: 428
    duration_ms: 13
[2026-09-28 03:38:05.487 -0300] INFO (83855): request completed
    route: "/v1/dashboard/bi-panels/00000000-0000-7000-8000-000084000401/publish"
    method: "POST"
    status: 428
    duration_ms: 12
[2026-09-28 03:38:05.488 -0300] INFO (83855): request completed
    route: "/v1/dashboard/bi-panels"
    method: "POST"
    status: 403
    duration_ms: 0
[2026-09-28 03:38:05.488 -0300] INFO (83855): request completed
    route: "/v1/dashboard/bi-panels/00000000-0000-7000-8000-000084000401"
    method: "PATCH"
    status: 403
    duration_ms: 0
[2026-09-28 03:38:05.489 -0300] INFO (83855): request completed
    route: "/v1/dashboard/bi-panels/00000000-0000-7000-8000-000084000401/publish"
    method: "POST"
    status: 403
    duration_ms: 0
[2026-09-28 03:38:05.489 -0300] INFO (83855): request completed
    route: "/v1/dashboard/bi-panels"
    method: "POST"
    status: 403
    duration_ms: 0
[2026-09-28 03:38:05.490 -0300] INFO (83855): request completed
    route: "/v1/dashboard/bi-panels/00000000-0000-7000-8000-000084000401"
    method: "PATCH"
    status: 403
    duration_ms: 0
[2026-09-28 03:38:05.490 -0300] INFO (83855): request completed
    route: "/v1/dashboard/bi-panels/00000000-0000-7000-8000-000084000401/publish"
    method: "POST"
    status: 403
    duration_ms: 0
[2026-09-28 03:38:05.491 -0300] INFO (83855): request completed
    route: "/v1/dashboard/bi-panels"
    method: "POST"
    status: 403
    duration_ms: 0
[2026-09-28 03:38:05.491 -0300] INFO (83855): request completed
    route: "/v1/dashboard/bi-panels/00000000-0000-7000-8000-000084000401"
    method: "PATCH"
    status: 403
    duration_ms: 0
[2026-09-28 03:38:05.492 -0300] INFO (83855): request completed
    route: "/v1/dashboard/bi-panels/00000000-0000-7000-8000-000084000401/publish"
    method: "POST"
    status: 403
    duration_ms: 0
[2026-09-28 03:38:05.492 -0300] INFO (83855): request completed
    route: "/v1/dashboard/bi-panels"
    method: "POST"
    status: 403
    duration_ms: 0
[2026-09-28 03:38:05.493 -0300] INFO (83855): request completed
    route: "/v1/dashboard/bi-panels/00000000-0000-7000-8000-000084000401"
    method: "PATCH"
    status: 403
    duration_ms: 0
[2026-09-28 03:38:05.493 -0300] INFO (83855): request completed
    route: "/v1/dashboard/bi-panels/00000000-0000-7000-8000-000084000401/publish"
    method: "POST"
    status: 403
    duration_ms: 0
[2026-09-28 03:38:05.494 -0300] INFO (83855): request completed
    route: "/v1/dashboard/bi-panels"
    method: "POST"
    status: 403
    duration_ms: 0
[2026-09-28 03:38:05.494 -0300] INFO (83855): request completed
    route: "/v1/dashboard/bi-panels/00000000-0000-7000-8000-000084000401"
    method: "PATCH"
    status: 403
    duration_ms: 0
[2026-09-28 03:38:05.495 -0300] INFO (83855): request completed
    route: "/v1/dashboard/bi-panels/00000000-0000-7000-8000-000084000401/publish"
    method: "POST"
    status: 403
    duration_ms: 0
[2026-09-28 03:38:05.495 -0300] INFO (83855): request completed
    route: "/v1/dashboard/bi-panels"
    method: "POST"
    status: 403
    duration_ms: 0
[2026-09-28 03:38:05.496 -0300] INFO (83855): request completed
    route: "/v1/dashboard/bi-panels/00000000-0000-7000-8000-000084000401"
    method: "PATCH"
    status: 403
    duration_ms: 1
[2026-09-28 03:38:05.496 -0300] INFO (83855): request completed
    route: "/v1/dashboard/bi-panels/00000000-0000-7000-8000-000084000401/publish"
    method: "POST"
    status: 403
    duration_ms: 0
[2026-09-28 03:38:05.496 -0300] INFO (83855): request completed
    route: "/v1/dashboard/bi-panels"
    method: "POST"
    status: 403
    duration_ms: 0
[2026-09-28 03:38:05.497 -0300] INFO (83855): request completed
    route: "/v1/dashboard/bi-panels/00000000-0000-7000-8000-000084000401"
    method: "PATCH"
    status: 403
    duration_ms: 0
[2026-09-28 03:38:05.497 -0300] INFO (83855): request completed
    route: "/v1/dashboard/bi-panels/00000000-0000-7000-8000-000084000401/publish"
    method: "POST"
    status: 403
    duration_ms: 0
[2026-09-28 03:38:05.498 -0300] INFO (83855): request completed
    route: "/v1/dashboard/bi-panels"
    method: "POST"
    status: 403
    duration_ms: 0
[2026-09-28 03:38:05.498 -0300] INFO (83855): request completed
    route: "/v1/dashboard/bi-panels/00000000-0000-7000-8000-000084000401"
    method: "PATCH"
    status: 403
    duration_ms: 0
[2026-09-28 03:38:05.499 -0300] INFO (83855): request completed
    route: "/v1/dashboard/bi-panels/00000000-0000-7000-8000-000084000401/publish"
    method: "POST"
    status: 403
    duration_ms: 1
[2026-09-28 03:38:05.499 -0300] INFO (83855): request completed
    route: "/v1/dashboard/bi-panels"
    method: "POST"
    status: 403
    duration_ms: 0
[2026-09-28 03:38:05.499 -0300] INFO (83855): request completed
    route: "/v1/dashboard/bi-panels/00000000-0000-7000-8000-000084000401"
    method: "PATCH"
    status: 403
    duration_ms: 0
[2026-09-28 03:38:05.500 -0300] INFO (83855): request completed
    route: "/v1/dashboard/bi-panels/00000000-0000-7000-8000-000084000401/publish"
    method: "POST"
    status: 403
    duration_ms: 0
[2026-09-28 03:38:05.500 -0300] INFO (83855): request completed
    route: "/v1/dashboard/bi-panels"
    method: "POST"
    status: 403
    duration_ms: 0
[2026-09-28 03:38:05.501 -0300] INFO (83855): request completed
    route: "/v1/dashboard/bi-panels/00000000-0000-7000-8000-000084000401"
    method: "PATCH"
    status: 403
    duration_ms: 0
[2026-09-28 03:38:05.501 -0300] INFO (83855): request completed
    route: "/v1/dashboard/bi-panels/00000000-0000-7000-8000-000084000401/publish"
    method: "POST"
    status: 403
    duration_ms: 0
[2026-09-28 03:38:05.502 -0300] INFO (83855): request completed
    route: "/v1/dashboard/bi-panels"
    method: "POST"
    status: 403
    duration_ms: 1
[2026-09-28 03:38:05.502 -0300] INFO (83855): request completed
    route: "/v1/dashboard/bi-panels/00000000-0000-7000-8000-000084000401"
    method: "PATCH"
    status: 403
    duration_ms: 0
[2026-09-28 03:38:05.502 -0300] INFO (83855): request completed
    route: "/v1/dashboard/bi-panels/00000000-0000-7000-8000-000084000401/publish"
    method: "POST"
    status: 403
    duration_ms: 0
[2026-09-28 03:38:05.503 -0300] INFO (83855): request completed
    route: "/v1/dashboard/bi-panels"
    method: "POST"
    status: 403
    duration_ms: 0
[2026-09-28 03:38:05.503 -0300] INFO (83855): request completed
    route: "/v1/dashboard/bi-panels/00000000-0000-7000-8000-000084000401"
    method: "PATCH"
    status: 403
    duration_ms: 0
[2026-09-28 03:38:05.504 -0300] INFO (83855): request completed
    route: "/v1/dashboard/bi-panels/00000000-0000-7000-8000-000084000401/publish"
    method: "POST"
    status: 403
    duration_ms: 1
[2026-09-28 03:38:05.504 -0300] INFO (83855): request completed
    route: "/v1/dashboard/bi-panels"
    method: "POST"
    status: 403
    duration_ms: 0
[2026-09-28 03:38:05.504 -0300] INFO (83855): request completed
    route: "/v1/dashboard/bi-panels/00000000-0000-7000-8000-000084000401"
    method: "PATCH"
    status: 403
    duration_ms: 0
[2026-09-28 03:38:05.505 -0300] INFO (83855): request completed
    route: "/v1/dashboard/bi-panels/00000000-0000-7000-8000-000084000401/publish"
    method: "POST"
    status: 403
    duration_ms: 0
[2026-09-28 03:38:05.505 -0300] INFO (83855): request completed
    route: "/v1/dashboard/bi-panels"
    method: "POST"
    status: 403
    duration_ms: 0
[2026-09-28 03:38:05.506 -0300] INFO (83855): request completed
    route: "/v1/dashboard/bi-panels/00000000-0000-7000-8000-000084000401"
    method: "PATCH"
    status: 403
    duration_ms: 0
[2026-09-28 03:38:05.506 -0300] INFO (83855): request completed
    route: "/v1/dashboard/bi-panels/00000000-0000-7000-8000-000084000401/publish"
    method: "POST"
    status: 403
    duration_ms: 0
[2026-09-28 03:38:05.512 -0300] INFO (83855): request completed
    route: "/v1/dashboard/generated-reports"
    method: "GET"
    status: 200
    duration_ms: 5
[2026-09-28 03:38:05.517 -0300] INFO (83855): request completed
    route: "/v1/dashboard/generated-reports/00000000-0000-7000-8000-000084000501"
    method: "GET"
    status: 200
    duration_ms: 4
[2026-09-28 03:38:05.518 -0300] INFO (83855): request completed
    route: "/v1/dashboard/generated-reports"
    method: "GET"
    status: 403
    duration_ms: 1
[2026-09-28 03:38:05.518 -0300] INFO (83855): request completed
    route: "/v1/dashboard/generated-reports/00000000-0000-7000-8000-000084000501"
    method: "GET"
    status: 403
    duration_ms: 0
[2026-09-28 03:38:05.519 -0300] INFO (83855): request completed
    route: "/v1/dashboard/generated-reports"
    method: "GET"
    status: 403
    duration_ms: 1
[2026-09-28 03:38:05.519 -0300] INFO (83855): request completed
    route: "/v1/dashboard/generated-reports/00000000-0000-7000-8000-000084000501"
    method: "GET"
    status: 403
    duration_ms: 0
[2026-09-28 03:38:05.519 -0300] INFO (83855): request completed
    route: "/v1/dashboard/generated-reports"
    method: "GET"
    status: 403
    duration_ms: 0
[2026-09-28 03:38:05.520 -0300] INFO (83855): request completed
    route: "/v1/dashboard/generated-reports/00000000-0000-7000-8000-000084000501"
    method: "GET"
    status: 403
    duration_ms: 0
[2026-09-28 03:38:05.520 -0300] INFO (83855): request completed
    route: "/v1/dashboard/generated-reports"
    method: "GET"
    status: 403
    duration_ms: 0
[2026-09-28 03:38:05.521 -0300] INFO (83855): request completed
    route: "/v1/dashboard/generated-reports/00000000-0000-7000-8000-000084000501"
    method: "GET"
    status: 403
    duration_ms: 0
[2026-09-28 03:38:05.521 -0300] INFO (83855): request completed
    route: "/v1/dashboard/generated-reports"
    method: "GET"
    status: 403
    duration_ms: 0
[2026-09-28 03:38:05.521 -0300] INFO (83855): request completed
    route: "/v1/dashboard/generated-reports/00000000-0000-7000-8000-000084000501"
    method: "GET"
    status: 403
    duration_ms: 0
[2026-09-28 03:38:05.526 -0300] INFO (83855): request completed
    route: "/v1/dashboard/generated-reports"
    method: "GET"
    status: 200
    duration_ms: 4
[2026-09-28 03:38:05.530 -0300] INFO (83855): request completed
    route: "/v1/dashboard/generated-reports/00000000-0000-7000-8000-000084000501"
    method: "GET"
    status: 200
    duration_ms: 4
[2026-09-28 03:38:05.531 -0300] INFO (83855): request completed
    route: "/v1/dashboard/generated-reports"
    method: "GET"
    status: 403
    duration_ms: 0
[2026-09-28 03:38:05.532 -0300] INFO (83855): request completed
    route: "/v1/dashboard/generated-reports/00000000-0000-7000-8000-000084000501"
    method: "GET"
    status: 403
    duration_ms: 0
[2026-09-28 03:38:05.532 -0300] INFO (83855): request completed
    route: "/v1/dashboard/generated-reports"
    method: "GET"
    status: 403
    duration_ms: 0
[2026-09-28 03:38:05.533 -0300] INFO (83855): request completed
    route: "/v1/dashboard/generated-reports/00000000-0000-7000-8000-000084000501"
    method: "GET"
    status: 403
    duration_ms: 0
[2026-09-28 03:38:05.537 -0300] INFO (83855): request completed
    route: "/v1/dashboard/generated-reports"
    method: "GET"
    status: 200
    duration_ms: 4
[2026-09-28 03:38:05.541 -0300] INFO (83855): request completed
    route: "/v1/dashboard/generated-reports/00000000-0000-7000-8000-000084000501"
    method: "GET"
    status: 200
    duration_ms: 3
[2026-09-28 03:38:05.542 -0300] INFO (83855): request completed
    route: "/v1/dashboard/generated-reports"
    method: "GET"
    status: 403
    duration_ms: 0
[2026-09-28 03:38:05.542 -0300] INFO (83855): request completed
    route: "/v1/dashboard/generated-reports/00000000-0000-7000-8000-000084000501"
    method: "GET"
    status: 403
    duration_ms: 0
[2026-09-28 03:38:05.543 -0300] INFO (83855): request completed
    route: "/v1/dashboard/generated-reports"
    method: "GET"
    status: 403
    duration_ms: 0
[2026-09-28 03:38:05.543 -0300] INFO (83855): request completed
    route: "/v1/dashboard/generated-reports/00000000-0000-7000-8000-000084000501"
    method: "GET"
    status: 403
    duration_ms: 0
[2026-09-28 03:38:05.544 -0300] INFO (83855): request completed
    route: "/v1/dashboard/generated-reports"
    method: "GET"
    status: 403
    duration_ms: 0
[2026-09-28 03:38:05.544 -0300] INFO (83855): request completed
    route: "/v1/dashboard/generated-reports/00000000-0000-7000-8000-000084000501"
    method: "GET"
    status: 403
    duration_ms: 0
[2026-09-28 03:38:05.549 -0300] INFO (83855): request completed
    route: "/v1/dashboard/generated-reports"
    method: "GET"
    status: 200
    duration_ms: 5
[2026-09-28 03:38:05.555 -0300] INFO (83855): request completed
    route: "/v1/dashboard/generated-reports/00000000-0000-7000-8000-000084000501"
    method: "GET"
    status: 200
    duration_ms: 5
[2026-09-28 03:38:05.556 -0300] INFO (83855): request completed
    route: "/v1/dashboard/generated-reports"
    method: "GET"
    status: 403
    duration_ms: 0
[2026-09-28 03:38:05.557 -0300] INFO (83855): request completed
    route: "/v1/dashboard/generated-reports/00000000-0000-7000-8000-000084000501"
    method: "GET"
    status: 403
    duration_ms: 1
[2026-09-28 03:38:05.557 -0300] INFO (83855): request completed
    route: "/v1/dashboard/generated-reports"
    method: "GET"
    status: 403
    duration_ms: 0
[2026-09-28 03:38:05.558 -0300] INFO (83855): request completed
    route: "/v1/dashboard/generated-reports/00000000-0000-7000-8000-000084000501"
    method: "GET"
    status: 403
    duration_ms: 0
[2026-09-28 03:38:05.559 -0300] INFO (83855): request completed
    route: "/v1/dashboard/generated-reports"
    method: "GET"
    status: 403
    duration_ms: 1
[2026-09-28 03:38:05.559 -0300] INFO (83855): request completed
    route: "/v1/dashboard/generated-reports/00000000-0000-7000-8000-000084000501"
    method: "GET"
    status: 403
    duration_ms: 0
[2026-09-28 03:38:05.560 -0300] INFO (83855): request completed
    route: "/v1/dashboard/generated-reports"
    method: "GET"
    status: 403
    duration_ms: 1
[2026-09-28 03:38:05.560 -0300] INFO (83855): request completed
    route: "/v1/dashboard/generated-reports/00000000-0000-7000-8000-000084000501"
    method: "GET"
    status: 403
    duration_ms: 0
[2026-09-28 03:38:05.561 -0300] INFO (83855): request completed
    route: "/v1/dashboard/generated-reports"
    method: "GET"
    status: 403
    duration_ms: 0
[2026-09-28 03:38:05.561 -0300] INFO (83855): request completed
    route: "/v1/dashboard/generated-reports/00000000-0000-7000-8000-000084000501"
    method: "GET"
    status: 403
    duration_ms: 0
[2026-09-28 03:38:05.567 -0300] INFO (83855): request completed
    route: "/v1/dashboard/generated-reports"
    method: "GET"
    status: 200
    duration_ms: 5
[2026-09-28 03:38:05.572 -0300] INFO (83855): request completed
    route: "/v1/dashboard/generated-reports/00000000-0000-7000-8000-000084000501"
    method: "GET"
    status: 200
    duration_ms: 4
[2026-09-28 03:38:05.576 -0300] INFO (83855): request completed
    route: "/v1/dashboard/generated-reports"
    method: "GET"
    status: 200
    duration_ms: 4
[2026-09-28 03:38:05.581 -0300] INFO (83855): request completed
    route: "/v1/dashboard/generated-reports/00000000-0000-7000-8000-000084000501"
    method: "GET"
    status: 200
    duration_ms: 4
[2026-09-28 03:38:05.587 -0300] INFO (83855): request completed
    route: "/v1/dashboard/generated-reports"
    method: "GET"
    status: 200
    duration_ms: 5
[2026-09-28 03:38:05.591 -0300] INFO (83855): request completed
    route: "/v1/dashboard/generated-reports/00000000-0000-7000-8000-000084000501"
    method: "GET"
    status: 200
    duration_ms: 4
[2026-09-28 03:38:05.592 -0300] INFO (83855): request completed
    route: "/v1/dashboard/generated-reports"
    method: "GET"
    status: 403
    duration_ms: 0
[2026-09-28 03:38:05.593 -0300] INFO (83855): request completed
    route: "/v1/dashboard/generated-reports/00000000-0000-7000-8000-000084000501"
    method: "GET"
    status: 403
    duration_ms: 0
[2026-09-28 03:38:05.594 -0300] INFO (83855): request completed
    route: "/v1/dashboard/generated-reports"
    method: "GET"
    status: 403
    duration_ms: 0
[2026-09-28 03:38:05.594 -0300] INFO (83855): request completed
    route: "/v1/dashboard/generated-reports/00000000-0000-7000-8000-000084000501"
    method: "GET"
    status: 403
    duration_ms: 0
[2026-09-28 03:38:05.595 -0300] INFO (83855): request completed
    route: "/v1/dashboard/generated-reports"
    method: "GET"
    status: 403
    duration_ms: 0
[2026-09-28 03:38:05.596 -0300] INFO (83855): request completed
    route: "/v1/dashboard/generated-reports/00000000-0000-7000-8000-000084000501"
    method: "GET"
    status: 403
    duration_ms: 0
[2026-09-28 03:38:05.596 -0300] INFO (83855): request completed
    route: "/v1/dashboard/generated-reports"
    method: "GET"
    status: 403
    duration_ms: 0
[2026-09-28 03:38:05.597 -0300] INFO (83855): request completed
    route: "/v1/dashboard/generated-reports/00000000-0000-7000-8000-000084000501"
    method: "GET"
    status: 403
    duration_ms: 0
[2026-09-28 03:38:05.597 -0300] INFO (83855): request completed
    route: "/v1/dashboard/generated-reports"
    method: "GET"
    status: 403
    duration_ms: 0
[2026-09-28 03:38:05.598 -0300] INFO (83855): request completed
    route: "/v1/dashboard/generated-reports/00000000-0000-7000-8000-000084000501"
    method: "GET"
    status: 403
    duration_ms: 0
[2026-09-28 03:38:05.598 -0300] INFO (83855): request completed
    route: "/v1/dashboard/generated-reports"
    method: "GET"
    status: 403
    duration_ms: 0
[2026-09-28 03:38:05.599 -0300] INFO (83855): request completed
    route: "/v1/dashboard/generated-reports/00000000-0000-7000-8000-000084000501"
    method: "GET"
    status: 403
    duration_ms: 0
[2026-09-28 03:38:05.599 -0300] INFO (83855): request completed
    route: "/v1/dashboard/generated-reports"
    method: "GET"
    status: 403
    duration_ms: 0
[2026-09-28 03:38:05.600 -0300] INFO (83855): request completed
    route: "/v1/dashboard/generated-reports/00000000-0000-7000-8000-000084000501"
    method: "GET"
    status: 403
    duration_ms: 0
[2026-09-28 03:38:05.601 -0300] INFO (83855): request completed
    route: "/v1/dashboard/generated-reports"
    method: "GET"
    status: 403
    duration_ms: 1
[2026-09-28 03:38:05.601 -0300] INFO (83855): request completed
    route: "/v1/dashboard/generated-reports/00000000-0000-7000-8000-000084000501"
    method: "GET"
    status: 403
    duration_ms: 0
[2026-09-28 03:38:05.602 -0300] INFO (83855): request completed
    route: "/v1/dashboard/generated-reports"
    method: "GET"
    status: 403
    duration_ms: 1
[2026-09-28 03:38:05.602 -0300] INFO (83855): request completed
    route: "/v1/dashboard/generated-reports/00000000-0000-7000-8000-000084000501"
    method: "GET"
    status: 403
    duration_ms: 0
[2026-09-28 03:38:05.602 -0300] INFO (83855): request completed
    route: "/v1/dashboard/generated-reports"
    method: "GET"
    status: 403
    duration_ms: 0
[2026-09-28 03:38:05.603 -0300] INFO (83855): request completed
    route: "/v1/dashboard/generated-reports/00000000-0000-7000-8000-000084000501"
    method: "GET"
    status: 403
    duration_ms: 0
[2026-09-28 03:38:05.603 -0300] INFO (83855): request completed
    route: "/v1/dashboard/generated-reports"
    method: "GET"
    status: 403
    duration_ms: 0
[2026-09-28 03:38:05.604 -0300] INFO (83855): request completed
    route: "/v1/dashboard/generated-reports/00000000-0000-7000-8000-000084000501"
    method: "GET"
    status: 403
    duration_ms: 0
[2026-09-28 03:38:05.604 -0300] INFO (83855): request completed
    route: "/v1/dashboard/generated-reports"
    method: "GET"
    status: 403
    duration_ms: 0
[2026-09-28 03:38:05.605 -0300] INFO (83855): request completed
    route: "/v1/dashboard/generated-reports/00000000-0000-7000-8000-000084000501"
    method: "GET"
    status: 403
    duration_ms: 1
[2026-09-28 03:38:05.605 -0300] INFO (83855): request completed
    route: "/v1/dashboard/generated-reports"
    method: "GET"
    status: 403
    duration_ms: 0
[2026-09-28 03:38:05.606 -0300] INFO (83855): request completed
    route: "/v1/dashboard/generated-reports/00000000-0000-7000-8000-000084000501"
    method: "GET"
    status: 403
    duration_ms: 1
[2026-09-28 03:38:05.606 -0300] INFO (83855): request completed
    route: "/v1/dashboard/generated-reports"
    method: "GET"
    status: 403
    duration_ms: 0
[2026-09-28 03:38:05.606 -0300] INFO (83855): request completed
    route: "/v1/dashboard/generated-reports/00000000-0000-7000-8000-000084000501"
    method: "GET"
    status: 403
    duration_ms: 0
[2026-09-28 03:38:05.621 -0300] INFO (83855): request completed
    route: "/v1/dashboard/generated-reports"
    method: "POST"
    status: 400
    duration_ms: 14
[2026-09-28 03:38:05.622 -0300] INFO (83855): request completed
    route: "/v1/dashboard/generated-reports"
    method: "POST"
    status: 403
    duration_ms: 0
[2026-09-28 03:38:05.623 -0300] INFO (83855): request completed
    route: "/v1/dashboard/generated-reports"
    method: "POST"
    status: 403
    duration_ms: 0
[2026-09-28 03:38:05.623 -0300] INFO (83855): request completed
    route: "/v1/dashboard/generated-reports"
    method: "POST"
    status: 403
    duration_ms: 0
[2026-09-28 03:38:05.624 -0300] INFO (83855): request completed
    route: "/v1/dashboard/generated-reports"
    method: "POST"
    status: 403
    duration_ms: 0
[2026-09-28 03:38:05.625 -0300] INFO (83855): request completed
    route: "/v1/dashboard/generated-reports"
    method: "POST"
    status: 403
    duration_ms: 0
[2026-09-28 03:38:05.625 -0300] INFO (83855): request completed
    route: "/v1/dashboard/generated-reports"
    method: "POST"
    status: 403
    duration_ms: 0
[2026-09-28 03:38:05.626 -0300] INFO (83855): request completed
    route: "/v1/dashboard/generated-reports"
    method: "POST"
    status: 403
    duration_ms: 0
[2026-09-28 03:38:05.629 -0300] INFO (83855): request completed
    route: "/v1/dashboard/generated-reports"
    method: "POST"
    status: 403
    duration_ms: 0
[2026-09-28 03:38:05.640 -0300] INFO (83855): request completed
    route: "/v1/dashboard/generated-reports"
    method: "POST"
    status: 400
    duration_ms: 11
[2026-09-28 03:38:05.641 -0300] INFO (83855): request completed
    route: "/v1/dashboard/generated-reports"
    method: "POST"
    status: 403
    duration_ms: 0
[2026-09-28 03:38:05.642 -0300] INFO (83855): request completed
    route: "/v1/dashboard/generated-reports"
    method: "POST"
    status: 403
    duration_ms: 0
[2026-09-28 03:38:05.643 -0300] INFO (83855): request completed
    route: "/v1/dashboard/generated-reports"
    method: "POST"
    status: 403
    duration_ms: 1
[2026-09-28 03:38:05.654 -0300] INFO (83855): request completed
    route: "/v1/dashboard/generated-reports"
    method: "POST"
    status: 400
    duration_ms: 11
[2026-09-28 03:38:05.655 -0300] INFO (83855): request completed
    route: "/v1/dashboard/generated-reports"
    method: "POST"
    status: 403
    duration_ms: 0
[2026-09-28 03:38:05.655 -0300] INFO (83855): request completed
    route: "/v1/dashboard/generated-reports"
    method: "POST"
    status: 403
    duration_ms: 0
[2026-09-28 03:38:05.656 -0300] INFO (83855): request completed
    route: "/v1/dashboard/generated-reports"
    method: "POST"
    status: 403
    duration_ms: 0
[2026-09-28 03:38:05.657 -0300] INFO (83855): request completed
    route: "/v1/dashboard/generated-reports"
    method: "POST"
    status: 403
    duration_ms: 0
[2026-09-28 03:38:05.657 -0300] INFO (83855): request completed
    route: "/v1/dashboard/generated-reports"
    method: "POST"
    status: 403
    duration_ms: 0
[2026-09-28 03:38:05.668 -0300] INFO (83855): request completed
    route: "/v1/dashboard/generated-reports"
    method: "POST"
    status: 400
    duration_ms: 10
[2026-09-28 03:38:05.680 -0300] INFO (83855): request completed
    route: "/v1/dashboard/generated-reports"
    method: "POST"
    status: 400
    duration_ms: 11
[2026-09-28 03:38:05.690 -0300] INFO (83855): request completed
    route: "/v1/dashboard/generated-reports"
    method: "POST"
    status: 400
    duration_ms: 10
[2026-09-28 03:38:05.691 -0300] INFO (83855): request completed
    route: "/v1/dashboard/generated-reports"
    method: "POST"
    status: 403
    duration_ms: 0
[2026-09-28 03:38:05.692 -0300] INFO (83855): request completed
    route: "/v1/dashboard/generated-reports"
    method: "POST"
    status: 403
    duration_ms: 0
[2026-09-28 03:38:05.692 -0300] INFO (83855): request completed
    route: "/v1/dashboard/generated-reports"
    method: "POST"
    status: 403
    duration_ms: 0
[2026-09-28 03:38:05.693 -0300] INFO (83855): request completed
    route: "/v1/dashboard/generated-reports"
    method: "POST"
    status: 403
    duration_ms: 0
[2026-09-28 03:38:05.693 -0300] INFO (83855): request completed
    route: "/v1/dashboard/generated-reports"
    method: "POST"
    status: 403
    duration_ms: 0
[2026-09-28 03:38:05.694 -0300] INFO (83855): request completed
    route: "/v1/dashboard/generated-reports"
    method: "POST"
    status: 403
    duration_ms: 0
[2026-09-28 03:38:05.695 -0300] INFO (83855): request completed
    route: "/v1/dashboard/generated-reports"
    method: "POST"
    status: 403
    duration_ms: 1
[2026-09-28 03:38:05.695 -0300] INFO (83855): request completed
    route: "/v1/dashboard/generated-reports"
    method: "POST"
    status: 403
    duration_ms: 0
[2026-09-28 03:38:05.696 -0300] INFO (83855): request completed
    route: "/v1/dashboard/generated-reports"
    method: "POST"
    status: 403
    duration_ms: 0
[2026-09-28 03:38:05.696 -0300] INFO (83855): request completed
    route: "/v1/dashboard/generated-reports"
    method: "POST"
    status: 403
    duration_ms: 0
[2026-09-28 03:38:05.697 -0300] INFO (83855): request completed
    route: "/v1/dashboard/generated-reports"
    method: "POST"
    status: 403
    duration_ms: 0
[2026-09-28 03:38:05.697 -0300] INFO (83855): request completed
    route: "/v1/dashboard/generated-reports"
    method: "POST"
    status: 403
    duration_ms: 0
[2026-09-28 03:38:05.698 -0300] INFO (83855): request completed
    route: "/v1/dashboard/generated-reports"
    method: "POST"
    status: 403
    duration_ms: 0
[2026-09-28 03:38:05.698 -0300] INFO (83855): request completed
    route: "/v1/dashboard/generated-reports"
    method: "POST"
    status: 403
    duration_ms: 0
[2026-09-28 03:38:05.713 -0300] INFO (83855): request completed
    route: "/v1/dashboard/generated-reports/00000000-0000-7000-8000-000084000501/complete"
    method: "POST"
    status: 428
    duration_ms: 14
[2026-09-28 03:38:05.714 -0300] INFO (83855): request completed
    route: "/v1/dashboard/generated-reports/00000000-0000-7000-8000-000084000501/complete"
    method: "POST"
    status: 403
    duration_ms: 0
[2026-09-28 03:38:05.715 -0300] INFO (83855): request completed
    route: "/v1/dashboard/generated-reports/00000000-0000-7000-8000-000084000501/complete"
    method: "POST"
    status: 403
    duration_ms: 0
[2026-09-28 03:38:05.715 -0300] INFO (83855): request completed
    route: "/v1/dashboard/generated-reports/00000000-0000-7000-8000-000084000501/complete"
    method: "POST"
    status: 403
    duration_ms: 0
[2026-09-28 03:38:05.716 -0300] INFO (83855): request completed
    route: "/v1/dashboard/generated-reports/00000000-0000-7000-8000-000084000501/complete"
    method: "POST"
    status: 403
    duration_ms: 0
[2026-09-28 03:38:05.716 -0300] INFO (83855): request completed
    route: "/v1/dashboard/generated-reports/00000000-0000-7000-8000-000084000501/complete"
    method: "POST"
    status: 403
    duration_ms: 0
[2026-09-28 03:38:05.717 -0300] INFO (83855): request completed
    route: "/v1/dashboard/generated-reports/00000000-0000-7000-8000-000084000501/complete"
    method: "POST"
    status: 403
    duration_ms: 0
[2026-09-28 03:38:05.717 -0300] INFO (83855): request completed
    route: "/v1/dashboard/generated-reports/00000000-0000-7000-8000-000084000501/complete"
    method: "POST"
    status: 403
    duration_ms: 0
[2026-09-28 03:38:05.718 -0300] INFO (83855): request completed
    route: "/v1/dashboard/generated-reports/00000000-0000-7000-8000-000084000501/complete"
    method: "POST"
    status: 403
    duration_ms: 0
[2026-09-28 03:38:05.731 -0300] INFO (83855): request completed
    route: "/v1/dashboard/generated-reports/00000000-0000-7000-8000-000084000501/complete"
    method: "POST"
    status: 428
    duration_ms: 13
[2026-09-28 03:38:05.732 -0300] INFO (83855): request completed
    route: "/v1/dashboard/generated-reports/00000000-0000-7000-8000-000084000501/complete"
    method: "POST"
    status: 403
    duration_ms: 0
[2026-09-28 03:38:05.733 -0300] INFO (83855): request completed
    route: "/v1/dashboard/generated-reports/00000000-0000-7000-8000-000084000501/complete"
    method: "POST"
    status: 403
    duration_ms: 0
[2026-09-28 03:38:05.733 -0300] INFO (83855): request completed
    route: "/v1/dashboard/generated-reports/00000000-0000-7000-8000-000084000501/complete"
    method: "POST"
    status: 403
    duration_ms: 0
[2026-09-28 03:38:05.747 -0300] INFO (83855): request completed
    route: "/v1/dashboard/generated-reports/00000000-0000-7000-8000-000084000501/complete"
    method: "POST"
    status: 428
    duration_ms: 13
[2026-09-28 03:38:05.748 -0300] INFO (83855): request completed
    route: "/v1/dashboard/generated-reports/00000000-0000-7000-8000-000084000501/complete"
    method: "POST"
    status: 403
    duration_ms: 0
[2026-09-28 03:38:05.749 -0300] INFO (83855): request completed
    route: "/v1/dashboard/generated-reports/00000000-0000-7000-8000-000084000501/complete"
    method: "POST"
    status: 403
    duration_ms: 1
[2026-09-28 03:38:05.749 -0300] INFO (83855): request completed
    route: "/v1/dashboard/generated-reports/00000000-0000-7000-8000-000084000501/complete"
    method: "POST"
    status: 403
    duration_ms: 0
[2026-09-28 03:38:05.750 -0300] INFO (83855): request completed
    route: "/v1/dashboard/generated-reports/00000000-0000-7000-8000-000084000501/complete"
    method: "POST"
    status: 403
    duration_ms: 0
[2026-09-28 03:38:05.750 -0300] INFO (83855): request completed
    route: "/v1/dashboard/generated-reports/00000000-0000-7000-8000-000084000501/complete"
    method: "POST"
    status: 403
    duration_ms: 0
[2026-09-28 03:38:05.751 -0300] INFO (83855): request completed
    route: "/v1/dashboard/generated-reports/00000000-0000-7000-8000-000084000501/complete"
    method: "POST"
    status: 403
    duration_ms: 0
[2026-09-28 03:38:05.765 -0300] INFO (83855): request completed
    route: "/v1/dashboard/generated-reports/00000000-0000-7000-8000-000084000501/complete"
    method: "POST"
    status: 428
    duration_ms: 14
[2026-09-28 03:38:05.779 -0300] INFO (83855): request completed
    route: "/v1/dashboard/generated-reports/00000000-0000-7000-8000-000084000501/complete"
    method: "POST"
    status: 428
    duration_ms: 13
[2026-09-28 03:38:05.780 -0300] INFO (83855): request completed
    route: "/v1/dashboard/generated-reports/00000000-0000-7000-8000-000084000501/complete"
    method: "POST"
    status: 403
    duration_ms: 1
[2026-09-28 03:38:05.780 -0300] INFO (83855): request completed
    route: "/v1/dashboard/generated-reports/00000000-0000-7000-8000-000084000501/complete"
    method: "POST"
    status: 403
    duration_ms: 0
[2026-09-28 03:38:05.781 -0300] INFO (83855): request completed
    route: "/v1/dashboard/generated-reports/00000000-0000-7000-8000-000084000501/complete"
    method: "POST"
    status: 403
    duration_ms: 0
[2026-09-28 03:38:05.781 -0300] INFO (83855): request completed
    route: "/v1/dashboard/generated-reports/00000000-0000-7000-8000-000084000501/complete"
    method: "POST"
    status: 403
    duration_ms: 0
[2026-09-28 03:38:05.782 -0300] INFO (83855): request completed
    route: "/v1/dashboard/generated-reports/00000000-0000-7000-8000-000084000501/complete"
    method: "POST"
    status: 403
    duration_ms: 0
[2026-09-28 03:38:05.782 -0300] INFO (83855): request completed
    route: "/v1/dashboard/generated-reports/00000000-0000-7000-8000-000084000501/complete"
    method: "POST"
    status: 403
    duration_ms: 0
[2026-09-28 03:38:05.783 -0300] INFO (83855): request completed
    route: "/v1/dashboard/generated-reports/00000000-0000-7000-8000-000084000501/complete"
    method: "POST"
    status: 403
    duration_ms: 0
[2026-09-28 03:38:05.783 -0300] INFO (83855): request completed
    route: "/v1/dashboard/generated-reports/00000000-0000-7000-8000-000084000501/complete"
    method: "POST"
    status: 403
    duration_ms: 0
[2026-09-28 03:38:05.784 -0300] INFO (83855): request completed
    route: "/v1/dashboard/generated-reports/00000000-0000-7000-8000-000084000501/complete"
    method: "POST"
    status: 403
    duration_ms: 0
[2026-09-28 03:38:05.784 -0300] INFO (83855): request completed
    route: "/v1/dashboard/generated-reports/00000000-0000-7000-8000-000084000501/complete"
    method: "POST"
    status: 403
    duration_ms: 0
[2026-09-28 03:38:05.785 -0300] INFO (83855): request completed
    route: "/v1/dashboard/generated-reports/00000000-0000-7000-8000-000084000501/complete"
    method: "POST"
    status: 403
    duration_ms: 0
[2026-09-28 03:38:05.785 -0300] INFO (83855): request completed
    route: "/v1/dashboard/generated-reports/00000000-0000-7000-8000-000084000501/complete"
    method: "POST"
    status: 403
    duration_ms: 0
[2026-09-28 03:38:05.786 -0300] INFO (83855): request completed
    route: "/v1/dashboard/generated-reports/00000000-0000-7000-8000-000084000501/complete"
    method: "POST"
    status: 403
    duration_ms: 1
[2026-09-28 03:38:05.786 -0300] INFO (83855): request completed
    route: "/v1/dashboard/generated-reports/00000000-0000-7000-8000-000084000501/complete"
    method: "POST"
    status: 403
    duration_ms: 0
[2026-09-28 03:38:05.801 -0300] INFO (83855): request completed
    route: "/v1/dashboard/generated-reports/00000000-0000-7000-8000-000084000501/fail"
    method: "POST"
    status: 428
    duration_ms: 15
[2026-09-28 03:38:05.802 -0300] INFO (83855): request completed
    route: "/v1/dashboard/generated-reports/00000000-0000-7000-8000-000084000501/fail"
    method: "POST"
    status: 403
    duration_ms: 1
[2026-09-28 03:38:05.803 -0300] INFO (83855): request completed
    route: "/v1/dashboard/generated-reports/00000000-0000-7000-8000-000084000501/fail"
    method: "POST"
    status: 403
    duration_ms: 1
[2026-09-28 03:38:05.803 -0300] INFO (83855): request completed
    route: "/v1/dashboard/generated-reports/00000000-0000-7000-8000-000084000501/fail"
    method: "POST"
    status: 403
    duration_ms: 0
[2026-09-28 03:38:05.804 -0300] INFO (83855): request completed
    route: "/v1/dashboard/generated-reports/00000000-0000-7000-8000-000084000501/fail"
    method: "POST"
    status: 403
    duration_ms: 0
[2026-09-28 03:38:05.804 -0300] INFO (83855): request completed
    route: "/v1/dashboard/generated-reports/00000000-0000-7000-8000-000084000501/fail"
    method: "POST"
    status: 403
    duration_ms: 0
[2026-09-28 03:38:05.805 -0300] INFO (83855): request completed
    route: "/v1/dashboard/generated-reports/00000000-0000-7000-8000-000084000501/fail"
    method: "POST"
    status: 403
    duration_ms: 0
[2026-09-28 03:38:05.806 -0300] INFO (83855): request completed
    route: "/v1/dashboard/generated-reports/00000000-0000-7000-8000-000084000501/fail"
    method: "POST"
    status: 403
    duration_ms: 1
[2026-09-28 03:38:05.806 -0300] INFO (83855): request completed
    route: "/v1/dashboard/generated-reports/00000000-0000-7000-8000-000084000501/fail"
    method: "POST"
    status: 403
    duration_ms: 0
[2026-09-28 03:38:05.821 -0300] INFO (83855): request completed
    route: "/v1/dashboard/generated-reports/00000000-0000-7000-8000-000084000501/fail"
    method: "POST"
    status: 428
    duration_ms: 15
[2026-09-28 03:38:05.822 -0300] INFO (83855): request completed
    route: "/v1/dashboard/generated-reports/00000000-0000-7000-8000-000084000501/fail"
    method: "POST"
    status: 403
    duration_ms: 0
[2026-09-28 03:38:05.823 -0300] INFO (83855): request completed
    route: "/v1/dashboard/generated-reports/00000000-0000-7000-8000-000084000501/fail"
    method: "POST"
    status: 403
    duration_ms: 1
[2026-09-28 03:38:05.823 -0300] INFO (83855): request completed
    route: "/v1/dashboard/generated-reports/00000000-0000-7000-8000-000084000501/fail"
    method: "POST"
    status: 403
    duration_ms: 0
[2026-09-28 03:38:05.837 -0300] INFO (83855): request completed
    route: "/v1/dashboard/generated-reports/00000000-0000-7000-8000-000084000501/fail"
    method: "POST"
    status: 428
    duration_ms: 13
[2026-09-28 03:38:05.838 -0300] INFO (83855): request completed
    route: "/v1/dashboard/generated-reports/00000000-0000-7000-8000-000084000501/fail"
    method: "POST"
    status: 403
    duration_ms: 0
[2026-09-28 03:38:05.839 -0300] INFO (83855): request completed
    route: "/v1/dashboard/generated-reports/00000000-0000-7000-8000-000084000501/fail"
    method: "POST"
    status: 403
    duration_ms: 0
[2026-09-28 03:38:05.839 -0300] INFO (83855): request completed
    route: "/v1/dashboard/generated-reports/00000000-0000-7000-8000-000084000501/fail"
    method: "POST"
    status: 403
    duration_ms: 0
[2026-09-28 03:38:05.840 -0300] INFO (83855): request completed
    route: "/v1/dashboard/generated-reports/00000000-0000-7000-8000-000084000501/fail"
    method: "POST"
    status: 403
    duration_ms: 0
[2026-09-28 03:38:05.840 -0300] INFO (83855): request completed
    route: "/v1/dashboard/generated-reports/00000000-0000-7000-8000-000084000501/fail"
    method: "POST"
    status: 403
    duration_ms: 0
[2026-09-28 03:38:05.841 -0300] INFO (83855): request completed
    route: "/v1/dashboard/generated-reports/00000000-0000-7000-8000-000084000501/fail"
    method: "POST"
    status: 403
    duration_ms: 0
[2026-09-28 03:38:05.855 -0300] INFO (83855): request completed
    route: "/v1/dashboard/generated-reports/00000000-0000-7000-8000-000084000501/fail"
    method: "POST"
    status: 428
    duration_ms: 14
[2026-09-28 03:38:05.868 -0300] INFO (83855): request completed
    route: "/v1/dashboard/generated-reports/00000000-0000-7000-8000-000084000501/fail"
    method: "POST"
    status: 428
    duration_ms: 12
[2026-09-28 03:38:05.869 -0300] INFO (83855): request completed
    route: "/v1/dashboard/generated-reports/00000000-0000-7000-8000-000084000501/fail"
    method: "POST"
    status: 403
    duration_ms: 0
[2026-09-28 03:38:05.870 -0300] INFO (83855): request completed
    route: "/v1/dashboard/generated-reports/00000000-0000-7000-8000-000084000501/fail"
    method: "POST"
    status: 403
    duration_ms: 0
[2026-09-28 03:38:05.870 -0300] INFO (83855): request completed
    route: "/v1/dashboard/generated-reports/00000000-0000-7000-8000-000084000501/fail"
    method: "POST"
    status: 403
    duration_ms: 0
[2026-09-28 03:38:05.871 -0300] INFO (83855): request completed
    route: "/v1/dashboard/generated-reports/00000000-0000-7000-8000-000084000501/fail"
    method: "POST"
    status: 403
    duration_ms: 0
[2026-09-28 03:38:05.871 -0300] INFO (83855): request completed
    route: "/v1/dashboard/generated-reports/00000000-0000-7000-8000-000084000501/fail"
    method: "POST"
    status: 403
    duration_ms: 0
[2026-09-28 03:38:05.872 -0300] INFO (83855): request completed
    route: "/v1/dashboard/generated-reports/00000000-0000-7000-8000-000084000501/fail"
    method: "POST"
    status: 403
    duration_ms: 0
[2026-09-28 03:38:05.873 -0300] INFO (83855): request completed
    route: "/v1/dashboard/generated-reports/00000000-0000-7000-8000-000084000501/fail"
    method: "POST"
    status: 403
    duration_ms: 1
[2026-09-28 03:38:05.873 -0300] INFO (83855): request completed
    route: "/v1/dashboard/generated-reports/00000000-0000-7000-8000-000084000501/fail"
    method: "POST"
    status: 403
    duration_ms: 0
[2026-09-28 03:38:05.874 -0300] INFO (83855): request completed
    route: "/v1/dashboard/generated-reports/00000000-0000-7000-8000-000084000501/fail"
    method: "POST"
    status: 403
    duration_ms: 1
[2026-09-28 03:38:05.874 -0300] INFO (83855): request completed
    route: "/v1/dashboard/generated-reports/00000000-0000-7000-8000-000084000501/fail"
    method: "POST"
    status: 403
    duration_ms: 0
[2026-09-28 03:38:05.875 -0300] INFO (83855): request completed
    route: "/v1/dashboard/generated-reports/00000000-0000-7000-8000-000084000501/fail"
    method: "POST"
    status: 403
    duration_ms: 0
[2026-09-28 03:38:05.875 -0300] INFO (83855): request completed
    route: "/v1/dashboard/generated-reports/00000000-0000-7000-8000-000084000501/fail"
    method: "POST"
    status: 403
    duration_ms: 0
[2026-09-28 03:38:05.876 -0300] INFO (83855): request completed
    route: "/v1/dashboard/generated-reports/00000000-0000-7000-8000-000084000501/fail"
    method: "POST"
    status: 403
    duration_ms: 0
[2026-09-28 03:38:05.876 -0300] INFO (83855): request completed
    route: "/v1/dashboard/generated-reports/00000000-0000-7000-8000-000084000501/fail"
    method: "POST"
    status: 403
    duration_ms: 0
[2026-09-28 03:38:05.880 -0300] INFO (83855): request completed
    route: "/v1/dashboard/sources"
    method: "GET"
    status: 403
    duration_ms: 4
[2026-09-28 03:38:05.883 -0300] INFO (83855): request completed
    route: "/v1/dashboard/sources/00000000-0000-7000-8000-000081000401"
    method: "GET"
    status: 403
    duration_ms: 3
[2026-09-28 03:38:05.884 -0300] INFO (83855): request completed
    route: "/v1/dashboard/sources"
    method: "GET"
    status: 403
    duration_ms: 1
[2026-09-28 03:38:05.884 -0300] INFO (83855): request completed
    route: "/v1/dashboard/sources/00000000-0000-7000-8000-000081000401"
    method: "GET"
    status: 403
    duration_ms: 0
[2026-09-28 03:38:05.885 -0300] INFO (83855): request completed
    route: "/v1/dashboard/sources"
    method: "GET"
    status: 403
    duration_ms: 0
[2026-09-28 03:38:05.885 -0300] INFO (83855): request completed
    route: "/v1/dashboard/sources/00000000-0000-7000-8000-000081000401"
    method: "GET"
    status: 403
    duration_ms: 0
[2026-09-28 03:38:05.886 -0300] INFO (83855): request completed
    route: "/v1/dashboard/sources"
    method: "GET"
    status: 403
    duration_ms: 0
[2026-09-28 03:38:05.886 -0300] INFO (83855): request completed
    route: "/v1/dashboard/sources/00000000-0000-7000-8000-000081000401"
    method: "GET"
    status: 403
    duration_ms: 0
[2026-09-28 03:38:05.887 -0300] INFO (83855): request completed
    route: "/v1/dashboard/sources"
    method: "GET"
    status: 403
    duration_ms: 0
[2026-09-28 03:38:05.887 -0300] INFO (83855): request completed
    route: "/v1/dashboard/sources/00000000-0000-7000-8000-000081000401"
    method: "GET"
    status: 403
    duration_ms: 0
[2026-09-28 03:38:05.888 -0300] INFO (83855): request completed
    route: "/v1/dashboard/sources"
    method: "GET"
    status: 403
    duration_ms: 0
[2026-09-28 03:38:05.888 -0300] INFO (83855): request completed
    route: "/v1/dashboard/sources/00000000-0000-7000-8000-000081000401"
    method: "GET"
    status: 403
    duration_ms: 0
[2026-09-28 03:38:05.893 -0300] INFO (83855): request completed
    route: "/v1/dashboard/sources"
    method: "GET"
    status: 200
    duration_ms: 4
[2026-09-28 03:38:05.898 -0300] INFO (83855): request completed
    route: "/v1/dashboard/sources/00000000-0000-7000-8000-000081000401"
    method: "GET"
    status: 200
    duration_ms: 5
[2026-09-28 03:38:05.899 -0300] INFO (83855): request completed
    route: "/v1/dashboard/sources"
    method: "GET"
    status: 403
    duration_ms: 0
[2026-09-28 03:38:05.899 -0300] INFO (83855): request completed
    route: "/v1/dashboard/sources/00000000-0000-7000-8000-000081000401"
    method: "GET"
    status: 403
    duration_ms: 0
[2026-09-28 03:38:05.900 -0300] INFO (83855): request completed
    route: "/v1/dashboard/sources"
    method: "GET"
    status: 403
    duration_ms: 0
[2026-09-28 03:38:05.900 -0300] INFO (83855): request completed
    route: "/v1/dashboard/sources/00000000-0000-7000-8000-000081000401"
    method: "GET"
    status: 403
    duration_ms: 0
[2026-09-28 03:38:05.905 -0300] INFO (83855): request completed
    route: "/v1/dashboard/sources"
    method: "GET"
    status: 200
    duration_ms: 4
[2026-09-28 03:38:05.909 -0300] INFO (83855): request completed
    route: "/v1/dashboard/sources/00000000-0000-7000-8000-000081000401"
    method: "GET"
    status: 200
    duration_ms: 4
[2026-09-28 03:38:05.910 -0300] INFO (83855): request completed
    route: "/v1/dashboard/sources"
    method: "GET"
    status: 403
    duration_ms: 0
[2026-09-28 03:38:05.910 -0300] INFO (83855): request completed
    route: "/v1/dashboard/sources/00000000-0000-7000-8000-000081000401"
    method: "GET"
    status: 403
    duration_ms: 0
[2026-09-28 03:38:05.911 -0300] INFO (83855): request completed
    route: "/v1/dashboard/sources"
    method: "GET"
    status: 403
    duration_ms: 0
[2026-09-28 03:38:05.911 -0300] INFO (83855): request completed
    route: "/v1/dashboard/sources/00000000-0000-7000-8000-000081000401"
    method: "GET"
    status: 403
    duration_ms: 0
[2026-09-28 03:38:05.912 -0300] INFO (83855): request completed
    route: "/v1/dashboard/sources"
    method: "GET"
    status: 403
    duration_ms: 0
[2026-09-28 03:38:05.912 -0300] INFO (83855): request completed
    route: "/v1/dashboard/sources/00000000-0000-7000-8000-000081000401"
    method: "GET"
    status: 403
    duration_ms: 0
[2026-09-28 03:38:05.915 -0300] INFO (83855): request completed
    route: "/v1/dashboard/sources"
    method: "GET"
    status: 403
    duration_ms: 2
[2026-09-28 03:38:05.918 -0300] INFO (83855): request completed
    route: "/v1/dashboard/sources/00000000-0000-7000-8000-000081000401"
    method: "GET"
    status: 403
    duration_ms: 2
[2026-09-28 03:38:05.919 -0300] INFO (83855): request completed
    route: "/v1/dashboard/sources"
    method: "GET"
    status: 403
    duration_ms: 0
[2026-09-28 03:38:05.920 -0300] INFO (83855): request completed
    route: "/v1/dashboard/sources/00000000-0000-7000-8000-000081000401"
    method: "GET"
    status: 403
    duration_ms: 0
[2026-09-28 03:38:05.920 -0300] INFO (83855): request completed
    route: "/v1/dashboard/sources"
    method: "GET"
    status: 403
    duration_ms: 0
[2026-09-28 03:38:05.921 -0300] INFO (83855): request completed
    route: "/v1/dashboard/sources/00000000-0000-7000-8000-000081000401"
    method: "GET"
    status: 403
    duration_ms: 0
[2026-09-28 03:38:05.921 -0300] INFO (83855): request completed
    route: "/v1/dashboard/sources"
    method: "GET"
    status: 403
    duration_ms: 0
[2026-09-28 03:38:05.922 -0300] INFO (83855): request completed
    route: "/v1/dashboard/sources/00000000-0000-7000-8000-000081000401"
    method: "GET"
    status: 403
    duration_ms: 0
[2026-09-28 03:38:05.922 -0300] INFO (83855): request completed
    route: "/v1/dashboard/sources"
    method: "GET"
    status: 403
    duration_ms: 0
[2026-09-28 03:38:05.923 -0300] INFO (83855): request completed
    route: "/v1/dashboard/sources/00000000-0000-7000-8000-000081000401"
    method: "GET"
    status: 403
    duration_ms: 0
[2026-09-28 03:38:05.923 -0300] INFO (83855): request completed
    route: "/v1/dashboard/sources"
    method: "GET"
    status: 403
    duration_ms: 0
[2026-09-28 03:38:05.924 -0300] INFO (83855): request completed
    route: "/v1/dashboard/sources/00000000-0000-7000-8000-000081000401"
    method: "GET"
    status: 403
    duration_ms: 0
[2026-09-28 03:38:05.925 -0300] INFO (83855): request completed
    route: "/v1/dashboard/sources"
    method: "GET"
    status: 403
    duration_ms: 1
[2026-09-28 03:38:05.925 -0300] INFO (83855): request completed
    route: "/v1/dashboard/sources/00000000-0000-7000-8000-000081000401"
    method: "GET"
    status: 403
    duration_ms: 0
[2026-09-28 03:38:05.930 -0300] INFO (83855): request completed
    route: "/v1/dashboard/sources"
    method: "GET"
    status: 200
    duration_ms: 4
[2026-09-28 03:38:05.935 -0300] INFO (83855): request completed
    route: "/v1/dashboard/sources/00000000-0000-7000-8000-000081000401"
    method: "GET"
    status: 200
    duration_ms: 5
[2026-09-28 03:38:05.935 -0300] INFO (83855): request completed
    route: "/v1/dashboard/sources"
    method: "GET"
    status: 403
    duration_ms: 0
[2026-09-28 03:38:05.936 -0300] INFO (83855): request completed
    route: "/v1/dashboard/sources/00000000-0000-7000-8000-000081000401"
    method: "GET"
    status: 403
    duration_ms: 0
[2026-09-28 03:38:05.940 -0300] INFO (83855): request completed
    route: "/v1/dashboard/sources"
    method: "GET"
    status: 200
    duration_ms: 4
[2026-09-28 03:38:05.945 -0300] INFO (83855): request completed
    route: "/v1/dashboard/sources/00000000-0000-7000-8000-000081000401"
    method: "GET"
    status: 200
    duration_ms: 4
[2026-09-28 03:38:05.946 -0300] INFO (83855): request completed
    route: "/v1/dashboard/sources"
    method: "GET"
    status: 403
    duration_ms: 1
[2026-09-28 03:38:05.946 -0300] INFO (83855): request completed
    route: "/v1/dashboard/sources/00000000-0000-7000-8000-000081000401"
    method: "GET"
    status: 403
    duration_ms: 0
[2026-09-28 03:38:05.947 -0300] INFO (83855): request completed
    route: "/v1/dashboard/sources"
    method: "GET"
    status: 403
    duration_ms: 0
[2026-09-28 03:38:05.947 -0300] INFO (83855): request completed
    route: "/v1/dashboard/sources/00000000-0000-7000-8000-000081000401"
    method: "GET"
    status: 403
    duration_ms: 0
[2026-09-28 03:38:05.948 -0300] INFO (83855): request completed
    route: "/v1/dashboard/sources"
    method: "GET"
    status: 403
    duration_ms: 0
[2026-09-28 03:38:05.948 -0300] INFO (83855): request completed
    route: "/v1/dashboard/sources/00000000-0000-7000-8000-000081000401"
    method: "GET"
    status: 403
    duration_ms: 0
[2026-09-28 03:38:05.949 -0300] INFO (83855): request completed
    route: "/v1/dashboard/sources"
    method: "GET"
    status: 403
    duration_ms: 0
[2026-09-28 03:38:05.949 -0300] INFO (83855): request completed
    route: "/v1/dashboard/sources/00000000-0000-7000-8000-000081000401"
    method: "GET"
    status: 403
    duration_ms: 0
[2026-09-28 03:38:05.950 -0300] INFO (83855): request completed
    route: "/v1/dashboard/sources"
    method: "GET"
    status: 403
    duration_ms: 0
[2026-09-28 03:38:05.950 -0300] INFO (83855): request completed
    route: "/v1/dashboard/sources/00000000-0000-7000-8000-000081000401"
    method: "GET"
    status: 403
    duration_ms: 0
[2026-09-28 03:38:05.951 -0300] INFO (83855): request completed
    route: "/v1/dashboard/sources"
    method: "GET"
    status: 403
    duration_ms: 0
[2026-09-28 03:38:05.951 -0300] INFO (83855): request completed
    route: "/v1/dashboard/sources/00000000-0000-7000-8000-000081000401"
    method: "GET"
    status: 403
    duration_ms: 0
[2026-09-28 03:38:05.952 -0300] INFO (83855): request completed
    route: "/v1/dashboard/sources"
    method: "GET"
    status: 403
    duration_ms: 0
[2026-09-28 03:38:05.952 -0300] INFO (83855): request completed
    route: "/v1/dashboard/sources/00000000-0000-7000-8000-000081000401"
    method: "GET"
    status: 403
    duration_ms: 0
[2026-09-28 03:38:05.953 -0300] INFO (83855): request completed
    route: "/v1/dashboard/sources"
    method: "GET"
    status: 403
    duration_ms: 0
[2026-09-28 03:38:05.953 -0300] INFO (83855): request completed
    route: "/v1/dashboard/sources/00000000-0000-7000-8000-000081000401"
    method: "GET"
    status: 403
    duration_ms: 0
[2026-09-28 03:38:05.954 -0300] INFO (83855): request completed
    route: "/v1/dashboard/sources"
    method: "GET"
    status: 403
    duration_ms: 0
[2026-09-28 03:38:05.954 -0300] INFO (83855): request completed
    route: "/v1/dashboard/sources/00000000-0000-7000-8000-000081000401"
    method: "GET"
    status: 403
    duration_ms: 0
[2026-09-28 03:38:05.955 -0300] INFO (83855): request completed
    route: "/v1/dashboard/sources"
    method: "GET"
    status: 403
    duration_ms: 0
[2026-09-28 03:38:05.958 -0300] INFO (83855): request completed
    route: "/v1/dashboard/sources/00000000-0000-7000-8000-000081000401"
    method: "GET"
    status: 403
    duration_ms: 1
[2026-09-28 03:38:05.963 -0300] INFO (83855): request completed
    route: "/v1/dashboard/sources"
    method: "GET"
    status: 200
    duration_ms: 5
[2026-09-28 03:38:05.967 -0300] INFO (83855): request completed
    route: "/v1/dashboard/sources/00000000-0000-7000-8000-000081000401"
    method: "GET"
    status: 200
    duration_ms: 4
[2026-09-28 03:38:05.968 -0300] INFO (83855): request completed
    route: "/v1/dashboard/sources"
    method: "GET"
    status: 403
    duration_ms: 0
[2026-09-28 03:38:05.969 -0300] INFO (83855): request completed
    route: "/v1/dashboard/sources/00000000-0000-7000-8000-000081000401"
    method: "GET"
    status: 403
    duration_ms: 1
[2026-09-28 03:38:05.969 -0300] INFO (83855): request completed
    route: "/v1/dashboard/sources"
    method: "GET"
    status: 403
    duration_ms: 0
[2026-09-28 03:38:05.969 -0300] INFO (83855): request completed
    route: "/v1/dashboard/sources/00000000-0000-7000-8000-000081000401"
    method: "GET"
    status: 403
    duration_ms: 0
[2026-09-28 03:38:05.985 -0300] INFO (83855): request completed
    route: "/v1/dashboard/exports"
    method: "POST"
    status: 403
    duration_ms: 15
[2026-09-28 03:38:05.986 -0300] INFO (83855): request completed
    route: "/v1/dashboard/exports"
    method: "POST"
    status: 403
    duration_ms: 0
[2026-09-28 03:38:05.987 -0300] INFO (83855): request completed
    route: "/v1/dashboard/exports"
    method: "POST"
    status: 403
    duration_ms: 0
[2026-09-28 03:38:05.987 -0300] INFO (83855): request completed
    route: "/v1/dashboard/exports"
    method: "POST"
    status: 403
    duration_ms: 0
[2026-09-28 03:38:05.988 -0300] INFO (83855): request completed
    route: "/v1/dashboard/exports"
    method: "POST"
    status: 403
    duration_ms: 0
[2026-09-28 03:38:05.989 -0300] INFO (83855): request completed
    route: "/v1/dashboard/exports"
    method: "POST"
    status: 403
    duration_ms: 1
[2026-09-28 03:38:05.989 -0300] INFO (83855): request completed
    route: "/v1/dashboard/exports"
    method: "POST"
    status: 403
    duration_ms: 0
[2026-09-28 03:38:06.003 -0300] INFO (83855): request completed
    route: "/v1/dashboard/exports"
    method: "POST"
    status: 400
    duration_ms: 13
[2026-09-28 03:38:06.004 -0300] INFO (83855): request completed
    route: "/v1/dashboard/exports"
    method: "POST"
    status: 403
    duration_ms: 0
[2026-09-28 03:38:06.017 -0300] INFO (83855): request completed
    route: "/v1/dashboard/exports"
    method: "POST"
    status: 400
    duration_ms: 13
[2026-09-28 03:38:06.018 -0300] INFO (83855): request completed
    route: "/v1/dashboard/exports"
    method: "POST"
    status: 403
    duration_ms: 1
[2026-09-28 03:38:06.018 -0300] INFO (83855): request completed
    route: "/v1/dashboard/exports"
    method: "POST"
    status: 403
    duration_ms: 0
[2026-09-28 03:38:06.019 -0300] INFO (83855): request completed
    route: "/v1/dashboard/exports"
    method: "POST"
    status: 403
    duration_ms: 0
[2026-09-28 03:38:06.032 -0300] INFO (83855): request completed
    route: "/v1/dashboard/exports"
    method: "POST"
    status: 403
    duration_ms: 13
[2026-09-28 03:38:06.033 -0300] INFO (83855): request completed
    route: "/v1/dashboard/exports"
    method: "POST"
    status: 403
    duration_ms: 0
[2026-09-28 03:38:06.034 -0300] INFO (83855): request completed
    route: "/v1/dashboard/exports"
    method: "POST"
    status: 403
    duration_ms: 1
[2026-09-28 03:38:06.034 -0300] INFO (83855): request completed
    route: "/v1/dashboard/exports"
    method: "POST"
    status: 403
    duration_ms: 0
[2026-09-28 03:38:06.035 -0300] INFO (83855): request completed
    route: "/v1/dashboard/exports"
    method: "POST"
    status: 403
    duration_ms: 1
[2026-09-28 03:38:06.048 -0300] INFO (83855): request completed
    route: "/v1/dashboard/exports"
    method: "POST"
    status: 400
    duration_ms: 13
[2026-09-28 03:38:06.061 -0300] INFO (83855): request completed
    route: "/v1/dashboard/exports"
    method: "POST"
    status: 400
    duration_ms: 12
[2026-09-28 03:38:06.075 -0300] INFO (83855): request completed
    route: "/v1/dashboard/exports"
    method: "POST"
    status: 400
    duration_ms: 13
[2026-09-28 03:38:06.088 -0300] INFO (83855): request completed
    route: "/v1/dashboard/exports"
    method: "POST"
    status: 400
    duration_ms: 12
[2026-09-28 03:38:06.101 -0300] INFO (83855): request completed
    route: "/v1/dashboard/exports"
    method: "POST"
    status: 400
    duration_ms: 12
[2026-09-28 03:38:06.102 -0300] INFO (83855): request completed
    route: "/v1/dashboard/exports"
    method: "POST"
    status: 403
    duration_ms: 0
[2026-09-28 03:38:06.114 -0300] INFO (83855): request completed
    route: "/v1/dashboard/exports"
    method: "POST"
    status: 400
    duration_ms: 12
[2026-09-28 03:38:06.115 -0300] INFO (83855): request completed
    route: "/v1/dashboard/exports"
    method: "POST"
    status: 403
    duration_ms: 0
[2026-09-28 03:38:06.116 -0300] INFO (83855): request completed
    route: "/v1/dashboard/exports"
    method: "POST"
    status: 403
    duration_ms: 1
[2026-09-28 03:38:06.116 -0300] INFO (83855): request completed
    route: "/v1/dashboard/exports"
    method: "POST"
    status: 403
    duration_ms: 0
[2026-09-28 03:38:06.117 -0300] INFO (83855): request completed
    route: "/v1/dashboard/exports"
    method: "POST"
    status: 403
    duration_ms: 1
[2026-09-28 03:38:06.129 -0300] INFO (83855): request completed
    route: "/v1/dashboard/exports"
    method: "POST"
    status: 400
    duration_ms: 12
[2026-09-28 03:38:06.142 -0300] INFO (83855): request completed
    route: "/v1/dashboard/exports"
    method: "POST"
    status: 400
    duration_ms: 12
[2026-09-28 03:38:06.143 -0300] INFO (83855): request completed
    route: "/v1/dashboard/exports"
    method: "POST"
    status: 403
    duration_ms: 0
[2026-09-28 03:38:06.143 -0300] INFO (83855): request completed
    route: "/v1/dashboard/exports"
    method: "POST"
    status: 403
    duration_ms: 0
[2026-09-28 03:38:06.156 -0300] INFO (83855): request completed
    route: "/v1/dashboard/exports"
    method: "POST"
    status: 400
    duration_ms: 12
[2026-09-28 03:38:06.169 -0300] INFO (83855): request completed
    route: "/v1/dashboard/exports"
    method: "POST"
    status: 400
    duration_ms: 13
[2026-09-28 03:38:06.169 -0300] INFO (83855): request completed
    route: "/v1/dashboard/exports"
    method: "POST"
    status: 403
    duration_ms: 0
[2026-09-28 03:38:06.195 -0300] INFO (83855): request completed
    route: "/v1/dashboard/exports/00000000-0000-7000-8000-000081000501/approve"
    method: "POST"
    status: 400
    duration_ms: 25
[2026-09-28 03:38:06.196 -0300] INFO (83855): request completed
    route: "/v1/dashboard/exports/00000000-0000-7000-8000-000081000501/approve"
    method: "POST"
    status: 403
    duration_ms: 0
[2026-09-28 03:38:06.197 -0300] INFO (83855): request completed
    route: "/v1/dashboard/exports/00000000-0000-7000-8000-000081000501/approve"
    method: "POST"
    status: 403
    duration_ms: 0
[2026-09-28 03:38:06.197 -0300] INFO (83855): request completed
    route: "/v1/dashboard/exports/00000000-0000-7000-8000-000081000501/approve"
    method: "POST"
    status: 403
    duration_ms: 0
[2026-09-28 03:38:06.198 -0300] INFO (83855): request completed
    route: "/v1/dashboard/exports/00000000-0000-7000-8000-000081000501/approve"
    method: "POST"
    status: 403
    duration_ms: 0
[2026-09-28 03:38:06.198 -0300] INFO (83855): request completed
    route: "/v1/dashboard/exports/00000000-0000-7000-8000-000081000501/approve"
    method: "POST"
    status: 403
    duration_ms: 0
[2026-09-28 03:38:06.199 -0300] INFO (83855): request completed
    route: "/v1/dashboard/exports/00000000-0000-7000-8000-000081000501/approve"
    method: "POST"
    status: 403
    duration_ms: 0
[2026-09-28 03:38:06.200 -0300] INFO (83855): request completed
    route: "/v1/dashboard/exports/00000000-0000-7000-8000-000081000501/approve"
    method: "POST"
    status: 403
    duration_ms: 1
[2026-09-28 03:38:06.200 -0300] INFO (83855): request completed
    route: "/v1/dashboard/exports/00000000-0000-7000-8000-000081000501/approve"
    method: "POST"
    status: 403
    duration_ms: 0
[2026-09-28 03:38:06.212 -0300] INFO (83855): request completed
    route: "/v1/dashboard/exports/00000000-0000-7000-8000-000081000501/approve"
    method: "POST"
    status: 400
    duration_ms: 11
[2026-09-28 03:38:06.212 -0300] INFO (83855): request completed
    route: "/v1/dashboard/exports/00000000-0000-7000-8000-000081000501/approve"
    method: "POST"
    status: 403
    duration_ms: 0
[2026-09-28 03:38:06.213 -0300] INFO (83855): request completed
    route: "/v1/dashboard/exports/00000000-0000-7000-8000-000081000501/approve"
    method: "POST"
    status: 403
    duration_ms: 0
[2026-09-28 03:38:06.213 -0300] INFO (83855): request completed
    route: "/v1/dashboard/exports/00000000-0000-7000-8000-000081000501/approve"
    method: "POST"
    status: 403
    duration_ms: 0
[2026-09-28 03:38:06.225 -0300] INFO (83855): request completed
    route: "/v1/dashboard/exports/00000000-0000-7000-8000-000081000501/approve"
    method: "POST"
    status: 400
    duration_ms: 11
[2026-09-28 03:38:06.225 -0300] INFO (83855): request completed
    route: "/v1/dashboard/exports/00000000-0000-7000-8000-000081000501/approve"
    method: "POST"
    status: 403
    duration_ms: 0
[2026-09-28 03:38:06.226 -0300] INFO (83855): request completed
    route: "/v1/dashboard/exports/00000000-0000-7000-8000-000081000501/approve"
    method: "POST"
    status: 403
    duration_ms: 0
[2026-09-28 03:38:06.226 -0300] INFO (83855): request completed
    route: "/v1/dashboard/exports/00000000-0000-7000-8000-000081000501/approve"
    method: "POST"
    status: 403
    duration_ms: 0
[2026-09-28 03:38:06.227 -0300] INFO (83855): request completed
    route: "/v1/dashboard/exports/00000000-0000-7000-8000-000081000501/approve"
    method: "POST"
    status: 403
    duration_ms: 0
[2026-09-28 03:38:06.228 -0300] INFO (83855): request completed
    route: "/v1/dashboard/exports/00000000-0000-7000-8000-000081000501/approve"
    method: "POST"
    status: 403
    duration_ms: 0
[2026-09-28 03:38:06.239 -0300] INFO (83855): request completed
    route: "/v1/dashboard/exports/00000000-0000-7000-8000-000081000501/approve"
    method: "POST"
    status: 400
    duration_ms: 11
[2026-09-28 03:38:06.250 -0300] INFO (83855): request completed
    route: "/v1/dashboard/exports/00000000-0000-7000-8000-000081000501/approve"
    method: "POST"
    status: 400
    duration_ms: 10
[2026-09-28 03:38:06.250 -0300] INFO (83855): request completed
    route: "/v1/dashboard/exports/00000000-0000-7000-8000-000081000501/approve"
    method: "POST"
    status: 403
    duration_ms: 0
[2026-09-28 03:38:06.251 -0300] INFO (83855): request completed
    route: "/v1/dashboard/exports/00000000-0000-7000-8000-000081000501/approve"
    method: "POST"
    status: 403
    duration_ms: 0
[2026-09-28 03:38:06.251 -0300] INFO (83855): request completed
    route: "/v1/dashboard/exports/00000000-0000-7000-8000-000081000501/approve"
    method: "POST"
    status: 403
    duration_ms: 0
[2026-09-28 03:38:06.252 -0300] INFO (83855): request completed
    route: "/v1/dashboard/exports/00000000-0000-7000-8000-000081000501/approve"
    method: "POST"
    status: 403
    duration_ms: 0
[2026-09-28 03:38:06.253 -0300] INFO (83855): request completed
    route: "/v1/dashboard/exports/00000000-0000-7000-8000-000081000501/approve"
    method: "POST"
    status: 403
    duration_ms: 0
[2026-09-28 03:38:06.253 -0300] INFO (83855): request completed
    route: "/v1/dashboard/exports/00000000-0000-7000-8000-000081000501/approve"
    method: "POST"
    status: 403
    duration_ms: 0
[2026-09-28 03:38:06.254 -0300] INFO (83855): request completed
    route: "/v1/dashboard/exports/00000000-0000-7000-8000-000081000501/approve"
    method: "POST"
    status: 403
    duration_ms: 0
[2026-09-28 03:38:06.254 -0300] INFO (83855): request completed
    route: "/v1/dashboard/exports/00000000-0000-7000-8000-000081000501/approve"
    method: "POST"
    status: 403
    duration_ms: 0
[2026-09-28 03:38:06.255 -0300] INFO (83855): request completed
    route: "/v1/dashboard/exports/00000000-0000-7000-8000-000081000501/approve"
    method: "POST"
    status: 403
    duration_ms: 0
[2026-09-28 03:38:06.255 -0300] INFO (83855): request completed
    route: "/v1/dashboard/exports/00000000-0000-7000-8000-000081000501/approve"
    method: "POST"
    status: 403
    duration_ms: 0
[2026-09-28 03:38:06.256 -0300] INFO (83855): request completed
    route: "/v1/dashboard/exports/00000000-0000-7000-8000-000081000501/approve"
    method: "POST"
    status: 403
    duration_ms: 0
[2026-09-28 03:38:06.256 -0300] INFO (83855): request completed
    route: "/v1/dashboard/exports/00000000-0000-7000-8000-000081000501/approve"
    method: "POST"
    status: 403
    duration_ms: 0
[2026-09-28 03:38:06.257 -0300] INFO (83855): request completed
    route: "/v1/dashboard/exports/00000000-0000-7000-8000-000081000501/approve"
    method: "POST"
    status: 403
    duration_ms: 0
[2026-09-28 03:38:06.257 -0300] INFO (83855): request completed
    route: "/v1/dashboard/exports/00000000-0000-7000-8000-000081000501/approve"
    method: "POST"
    status: 403
    duration_ms: 0
[2026-09-28 03:38:06.258 -0300] INFO (83855): request completed
    route: "/v1/dashboard/exports/00000000-0000-7000-8000-000081000501/approve"
    method: "POST"
    status: 403
    duration_ms: 0
[2026-09-28 03:38:06.261 -0300] INFO (83855): request completed
    route: "/v1/dashboard/audit-trail"
    method: "GET"
    status: 403
    duration_ms: 3
[2026-09-28 03:38:06.262 -0300] INFO (83855): request completed
    route: "/v1/dashboard/audit-trail"
    method: "GET"
    status: 403
    duration_ms: 0
[2026-09-28 03:38:06.263 -0300] INFO (83855): request completed
    route: "/v1/dashboard/audit-trail"
    method: "GET"
    status: 403
    duration_ms: 0
[2026-09-28 03:38:06.263 -0300] INFO (83855): request completed
    route: "/v1/dashboard/audit-trail"
    method: "GET"
    status: 403
    duration_ms: 0
[2026-09-28 03:38:06.264 -0300] INFO (83855): request completed
    route: "/v1/dashboard/audit-trail"
    method: "GET"
    status: 403
    duration_ms: 1
[2026-09-28 03:38:06.264 -0300] INFO (83855): request completed
    route: "/v1/dashboard/audit-trail"
    method: "GET"
    status: 403
    duration_ms: 0
[2026-09-28 03:38:06.274 -0300] INFO (83855): request completed
    route: "/v1/dashboard/audit-trail"
    method: "GET"
    status: 200
    duration_ms: 10
[2026-09-28 03:38:06.280 -0300] INFO (83855): request completed
    route: "/v1/dashboard/audit-trail"
    method: "GET"
    status: 200
    duration_ms: 5
[2026-09-28 03:38:06.281 -0300] INFO (83855): request completed
    route: "/v1/dashboard/audit-trail"
    method: "GET"
    status: 403
    duration_ms: 0
[2026-09-28 03:38:06.287 -0300] INFO (83855): request completed
    route: "/v1/dashboard/audit-trail"
    method: "GET"
    status: 200
    duration_ms: 5
[2026-09-28 03:38:06.288 -0300] INFO (83855): request completed
    route: "/v1/dashboard/audit-trail"
    method: "GET"
    status: 403
    duration_ms: 1
[2026-09-28 03:38:06.288 -0300] INFO (83855): request completed
    route: "/v1/dashboard/audit-trail"
    method: "GET"
    status: 403
    duration_ms: 0
[2026-09-28 03:38:06.294 -0300] INFO (83855): request completed
    route: "/v1/dashboard/audit-trail"
    method: "GET"
    status: 200
    duration_ms: 5
[2026-09-28 03:38:06.297 -0300] INFO (83855): request completed
    route: "/v1/dashboard/audit-trail"
    method: "GET"
    status: 403
    duration_ms: 3
[2026-09-28 03:38:06.297 -0300] INFO (83855): request completed
    route: "/v1/dashboard/audit-trail"
    method: "GET"
    status: 403
    duration_ms: 0
[2026-09-28 03:38:06.298 -0300] INFO (83855): request completed
    route: "/v1/dashboard/audit-trail"
    method: "GET"
    status: 403
    duration_ms: 0
[2026-09-28 03:38:06.299 -0300] INFO (83855): request completed
    route: "/v1/dashboard/audit-trail"
    method: "GET"
    status: 403
    duration_ms: 0
[2026-09-28 03:38:06.299 -0300] INFO (83855): request completed
    route: "/v1/dashboard/audit-trail"
    method: "GET"
    status: 403
    duration_ms: 0
[2026-09-28 03:38:06.305 -0300] INFO (83855): request completed
    route: "/v1/dashboard/audit-trail"
    method: "GET"
    status: 200
    duration_ms: 5
[2026-09-28 03:38:06.310 -0300] INFO (83855): request completed
    route: "/v1/dashboard/audit-trail"
    method: "GET"
    status: 200
    duration_ms: 5
[2026-09-28 03:38:06.316 -0300] INFO (83855): request completed
    route: "/v1/dashboard/audit-trail"
    method: "GET"
    status: 200
    duration_ms: 5
[2026-09-28 03:38:06.317 -0300] INFO (83855): request completed
    route: "/v1/dashboard/audit-trail"
    method: "GET"
    status: 403
    duration_ms: 0
[2026-09-28 03:38:06.317 -0300] INFO (83855): request completed
    route: "/v1/dashboard/audit-trail"
    method: "GET"
    status: 403
    duration_ms: 0
[2026-09-28 03:38:06.318 -0300] INFO (83855): request completed
    route: "/v1/dashboard/audit-trail"
    method: "GET"
    status: 403
    duration_ms: 0
[2026-09-28 03:38:06.324 -0300] INFO (83855): request completed
    route: "/v1/dashboard/audit-trail"
    method: "GET"
    status: 200
    duration_ms: 6
[2026-09-28 03:38:06.325 -0300] INFO (83855): request completed
    route: "/v1/dashboard/audit-trail"
    method: "GET"
    status: 403
    duration_ms: 1
[2026-09-28 03:38:06.325 -0300] INFO (83855): request completed
    route: "/v1/dashboard/audit-trail"
    method: "GET"
    status: 403
    duration_ms: 0
[2026-09-28 03:38:06.326 -0300] INFO (83855): request completed
    route: "/v1/dashboard/audit-trail"
    method: "GET"
    status: 403
    duration_ms: 0
[2026-09-28 03:38:06.326 -0300] INFO (83855): request completed
    route: "/v1/dashboard/audit-trail"
    method: "GET"
    status: 403
    duration_ms: 0
[2026-09-28 03:38:06.332 -0300] INFO (83855): request completed
    route: "/v1/dashboard/audit-trail"
    method: "GET"
    status: 200
    duration_ms: 5
[2026-09-28 03:38:06.337 -0300] INFO (83855): request completed
    route: "/v1/dashboard/audit-trail"
    method: "GET"
    status: 200
    duration_ms: 5
[2026-09-28 03:38:06.338 -0300] INFO (83855): request completed
    route: "/v1/dashboard/audit-trail"
    method: "GET"
    status: 403
    duration_ms: 0
[2026-09-28 03:38:06.339 -0300] INFO (83855): request completed
    route: "/v1/dashboard/audit-trail"
    method: "GET"
    status: 403
    duration_ms: 0
[2026-09-28 03:38:06.339 -0300] INFO (83855): request completed
    route: "/v1/dashboard/audit-trail"
    method: "GET"
    status: 403
    duration_ms: 0
[2026-09-28 03:38:06.340 -0300] INFO (83855): request completed
    route: "/v1/dashboard/audit-trail"
    method: "GET"
    status: 403
    duration_ms: 0
[2026-09-28 03:38:06.340 -0300] INFO (83855): request completed
    route: "/v1/dashboard/audit-trail"
    method: "GET"
    status: 403
    duration_ms: 0
[2026-09-28 03:38:06.344 -0300] INFO (83855): request completed
    route: "/v1/dashboard/comparisons?dimension=pool"
    method: "GET"
    status: 403
    duration_ms: 3
[2026-09-28 03:38:06.345 -0300] INFO (83855): request completed
    route: "/v1/dashboard/comparisons?dimension=pool"
    method: "GET"
    status: 403
    duration_ms: 0
[2026-09-28 03:38:06.345 -0300] INFO (83855): request completed
    route: "/v1/dashboard/comparisons?dimension=pool"
    method: "GET"
    status: 403
    duration_ms: 0
[2026-09-28 03:38:06.346 -0300] INFO (83855): request completed
    route: "/v1/dashboard/comparisons?dimension=pool"
    method: "GET"
    status: 403
    duration_ms: 0
[2026-09-28 03:38:06.346 -0300] INFO (83855): request completed
    route: "/v1/dashboard/comparisons?dimension=pool"
    method: "GET"
    status: 403
    duration_ms: 0
[2026-09-28 03:38:06.347 -0300] INFO (83855): request completed
    route: "/v1/dashboard/comparisons?dimension=pool"
    method: "GET"
    status: 403
    duration_ms: 0
[2026-09-28 03:38:06.356 -0300] INFO (83855): request completed
    route: "/v1/dashboard/comparisons?dimension=pool"
    method: "GET"
    status: 200
    duration_ms: 9
[2026-09-28 03:38:06.361 -0300] INFO (83855): request completed
    route: "/v1/dashboard/comparisons?dimension=pool"
    method: "GET"
    status: 200
    duration_ms: 5
[2026-09-28 03:38:06.362 -0300] INFO (83855): request completed
    route: "/v1/dashboard/comparisons?dimension=pool"
    method: "GET"
    status: 403
    duration_ms: 0
[2026-09-28 03:38:06.367 -0300] INFO (83855): request completed
    route: "/v1/dashboard/comparisons?dimension=pool"
    method: "GET"
    status: 200
    duration_ms: 4
[2026-09-28 03:38:06.368 -0300] INFO (83855): request completed
    route: "/v1/dashboard/comparisons?dimension=pool"
    method: "GET"
    status: 403
    duration_ms: 0
[2026-09-28 03:38:06.369 -0300] INFO (83855): request completed
    route: "/v1/dashboard/comparisons?dimension=pool"
    method: "GET"
    status: 403
    duration_ms: 0
[2026-09-28 03:38:06.369 -0300] INFO (83855): request completed
    route: "/v1/dashboard/comparisons?dimension=pool"
    method: "GET"
    status: 403
    duration_ms: 0
[2026-09-28 03:38:06.372 -0300] INFO (83855): request completed
    route: "/v1/dashboard/comparisons?dimension=pool"
    method: "GET"
    status: 403
    duration_ms: 2
[2026-09-28 03:38:06.373 -0300] INFO (83855): request completed
    route: "/v1/dashboard/comparisons?dimension=pool"
    method: "GET"
    status: 403
    duration_ms: 0
[2026-09-28 03:38:06.373 -0300] INFO (83855): request completed
    route: "/v1/dashboard/comparisons?dimension=pool"
    method: "GET"
    status: 403
    duration_ms: 0
[2026-09-28 03:38:06.374 -0300] INFO (83855): request completed
    route: "/v1/dashboard/comparisons?dimension=pool"
    method: "GET"
    status: 403
    duration_ms: 0
[2026-09-28 03:38:06.375 -0300] INFO (83855): request completed
    route: "/v1/dashboard/comparisons?dimension=pool"
    method: "GET"
    status: 403
    duration_ms: 1
[2026-09-28 03:38:06.380 -0300] INFO (83855): request completed
    route: "/v1/dashboard/comparisons?dimension=pool"
    method: "GET"
    status: 200
    duration_ms: 5
[2026-09-28 03:38:06.388 -0300] INFO (83855): request completed
    route: "/v1/dashboard/comparisons?dimension=pool"
    method: "GET"
    status: 200
    duration_ms: 7
[2026-09-28 03:38:06.394 -0300] INFO (83855): request completed
    route: "/v1/dashboard/comparisons?dimension=pool"
    method: "GET"
    status: 200
    duration_ms: 5
[2026-09-28 03:38:06.399 -0300] INFO (83855): request completed
    route: "/v1/dashboard/comparisons?dimension=pool"
    method: "GET"
    status: 200
    duration_ms: 5
[2026-09-28 03:38:06.400 -0300] INFO (83855): request completed
    route: "/v1/dashboard/comparisons?dimension=pool"
    method: "GET"
    status: 403
    duration_ms: 0
[2026-09-28 03:38:06.401 -0300] INFO (83855): request completed
    route: "/v1/dashboard/comparisons?dimension=pool"
    method: "GET"
    status: 403
    duration_ms: 0
[2026-09-28 03:38:06.406 -0300] INFO (83855): request completed
    route: "/v1/dashboard/comparisons?dimension=pool"
    method: "GET"
    status: 200
    duration_ms: 5
[2026-09-28 03:38:06.407 -0300] INFO (83855): request completed
    route: "/v1/dashboard/comparisons?dimension=pool"
    method: "GET"
    status: 403
    duration_ms: 0
[2026-09-28 03:38:06.408 -0300] INFO (83855): request completed
    route: "/v1/dashboard/comparisons?dimension=pool"
    method: "GET"
    status: 403
    duration_ms: 0
[2026-09-28 03:38:06.408 -0300] INFO (83855): request completed
    route: "/v1/dashboard/comparisons?dimension=pool"
    method: "GET"
    status: 403
    duration_ms: 0
[2026-09-28 03:38:06.409 -0300] INFO (83855): request completed
    route: "/v1/dashboard/comparisons?dimension=pool"
    method: "GET"
    status: 403
    duration_ms: 0
[2026-09-28 03:38:06.415 -0300] INFO (83855): request completed
    route: "/v1/dashboard/comparisons?dimension=pool"
    method: "GET"
    status: 200
    duration_ms: 6
[2026-09-28 03:38:06.420 -0300] INFO (83855): request completed
    route: "/v1/dashboard/comparisons?dimension=pool"
    method: "GET"
    status: 200
    duration_ms: 5
[2026-09-28 03:38:06.421 -0300] INFO (83855): request completed
    route: "/v1/dashboard/comparisons?dimension=pool"
    method: "GET"
    status: 403
    duration_ms: 0
[2026-09-28 03:38:06.422 -0300] INFO (83855): request completed
    route: "/v1/dashboard/comparisons?dimension=pool"
    method: "GET"
    status: 403
    duration_ms: 0
[2026-09-28 03:38:06.422 -0300] INFO (83855): request completed
    route: "/v1/dashboard/comparisons?dimension=pool"
    method: "GET"
    status: 403
    duration_ms: 0
[2026-09-28 03:38:06.423 -0300] INFO (83855): request completed
    route: "/v1/dashboard/comparisons?dimension=pool"
    method: "GET"
    status: 403
    duration_ms: 0
[2026-09-28 03:38:06.424 -0300] INFO (83855): request completed
    route: "/v1/dashboard/comparisons?dimension=pool"
    method: "GET"
    status: 403
    duration_ms: 0
[2026-09-28 03:38:06.431 -0300] INFO (83855): request completed
    route: "/v1/dashboard/transparency/checklist"
    method: "GET"
    status: 200
    duration_ms: 7
[2026-09-28 03:38:06.432 -0300] INFO (83855): request completed
    route: "/v1/dashboard/transparency/checklist"
    method: "GET"
    status: 403
    duration_ms: 0
[2026-09-28 03:38:06.433 -0300] INFO (83855): request completed
    route: "/v1/dashboard/transparency/checklist"
    method: "GET"
    status: 403
    duration_ms: 0
[2026-09-28 03:38:06.434 -0300] INFO (83855): request completed
    route: "/v1/dashboard/transparency/checklist"
    method: "GET"
    status: 403
    duration_ms: 0
[2026-09-28 03:38:06.434 -0300] INFO (83855): request completed
    route: "/v1/dashboard/transparency/checklist"
    method: "GET"
    status: 403
    duration_ms: 0
[2026-09-28 03:38:06.435 -0300] INFO (83855): request completed
    route: "/v1/dashboard/transparency/checklist"
    method: "GET"
    status: 403
    duration_ms: 0
[2026-09-28 03:38:06.440 -0300] INFO (83855): request completed
    route: "/v1/dashboard/transparency/checklist"
    method: "GET"
    status: 200
    duration_ms: 5
[2026-09-28 03:38:06.441 -0300] INFO (83855): request completed
    route: "/v1/dashboard/transparency/checklist"
    method: "GET"
    status: 403
    duration_ms: 0
[2026-09-28 03:38:06.442 -0300] INFO (83855): request completed
    route: "/v1/dashboard/transparency/checklist"
    method: "GET"
    status: 403
    duration_ms: 1
[2026-09-28 03:38:06.446 -0300] INFO (83855): request completed
    route: "/v1/dashboard/transparency/checklist"
    method: "GET"
    status: 200
    duration_ms: 4
[2026-09-28 03:38:06.447 -0300] INFO (83855): request completed
    route: "/v1/dashboard/transparency/checklist"
    method: "GET"
    status: 403
    duration_ms: 0
[2026-09-28 03:38:06.447 -0300] INFO (83855): request completed
    route: "/v1/dashboard/transparency/checklist"
    method: "GET"
    status: 403
    duration_ms: 0
[2026-09-28 03:38:06.448 -0300] INFO (83855): request completed
    route: "/v1/dashboard/transparency/checklist"
    method: "GET"
    status: 403
    duration_ms: 0
[2026-09-28 03:38:06.453 -0300] INFO (83855): request completed
    route: "/v1/dashboard/transparency/checklist"
    method: "GET"
    status: 200
    duration_ms: 5
[2026-09-28 03:38:06.453 -0300] INFO (83855): request completed
    route: "/v1/dashboard/transparency/checklist"
    method: "GET"
    status: 403
    duration_ms: 0
[2026-09-28 03:38:06.454 -0300] INFO (83855): request completed
    route: "/v1/dashboard/transparency/checklist"
    method: "GET"
    status: 403
    duration_ms: 0
[2026-09-28 03:38:06.455 -0300] INFO (83855): request completed
    route: "/v1/dashboard/transparency/checklist"
    method: "GET"
    status: 403
    duration_ms: 1
[2026-09-28 03:38:06.455 -0300] INFO (83855): request completed
    route: "/v1/dashboard/transparency/checklist"
    method: "GET"
    status: 403
    duration_ms: 0
[2026-09-28 03:38:06.456 -0300] INFO (83855): request completed
    route: "/v1/dashboard/transparency/checklist"
    method: "GET"
    status: 403
    duration_ms: 0
[2026-09-28 03:38:06.462 -0300] INFO (83855): request completed
    route: "/v1/dashboard/transparency/checklist"
    method: "GET"
    status: 200
    duration_ms: 6
[2026-09-28 03:38:06.467 -0300] INFO (83855): request completed
    route: "/v1/dashboard/transparency/checklist"
    method: "GET"
    status: 200
    duration_ms: 5
[2026-09-28 03:38:06.468 -0300] INFO (83855): request completed
    route: "/v1/dashboard/transparency/checklist"
    method: "GET"
    status: 403
    duration_ms: 0
[2026-09-28 03:38:06.469 -0300] INFO (83855): request completed
    route: "/v1/dashboard/transparency/checklist"
    method: "GET"
    status: 403
    duration_ms: 0
[2026-09-28 03:38:06.469 -0300] INFO (83855): request completed
    route: "/v1/dashboard/transparency/checklist"
    method: "GET"
    status: 403
    duration_ms: 0
[2026-09-28 03:38:06.470 -0300] INFO (83855): request completed
    route: "/v1/dashboard/transparency/checklist"
    method: "GET"
    status: 403
    duration_ms: 0
[2026-09-28 03:38:06.470 -0300] INFO (83855): request completed
    route: "/v1/dashboard/transparency/checklist"
    method: "GET"
    status: 403
    duration_ms: 0
[2026-09-28 03:38:06.471 -0300] INFO (83855): request completed
    route: "/v1/dashboard/transparency/checklist"
    method: "GET"
    status: 403
    duration_ms: 0
[2026-09-28 03:38:06.471 -0300] INFO (83855): request completed
    route: "/v1/dashboard/transparency/checklist"
    method: "GET"
    status: 403
    duration_ms: 0
[2026-09-28 03:38:06.472 -0300] INFO (83855): request completed
    route: "/v1/dashboard/transparency/checklist"
    method: "GET"
    status: 403
    duration_ms: 1
[2026-09-28 03:38:06.472 -0300] INFO (83855): request completed
    route: "/v1/dashboard/transparency/checklist"
    method: "GET"
    status: 403
    duration_ms: 0
[2026-09-28 03:38:06.473 -0300] INFO (83855): request completed
    route: "/v1/dashboard/transparency/checklist"
    method: "GET"
    status: 403
    duration_ms: 1
[2026-09-28 03:38:06.473 -0300] INFO (83855): request completed
    route: "/v1/dashboard/transparency/checklist"
    method: "GET"
    status: 403
    duration_ms: 0
[2026-09-28 03:38:06.474 -0300] INFO (83855): request completed
    route: "/v1/dashboard/transparency/checklist"
    method: "GET"
    status: 403
    duration_ms: 1
[2026-09-28 03:38:06.474 -0300] INFO (83855): request completed
    route: "/v1/dashboard/transparency/checklist"
    method: "GET"
    status: 403
    duration_ms: 0
[2026-09-28 03:38:06.475 -0300] INFO (83855): request completed
    route: "/v1/dashboard/transparency/checklist"
    method: "GET"
    status: 403
    duration_ms: 1
[2026-09-28 03:38:06.475 -0300] INFO (83855): request completed
    route: "/v1/dashboard/transparency/checklist"
    method: "GET"
    status: 403
    duration_ms: 0
[2026-09-28 03:38:06.490 -0300] INFO (83855): request completed
    route: "/v1/dashboard/transparency/audits"
    method: "POST"
    status: 400
    duration_ms: 15
[2026-09-28 03:38:06.491 -0300] INFO (83855): request completed
    route: "/v1/dashboard/transparency/audits"
    method: "POST"
    status: 403
    duration_ms: 1
[2026-09-28 03:38:06.491 -0300] INFO (83855): request completed
    route: "/v1/dashboard/transparency/audits"
    method: "POST"
    status: 403
    duration_ms: 0
[2026-09-28 03:38:06.492 -0300] INFO (83855): request completed
    route: "/v1/dashboard/transparency/audits"
    method: "POST"
    status: 403
    duration_ms: 0
[2026-09-28 03:38:06.492 -0300] INFO (83855): request completed
    route: "/v1/dashboard/transparency/audits"
    method: "POST"
    status: 403
    duration_ms: 0
[2026-09-28 03:38:06.493 -0300] INFO (83855): request completed
    route: "/v1/dashboard/transparency/audits"
    method: "POST"
    status: 403
    duration_ms: 0
[2026-09-28 03:38:06.493 -0300] INFO (83855): request completed
    route: "/v1/dashboard/transparency/audits"
    method: "POST"
    status: 403
    duration_ms: 0
[2026-09-28 03:38:06.494 -0300] INFO (83855): request completed
    route: "/v1/dashboard/transparency/audits"
    method: "POST"
    status: 403
    duration_ms: 0
[2026-09-28 03:38:06.494 -0300] INFO (83855): request completed
    route: "/v1/dashboard/transparency/audits"
    method: "POST"
    status: 403
    duration_ms: 0
[2026-09-28 03:38:06.508 -0300] INFO (83855): request completed
    route: "/v1/dashboard/transparency/audits"
    method: "POST"
    status: 400
    duration_ms: 14
[2026-09-28 03:38:06.509 -0300] INFO (83855): request completed
    route: "/v1/dashboard/transparency/audits"
    method: "POST"
    status: 403
    duration_ms: 0
[2026-09-28 03:38:06.510 -0300] INFO (83855): request completed
    route: "/v1/dashboard/transparency/audits"
    method: "POST"
    status: 403
    duration_ms: 0
[2026-09-28 03:38:06.510 -0300] INFO (83855): request completed
    route: "/v1/dashboard/transparency/audits"
    method: "POST"
    status: 403
    duration_ms: 0
[2026-09-28 03:38:06.524 -0300] INFO (83855): request completed
    route: "/v1/dashboard/transparency/audits"
    method: "POST"
    status: 400
    duration_ms: 13
[2026-09-28 03:38:06.525 -0300] INFO (83855): request completed
    route: "/v1/dashboard/transparency/audits"
    method: "POST"
    status: 403
    duration_ms: 0
[2026-09-28 03:38:06.525 -0300] INFO (83855): request completed
    route: "/v1/dashboard/transparency/audits"
    method: "POST"
    status: 403
    duration_ms: 0
[2026-09-28 03:38:06.526 -0300] INFO (83855): request completed
    route: "/v1/dashboard/transparency/audits"
    method: "POST"
    status: 403
    duration_ms: 0
[2026-09-28 03:38:06.526 -0300] INFO (83855): request completed
    route: "/v1/dashboard/transparency/audits"
    method: "POST"
    status: 403
    duration_ms: 0
[2026-09-28 03:38:06.527 -0300] INFO (83855): request completed
    route: "/v1/dashboard/transparency/audits"
    method: "POST"
    status: 403
    duration_ms: 0
[2026-09-28 03:38:06.540 -0300] INFO (83855): request completed
    route: "/v1/dashboard/transparency/audits"
    method: "POST"
    status: 400
    duration_ms: 13
[2026-09-28 03:38:06.554 -0300] INFO (83855): request completed
    route: "/v1/dashboard/transparency/audits"
    method: "POST"
    status: 400
    duration_ms: 13
[2026-09-28 03:38:06.554 -0300] INFO (83855): request completed
    route: "/v1/dashboard/transparency/audits"
    method: "POST"
    status: 403
    duration_ms: 0
[2026-09-28 03:38:06.555 -0300] INFO (83855): request completed
    route: "/v1/dashboard/transparency/audits"
    method: "POST"
    status: 403
    duration_ms: 0
[2026-09-28 03:38:06.555 -0300] INFO (83855): request completed
    route: "/v1/dashboard/transparency/audits"
    method: "POST"
    status: 403
    duration_ms: 0
[2026-09-28 03:38:06.556 -0300] INFO (83855): request completed
    route: "/v1/dashboard/transparency/audits"
    method: "POST"
    status: 403
    duration_ms: 0
[2026-09-28 03:38:06.556 -0300] INFO (83855): request completed
    route: "/v1/dashboard/transparency/audits"
    method: "POST"
    status: 403
    duration_ms: 0
[2026-09-28 03:38:06.557 -0300] INFO (83855): request completed
    route: "/v1/dashboard/transparency/audits"
    method: "POST"
    status: 403
    duration_ms: 0
[2026-09-28 03:38:06.557 -0300] INFO (83855): request completed
    route: "/v1/dashboard/transparency/audits"
    method: "POST"
    status: 403
    duration_ms: 0
[2026-09-28 03:38:06.558 -0300] INFO (83855): request completed
    route: "/v1/dashboard/transparency/audits"
    method: "POST"
    status: 403
    duration_ms: 1
[2026-09-28 03:38:06.558 -0300] INFO (83855): request completed
    route: "/v1/dashboard/transparency/audits"
    method: "POST"
    status: 403
    duration_ms: 0
[2026-09-28 03:38:06.559 -0300] INFO (83855): request completed
    route: "/v1/dashboard/transparency/audits"
    method: "POST"
    status: 403
    duration_ms: 1
[2026-09-28 03:38:06.559 -0300] INFO (83855): request completed
    route: "/v1/dashboard/transparency/audits"
    method: "POST"
    status: 403
    duration_ms: 0
[2026-09-28 03:38:06.559 -0300] INFO (83855): request completed
    route: "/v1/dashboard/transparency/audits"
    method: "POST"
    status: 403
    duration_ms: 0
[2026-09-28 03:38:06.560 -0300] INFO (83855): request completed
    route: "/v1/dashboard/transparency/audits"
    method: "POST"
    status: 403
    duration_ms: 0
[2026-09-28 03:38:06.560 -0300] INFO (83855): request completed
    route: "/v1/dashboard/transparency/audits"
    method: "POST"
    status: 403
    duration_ms: 0
[2026-09-28 03:38:06.561 -0300] INFO (83855): request completed
    route: "/v1/dashboard/transparency/audits"
    method: "POST"
    status: 403
    duration_ms: 0
[2026-09-28 03:38:06.565 -0300] INFO (83855): request completed
    route: "/v1/dashboard/datasets"
    method: "GET"
    status: 200
    duration_ms: 4
[2026-09-28 03:38:06.574 -0300] INFO (83855): request completed
    route: "/v1/dashboard/open-data/alerts-by-severity-month"
    method: "GET"
    status: 200
    duration_ms: 9
[2026-09-28 03:38:06.578 -0300] INFO (83855): request completed
    route: "/v1/dashboard/datasets"
    method: "GET"
    status: 200
    duration_ms: 4
[2026-09-28 03:38:06.584 -0300] INFO (83855): request completed
    route: "/v1/dashboard/open-data/alerts-by-severity-month"
    method: "GET"
    status: 200
    duration_ms: 6
[2026-09-28 03:38:06.589 -0300] INFO (83855): request completed
    route: "/v1/dashboard/datasets"
    method: "GET"
    status: 200
    duration_ms: 4
[2026-09-28 03:38:06.595 -0300] INFO (83855): request completed
    route: "/v1/dashboard/open-data/alerts-by-severity-month"
    method: "GET"
    status: 200
    duration_ms: 6
[2026-09-28 03:38:06.599 -0300] INFO (83855): request completed
    route: "/v1/dashboard/datasets"
    method: "GET"
    status: 200
    duration_ms: 3
[2026-09-28 03:38:06.605 -0300] INFO (83855): request completed
    route: "/v1/dashboard/open-data/alerts-by-severity-month"
    method: "GET"
    status: 200
    duration_ms: 5
[2026-09-28 03:38:06.609 -0300] INFO (83855): request completed
    route: "/v1/dashboard/datasets"
    method: "GET"
    status: 200
    duration_ms: 3
[2026-09-28 03:38:06.615 -0300] INFO (83855): request completed
    route: "/v1/dashboard/open-data/alerts-by-severity-month"
    method: "GET"
    status: 200
    duration_ms: 5
[2026-09-28 03:38:06.620 -0300] INFO (83855): request completed
    route: "/v1/dashboard/datasets"
    method: "GET"
    status: 200
    duration_ms: 4
[2026-09-28 03:38:06.626 -0300] INFO (83855): request completed
    route: "/v1/dashboard/open-data/alerts-by-severity-month"
    method: "GET"
    status: 200
    duration_ms: 6
[2026-09-28 03:38:06.630 -0300] INFO (83855): request completed
    route: "/v1/dashboard/datasets"
    method: "GET"
    status: 200
    duration_ms: 4
[2026-09-28 03:38:06.636 -0300] INFO (83855): request completed
    route: "/v1/dashboard/open-data/alerts-by-severity-month"
    method: "GET"
    status: 200
    duration_ms: 6
[2026-09-28 03:38:06.640 -0300] INFO (83855): request completed
    route: "/v1/dashboard/datasets"
    method: "GET"
    status: 200
    duration_ms: 3
[2026-09-28 03:38:06.646 -0300] INFO (83855): request completed
    route: "/v1/dashboard/open-data/alerts-by-severity-month"
    method: "GET"
    status: 200
    duration_ms: 6
[2026-09-28 03:38:06.650 -0300] INFO (83855): request completed
    route: "/v1/dashboard/datasets"
    method: "GET"
    status: 200
    duration_ms: 4
[2026-09-28 03:38:06.656 -0300] INFO (83855): request completed
    route: "/v1/dashboard/open-data/alerts-by-severity-month"
    method: "GET"
    status: 200
    duration_ms: 6
[2026-09-28 03:38:06.660 -0300] INFO (83855): request completed
    route: "/v1/dashboard/datasets"
    method: "GET"
    status: 200
    duration_ms: 3
[2026-09-28 03:38:06.666 -0300] INFO (83855): request completed
    route: "/v1/dashboard/open-data/alerts-by-severity-month"
    method: "GET"
    status: 200
    duration_ms: 5
[2026-09-28 03:38:06.670 -0300] INFO (83855): request completed
    route: "/v1/dashboard/datasets"
    method: "GET"
    status: 200
    duration_ms: 3
[2026-09-28 03:38:06.676 -0300] INFO (83855): request completed
    route: "/v1/dashboard/open-data/alerts-by-severity-month"
    method: "GET"
    status: 200
    duration_ms: 6
[2026-09-28 03:38:06.680 -0300] INFO (83855): request completed
    route: "/v1/dashboard/datasets"
    method: "GET"
    status: 200
    duration_ms: 4
[2026-09-28 03:38:06.685 -0300] INFO (83855): request completed
    route: "/v1/dashboard/open-data/alerts-by-severity-month"
    method: "GET"
    status: 200
    duration_ms: 5
[2026-09-28 03:38:06.689 -0300] INFO (83855): request completed
    route: "/v1/dashboard/datasets"
    method: "GET"
    status: 200
    duration_ms: 3
[2026-09-28 03:38:06.695 -0300] INFO (83855): request completed
    route: "/v1/dashboard/open-data/alerts-by-severity-month"
    method: "GET"
    status: 200
    duration_ms: 5
[2026-09-28 03:38:06.699 -0300] INFO (83855): request completed
    route: "/v1/dashboard/datasets"
    method: "GET"
    status: 200
    duration_ms: 4
[2026-09-28 03:38:06.704 -0300] INFO (83855): request completed
    route: "/v1/dashboard/open-data/alerts-by-severity-month"
    method: "GET"
    status: 200
    duration_ms: 5
[2026-09-28 03:38:06.705 -0300] INFO (83855): request completed
    route: "/v1/dashboard/datasets"
    method: "GET"
    status: 403
    duration_ms: 0
[2026-09-28 03:38:06.706 -0300] INFO (83855): request completed
    route: "/v1/dashboard/open-data/alerts-by-severity-month"
    method: "GET"
    status: 403
    duration_ms: 0
[2026-09-28 03:38:06.710 -0300] INFO (83855): request completed
    route: "/v1/dashboard/datasets"
    method: "GET"
    status: 200
    duration_ms: 4
[2026-09-28 03:38:06.715 -0300] INFO (83855): request completed
    route: "/v1/dashboard/open-data/alerts-by-severity-month"
    method: "GET"
    status: 200
    duration_ms: 5
[2026-09-28 03:38:06.719 -0300] INFO (83855): request completed
    route: "/v1/dashboard/datasets"
    method: "GET"
    status: 200
    duration_ms: 3
[2026-09-28 03:38:06.725 -0300] INFO (83855): request completed
    route: "/v1/dashboard/open-data/alerts-by-severity-month"
    method: "GET"
    status: 200
    duration_ms: 5
[2026-09-28 03:38:06.729 -0300] INFO (83855): request completed
    route: "/v1/dashboard/datasets"
    method: "GET"
    status: 200
    duration_ms: 4
[2026-09-28 03:38:06.734 -0300] INFO (83855): request completed
    route: "/v1/dashboard/open-data/alerts-by-severity-month"
    method: "GET"
    status: 200
    duration_ms: 5
[2026-09-28 03:38:06.738 -0300] INFO (83855): request completed
    route: "/v1/dashboard/datasets"
    method: "GET"
    status: 200
    duration_ms: 3
[2026-09-28 03:38:06.744 -0300] INFO (83855): request completed
    route: "/v1/dashboard/open-data/alerts-by-severity-month"
    method: "GET"
    status: 200
    duration_ms: 5
[2026-09-28 03:38:06.748 -0300] INFO (83855): request completed
    route: "/v1/dashboard/datasets"
    method: "GET"
    status: 200
    duration_ms: 3
[2026-09-28 03:38:06.754 -0300] INFO (83855): request completed
    route: "/v1/dashboard/open-data/alerts-by-severity-month"
    method: "GET"
    status: 200
    duration_ms: 5
[2026-09-28 03:38:06.758 -0300] INFO (83855): request completed
    route: "/v1/dashboard/datasets"
    method: "GET"
    status: 200
    duration_ms: 3
[2026-09-28 03:38:06.764 -0300] INFO (83855): request completed
    route: "/v1/dashboard/open-data/alerts-by-severity-month"
    method: "GET"
    status: 200
    duration_ms: 5
[2026-09-28 03:38:06.768 -0300] INFO (83855): request completed
    route: "/v1/dashboard/datasets"
    method: "GET"
    status: 200
    duration_ms: 4
[2026-09-28 03:38:06.774 -0300] INFO (83855): request completed
    route: "/v1/dashboard/open-data/alerts-by-severity-month"
    method: "GET"
    status: 200
    duration_ms: 5
[2026-09-28 03:38:06.778 -0300] INFO (83855): request completed
    route: "/v1/dashboard/datasets"
    method: "GET"
    status: 200
    duration_ms: 3
[2026-09-28 03:38:06.784 -0300] INFO (83855): request completed
    route: "/v1/dashboard/open-data/alerts-by-severity-month"
    method: "GET"
    status: 200
    duration_ms: 6
[2026-09-28 03:38:06.788 -0300] INFO (83855): request completed
    route: "/v1/dashboard/datasets"
    method: "GET"
    status: 200
    duration_ms: 4
[2026-09-28 03:38:06.796 -0300] INFO (83855): request completed
    route: "/v1/dashboard/open-data/alerts-by-severity-month"
    method: "GET"
    status: 200
    duration_ms: 8
[2026-09-28 03:38:06.801 -0300] INFO (83855): request completed
    route: "/v1/dashboard/datasets"
    method: "GET"
    status: 200
    duration_ms: 4
[2026-09-28 03:38:06.807 -0300] INFO (83855): request completed
    route: "/v1/dashboard/open-data/alerts-by-severity-month"
    method: "GET"
    status: 200
    duration_ms: 6
[2026-09-28 03:38:06.811 -0300] INFO (83855): request completed
    route: "/v1/dashboard/datasets"
    method: "GET"
    status: 200
    duration_ms: 3
[2026-09-28 03:38:06.818 -0300] INFO (83855): request completed
    route: "/v1/dashboard/open-data/alerts-by-severity-month"
    method: "GET"
    status: 200
    duration_ms: 6
[2026-09-28 03:38:06.822 -0300] INFO (83855): request completed
    route: "/v1/dashboard/datasets"
    method: "GET"
    status: 200
    duration_ms: 3
[2026-09-28 03:38:06.828 -0300] INFO (83855): request completed
    route: "/v1/dashboard/open-data/alerts-by-severity-month"
    method: "GET"
    status: 200
    duration_ms: 5
[2026-09-28 03:38:06.833 -0300] INFO (83855): request completed
    route: "/v1/dashboard/datasets"
    method: "GET"
    status: 200
    duration_ms: 4
[2026-09-28 03:38:06.839 -0300] INFO (83855): request completed
    route: "/v1/dashboard/open-data/alerts-by-severity-month"
    method: "GET"
    status: 200
    duration_ms: 6
[2026-09-28 03:38:06.843 -0300] INFO (83855): request completed
    route: "/v1/dashboard/datasets"
    method: "GET"
    status: 200
    duration_ms: 4
[2026-09-28 03:38:06.849 -0300] INFO (83855): request completed
    route: "/v1/dashboard/open-data/alerts-by-severity-month"
    method: "GET"
    status: 200
    duration_ms: 6
[2026-09-28 03:38:06.853 -0300] INFO (83855): request completed
    route: "/v1/dashboard/datasets"
    method: "GET"
    status: 200
    duration_ms: 3
[2026-09-28 03:38:06.859 -0300] INFO (83855): request completed
    route: "/v1/dashboard/open-data/alerts-by-severity-month"
    method: "GET"
    status: 200
    duration_ms: 5
[2026-09-28 03:38:06.863 -0300] INFO (83855): request completed
    route: "/v1/dashboard/datasets"
    method: "GET"
    status: 200
    duration_ms: 3
[2026-09-28 03:38:06.869 -0300] INFO (83855): request completed
    route: "/v1/dashboard/open-data/alerts-by-severity-month"
    method: "GET"
    status: 200
    duration_ms: 5
[2026-09-28 03:38:06.873 -0300] INFO (83855): request completed
    route: "/v1/dashboard/datasets"
    method: "GET"
    status: 200
    duration_ms: 3
[2026-09-28 03:38:06.879 -0300] INFO (83855): request completed
    route: "/v1/dashboard/open-data/alerts-by-severity-month"
    method: "GET"
    status: 200
    duration_ms: 5
[2026-09-28 03:38:06.883 -0300] INFO (83855): request completed
    route: "/v1/dashboard/datasets"
    method: "GET"
    status: 200
    duration_ms: 4
[2026-09-28 03:38:06.889 -0300] INFO (83855): request completed
    route: "/v1/dashboard/open-data/alerts-by-severity-month"
    method: "GET"
    status: 200
    duration_ms: 6
[2026-09-28 03:38:06.893 -0300] INFO (83855): request completed
    route: "/v1/dashboard/datasets"
    method: "GET"
    status: 200
    duration_ms: 4
[2026-09-28 03:38:06.899 -0300] INFO (83855): request completed
    route: "/v1/dashboard/open-data/alerts-by-severity-month"
    method: "GET"
    status: 200
    duration_ms: 6
[2026-09-28 03:38:06.902 -0300] INFO (83855): request completed
    route: "/v1/dashboard/datasets"
    method: "GET"
    status: 200
    duration_ms: 3
[2026-09-28 03:38:06.909 -0300] INFO (83855): request completed
    route: "/v1/dashboard/open-data/alerts-by-severity-month"
    method: "GET"
    status: 200
    duration_ms: 6
[2026-09-28 03:38:06.909 -0300] INFO (83855): request completed
    route: "/v1/dashboard/datasets"
    method: "GET"
    status: 403
    duration_ms: 0
[2026-09-28 03:38:06.910 -0300] INFO (83855): request completed
    route: "/v1/dashboard/open-data/alerts-by-severity-month"
    method: "GET"
    status: 403
    duration_ms: 0
(node:83855) DeprecationWarning: Calling client.query() when the client is already executing a query is deprecated and will be removed in pg@9.0. Use async/await or an external async flow control mechanism instead.
(Use `node --trace-deprecation ...` to show where the warning was created)
[2026-09-28 03:38:06.922 -0300] INFO (83855): request completed
    route: "/v1/dashboard/kpis"
    method: "GET"
    status: 200
    duration_ms: 12
[2026-09-28 03:38:06.923 -0300] INFO (83855): request completed
    route: "/v1/dashboard/kpis"
    method: "GET"
    status: 403
    duration_ms: 1
[2026-09-28 03:38:06.923 -0300] INFO (83855): request completed
    route: "/v1/dashboard/kpis"
    method: "GET"
    status: 403
    duration_ms: 0
[2026-09-28 03:38:06.924 -0300] INFO (83855): request completed
    route: "/v1/dashboard/kpis"
    method: "GET"
    status: 403
    duration_ms: 0
[2026-09-28 03:38:06.924 -0300] INFO (83855): request completed
    route: "/v1/dashboard/kpis"
    method: "GET"
    status: 403
    duration_ms: 0
[2026-09-28 03:38:06.925 -0300] INFO (83855): request completed
    route: "/v1/dashboard/kpis"
    method: "GET"
    status: 403
    duration_ms: 0
[2026-09-28 03:38:06.934 -0300] INFO (83855): request completed
    route: "/v1/dashboard/kpis"
    method: "GET"
    status: 200
    duration_ms: 9
[2026-09-28 03:38:06.935 -0300] INFO (83855): request completed
    route: "/v1/dashboard/kpis"
    method: "GET"
    status: 403
    duration_ms: 1
[2026-09-28 03:38:06.935 -0300] INFO (83855): request completed
    route: "/v1/dashboard/kpis"
    method: "GET"
    status: 403
    duration_ms: 0
[2026-09-28 03:38:06.944 -0300] INFO (83855): request completed
    route: "/v1/dashboard/kpis"
    method: "GET"
    status: 200
    duration_ms: 8
[2026-09-28 03:38:06.945 -0300] INFO (83855): request completed
    route: "/v1/dashboard/kpis"
    method: "GET"
    status: 403
    duration_ms: 0
[2026-09-28 03:38:06.946 -0300] INFO (83855): request completed
    route: "/v1/dashboard/kpis"
    method: "GET"
    status: 403
    duration_ms: 1
[2026-09-28 03:38:06.946 -0300] INFO (83855): request completed
    route: "/v1/dashboard/kpis"
    method: "GET"
    status: 403
    duration_ms: 0
[2026-09-28 03:38:06.954 -0300] INFO (83855): request completed
    route: "/v1/dashboard/kpis"
    method: "GET"
    status: 200
    duration_ms: 8
[2026-09-28 03:38:06.955 -0300] INFO (83855): request completed
    route: "/v1/dashboard/kpis"
    method: "GET"
    status: 403
    duration_ms: 0
[2026-09-28 03:38:06.956 -0300] INFO (83855): request completed
    route: "/v1/dashboard/kpis"
    method: "GET"
    status: 403
    duration_ms: 0
[2026-09-28 03:38:06.956 -0300] INFO (83855): request completed
    route: "/v1/dashboard/kpis"
    method: "GET"
    status: 403
    duration_ms: 0
[2026-09-28 03:38:06.957 -0300] INFO (83855): request completed
    route: "/v1/dashboard/kpis"
    method: "GET"
    status: 403
    duration_ms: 0
[2026-09-28 03:38:06.958 -0300] INFO (83855): request completed
    route: "/v1/dashboard/kpis"
    method: "GET"
    status: 403
    duration_ms: 1
[2026-09-28 03:38:06.966 -0300] INFO (83855): request completed
    route: "/v1/dashboard/kpis"
    method: "GET"
    status: 200
    duration_ms: 8
[2026-09-28 03:38:06.975 -0300] INFO (83855): request completed
    route: "/v1/dashboard/kpis"
    method: "GET"
    status: 200
    duration_ms: 8
[2026-09-28 03:38:06.976 -0300] INFO (83855): request completed
    route: "/v1/dashboard/kpis"
    method: "GET"
    status: 403
    duration_ms: 0
[2026-09-28 03:38:06.977 -0300] INFO (83855): request completed
    route: "/v1/dashboard/kpis"
    method: "GET"
    status: 403
    duration_ms: 1
[2026-09-28 03:38:06.977 -0300] INFO (83855): request completed
    route: "/v1/dashboard/kpis"
    method: "GET"
    status: 403
    duration_ms: 0
[2026-09-28 03:38:06.978 -0300] INFO (83855): request completed
    route: "/v1/dashboard/kpis"
    method: "GET"
    status: 403
    duration_ms: 0
[2026-09-28 03:38:06.978 -0300] INFO (83855): request completed
    route: "/v1/dashboard/kpis"
    method: "GET"
    status: 403
    duration_ms: 0
[2026-09-28 03:38:06.979 -0300] INFO (83855): request completed
    route: "/v1/dashboard/kpis"
    method: "GET"
    status: 403
    duration_ms: 0
[2026-09-28 03:38:06.979 -0300] INFO (83855): request completed
    route: "/v1/dashboard/kpis"
    method: "GET"
    status: 403
    duration_ms: 0
[2026-09-28 03:38:06.980 -0300] INFO (83855): request completed
    route: "/v1/dashboard/kpis"
    method: "GET"
    status: 403
    duration_ms: 0
[2026-09-28 03:38:06.980 -0300] INFO (83855): request completed
    route: "/v1/dashboard/kpis"
    method: "GET"
    status: 403
    duration_ms: 0
[2026-09-28 03:38:06.981 -0300] INFO (83855): request completed
    route: "/v1/dashboard/kpis"
    method: "GET"
    status: 403
    duration_ms: 0
[2026-09-28 03:38:06.981 -0300] INFO (83855): request completed
    route: "/v1/dashboard/kpis"
    method: "GET"
    status: 403
    duration_ms: 0
[2026-09-28 03:38:06.982 -0300] INFO (83855): request completed
    route: "/v1/dashboard/kpis"
    method: "GET"
    status: 403
    duration_ms: 0
[2026-09-28 03:38:06.991 -0300] INFO (83855): request completed
    route: "/v1/dashboard/kpis"
    method: "GET"
    status: 200
    duration_ms: 9
[2026-09-28 03:38:06.992 -0300] INFO (83855): request completed
    route: "/v1/dashboard/kpis"
    method: "GET"
    status: 403
    duration_ms: 0
[2026-09-28 03:38:06.992 -0300] INFO (83855): request completed
    route: "/v1/dashboard/kpis"
    method: "GET"
    status: 403
    duration_ms: 0
[2026-09-28 03:38:08.891 -0300] INFO (84090): request completed
    route: "/v1/inf/rait/cases"
    method: "POST"
    status: 200
    duration_ms: 205
[2026-09-28 03:38:08.919 -0300] INFO (84090): request completed
    route: "/v1/inf/rait/cases"
    method: "POST"
    status: 403
    duration_ms: 5
[2026-09-28 03:38:08.942 -0300] INFO (84090): request completed
    route: "/v1/inf/rait/cases"
    method: "POST"
    status: 403
    duration_ms: 0
[2026-09-28 03:38:08.961 -0300] INFO (84090): request completed
    route: "/v1/inf/rait/cases"
    method: "POST"
    status: 403
    duration_ms: 1
[2026-09-28 03:38:08.983 -0300] INFO (84090): request completed
    route: "/v1/inf/rait/cases"
    method: "POST"
    status: 403
    duration_ms: 1
[2026-09-28 03:38:09.007 -0300] INFO (84090): request completed
    route: "/v1/inf/rait/cases"
    method: "POST"
    status: 403
    duration_ms: 2
[2026-09-28 03:38:09.028 -0300] INFO (84090): request completed
    route: "/v1/inf/rait/cases"
    method: "POST"
    status: 403
    duration_ms: 1
[2026-09-28 03:38:09.050 -0300] INFO (84090): request completed
    route: "/v1/inf/rait/cases"
    method: "POST"
    status: 403
    duration_ms: 1
[2026-09-28 03:38:09.071 -0300] INFO (84090): request completed
    route: "/v1/inf/rait/cases"
    method: "POST"
    status: 403
    duration_ms: 1
[2026-09-28 03:38:09.091 -0300] INFO (84090): request completed
    route: "/v1/inf/rait/cases"
    method: "POST"
    status: 403
    duration_ms: 1
[2026-09-28 03:38:09.111 -0300] INFO (84090): request completed
    route: "/v1/inf/rait/cases"
    method: "POST"
    status: 403
    duration_ms: 1
[2026-09-28 03:38:09.134 -0300] INFO (84090): request completed
    route: "/v1/inf/rait/cases"
    method: "POST"
    status: 403
    duration_ms: 1
[2026-09-28 03:38:09.154 -0300] INFO (84090): request completed
    route: "/v1/inf/rait/cases"
    method: "POST"
    status: 403
    duration_ms: 1
[2026-09-28 03:38:09.175 -0300] INFO (84090): request completed
    route: "/v1/inf/rait/cases"
    method: "POST"
    status: 403
    duration_ms: 1
[2026-09-28 03:38:09.195 -0300] INFO (84090): request completed
    route: "/v1/inf/rait/cases"
    method: "POST"
    status: 403
    duration_ms: 1
[2026-09-28 03:38:09.214 -0300] INFO (84090): request completed
    route: "/v1/inf/rait/cases"
    method: "POST"
    status: 403
    duration_ms: 1
[2026-09-28 03:38:09.234 -0300] INFO (84090): request completed
    route: "/v1/inf/rait/cases"
    method: "POST"
    status: 403
    duration_ms: 2
[2026-09-28 03:38:09.253 -0300] INFO (84090): request completed
    route: "/v1/inf/rait/cases"
    method: "POST"
    status: 403
    duration_ms: 2
[2026-09-28 03:38:09.275 -0300] INFO (84090): request completed
    route: "/v1/inf/rait/cases"
    method: "POST"
    status: 403
    duration_ms: 2
[2026-09-28 03:38:09.295 -0300] INFO (84090): request completed
    route: "/v1/inf/rait/cases"
    method: "POST"
    status: 403
    duration_ms: 2
[2026-09-28 03:38:09.315 -0300] INFO (84090): request completed
    route: "/v1/inf/rait/cases"
    method: "POST"
    status: 403
    duration_ms: 1
[2026-09-28 03:38:09.338 -0300] INFO (84090): request completed
    route: "/v1/inf/rait/cases"
    method: "POST"
    status: 403
    duration_ms: 2
[2026-09-28 03:38:09.359 -0300] INFO (84090): request completed
    route: "/v1/inf/rait/cases"
    method: "POST"
    status: 403
    duration_ms: 1
[2026-09-28 03:38:09.388 -0300] INFO (84090): request completed
    route: "/v1/inf/rait/cases"
    method: "POST"
    status: 403
    duration_ms: 0
[2026-09-28 03:38:09.414 -0300] INFO (84090): request completed
    route: "/v1/inf/rait/cases"
    method: "POST"
    status: 403
    duration_ms: 2
[2026-09-28 03:38:09.436 -0300] INFO (84090): request completed
    route: "/v1/inf/rait/cases"
    method: "POST"
    status: 403
    duration_ms: 2
[2026-09-28 03:38:09.456 -0300] INFO (84090): request completed
    route: "/v1/inf/rait/cases"
    method: "POST"
    status: 403
    duration_ms: 2
[2026-09-28 03:38:09.476 -0300] INFO (84090): request completed
    route: "/v1/inf/rait/cases"
    method: "POST"
    status: 403
    duration_ms: 1
[2026-09-28 03:38:09.497 -0300] INFO (84090): request completed
    route: "/v1/inf/rait/cases"
    method: "POST"
    status: 403
    duration_ms: 2
[2026-09-28 03:38:09.516 -0300] INFO (84090): request completed
    route: "/v1/inf/rait/cases"
    method: "POST"
    status: 403
    duration_ms: 1
[2026-09-28 03:38:09.538 -0300] INFO (84090): request completed
    route: "/v1/inf/rait/cases"
    method: "POST"
    status: 403
    duration_ms: 2
[2026-09-28 03:38:09.558 -0300] INFO (84090): request completed
    route: "/v1/inf/rait/cases"
    method: "POST"
    status: 403
    duration_ms: 1
[2026-09-28 03:38:09.578 -0300] INFO (84090): request completed
    route: "/v1/inf/rait/cases"
    method: "POST"
    status: 403
    duration_ms: 1
[2026-09-28 03:38:09.601 -0300] INFO (84090): request completed
    route: "/v1/inf/rait/cases"
    method: "POST"
    status: 403
    duration_ms: 2
[2026-09-28 03:38:09.620 -0300] INFO (84090): request completed
    route: "/v1/inf/rait/cases"
    method: "POST"
    status: 403
    duration_ms: 1
[2026-09-28 03:38:09.641 -0300] INFO (84090): request completed
    route: "/v1/inf/rait/cases"
    method: "POST"
    status: 403
    duration_ms: 1
[2026-09-28 03:38:09.677 -0300] INFO (84090): request completed
    route: "/v1/inf/rait/cases"
    method: "POST"
    status: 400
    duration_ms: 17
[2026-09-28 03:38:09.707 -0300] INFO (84090): request completed
    route: "/v1/inf/rait/cases"
    method: "POST"
    status: 400
    duration_ms: 12
[2026-09-28 03:38:09.742 -0300] INFO (84090): request completed
    route: "/v1/inf/rait/cases"
    method: "POST"
    status: 400
    duration_ms: 15
[2026-09-28 03:38:09.777 -0300] INFO (84090): request completed
    route: "/v1/inf/rait/cases"
    method: "POST"
    status: 400
    duration_ms: 15
[2026-09-28 03:38:09.811 -0300] INFO (84090): request completed
    route: "/v1/inf/rait/cases"
    method: "POST"
    status: 400
    duration_ms: 17
[2026-09-28 03:38:09.845 -0300] INFO (84090): request completed
    route: "/v1/inf/rait/cases"
    method: "POST"
    status: 400
    duration_ms: 14
[2026-09-28 03:38:09.886 -0300] INFO (84090): request completed
    route: "/v1/inf/rait/cases"
    method: "POST"
    status: 400
    duration_ms: 20
[2026-09-28 03:38:09.929 -0300] INFO (84090): request completed
    route: "/v1/inf/rait/cases"
    method: "POST"
    status: 403
    duration_ms: 22
[2026-09-28 03:38:10.009 -0300] INFO (84090): request completed
    route: "/v1/inf/rait/cases/00000000-0000-7000-8000-000010000002/commands/admit"
    method: "POST"
    status: 200
    duration_ms: 41
[2026-09-28 03:38:10.052 -0300] INFO (84090): request completed
    route: "/v1/inf/rait/cases/00000000-0000-7000-8000-000010000002/commands/admit"
    method: "POST"
    status: 403
    duration_ms: 2
[2026-09-28 03:38:10.112 -0300] INFO (84090): request completed
    route: "/v1/inf/rait/cases/00000000-0000-7000-8000-000010000002/commands/non-admission"
    method: "POST"
    status: 200
    duration_ms: 25
[2026-09-28 03:38:10.152 -0300] INFO (84090): request completed
    route: "/v1/inf/rait/cases/00000000-0000-7000-8000-000010000002/commands/non-admission"
    method: "POST"
    status: 403
    duration_ms: 1
[2026-09-28 03:38:10.277 -0300] INFO (84090): request completed
    route: "/v1/inf/rait/cases/00000000-0000-7000-8000-000010000005/commands/remit"
    method: "POST"
    status: 200
    duration_ms: 63
[2026-09-28 03:38:10.329 -0300] INFO (84090): request completed
    route: "/v1/inf/rait/cases/00000000-0000-7000-8000-000010000005/commands/remit"
    method: "POST"
    status: 403
    duration_ms: 2
[2026-09-28 03:38:10.383 -0300] INFO (84090): request completed
    route: "/v1/inf/rait/cases/00000000-0000-7000-8000-000010000005/commands/receive"
    method: "POST"
    status: 200
    duration_ms: 19
[2026-09-28 03:38:10.424 -0300] INFO (84090): request completed
    route: "/v1/inf/rait/cases/00000000-0000-7000-8000-000010000005/commands/receive"
    method: "POST"
    status: 403
    duration_ms: 2
[2026-09-28 03:38:10.514 -0300] INFO (84090): request completed
    route: "/v1/inf/rait/cases/00000000-0000-7000-8000-000010000007/commands/ready"
    method: "POST"
    status: 200
    duration_ms: 42
[2026-09-28 03:38:10.546 -0300] INFO (84090): request completed
    route: "/v1/inf/rait/cases/00000000-0000-7000-8000-000010000007/commands/ready"
    method: "POST"
    status: 403
    duration_ms: 0
[2026-09-28 03:38:10.650 -0300] INFO (84090): request completed
    route: "/v1/inf/rait/cases/00000000-0000-7000-8000-000010000009/commands/decide"
    method: "POST"
    status: 200
    duration_ms: 53
[2026-09-28 03:38:10.699 -0300] INFO (84090): request completed
    route: "/v1/inf/rait/cases/00000000-0000-7000-8000-000010000009/commands/decide"
    method: "POST"
    status: 403
    duration_ms: 1
[2026-09-28 03:38:10.751 -0300] INFO (84090): request completed
    route: "/v1/inf/rait/cases/00000000-0000-7000-8000-000010000009/commands/return-draft"
    method: "POST"
    status: 200
    duration_ms: 20
[2026-09-28 03:38:10.783 -0300] INFO (84090): request completed
    route: "/v1/inf/rait/cases/00000000-0000-7000-8000-000010000009/commands/return-draft"
    method: "POST"
    status: 403
    duration_ms: 1
[2026-09-28 03:38:10.841 -0300] INFO (84090): request completed
    route: "/v1/inf/rait/cases/00000000-0000-7000-8000-000010000007/commands/withdraw"
    method: "POST"
    status: 200
    duration_ms: 28
[2026-09-28 03:38:10.878 -0300] INFO (84090): request completed
    route: "/v1/inf/rait/cases/00000000-0000-7000-8000-000010000007/commands/withdraw"
    method: "POST"
    status: 403
    duration_ms: 1
[2026-09-28 03:38:10.940 -0300] INFO (84090): request completed
    route: "/v1/inf/rait/cases/00000000-0000-7000-8000-000010000002/commands/redirect"
    method: "POST"
    status: 200
    duration_ms: 27
[2026-09-28 03:38:10.977 -0300] INFO (84090): request completed
    route: "/v1/inf/rait/cases/00000000-0000-7000-8000-000010000002/commands/redirect"
    method: "POST"
    status: 403
    duration_ms: 2
[2026-09-28 03:38:11.050 -0300] INFO (84090): request completed
    route: "/v1/inf/rait/cases/00000000-0000-7000-8000-000010000001/commands/resolve-pending"
    method: "POST"
    status: 200
    duration_ms: 36
[2026-09-28 03:38:11.091 -0300] INFO (84090): request completed
    route: "/v1/inf/rait/cases/00000000-0000-7000-8000-000010000001/commands/resolve-pending"
    method: "POST"
    status: 403
    duration_ms: 1
[2026-09-28 03:38:11.159 -0300] INFO (84090): request completed
    route: "/v1/inf/rait/pools/00000000-0000-7000-8000-000020000001/claim-next"
    method: "POST"
    status: 200
    duration_ms: 33
[2026-09-28 03:38:11.211 -0300] INFO (84090): request completed
    route: "/v1/inf/rait/pools/00000000-0000-7000-8000-000020000001/claim-next"
    method: "POST"
    status: 403
    duration_ms: 1
[2026-09-28 03:38:11.274 -0300] INFO (84090): request completed
    route: "/v1/inf/rait/inquiries/00000000-0000-7000-8000-000015000001/commands/answer"
    method: "POST"
    status: 200
    duration_ms: 22
[2026-09-28 03:38:11.336 -0300] INFO (84090): request completed
    route: "/v1/inf/rait/inquiries/00000000-0000-7000-8000-000015000001/commands/answer"
    method: "POST"
    status: 200
    duration_ms: 24
[2026-09-28 03:38:11.369 -0300] INFO (84090): request completed
    route: "/v1/inf/rait/inquiries/00000000-0000-7000-8000-000015000001/commands/answer"
    method: "POST"
    status: 403
    duration_ms: 1
[2026-09-28 03:38:11.429 -0300] INFO (84090): request completed
    route: "/v1/inf/rait/inquiries/00000000-0000-7000-8000-000015000001/commands/extend"
    method: "POST"
    status: 200
    duration_ms: 29
[2026-09-28 03:38:11.505 -0300] INFO (84090): request completed
    route: "/v1/inf/rait/inquiries/00000000-0000-7000-8000-000015000001/commands/extend"
    method: "POST"
    status: 200
    duration_ms: 40
[2026-09-28 03:38:11.544 -0300] INFO (84090): request completed
    route: "/v1/inf/rait/inquiries/00000000-0000-7000-8000-000015000001/commands/extend"
    method: "POST"
    status: 403
    duration_ms: 2
[2026-09-28 03:38:11.564 -0300] INFO (84090): request completed
    route: "/v1/inf/rait/inquiries/00000000-0000-7000-8000-000015000001/commands/expire"
    method: "POST"
    status: 403
    duration_ms: 2
[2026-09-28 03:38:11.649 -0300] INFO (84090): request completed
    route: "/v1/inf/rait/cases"
    method: "POST"
    status: 200
    duration_ms: 66
[2026-09-28 03:38:11.701 -0300] INFO (84090): request completed
    route: "/v1/inf/rait/cases/dd62cada-5af4-4d86-acbc-4cb1fab629e4/commands/admit"
    method: "POST"
    status: 200
    duration_ms: 27
[2026-09-28 03:38:11.783 -0300] INFO (84090): request completed
    route: "/v1/inf/rait/cases"
    method: "POST"
    status: 200
    duration_ms: 62
[2026-09-28 03:38:11.825 -0300] INFO (84090): request completed
    route: "/v1/inf/rait/cases/8e78b965-830a-4daa-bc46-99171161c8cd/commands/admit"
    method: "POST"
    status: 200
    duration_ms: 22
[2026-09-28 03:38:11.902 -0300] INFO (84090): request completed
    route: "/v1/inf/rait/cases"
    method: "POST"
    status: 200
    duration_ms: 59
[2026-09-28 03:38:11.957 -0300] INFO (84090): request completed
    route: "/v1/inf/rait/cases/0cadbdcc-9892-4f94-808a-6aefc32c01eb/commands/admit"
    method: "POST"
    status: 200
    duration_ms: 28
[2026-09-28 03:38:12.047 -0300] INFO (84090): request completed
    route: "/v1/inf/rait/cases"
    method: "POST"
    status: 200
    duration_ms: 68
[2026-09-28 03:38:12.099 -0300] INFO (84090): request completed
    route: "/v1/inf/rait/cases/186dbcb4-ee0e-4d61-87b3-b472083b2f09/commands/admit"
    method: "POST"
    status: 200
    duration_ms: 26
[2026-09-28 03:38:12.183 -0300] INFO (84090): request completed
    route: "/v1/inf/rait/cases"
    method: "POST"
    status: 200
    duration_ms: 63
[2026-09-28 03:38:12.234 -0300] INFO (84090): request completed
    route: "/v1/inf/rait/cases/0113e8bb-93a1-4e44-99ea-dc5e42e3289d/commands/admit"
    method: "POST"
    status: 422
    duration_ms: 24
[2026-09-28 03:38:12.317 -0300] INFO (84090): request completed
    route: "/v1/inf/rait/cases"
    method: "POST"
    status: 200
    duration_ms: 62
[2026-09-28 03:38:12.371 -0300] INFO (84090): request completed
    route: "/v1/inf/rait/cases/28295ce2-066e-4da9-b48d-049cca3be36f/commands/admit"
    method: "POST"
    status: 422
    duration_ms: 28
[2026-09-28 03:38:12.451 -0300] INFO (84090): request completed
    route: "/v1/inf/rait/cases"
    method: "POST"
    status: 200
    duration_ms: 57
[2026-09-28 03:38:12.496 -0300] INFO (84090): request completed
    route: "/v1/inf/rait/cases/ae8e501f-6119-4e3f-a025-413065f51ca6/commands/admit"
    method: "POST"
    status: 422
    duration_ms: 20
[2026-09-28 03:38:12.573 -0300] INFO (84090): request completed
    route: "/v1/inf/rait/cases"
    method: "POST"
    status: 200
    duration_ms: 58
[2026-09-28 03:38:12.612 -0300] INFO (84090): request completed
    route: "/v1/inf/rait/cases/06b98337-6928-4832-9270-06f818a0ee6b/commands/admit"
    method: "POST"
    status: 422
    duration_ms: 17
[2026-09-28 03:38:12.698 -0300] INFO (84090): request completed
    route: "/v1/inf/rait/cases"
    method: "POST"
    status: 200
    duration_ms: 63
[2026-09-28 03:38:12.748 -0300] INFO (84090): request completed
    route: "/v1/inf/rait/cases/0ad53ab3-ab85-4141-8d7f-fe6dcb6f6f80/commands/admit"
    method: "POST"
    status: 422
    duration_ms: 23
[2026-09-28 03:38:12.829 -0300] INFO (84090): request completed
    route: "/v1/inf/rait/cases"
    method: "POST"
    status: 200
    duration_ms: 61
[2026-09-28 03:38:12.872 -0300] INFO (84090): request completed
    route: "/v1/inf/rait/cases/2ec4dd7d-e628-4b6b-8bf7-389c52a84ec6/commands/admit"
    method: "POST"
    status: 422
    duration_ms: 19
[2026-09-28 03:38:12.957 -0300] INFO (84090): request completed
    route: "/v1/inf/rait/cases"
    method: "POST"
    status: 200
    duration_ms: 65
[2026-09-28 03:38:13.006 -0300] INFO (84090): request completed
    route: "/v1/inf/rait/cases/232c988b-0fd5-4a24-a739-208a84485261/commands/admit"
    method: "POST"
    status: 422
    duration_ms: 25
[2026-09-28 03:38:13.071 -0300] INFO (84090): request completed
    route: "/v1/inf/rait/cases/00000000-0000-7000-8000-000010000002/commands/non-admission"
    method: "POST"
    status: 200
    duration_ms: 28
[2026-09-28 03:38:13.079 -0300] INFO (84090): request completed
    route: "/v1/inf/rait/cases/00000000-0000-7000-8000-000010000002/commands/non-admission"
    method: "POST"
    status: 200
    duration_ms: 5
[2026-09-28 03:38:13.143 -0300] INFO (84090): request completed
    route: "/v1/inf/rait/cases/00000000-0000-7000-8000-000010000002/commands/non-admission"
    method: "POST"
    status: 200
    duration_ms: 28
[2026-09-28 03:38:13.184 -0300] INFO (84090): request completed
    route: "/v1/inf/rait/cases/00000000-0000-7000-8000-000010000002/commands/non-admission"
    method: "POST"
    status: 200
    duration_ms: 68
[2026-09-28 03:38:13.326 -0300] INFO (84090): request completed
    route: "/v1/inf/rait/cases/00000000-0000-7000-8000-000010000002/commands/non-admission"
    method: "POST"
    status: 500
    duration_ms: 90
[2026-09-28 03:38:13.417 -0300] INFO (84090): request completed
    route: "/v1/inf/rait/cases/00000000-0000-7000-8000-000010000005/commands/remit"
    method: "POST"
    status: 422
    duration_ms: 41
[2026-09-28 03:38:13.507 -0300] INFO (84090): request completed
    route: "/v1/inf/rait/cases/00000000-0000-7000-8000-000010000005/commands/remit"
    method: "POST"
    status: 200
    duration_ms: 36
[2026-09-28 03:38:13.581 -0300] INFO (84090): request completed
    route: "/v1/inf/rait/cases/00000000-0000-7000-8000-000010000005/commands/remit"
    method: "POST"
    status: 422
    duration_ms: 23
[2026-09-28 03:38:13.657 -0300] INFO (84090): request completed
    route: "/v1/inf/rait/cases/00000000-0000-7000-8000-000010000005/commands/remit"
    method: "POST"
    status: 422
    duration_ms: 24
[2026-09-28 03:38:13.727 -0300] INFO (84090): request completed
    route: "/v1/inf/rait/cases/00000000-0000-7000-8000-000010000005/commands/remit"
    method: "POST"
    status: 422
    duration_ms: 24
[2026-09-28 03:38:13.817 -0300] INFO (84090): request completed
    route: "/v1/inf/rait/cases/00000000-0000-7000-8000-000010000005/commands/remit"
    method: "POST"
    status: 200
    duration_ms: 43
[2026-09-28 03:38:13.884 -0300] INFO (84090): request completed
    route: "/v1/inf/rait/cases/00000000-0000-7000-8000-000010000005/commands/remit"
    method: "POST"
    status: 422
    duration_ms: 20
[2026-09-28 03:38:13.950 -0300] INFO (84090): request completed
    route: "/v1/inf/rait/cases/00000000-0000-7000-8000-000010000005/commands/remit"
    method: "POST"
    status: 422
    duration_ms: 21
[2026-09-28 03:38:14.018 -0300] INFO (84090): request completed
    route: "/v1/inf/rait/cases/00000000-0000-7000-8000-000010000005/commands/remit"
    method: "POST"
    status: 422
    duration_ms: 22
[2026-09-28 03:38:14.096 -0300] INFO (84090): request completed
    route: "/v1/inf/rait/cases/00000000-0000-7000-8000-000010000005/commands/remit"
    method: "POST"
    status: 200
    duration_ms: 34
[2026-09-28 03:38:15.779 -0300] INFO (84107): request completed
    route: "/v1/ops/provisioning/devices/d28e4b3a-f07b-4511-a9f2-efa0f5bbed63/key-challenges"
    method: "POST"
    status: 428
    duration_ms: 12
[2026-09-28 03:38:16.003 -0300] INFO (84107): request completed
    route: "/v1/ops/provisioning/devices/23b82e09-e7a4-4a45-9117-72d062aa5ca0/keys"
    method: "POST"
    status: 428
    duration_ms: 11
[2026-09-28 03:38:16.226 -0300] INFO (84107): request completed
    route: "/v1/ops/provisioning/packages"
    method: "POST"
    status: 428
    duration_ms: 2
[2026-09-28 03:38:16.444 -0300] INFO (84107): request completed
    route: "/v1/ops/provisioning/packages/2aabeb99-cea7-4205-97aa-392d265b1192/receipts"
    method: "POST"
    status: 428
    duration_ms: 2
[2026-09-28 03:38:16.666 -0300] INFO (84107): request completed
    route: "/v1/ops/provisioning/grants/46a86a50-56d1-4c9e-9c58-1ef324155b60/revoke"
    method: "POST"
    status: 428
    duration_ms: 2
[2026-09-28 03:38:16.886 -0300] INFO (84107): request completed
    route: "/v1/ops/provisioning/grants/540bed42-b0eb-4dc3-b1c4-4ae5522cd072/reconcile"
    method: "POST"
    status: 428
    duration_ms: 2
[2026-09-28 03:38:17.257 -0300] INFO (84107): request completed
    route: "/v1/ops/provisioning/devices/6266ce57-16ab-4131-b562-2af81a186dae/readiness"
    method: "GET"
    status: 200
    duration_ms: 178
[2026-09-28 03:38:17.297 -0300] INFO (84107): request completed
    route: "/v1/ops/provisioning/devices/6266ce57-16ab-4131-b562-2af81a186dae/key-challenges"
    method: "POST"
    status: 400
    duration_ms: 10
[2026-09-28 03:38:17.515 -0300] INFO (84107): request completed
    route: "/v1/ops/provisioning/devices/8bccb204-2632-4b99-9136-2b233bd0c3a0/readiness"
    method: "GET"
    status: 200
    duration_ms: 27
[2026-09-28 03:38:17.574 -0300] INFO (84107): request completed
    route: "/v1/ops/provisioning/devices/8bccb204-2632-4b99-9136-2b233bd0c3a0/key-challenges"
    method: "POST"
    status: 201
    duration_ms: 55
[2026-09-28 03:38:17.626 -0300] INFO (84107): request completed
    route: "/v1/ops/provisioning/devices/8bccb204-2632-4b99-9136-2b233bd0c3a0/key-challenges"
    method: "POST"
    status: 201
    duration_ms: 24
[2026-09-28 03:38:17.839 -0300] INFO (84107): request completed
    route: "/v1/ops/provisioning/devices/97005cb6-5b91-4b11-b480-cc7cb5cab187/readiness"
    method: "GET"
    status: 200
    duration_ms: 22
[2026-09-28 03:38:17.869 -0300] INFO (84107): request completed
    route: "/v1/ops/provisioning/devices/97005cb6-5b91-4b11-b480-cc7cb5cab187/readiness"
    method: "GET"
    status: 200
    duration_ms: 23
[2026-09-28 03:38:17.911 -0300] INFO (84107): request completed
    route: "/v1/ops/provisioning/devices/97005cb6-5b91-4b11-b480-cc7cb5cab187/key-challenges"
    method: "POST"
    status: 412
    duration_ms: 19
[2026-09-28 03:38:18.136 -0300] INFO (84107): request completed
    route: "/v1/ops/provisioning/grants/ea633eb7-6853-4a7a-a50f-7a4b12522e0d/revoke"
    method: "POST"
    status: 200
    duration_ms: 35
[2026-09-28 03:38:18.174 -0300] INFO (84107): request completed
    route: "/v1/ops/provisioning/grants/ea633eb7-6853-4a7a-a50f-7a4b12522e0d/revoke"
    method: "POST"
    status: 200
    duration_ms: 28
[2026-09-28 03:38:18.383 -0300] INFO (84107): request completed
    route: "/v1/ops/provisioning/devices/0ef8a8d9-bbfa-4df9-9fff-1d780999f8fc/readiness"
    method: "GET"
    status: 200
    duration_ms: 19
[2026-09-28 03:38:18.598 -0300] INFO (84107): request completed
    route: "/v1/ops/provisioning/devices/d240d786-cc5a-46a3-ab0b-efcd77f161cf/readiness"
    method: "GET"
    status: 200
    duration_ms: 23
[2026-09-28 03:38:18.622 -0300] INFO (84107): request completed
    route: "/v1/ops/provisioning/devices/d240d786-cc5a-46a3-ab0b-efcd77f161cf/key-challenges"
    method: "POST"
    status: 403
    duration_ms: 2
[2026-09-28 03:38:18.848 -0300] INFO (84107): request completed
    route: "/v1/ops/provisioning/devices/35751b62-bbcc-4212-ae2c-607f3569e8fe/readiness"
    method: "GET"
    status: 200
    duration_ms: 31
[2026-09-28 03:38:18.878 -0300] INFO (84107): request completed
    route: "/v1/ops/provisioning/devices/35751b62-bbcc-4212-ae2c-607f3569e8fe/key-challenges"
    method: "POST"
    status: 403
    duration_ms: 0
[2026-09-28 03:38:19.080 -0300] INFO (84107): request completed
    route: "/v1/ops/provisioning/devices/4548c4c4-ee4d-47e8-9d7a-90468e8ffc3c/readiness"
    method: "GET"
    status: 200
    duration_ms: 20
[2026-09-28 03:38:19.104 -0300] INFO (84107): request completed
    route: "/v1/ops/provisioning/devices/4548c4c4-ee4d-47e8-9d7a-90468e8ffc3c/key-challenges"
    method: "POST"
    status: 403
    duration_ms: 2
[2026-09-28 03:38:20.759 -0300] INFO (84121): request completed
    route: "/v1/dashboard/stream"
    method: "GET"
    status: 403
    duration_ms: 2
[2026-09-28 03:38:20.893 -0300] INFO (84121): request completed
    request_id: "01a0e6bc-62d6-7978-a9ab-f6e435532c08"
    tenant_id: "00000000-0000-7000-8000-00000000a001"
    actor_id: "00000000-0000-4000-8000-0000b0000001"
    route: "/v1/dashboard/stream"
    method: "GET"
    status: 204
    duration_ms: 8
[2026-09-28 03:38:23.676 -0300] INFO (84121): request completed
    request_id: "01a0e6bc-6db8-7d61-99ea-dee9912f03c1"
    tenant_id: "00000000-0000-7000-8000-00000000a001"
    actor_id: "00000000-0000-4000-8000-0000b0000001"
    route: "/v1/dashboard/stream"
    method: "GET"
    status: 429
    duration_ms: 4
[2026-09-28 03:38:25.744 -0300] INFO (84141): request completed
    request_id: "01a0e6bc-75bb-74cd-937b-a866538fbefc"
    tenant_id: "00000000-0000-7000-8000-00000000a001"
    actor_id: "00000000-0000-4000-8000-0000b0000001"
    route: "/v1/est/crash/records/00000000-0000-7000-8000-0000a1000001/start"
    method: "POST"
    status: 200
    duration_ms: 142
[2026-09-28 03:38:25.787 -0300] INFO (84141): request completed
    route: "/v1/est/crash/records/00000000-0000-7000-8000-0000a1000001/start"
    method: "POST"
    status: 428
    duration_ms: 20
[2026-09-28 03:38:25.805 -0300] INFO (84141): request completed
    route: "/v1/est/crash/records/00000000-0000-7000-8000-0000a1000001/start"
    method: "POST"
    status: 412
    duration_ms: 16
[2026-09-28 03:38:25.828 -0300] INFO (84141): request completed
    route: "/v1/est/crash/records/00000000-0000-7000-8000-0000a1000003/start"
    method: "POST"
    status: 409
    duration_ms: 22
[2026-09-28 03:38:25.831 -0300] INFO (84141): request completed
    route: "/v1/est/crash/records/00000000-0000-7000-8000-0000a1000001/start"
    method: "POST"
    status: 403
    duration_ms: 1
[2026-09-28 03:38:25.853 -0300] INFO (84141): request completed
    route: "/v1/est/crash/records/00000000-0000-7000-8000-0000a1000005/transmit"
    method: "POST"
    status: 409
    duration_ms: 20
[2026-09-28 03:38:25.878 -0300] INFO (84141): request completed
    route: "/v1/est/crash/records/00000000-0000-7000-8000-0000a1000011/renaest/correct"
    method: "POST"
    status: 409
    duration_ms: 23
[2026-09-28 03:38:25.894 -0300] INFO (84141): request completed
    route: "/v1/est/crash/records/00000000-0000-7000-8000-0000a1000010/renaest/correct"
    method: "POST"
    status: 422
    duration_ms: 15
[2026-09-28 03:38:25.903 -0300] INFO (84141): request completed
    route: "/v1/est/crash/records/00000000-0000-7000-8000-0000a1000007/renaest"
    method: "GET"
    status: 200
    duration_ms: 8
[2026-09-28 03:38:25.928 -0300] INFO (84141): request completed
    route: "/v1/est/crash/records/00000000-0000-7000-8000-0000a1000001/scene-duties"
    method: "POST"
    status: 422
    duration_ms: 22
[2026-09-28 03:38:25.949 -0300] INFO (84141): request completed
    route: "/v1/est/crash/records/00000000-0000-7000-8000-0000a1000004/scene-duties"
    method: "POST"
    status: 422
    duration_ms: 20
[2026-09-28 03:38:25.962 -0300] INFO (84141): request completed
    request_id: "01a0e6bc-76a7-7eee-911a-6e386badad02"
    tenant_id: "00000000-0000-7000-8000-00000000a001"
    actor_id: "00000000-0000-4000-8000-0000b0000001"
    route: "/v1/est/crash/records/00000000-0000-7000-8000-0000a1000003/report"
    method: "GET"
    status: 200
    duration_ms: 13
[2026-09-28 03:38:26.065 -0300] INFO (84141): request completed
    request_id: "01a0e6bc-770b-7266-89ff-edaac5ab3957"
    tenant_id: "00000000-0000-7000-8000-00000000a001"
    actor_id: "00000000-0000-4000-8000-0000b0000001"
    route: "/v1/est/crash/records/00000000-0000-7000-8000-0000a1000003/report"
    method: "GET"
    status: 200
    duration_ms: 102
[2026-09-28 03:38:26.067 -0300] INFO (84141): request completed
    route: "/v1/est/crash/records/00000000-0000-7000-8000-0000a1000003/report"
    method: "GET"
    status: 403
    duration_ms: 0
[2026-09-28 03:38:26.068 -0300] INFO (84141): request completed
    route: "/v1/est/crash/records/00000000-0000-7000-8000-0000a1000003/report"
    method: "GET"
    status: 403
    duration_ms: 0
[2026-09-28 03:38:26.070 -0300] INFO (84141): request completed
    route: "/v1/est/crash/records/00000000-0000-7000-8000-0000a1000003/report"
    method: "GET"
    status: 403
    duration_ms: 1
[2026-09-28 03:38:26.071 -0300] INFO (84141): request completed
    route: "/v1/est/crash/records/00000000-0000-7000-8000-0000a1000003/report"
    method: "GET"
    status: 403
    duration_ms: 1
[2026-09-28 03:38:26.072 -0300] INFO (84141): request completed
    route: "/v1/est/crash/records/00000000-0000-7000-8000-0000a1000003/report"
    method: "GET"
    status: 403
    duration_ms: 1
[2026-09-28 03:38:26.073 -0300] INFO (84141): request completed
    route: "/v1/est/crash/records/00000000-0000-7000-8000-0000a1000003/report"
    method: "GET"
    status: 403
    duration_ms: 1
[2026-09-28 03:38:26.074 -0300] INFO (84141): request completed
    route: "/v1/est/crash/records/00000000-0000-7000-8000-0000a1000003/report"
    method: "GET"
    status: 403
    duration_ms: 0
[2026-09-28 03:38:26.075 -0300] INFO (84141): request completed
    route: "/v1/est/crash/records/00000000-0000-7000-8000-0000a1000003/report"
    method: "GET"
    status: 403
    duration_ms: 0
[2026-09-28 03:38:26.090 -0300] INFO (84141): request completed
    request_id: "01a0e6bc-7727-7464-b36d-e23e8ce06d6b"
    tenant_id: "00000000-0000-7000-8000-00000000a001"
    actor_id: "00000000-0000-4000-8000-0000b0000001"
    route: "/v1/est/crash/records/00000000-0000-7000-8000-0000a1000003/report"
    method: "GET"
    status: 200
    duration_ms: 14
[2026-09-28 03:38:26.091 -0300] INFO (84141): request completed
    route: "/v1/est/crash/records/00000000-0000-7000-8000-0000a1000003/report"
    method: "GET"
    status: 403
    duration_ms: 1
[2026-09-28 03:38:26.092 -0300] INFO (84141): request completed
    route: "/v1/est/crash/records/00000000-0000-7000-8000-0000a1000003/report"
    method: "GET"
    status: 403
    duration_ms: 0
[2026-09-28 03:38:26.093 -0300] INFO (84141): request completed
    route: "/v1/est/crash/records/00000000-0000-7000-8000-0000a1000003/report"
    method: "GET"
    status: 403
    duration_ms: 0
[2026-09-28 03:38:26.111 -0300] INFO (84141): request completed
    request_id: "01a0e6bc-773c-7382-9c44-076b31a38499"
    tenant_id: "00000000-0000-7000-8000-00000000a001"
    actor_id: "00000000-0000-4000-8000-0000b0000001"
    route: "/v1/est/crash/records/00000000-0000-7000-8000-0000a1000003/report"
    method: "GET"
    status: 200
    duration_ms: 17
[2026-09-28 03:38:26.112 -0300] INFO (84141): request completed
    route: "/v1/est/crash/records/00000000-0000-7000-8000-0000a1000003/report"
    method: "GET"
    status: 403
    duration_ms: 0
[2026-09-28 03:38:26.125 -0300] INFO (84141): request completed
    request_id: "01a0e6bc-774a-72d0-a828-02941684c4f2"
    tenant_id: "00000000-0000-7000-8000-00000000a001"
    actor_id: "00000000-0000-4000-8000-0000b0000001"
    route: "/v1/est/crash/records/00000000-0000-7000-8000-0000a1000003/report"
    method: "GET"
    status: 200
    duration_ms: 12
[2026-09-28 03:38:26.126 -0300] INFO (84141): request completed
    route: "/v1/est/crash/records/00000000-0000-7000-8000-0000a1000003/report"
    method: "GET"
    status: 403
    duration_ms: 1
[2026-09-28 03:38:26.137 -0300] INFO (84141): request completed
    request_id: "01a0e6bc-7757-72b2-870a-93de8380c159"
    tenant_id: "00000000-0000-7000-8000-00000000a001"
    actor_id: "00000000-0000-4000-8000-0000b0000001"
    route: "/v1/est/crash/records/00000000-0000-7000-8000-0000a1000003/report"
    method: "GET"
    status: 200
    duration_ms: 11
[2026-09-28 03:38:26.149 -0300] INFO (84141): request completed
    request_id: "01a0e6bc-7762-7570-a137-53294931351e"
    tenant_id: "00000000-0000-7000-8000-00000000a001"
    actor_id: "00000000-0000-4000-8000-0000b0000001"
    route: "/v1/est/crash/records/00000000-0000-7000-8000-0000a1000003/report"
    method: "GET"
    status: 200
    duration_ms: 11
[2026-09-28 03:38:26.150 -0300] INFO (84141): request completed
    route: "/v1/est/crash/records/00000000-0000-7000-8000-0000a1000003/report"
    method: "GET"
    status: 403
    duration_ms: 1
[2026-09-28 03:38:26.161 -0300] INFO (84141): request completed
    request_id: "01a0e6bc-776f-7bd4-ac6d-4ccd6c1aaa8d"
    tenant_id: "00000000-0000-7000-8000-00000000a001"
    actor_id: "00000000-0000-4000-8000-0000b0000001"
    route: "/v1/est/crash/records/00000000-0000-7000-8000-0000a1000003/report"
    method: "GET"
    status: 200
    duration_ms: 10
[2026-09-28 03:38:26.162 -0300] INFO (84141): request completed
    route: "/v1/est/crash/records/00000000-0000-7000-8000-0000a1000003/report"
    method: "GET"
    status: 403
    duration_ms: 0
[2026-09-28 03:38:26.163 -0300] INFO (84141): request completed
    route: "/v1/est/crash/records/00000000-0000-7000-8000-0000a1000003/report"
    method: "GET"
    status: 403
    duration_ms: 0
[2026-09-28 03:38:26.164 -0300] INFO (84141): request completed
    route: "/v1/est/crash/records/00000000-0000-7000-8000-0000a1000003/report"
    method: "GET"
    status: 403
    duration_ms: 0
[2026-09-28 03:38:26.165 -0300] INFO (84141): request completed
    route: "/v1/est/crash/records/00000000-0000-7000-8000-0000a1000003/report"
    method: "GET"
    status: 403
    duration_ms: 0
[2026-09-28 03:38:26.166 -0300] INFO (84141): request completed
    route: "/v1/est/crash/records/00000000-0000-7000-8000-0000a1000003/report"
    method: "GET"
    status: 403
    duration_ms: 0
[2026-09-28 03:38:26.167 -0300] INFO (84141): request completed
    route: "/v1/est/crash/records/00000000-0000-7000-8000-0000a1000003/report"
    method: "GET"
    status: 403
    duration_ms: 1
[2026-09-28 03:38:26.167 -0300] INFO (84141): request completed
    route: "/v1/est/crash/records/00000000-0000-7000-8000-0000a1000003/report"
    method: "GET"
    status: 403
    duration_ms: 0
[2026-09-28 03:38:26.168 -0300] INFO (84141): request completed
    route: "/v1/est/crash/records/00000000-0000-7000-8000-0000a1000003/report"
    method: "GET"
    status: 403
    duration_ms: 0
[2026-09-28 03:38:26.168 -0300] INFO (84141): request completed
    route: "/v1/est/crash/records/00000000-0000-7000-8000-0000a1000003/report"
    method: "GET"
    status: 403
    duration_ms: 0
[2026-09-28 03:38:26.169 -0300] INFO (84141): request completed
    route: "/v1/est/crash/records/00000000-0000-7000-8000-0000a1000003/report"
    method: "GET"
    status: 403
    duration_ms: 0
[2026-09-28 03:38:26.170 -0300] INFO (84141): request completed
    route: "/v1/est/crash/records/00000000-0000-7000-8000-0000a1000003/report"
    method: "GET"
    status: 403
    duration_ms: 1
[2026-09-28 03:38:26.170 -0300] INFO (84141): request completed
    route: "/v1/est/crash/records/00000000-0000-7000-8000-0000a1000003/report"
    method: "GET"
    status: 403
    duration_ms: 0
[2026-09-28 03:38:26.171 -0300] INFO (84141): request completed
    route: "/v1/est/crash/records/00000000-0000-7000-8000-0000a1000003/report"
    method: "GET"
    status: 403
    duration_ms: 0
[2026-09-28 03:38:26.171 -0300] INFO (84141): request completed
    route: "/v1/est/crash/records/00000000-0000-7000-8000-0000a1000003/report"
    method: "GET"
    status: 403
    duration_ms: 0
[2026-09-28 03:38:26.172 -0300] INFO (84141): request completed
    route: "/v1/est/crash/records/00000000-0000-7000-8000-0000a1000003/report"
    method: "GET"
    status: 403
    duration_ms: 0
[2026-09-28 03:38:26.173 -0300] INFO (84141): request completed
    route: "/v1/est/crash/records/00000000-0000-7000-8000-0000a1000003/report"
    method: "GET"
    status: 403
    duration_ms: 1
[2026-09-28 03:38:26.242 -0300] INFO (84141): request completed
    route: "/v1/ops/offline-sync/sync-batches"
    method: "POST"
    status: 200
    duration_ms: 68
(node:84141) DeprecationWarning: Calling client.query() when the client is already executing a query is deprecated and will be removed in pg@9.0. Use async/await or an external async flow control mechanism instead.
(Use `node --trace-deprecation ...` to show where the warning was created)
[2026-09-28 03:38:26.309 -0300] INFO (84141): request completed
    route: "/v1/ops/offline-sync/sync-batches"
    method: "POST"
    status: 200
    duration_ms: 40
[2026-09-28 03:38:26.360 -0300] INFO (84141): request completed
    route: "/v1/ops/offline-sync/sync-batches"
    method: "POST"
    status: 200
    duration_ms: 45
[2026-09-28 03:38:26.418 -0300] INFO (84141): request completed
    route: "/v1/ops/offline-sync/sync-batches"
    method: "POST"
    status: 200
    duration_ms: 51
[2026-09-28 03:38:26.482 -0300] INFO (84141): request completed
    route: "/v1/ops/offline-sync/sync-batches"
    method: "POST"
    status: 200
    duration_ms: 54
[2026-09-28 03:38:26.527 -0300] INFO (84141): request completed
    route: "/v1/ops/offline-sync/sync-batches"
    method: "POST"
    status: 200
    duration_ms: 39
[2026-09-28 03:38:26.571 -0300] INFO (84141): request completed
    route: "/v1/ops/offline-sync/sync-batches"
    method: "POST"
    status: 200
    duration_ms: 43
[2026-09-28 03:38:28.297 -0300] INFO (84146): request completed
    route: "/v1/ops/evidence/upload-intents"
    method: "POST"
    status: 200
    duration_ms: 180
[2026-09-28 03:38:28.306 -0300] INFO (84146): request completed
    route: "/v1/ops/evidence/upload-intents"
    method: "POST"
    status: 403
    duration_ms: 6
[2026-09-28 03:38:28.331 -0300] INFO (84146): request completed
    route: "/v1/ops/evidence/00000000-0000-7000-8000-0000ef000001/validate"
    method: "POST"
    status: 200
    duration_ms: 23
[2026-09-28 03:38:28.333 -0300] INFO (84146): request completed
    route: "/v1/ops/evidence/00000000-0000-7000-8000-0000ef000001/validate"
    method: "POST"
    status: 403
    duration_ms: 1
[2026-09-28 03:38:28.364 -0300] INFO (84146): request completed
    route: "/v1/ops/evidence/maintenance/purge-expired-unverified"
    method: "POST"
    status: 200
    duration_ms: 30
[2026-09-28 03:38:28.366 -0300] INFO (84146): request completed
    route: "/v1/ops/evidence/maintenance/purge-expired-unverified"
    method: "POST"
    status: 403
    duration_ms: 1
[2026-09-28 03:38:28.385 -0300] INFO (84146): request completed
    route: "/v1/ops/evidence-access-requests/00000000-0000-7000-8000-0000ef400002/approve"
    method: "POST"
    status: 409
    duration_ms: 18
[2026-09-28 03:38:28.387 -0300] INFO (84146): request completed
    route: "/v1/ops/evidence-access-requests/00000000-0000-7000-8000-0000ef400002/approve"
    method: "POST"
    status: 403
    duration_ms: 1
[2026-09-28 03:38:28.393 -0300] INFO (84146): request completed
    route: "/v1/inf/normative/mobile-packages/sync-metadata"
    method: "GET"
    status: 200
    duration_ms: 5
[2026-09-28 03:38:28.534 -0300] INFO (84146): request completed
    route: "/v1/inf/normative/mobile-packages/generate"
    method: "POST"
    status: 201
    duration_ms: 140
[2026-09-28 03:38:28.579 -0300] INFO (84146): request completed
    route: "/v1/inf/normative/mobile-packages/3da0d7a6-aa5b-4f28-9c7b-e7b6a645a2ee/publish"
    method: "POST"
    status: 200
    duration_ms: 41
[2026-09-28 03:38:28.594 -0300] INFO (84146): request completed
    route: "/v1/inf/normative/mobile-packages/3da0d7a6-aa5b-4f28-9c7b-e7b6a645a2ee/content"
    method: "GET"
    status: 200
    duration_ms: 12
[2026-09-28 03:38:28.723 -0300] INFO (84146): request completed
    route: "/v1/inf/normative/mobile-packages/generate"
    method: "POST"
    status: 201
    duration_ms: 127
[2026-09-28 03:38:28.774 -0300] INFO (84146): request completed
    route: "/v1/inf/normative/mobile-packages/163cffa3-1c39-4f96-8da6-5aacf97d0a3f/publish"
    method: "POST"
    status: 200
    duration_ms: 47
[2026-09-28 03:38:28.827 -0300] INFO (84146): request completed
    route: "/v1/inf/normative/mobile-packages/163cffa3-1c39-4f96-8da6-5aacf97d0a3f/content"
    method: "GET"
    status: 422
    duration_ms: 15
[2026-09-28 03:38:28.869 -0300] INFO (84146): request completed
    route: "/v1/inf/normative/mobile-packages/generate"
    method: "POST"
    status: 201
    duration_ms: 40
[2026-09-28 03:38:28.895 -0300] INFO (84146): request completed
    route: "/v1/inf/normative/mobile-packages/f837269d-2a13-4814-8175-80ded45c85da/publish"
    method: "POST"
    status: 200
    duration_ms: 25
[2026-09-28 03:38:28.905 -0300] INFO (84146): request completed
    route: "/v1/inf/normative/mobile-packages/f837269d-2a13-4814-8175-80ded45c85da/content"
    method: "GET"
    status: 200
    duration_ms: 9
[2026-09-28 03:38:28.919 -0300] INFO (84146): request completed
    route: "/v1/inf/normative/mobile-packages/f837269d-2a13-4814-8175-80ded45c85da/content"
    method: "GET"
    status: 304
    duration_ms: 13
[2026-09-28 03:38:28.932 -0300] INFO (84146): request completed
    route: "/v1/inf/normative/mobile-packages/f837269d-2a13-4814-8175-80ded45c85da/content"
    method: "GET"
    status: 200
    duration_ms: 12
[2026-09-28 03:38:29.016 -0300] INFO (84146): request completed
    route: "/v1/inf/normative/mobile-packages/generate"
    method: "POST"
    status: 201
    duration_ms: 83
[2026-09-28 03:38:29.020 -0300] INFO (84146): request completed
    route: "/v1/inf/normative/mobile-packages/generate"
    method: "POST"
    status: 403
    duration_ms: 1
[2026-09-28 03:38:30.835 -0300] INFO (84152): request completed
    route: "/v1/dashboard/alerts/00000000-0000-7000-8000-000084000121/ack"
    method: "POST"
    status: 200
    duration_ms: 181
[2026-09-28 03:38:30.884 -0300] INFO (84152): request completed
    route: "/v1/dashboard/alerts/00000000-0000-7000-8000-000084000122/treating"
    method: "POST"
    status: 200
    duration_ms: 45
[2026-09-28 03:38:30.923 -0300] INFO (84152): request completed
    route: "/v1/dashboard/alerts/00000000-0000-7000-8000-000084000123/close"
    method: "POST"
    status: 200
    duration_ms: 37
[2026-09-28 03:38:30.956 -0300] INFO (84152): request completed
    route: "/v1/dashboard/alerts/00000000-0000-7000-8000-000084000124/root-cause"
    method: "POST"
    status: 200
    duration_ms: 31
[2026-09-28 03:38:30.984 -0300] INFO (84152): request completed
    route: "/v1/dashboard/duties/00000000-0000-7000-8000-000080001001/cycles/2026-09/start"
    method: "POST"
    status: 200
    duration_ms: 26
[2026-09-28 03:38:31.010 -0300] INFO (84152): request completed
    route: "/v1/dashboard/duties/00000000-0000-7000-8000-000080001001/cycles/2026-09/prepare"
    method: "POST"
    status: 200
    duration_ms: 24
[2026-09-28 03:38:31.040 -0300] INFO (84152): request completed
    route: "/v1/dashboard/duties/00000000-0000-7000-8000-000080001001/cycles/2026-09/submit"
    method: "POST"
    status: 200
    duration_ms: 28
[2026-09-28 03:38:31.073 -0300] INFO (84152): request completed
    route: "/v1/dashboard/duties/00000000-0000-7000-8000-000080001001/cycles/2026-09/prove"
    method: "POST"
    status: 200
    duration_ms: 28
[2026-09-28 03:38:31.102 -0300] INFO (84152): request completed
    route: "/v1/dashboard/duties/00000000-0000-7000-8000-000080001001/cycles/2026-09/archive"
    method: "POST"
    status: 200
    duration_ms: 24
[2026-09-28 03:38:31.135 -0300] INFO (84152): request completed
    route: "/v1/dashboard/indicator-configs/00000000-0000-7000-8000-000084000331"
    method: "PATCH"
    status: 200
    duration_ms: 31
[2026-09-28 03:38:31.156 -0300] INFO (84152): request completed
    route: "/v1/dashboard/indicator-configs/00000000-0000-7000-8000-000084000331/publish"
    method: "POST"
    status: 200
    duration_ms: 20
[2026-09-28 03:38:31.179 -0300] INFO (84152): request completed
    route: "/v1/dashboard/bi-panels"
    method: "POST"
    status: 201
    duration_ms: 21
[2026-09-28 03:38:31.216 -0300] INFO (84152): request completed
    route: "/v1/dashboard/bi-panels/540faa3c-1025-4116-ae56-c8dc39f75bf8"
    method: "PATCH"
    status: 200
    duration_ms: 31
[2026-09-28 03:38:31.239 -0300] INFO (84152): request completed
    route: "/v1/dashboard/bi-panels/540faa3c-1025-4116-ae56-c8dc39f75bf8/publish"
    method: "POST"
    status: 200
    duration_ms: 19
[2026-09-28 03:38:31.266 -0300] INFO (84152): request completed
    route: "/v1/dashboard/generated-reports/00000000-0000-7000-8000-000084000531/complete"
    method: "POST"
    status: 200
    duration_ms: 23
[2026-09-28 03:38:31.292 -0300] INFO (84152): request completed
    route: "/v1/dashboard/generated-reports"
    method: "POST"
    status: 201
    duration_ms: 23
[2026-09-28 03:38:31.317 -0300] INFO (84152): request completed
    route: "/v1/dashboard/generated-reports/ce086a7a-e09a-478f-8261-a6f0b9b99a71/fail"
    method: "POST"
    status: 200
    duration_ms: 22
[2026-09-28 03:38:31.365 -0300] INFO (84152): request completed
    route: "/v1/dashboard/exports"
    method: "POST"
    status: 201
    duration_ms: 45
[2026-09-28 03:38:31.391 -0300] INFO (84152): request completed
    route: "/v1/dashboard/exports"
    method: "POST"
    status: 202
    duration_ms: 22
[2026-09-28 03:38:31.418 -0300] INFO (84152): request completed
    route: "/v1/dashboard/exports/aed396be-e7df-41f4-92c2-f815a7483a82/approve"
    method: "POST"
    status: 200
    duration_ms: 24
[2026-09-28 03:38:31.449 -0300] INFO (84152): request completed
    route: "/v1/dashboard/transparency/audits"
    method: "POST"
    status: 201
    duration_ms: 29
[2026-09-28 03:38:31.467 -0300] INFO (84152): request completed
    route: "/v1/dashboard/alerts/00000000-0000-7000-8000-000081000105/ack"
    method: "POST"
    status: 400
    duration_ms: 16
[2026-09-28 03:38:31.480 -0300] INFO (84152): request completed
    route: "/v1/dashboard/alerts/00000000-0000-7000-8000-000081000105/ack"
    method: "POST"
    status: 400
    duration_ms: 12
[2026-09-28 03:38:31.489 -0300] INFO (84152): request completed
    route: "/v1/dashboard/alerts/00000000-0000-7000-8000-000081000105/object/archive"
    method: "POST"
    status: 404
    duration_ms: 7
[2026-09-28 03:38:31.493 -0300] INFO (84152): request completed
    route: "/v1/dashboard/cases/00000000-0000-7000-8000-000010000002/archive"
    method: "POST"
    status: 404
    duration_ms: 3
[2026-09-28 03:38:31.494 -0300] INFO (84152): request completed
    route: "/v1/dashboard/alerts/00000000-0000-7000-8000-000081000105/case-state"
    method: "POST"
    status: 404
    duration_ms: 1
[2026-09-28 03:38:33.228 -0300] INFO (84161): request completed
    route: "/v1/dashboard/generated-reports"
    method: "POST"
    status: 400
    duration_ms: 133
[2026-09-28 03:38:33.254 -0300] INFO (84161): request completed
    route: "/v1/dashboard/generated-reports"
    method: "POST"
    status: 403
    duration_ms: 22
[2026-09-28 03:38:33.272 -0300] INFO (84161): request completed
    route: "/v1/dashboard/generated-reports"
    method: "POST"
    status: 400
    duration_ms: 16
[2026-09-28 03:38:33.316 -0300] INFO (84161): request completed
    route: "/v1/dashboard/generated-reports"
    method: "POST"
    status: 201
    duration_ms: 43
[2026-09-28 03:38:33.343 -0300] INFO (84161): request completed
    route: "/v1/dashboard/generated-reports/1dbd90ee-8570-4bb3-b7a2-c40c03b7579c/complete"
    method: "POST"
    status: 422
    duration_ms: 19
[2026-09-28 03:38:33.366 -0300] INFO (84161): request completed
    route: "/v1/dashboard/generated-reports/1dbd90ee-8570-4bb3-b7a2-c40c03b7579c/complete"
    method: "POST"
    status: 200
    duration_ms: 22
[2026-09-28 03:38:33.386 -0300] INFO (84161): request completed
    route: "/v1/dashboard/generated-reports/1dbd90ee-8570-4bb3-b7a2-c40c03b7579c/complete"
    method: "POST"
    status: 409
    duration_ms: 16
[2026-09-28 03:38:33.402 -0300] INFO (84161): request completed
    route: "/v1/dashboard/generated-reports/1dbd90ee-8570-4bb3-b7a2-c40c03b7579c/fail"
    method: "POST"
    status: 409
    duration_ms: 15
[2026-09-28 03:38:33.423 -0300] INFO (84161): request completed
    route: "/v1/dashboard/generated-reports"
    method: "POST"
    status: 201
    duration_ms: 20
[2026-09-28 03:38:33.443 -0300] INFO (84161): request completed
    route: "/v1/dashboard/generated-reports/06edb2fa-7fcb-4ad3-98b1-39c754e231db/fail"
    method: "POST"
    status: 200
    duration_ms: 19
[2026-09-28 03:38:33.464 -0300] INFO (84161): request completed
    route: "/v1/dashboard/indicator-configs/00000000-0000-7000-8000-000084000321"
    method: "PATCH"
    status: 400
    duration_ms: 18
[2026-09-28 03:38:33.481 -0300] INFO (84161): request completed
    route: "/v1/dashboard/indicator-configs/00000000-0000-7000-8000-000084000321"
    method: "PATCH"
    status: 422
    duration_ms: 16
[2026-09-28 03:38:33.498 -0300] INFO (84161): request completed
    route: "/v1/dashboard/indicator-configs/00000000-0000-7000-8000-000084000321/publish"
    method: "POST"
    status: 422
    duration_ms: 16
[2026-09-28 03:38:33.520 -0300] INFO (84161): request completed
    route: "/v1/dashboard/indicator-configs/00000000-0000-7000-8000-000084000322/publish"
    method: "POST"
    status: 200
    duration_ms: 21
[2026-09-28 03:38:33.538 -0300] INFO (84161): request completed
    route: "/v1/dashboard/indicator-configs/00000000-0000-7000-8000-000084000322/publish"
    method: "POST"
    status: 400
    duration_ms: 15
[2026-09-28 03:38:33.564 -0300] INFO (84161): request completed
    route: "/v1/dashboard/indicator-configs/00000000-0000-7000-8000-000084000322"
    method: "PATCH"
    status: 200
    duration_ms: 25
[2026-09-28 03:38:33.581 -0300] INFO (84161): request completed
    route: "/v1/dashboard/indicator-configs/00000000-0000-7000-8000-000084000321"
    method: "PATCH"
    status: 400
    duration_ms: 15
[2026-09-28 03:38:33.594 -0300] INFO (84161): request completed
    route: "/v1/dashboard/bi-panels"
    method: "POST"
    status: 403
    duration_ms: 12
[2026-09-28 03:38:33.606 -0300] INFO (84161): request completed
    route: "/v1/dashboard/bi-panels"
    method: "POST"
    status: 403
    duration_ms: 11
[2026-09-28 03:38:33.627 -0300] INFO (84161): request completed
    route: "/v1/dashboard/bi-panels"
    method: "POST"
    status: 201
    duration_ms: 20
[2026-09-28 03:38:33.646 -0300] INFO (84161): request completed
    route: "/v1/dashboard/bi-panels/7a3484f2-d1a7-4ada-9115-c09826e50ea3/publish"
    method: "POST"
    status: 200
    duration_ms: 18
[2026-09-28 03:38:33.652 -0300] INFO (84161): request completed
    route: "/v1/dashboard/bi-panels"
    method: "GET"
    status: 200
    duration_ms: 5
[2026-09-28 03:38:33.658 -0300] INFO (84161): request completed
    route: "/v1/dashboard/bi-panels/00000000-0000-7000-8000-000084000421"
    method: "GET"
    status: 403
    duration_ms: 4
[2026-09-28 03:38:33.663 -0300] INFO (84161): request completed
    route: "/v1/dashboard/bi-panels"
    method: "GET"
    status: 200
    duration_ms: 5
[2026-09-28 03:38:33.677 -0300] INFO (84161): request completed
    route: "/v1/dashboard/bi-panels"
    method: "POST"
    status: 400
    duration_ms: 13
[2026-09-28 03:38:33.682 -0300] INFO (84161): request completed
    route: "/v1/dashboard/indicators/IND-DASH-999"
    method: "GET"
    status: 404
    duration_ms: 4
[2026-09-28 03:38:33.691 -0300] INFO (84161): request completed
    route: "/v1/dashboard/indicators?pageSize=200"
    method: "GET"
    status: 200
    duration_ms: 8
[2026-09-28 03:38:33.701 -0300] INFO (84161): request completed
    route: "/v1/dashboard/indicators/IND-DASH-203"
    method: "GET"
    status: 423
    duration_ms: 6
[2026-09-28 03:38:33.721 -0300] INFO (84161): request completed
    route: "/v1/dashboard/indicators/IND-DASH-101"
    method: "GET"
    status: 200
    duration_ms: 19
[2026-09-28 03:38:33.732 -0300] INFO (84161): request completed
    route: "/v1/dashboard/indicators/IND-DASH-304"
    method: "GET"
    status: 200
    duration_ms: 10
[2026-09-28 03:38:33.738 -0300] INFO (84161): request completed
    route: "/v1/dashboard/indicator-configs/00000000-0000-7000-8000-000084000321"
    method: "GET"
    status: 200
    duration_ms: 5
[2026-09-28 03:38:35.411 -0300] INFO (84169): request completed
    route: "/v1/dashboard/alerts?layer=N2"
    method: "GET"
    status: 403
    duration_ms: 71
[2026-09-28 03:38:35.446 -0300] INFO (84169): request completed
    route: "/v1/dashboard/alerts?layer=N2"
    method: "GET"
    status: 400
    duration_ms: 31
[2026-09-28 03:38:35.454 -0300] INFO (84169): request completed
    route: "/v1/dashboard/alerts?layer=N2"
    method: "GET"
    status: 400
    duration_ms: 6
[2026-09-28 03:38:35.500 -0300] INFO (84169): request completed
    route: "/v1/dashboard/alerts?layer=N2&pageSize=200"
    method: "GET"
    status: 200
    duration_ms: 43
[2026-09-28 03:38:35.550 -0300] INFO (84169): request completed
    route: "/v1/dashboard/alerts/00000000-0000-7000-8000-000081000105"
    method: "GET"
    status: 200
    duration_ms: 40
[2026-09-28 03:38:35.558 -0300] INFO (84169): request completed
    route: "/v1/dashboard/alerts/00000000-0000-7000-8000-000081000105"
    method: "GET"
    status: 403
    duration_ms: 7
[2026-09-28 03:38:35.577 -0300] INFO (84169): request completed
    route: "/v1/dashboard/alerts/00000000-0000-7000-8000-000081000105"
    method: "GET"
    status: 200
    duration_ms: 18
[2026-09-28 03:38:35.591 -0300] INFO (84169): request completed
    route: "/v1/dashboard/alerts/00000000-0000-7000-8000-000081000105"
    method: "GET"
    status: 200
    duration_ms: 13
[2026-09-28 03:38:35.593 -0300] INFO (84169): request completed
    route: "/v1/dashboard/alerts?layer=N3"
    method: "GET"
    status: 403
    duration_ms: 1
[2026-09-28 03:38:35.595 -0300] INFO (84169): request completed
    route: "/v1/dashboard/alerts?layer=N3"
    method: "GET"
    status: 403
    duration_ms: 1
[2026-09-28 03:38:35.596 -0300] INFO (84169): request completed
    route: "/v1/dashboard/alerts?layer=N3"
    method: "GET"
    status: 403
    duration_ms: 0
[2026-09-28 03:38:35.631 -0300] INFO (84169): request completed
    route: "/v1/dashboard/bi-panels"
    method: "POST"
    status: 403
    duration_ms: 30
[2026-09-28 03:38:35.651 -0300] INFO (84169): request completed
    route: "/v1/dashboard/exports"
    method: "POST"
    status: 403
    duration_ms: 18
[2026-09-28 03:38:35.670 -0300] INFO (84169): request completed
    route: "/v1/dashboard/generated-reports"
    method: "POST"
    status: 403
    duration_ms: 17
[2026-09-28 03:38:35.681 -0300] INFO (84169): request completed
    route: "/v1/dashboard/alerts"
    method: "GET"
    status: 200
    duration_ms: 9
[2026-09-28 03:38:35.697 -0300] INFO (84169): request completed
    route: "/v1/dashboard/alerts/00000000-0000-7000-8000-000081000102"
    method: "GET"
    status: 200
    duration_ms: 14
[2026-09-28 03:38:35.712 -0300] INFO (84169): request completed
    route: "/v1/dashboard/alerts/00000000-0000-7000-8000-000081000118/incident"
    method: "GET"
    status: 200
    duration_ms: 14
[2026-09-28 03:38:35.724 -0300] INFO (84169): request completed
    route: "/v1/dashboard/duties"
    method: "GET"
    status: 200
    duration_ms: 11
[2026-09-28 03:38:35.733 -0300] INFO (84169): request completed
    route: "/v1/dashboard/duties/00000000-0000-7000-8000-000080001001/cycles"
    method: "GET"
    status: 200
    duration_ms: 7
[2026-09-28 03:38:35.741 -0300] INFO (84169): request completed
    route: "/v1/dashboard/duties/00000000-0000-7000-8000-000080001001/cycles/2026-09"
    method: "GET"
    status: 200
    duration_ms: 7
[2026-09-28 03:38:35.750 -0300] INFO (84169): request completed
    route: "/v1/dashboard/indicators"
    method: "GET"
    status: 200
    duration_ms: 8
[2026-09-28 03:38:35.765 -0300] INFO (84169): request completed
    route: "/v1/dashboard/indicators/IND-DASH-101"
    method: "GET"
    status: 200
    duration_ms: 14
[2026-09-28 03:38:35.772 -0300] INFO (84169): request completed
    route: "/v1/dashboard/indicator-configs"
    method: "GET"
    status: 200
    duration_ms: 6
[2026-09-28 03:38:35.778 -0300] INFO (84169): request completed
    route: "/v1/dashboard/indicator-configs/00000000-0000-7000-8000-000084000311"
    method: "GET"
    status: 200
    duration_ms: 5
[2026-09-28 03:38:35.785 -0300] INFO (84169): request completed
    route: "/v1/dashboard/bi-panels"
    method: "GET"
    status: 200
    duration_ms: 6
[2026-09-28 03:38:35.791 -0300] INFO (84169): request completed
    route: "/v1/dashboard/bi-panels/00000000-0000-7000-8000-000084000411"
    method: "GET"
    status: 200
    duration_ms: 5
[2026-09-28 03:38:35.799 -0300] INFO (84169): request completed
    route: "/v1/dashboard/generated-reports"
    method: "GET"
    status: 200
    duration_ms: 7
[2026-09-28 03:38:35.805 -0300] INFO (84169): request completed
    route: "/v1/dashboard/generated-reports/00000000-0000-7000-8000-000084000511"
    method: "GET"
    status: 200
    duration_ms: 5
[2026-09-28 03:38:35.811 -0300] INFO (84169): request completed
    route: "/v1/dashboard/sources"
    method: "GET"
    status: 200
    duration_ms: 5
[2026-09-28 03:38:35.822 -0300] INFO (84169): request completed
    route: "/v1/dashboard/sources/00000000-0000-7000-8000-000081000401"
    method: "GET"
    status: 200
    duration_ms: 10
[2026-09-28 03:38:35.836 -0300] INFO (84169): request completed
    route: "/v1/dashboard/audit-trail"
    method: "GET"
    status: 200
    duration_ms: 13
[2026-09-28 03:38:35.845 -0300] INFO (84169): request completed
    route: "/v1/dashboard/comparisons?dimension=pool"
    method: "GET"
    status: 200
    duration_ms: 8
[2026-09-28 03:38:35.858 -0300] INFO (84169): request completed
    route: "/v1/dashboard/transparency/checklist"
    method: "GET"
    status: 200
    duration_ms: 9
(node:84169) DeprecationWarning: Calling client.query() when the client is already executing a query is deprecated and will be removed in pg@9.0. Use async/await or an external async flow control mechanism instead.
(Use `node --trace-deprecation ...` to show where the warning was created)
[2026-09-28 03:38:35.873 -0300] INFO (84169): request completed
    route: "/v1/dashboard/kpis"
    method: "GET"
    status: 200
    duration_ms: 14
[2026-09-28 03:38:35.878 -0300] INFO (84169): request completed
    route: "/v1/dashboard/datasets"
    method: "GET"
    status: 200
    duration_ms: 4
[2026-09-28 03:38:35.888 -0300] INFO (84169): request completed
    route: "/v1/dashboard/open-data/alerts-by-severity-month"
    method: "GET"
    status: 200
    duration_ms: 9
[2026-09-28 03:38:35.895 -0300] INFO (84169): request completed
    route: "/v1/dashboard/indicators/IND-DASH-106"
    method: "GET"
    status: 200
    duration_ms: 6
[2026-09-28 03:38:35.902 -0300] INFO (84169): request completed
    route: "/v1/dashboard/duties"
    method: "GET"
    status: 200
    duration_ms: 6
[2026-09-28 03:38:35.908 -0300] INFO (84169): request completed
    route: "/v1/dashboard/alerts/00000000-0000-7000-8000-000084000111/ack"
    method: "POST"
    status: 400
    duration_ms: 4
[2026-09-28 03:38:35.928 -0300] INFO (84169): request completed
    route: "/v1/dashboard/alerts/00000000-0000-7000-8000-000084000111/ack"
    method: "POST"
    status: 428
    duration_ms: 19
[2026-09-28 03:38:35.971 -0300] INFO (84169): request completed
    route: "/v1/dashboard/alerts/00000000-0000-7000-8000-000084000111/ack"
    method: "POST"
    status: 200
    duration_ms: 42
[2026-09-28 03:38:35.980 -0300] INFO (84169): request completed
    route: "/v1/dashboard/alerts/00000000-0000-7000-8000-000084000111/ack"
    method: "POST"
    status: 200
    duration_ms: 8
[2026-09-28 03:38:35.998 -0300] INFO (84169): request completed
    route: "/v1/dashboard/alerts/00000000-0000-7000-8000-000084000111/ack"
    method: "POST"
    status: 412
    duration_ms: 16
[2026-09-28 03:38:36.003 -0300] INFO (84169): request completed
    route: "/v1/dashboard/alerts/00000000-0000-7000-8000-000084000111/ack"
    method: "POST"
    status: 422
    duration_ms: 5
[2026-09-28 03:38:36.018 -0300] INFO (84169): request completed
    route: "/v1/dashboard/alerts/00000000-0000-7000-8000-000081000102"
    method: "GET"
    status: 200
    duration_ms: 12
[2026-09-28 03:38:37.785 -0300] INFO (84390): request completed
    route: "/v1/ops/mobile-bootstrap?device_id=00000000-0000-7000-8000-0000e4000002&app_version=1.0.0"
    method: "GET"
    status: 200
    duration_ms: 183
[2026-09-28 03:38:37.795 -0300] INFO (84390): request completed
    route: "/v1/ops/mobile-bootstrap?device_id=00000000-0000-7000-8000-0000e4000002&app_version=1.0.0"
    method: "GET"
    status: 403
    duration_ms: 6
[2026-09-28 03:38:37.903 -0300] INFO (84390): request completed
    route: "/v1/ops/offline-sync/sync-batches"
    method: "POST"
    status: 200
    duration_ms: 103
(node:84390) DeprecationWarning: Calling client.query() when the client is already executing a query is deprecated and will be removed in pg@9.0. Use async/await or an external async flow control mechanism instead.
(Use `node --trace-deprecation ...` to show where the warning was created)
[2026-09-28 03:38:37.928 -0300] INFO (84390): request completed
    route: "/v1/ops/offline-sync/sync-batches"
    method: "POST"
    status: 403
    duration_ms: 1
[2026-09-28 03:38:37.931 -0300] INFO (84390): request completed
    route: "/v1/ops/offline-sync/receipts/00000000-0000-7000-8000-00000000a002"
    method: "GET"
    status: 404
    duration_ms: 2
[2026-09-28 03:38:37.938 -0300] INFO (84390): request completed
    route: "/v1/ops/offline-sync/receipts/00000000-0000-7000-8000-00000000a001/by-idempotency/item-inexistente"
    method: "GET"
    status: 404
    duration_ms: 5
[2026-09-28 03:38:37.944 -0300] INFO (84390): request completed
    route: "/v1/ops/offline-sync/receipts/00000000-0000-7000-8000-00000000a001/by-idempotency/item-001"
    method: "GET"
    status: 200
    duration_ms: 5
[2026-09-28 03:38:37.961 -0300] INFO (84390): request completed
    route: "/v1/ops/offline-sync/sync-batches"
    method: "POST"
    status: 400
    duration_ms: 16
[2026-09-28 03:38:37.977 -0300] INFO (84390): request completed
    route: "/v1/ops/offline-sync/sync-batches"
    method: "POST"
    status: 400
    duration_ms: 13
[2026-09-28 03:38:37.993 -0300] INFO (84390): request completed
    route: "/v1/ops/offline-sync/sync-batches"
    method: "POST"
    status: 400
    duration_ms: 13
[2026-09-28 03:38:38.009 -0300] INFO (84390): request completed
    route: "/v1/ops/offline-sync/sync-batches"
    method: "POST"
    status: 400
    duration_ms: 13
[2026-09-28 03:38:38.031 -0300] INFO (84390): request completed
    route: "/v1/ops/offline-sync/sync-batches"
    method: "POST"
    status: 400
    duration_ms: 19
[2026-09-28 03:38:38.054 -0300] INFO (84390): request completed
    route: "/v1/ops/offline-sync/sync-conflicts/00000000-0000-7000-8000-0000eb100001/resolve"
    method: "POST"
    status: 200
    duration_ms: 20
[2026-09-28 03:38:38.073 -0300] INFO (84390): request completed
    route: "/v1/ops/offline-sync/sync-conflicts/00000000-0000-7000-8000-0000eb100001/resolve"
    method: "POST"
    status: 409
    duration_ms: 17
[2026-09-28 03:38:38.075 -0300] INFO (84390): request completed
    route: "/v1/ops/offline-sync/sync-conflicts/00000000-0000-7000-8000-0000eb100001/resolve"
    method: "POST"
    status: 403
    duration_ms: 0
[2026-09-28 03:38:38.106 -0300] INFO (84390): request completed
    route: "/v1/ops/field/devices/00000000-0000-7000-8000-0000e4000004/block"
    method: "POST"
    status: 200
    duration_ms: 30
[2026-09-28 03:38:38.107 -0300] INFO (84390): request completed
    route: "/v1/ops/field/devices/00000000-0000-7000-8000-0000e4000004/block"
    method: "POST"
    status: 403
    duration_ms: 0
[2026-09-28 03:38:38.128 -0300] INFO (84390): request completed
    route: "/v1/ops/field/homologations/00000000-0000-7000-8000-0000e2200002/renew"
    method: "POST"
    status: 200
    duration_ms: 20
[2026-09-28 03:38:38.130 -0300] INFO (84390): request completed
    route: "/v1/ops/field/homologations/00000000-0000-7000-8000-0000e2200002/renew"
    method: "POST"
    status: 403
    duration_ms: 1
[2026-09-28 03:38:38.154 -0300] INFO (84390): request completed
    route: "/v1/ops/field/homologations/00000000-0000-7000-8000-0000e2200001/cancel-by-audit"
    method: "POST"
    status: 200
    duration_ms: 24
[2026-09-28 03:38:38.156 -0300] INFO (84390): request completed
    route: "/v1/ops/field/homologations/00000000-0000-7000-8000-0000e2200001/cancel-by-audit"
    method: "POST"
    status: 403
    duration_ms: 1
[2026-09-28 03:38:38.157 -0300] INFO (84390): request completed
    route: "/v1/ops/mobile-bootstrap/sessions/handoff"
    method: "POST"
    status: 403
    duration_ms: 0
[2026-09-28 03:38:38.189 -0300] INFO (84390): request completed
    route: "/v1/ops/mobile-bootstrap/sessions/handoff"
    method: "POST"
    status: 200
    duration_ms: 31
[2026-09-28 03:38:38.191 -0300] INFO (84390): request completed
    route: "/ops/agents"
    method: "GET"
    status: 404
    duration_ms: 1
[2026-09-28 03:38:38.192 -0300] INFO (84390): request completed
    route: "/ops/devices"
    method: "GET"
    status: 404
    duration_ms: 0
[2026-09-28 03:38:38.193 -0300] INFO (84390): request completed
    route: "/ops/teams"
    method: "GET"
    status: 404
    duration_ms: 0
[2026-09-28 03:38:38.194 -0300] INFO (84390): request completed
    route: "/ops/homologations"
    method: "GET"
    status: 404
    duration_ms: 0
[2026-09-28 03:38:38.195 -0300] INFO (84390): request completed
    route: "/ops/app-versions"
    method: "GET"
    status: 404
    duration_ms: 0
[2026-09-28 03:38:38.196 -0300] INFO (84390): request completed
    route: "/ops/evidence/evidence"
    method: "GET"
    status: 404
    duration_ms: 0
[2026-09-28 03:38:38.197 -0300] INFO (84390): request completed
    route: "/ops/snapshots/people"
    method: "GET"
    status: 404
    duration_ms: 0
[2026-09-28 03:38:38.203 -0300] INFO (84390): request completed
    route: "/v1/ops/field/agents"
    method: "GET"
    status: 200
    duration_ms: 5
[2026-09-28 03:38:40.024 -0300] INFO (84602): request completed
    route: "/v1/dashboard/exports"
    method: "POST"
    status: 400
    duration_ms: 139
[2026-09-28 03:38:40.050 -0300] INFO (84602): request completed
    route: "/v1/dashboard/exports"
    method: "POST"
    status: 403
    duration_ms: 22
[2026-09-28 03:38:40.067 -0300] INFO (84602): request completed
    route: "/v1/dashboard/exports"
    method: "POST"
    status: 400
    duration_ms: 16
[2026-09-28 03:38:40.090 -0300] INFO (84602): request completed
    route: "/v1/dashboard/exports"
    method: "POST"
    status: 400
    duration_ms: 22
[2026-09-28 03:38:40.104 -0300] INFO (84602): request completed
    route: "/v1/dashboard/exports"
    method: "POST"
    status: 403
    duration_ms: 13
[2026-09-28 03:38:40.123 -0300] INFO (84602): request completed
    route: "/v1/dashboard/exports"
    method: "POST"
    status: 403
    duration_ms: 18
[2026-09-28 03:38:40.178 -0300] INFO (84602): request completed
    route: "/v1/dashboard/exports"
    method: "POST"
    status: 201
    duration_ms: 54
[2026-09-28 03:38:40.189 -0300] INFO (84602): request completed
    route: "/v1/dashboard/comparisons?dimension=pool"
    method: "GET"
    status: 200
    duration_ms: 7
[2026-09-28 03:38:40.226 -0300] INFO (84602): request completed
    route: "/v1/dashboard/exports"
    method: "POST"
    status: 202
    duration_ms: 35
[2026-09-28 03:38:40.230 -0300] INFO (84602): request completed
    route: "/v1/dashboard/exports/0b662710-d9ee-4192-b79a-f4d3f0047afc/approve"
    method: "POST"
    status: 403
    duration_ms: 1
[2026-09-28 03:38:40.256 -0300] INFO (84602): request completed
    route: "/v1/dashboard/exports/0b662710-d9ee-4192-b79a-f4d3f0047afc/approve"
    method: "POST"
    status: 200
    duration_ms: 25
[2026-09-28 03:38:40.276 -0300] INFO (84602): request completed
    route: "/v1/dashboard/exports/0b662710-d9ee-4192-b79a-f4d3f0047afc/approve"
    method: "POST"
    status: 400
    duration_ms: 16
[2026-09-28 03:38:40.299 -0300] INFO (84602): request completed
    route: "/v1/dashboard/exports"
    method: "POST"
    status: 201
    duration_ms: 21
[2026-09-28 03:38:40.328 -0300] INFO (84602): request completed
    route: "/v1/dashboard/exports"
    method: "POST"
    status: 201
    duration_ms: 24
[2026-09-28 03:38:40.360 -0300] INFO (84602): request completed
    route: "/v1/dashboard/exports"
    method: "POST"
    status: 422
    duration_ms: 21
[2026-09-28 03:38:42.121 -0300] INFO (84619): request completed
    route: "/v1/dashboard/alerts"
    method: "GET"
    status: 200
    duration_ms: 120
[2026-09-28 03:38:42.141 -0300] INFO (84619): request completed
    route: "/v1/dashboard/audit-trail?pageSize=200"
    method: "GET"
    status: 200
    duration_ms: 17
[2026-09-28 03:38:42.164 -0300] INFO (84619): request completed
    route: "/v1/dashboard/audit-trail?object=00000000-0000-7000-8000-000010000002"
    method: "GET"
    status: 200
    duration_ms: 14
[2026-09-28 03:38:42.174 -0300] INFO (84619): request completed
    route: "/v1/dashboard/audit-trail?object=00000000-0000-7000-8000-000010000002"
    method: "GET"
    status: 400
    duration_ms: 7
[2026-09-28 03:38:42.180 -0300] INFO (84619): request completed
    route: "/v1/dashboard/audit-trail?app=pec"
    method: "GET"
    status: 403
    duration_ms: 5
[2026-09-28 03:38:42.186 -0300] INFO (84619): request completed
    route: "/v1/dashboard/comparisons?dimension=pool&person=true"
    method: "GET"
    status: 403
    duration_ms: 4
[2026-09-28 03:38:42.194 -0300] INFO (84619): request completed
    route: "/v1/dashboard/comparisons?dimension=unit"
    method: "GET"
    status: 200
    duration_ms: 7
[2026-09-28 03:38:42.197 -0300] INFO (84619): request completed
    route: "/v1/dashboard/comparisons"
    method: "GET"
    status: 400
    duration_ms: 1
[2026-09-28 03:38:42.198 -0300] INFO (84619): request completed
    route: "/v1/dashboard/comparisons?dimension=pessoa"
    method: "GET"
    status: 400
    duration_ms: 1
[2026-09-28 03:38:42.200 -0300] INFO (84619): request completed
    route: "/v1/dashboard/open-data/alerts-by-severity-month?from=2026-01"
    method: "GET"
    status: 400
    duration_ms: 1
[2026-09-28 03:38:42.206 -0300] INFO (84619): request completed
    route: "/v1/dashboard/open-data/duties-compliance-year"
    method: "GET"
    status: 404
    duration_ms: 5
[2026-09-28 03:38:42.211 -0300] INFO (84619): request completed
    route: "/v1/dashboard/open-data/inexistente"
    method: "GET"
    status: 404
    duration_ms: 4
[2026-09-28 03:38:42.227 -0300] INFO (84619): request completed
    route: "/v1/dashboard/open-data/alerts-by-severity-month"
    method: "GET"
    status: 200
    duration_ms: 15
[2026-09-28 03:38:42.234 -0300] INFO (84619): request completed
    route: "/v1/dashboard/datasets"
    method: "GET"
    status: 200
    duration_ms: 5
[2026-09-28 03:38:42.276 -0300] INFO (84619): request completed
    route: "/v1/dashboard/transparency/audits"
    method: "POST"
    status: 400
    duration_ms: 37
[2026-09-28 03:38:42.313 -0300] INFO (84619): request completed
    route: "/v1/dashboard/transparency/audits"
    method: "POST"
    status: 201
    duration_ms: 36
[2026-09-28 03:38:42.322 -0300] INFO (84619): request completed
    route: "/v1/dashboard/transparency/checklist?period=2026-08"
    method: "GET"
    status: 200
    duration_ms: 7
[2026-09-28 03:38:42.342 -0300] INFO (84619): request completed
    route: "/v1/dashboard/transparency/audits"
    method: "POST"
    status: 400
    duration_ms: 19
[2026-09-28 03:38:42.343 -0300] INFO (84619): request completed
    route: "/v1/dashboard/transparency/checklist?period=2026-9"
    method: "GET"
    status: 400
    duration_ms: 0
(node:84619) DeprecationWarning: Calling client.query() when the client is already executing a query is deprecated and will be removed in pg@9.0. Use async/await or an external async flow control mechanism instead.
(Use `node --trace-deprecation ...` to show where the warning was created)
[2026-09-28 03:38:42.359 -0300] INFO (84619): request completed
    route: "/v1/dashboard/kpis"
    method: "GET"
    status: 200
    duration_ms: 15
[2026-09-28 03:38:42.361 -0300] INFO (84619): request completed
    route: "/v1/dashboard/kpis?from=2026-13"
    method: "GET"
    status: 400
    duration_ms: 1
[2026-09-28 03:38:44.066 -0300] INFO (84624): request completed
    route: "/v1/inf/measures/administrative-measures/00000000-0000-7000-8000-0000ed000001/start"
    method: "POST"
    status: 200
    duration_ms: 185
[2026-09-28 03:38:44.073 -0300] INFO (84624): request completed
    route: "/v1/inf/measures/administrative-measures/00000000-0000-7000-8000-0000ed000001/start"
    method: "POST"
    status: 403
    duration_ms: 4
[2026-09-28 03:38:44.101 -0300] INFO (84624): request completed
    route: "/v1/inf/measures/administrative-measures/00000000-0000-7000-8000-0000ed000003/conclude"
    method: "POST"
    status: 200
    duration_ms: 27
[2026-09-28 03:38:44.103 -0300] INFO (84624): request completed
    route: "/v1/inf/measures/administrative-measures/00000000-0000-7000-8000-0000ed000003/conclude"
    method: "POST"
    status: 403
    duration_ms: 1
[2026-09-28 03:38:44.190 -0300] INFO (84624): request completed
    route: "/v1/inf/measures/retentions/d37c8079-d772-4417-8577-9d18cd60b725/release"
    method: "POST"
    status: 200
    duration_ms: 26
[2026-09-28 03:38:44.192 -0300] INFO (84624): request completed
    route: "/v1/inf/measures/retentions/d37c8079-d772-4417-8577-9d18cd60b725/release"
    method: "POST"
    status: 403
    duration_ms: 0
[2026-09-28 03:38:44.242 -0300] INFO (84624): request completed
    route: "/v1/inf/alcohol/procedures/00000000-0000-7000-8000-0000ee000002/tests"
    method: "POST"
    status: 201
    duration_ms: 41
[2026-09-28 03:38:44.244 -0300] INFO (84624): request completed
    route: "/v1/inf/alcohol/procedures/00000000-0000-7000-8000-0000ee000002/tests"
    method: "POST"
    status: 403
    duration_ms: 1
[2026-09-28 03:38:44.265 -0300] INFO (84624): request completed
    route: "/v1/inf/alcohol/procedures/00000000-0000-7000-8000-0000ee000006/close"
    method: "POST"
    status: 200
    duration_ms: 20
[2026-09-28 03:38:44.267 -0300] INFO (84624): request completed
    route: "/v1/inf/alcohol/procedures/00000000-0000-7000-8000-0000ee000006/close"
    method: "POST"
    status: 403
    duration_ms: 1
[2026-09-28 03:38:44.273 -0300] INFO (84624): request completed
    route: "/v1/inf/speed/measurements"
    method: "POST"
    status: 404
    duration_ms: 5
[2026-09-28 03:38:44.279 -0300] INFO (84624): request completed
    route: "/v1/ops/integrations/outbox"
    method: "GET"
    status: 200
    duration_ms: 5
[2026-09-28 03:38:44.280 -0300] INFO (84624): request completed
    route: "/v1/ops/integrations/outbox"
    method: "GET"
    status: 403
    duration_ms: 0
[2026-09-28 03:38:44.303 -0300] INFO (84624): request completed
    route: "/v1/ops/integrations/outbox/fe96f098-8465-42bc-ac7f-4f0aea64a862/retry"
    method: "POST"
    status: 409
    duration_ms: 17
[2026-09-28 03:38:46.125 -0300] INFO (84630): request completed
    route: "/v1/inf/ait/aits"
    method: "POST"
    status: 201
    duration_ms: 177
[2026-09-28 03:38:46.161 -0300] INFO (84630): request completed
    route: "/v1/inf/ait/aits/b926f029-e5fd-40fa-a130-ebe48e9b8151/vehicles"
    method: "POST"
    status: 201
    duration_ms: 33
[2026-09-28 03:38:46.187 -0300] INFO (84630): request completed
    route: "/v1/inf/ait/aits/b926f029-e5fd-40fa-a130-ebe48e9b8151/people"
    method: "POST"
    status: 201
    duration_ms: 24
[2026-09-28 03:38:46.213 -0300] INFO (84630): request completed
    route: "/v1/inf/ait/aits/b926f029-e5fd-40fa-a130-ebe48e9b8151/science"
    method: "POST"
    status: 201
    duration_ms: 25
[2026-09-28 03:38:46.242 -0300] INFO (84630): request completed
    route: "/v1/inf/ait/aits/b926f029-e5fd-40fa-a130-ebe48e9b8151/finalize"
    method: "POST"
    status: 200
    duration_ms: 28
[2026-09-28 03:38:46.245 -0300] INFO (84630): request completed
    route: "/v1/inf/ait/aits/69f25b3b-867e-4731-b6cb-518f5f97ade1/finalize"
    method: "POST"
    status: 403
    duration_ms: 1
[2026-09-28 03:38:46.265 -0300] INFO (84630): request completed
    route: "/v1/inf/ait/aits"
    method: "POST"
    status: 201
    duration_ms: 19
[2026-09-28 03:38:46.283 -0300] INFO (84630): request completed
    route: "/v1/inf/ait/aits/861d35be-4b3b-48cd-a445-580a438cb942/finalize"
    method: "POST"
    status: 428
    duration_ms: 17
[2026-09-28 03:38:46.302 -0300] INFO (84630): request completed
    route: "/v1/inf/ait/aits"
    method: "POST"
    status: 201
    duration_ms: 18
[2026-09-28 03:38:46.317 -0300] INFO (84630): request completed
    route: "/v1/inf/ait/aits/4a42ffcc-6610-4160-b115-4d00fd38a410/finalize"
    method: "POST"
    status: 412
    duration_ms: 14
[2026-09-28 03:38:46.336 -0300] INFO (84630): request completed
    route: "/v1/inf/ait/aits"
    method: "POST"
    status: 201
    duration_ms: 18
[2026-09-28 03:38:46.359 -0300] INFO (84630): request completed
    route: "/v1/inf/ait/aits/4beed5b8-36a3-4852-ab45-0f50c412cb8c/finalize"
    method: "POST"
    status: 200
    duration_ms: 23
[2026-09-28 03:38:46.379 -0300] INFO (84630): request completed
    route: "/v1/inf/ait/aits"
    method: "POST"
    status: 201
    duration_ms: 18
[2026-09-28 03:38:46.380 -0300] INFO (84630): request completed
    route: "/v1/inf/ait/aits/bf34b50a-561a-4cbc-8e69-0dceb044ab63/finalize"
    method: "POST"
    status: 403
    duration_ms: 0
[2026-09-28 03:38:46.402 -0300] INFO (84630): request completed
    route: "/v1/inf/ait/aits"
    method: "POST"
    status: 201
    duration_ms: 21
[2026-09-28 03:38:46.431 -0300] INFO (84630): request completed
    route: "/v1/inf/ait/aits/fbfcb009-102c-4794-a420-3a347f56dd93/finalize"
    method: "POST"
    status: 200
    duration_ms: 25
[2026-09-28 03:38:46.451 -0300] INFO (84630): request completed
    route: "/v1/inf/ait/aits"
    method: "POST"
    status: 201
    duration_ms: 18
[2026-09-28 03:38:46.486 -0300] INFO (84630): request completed
    route: "/v1/inf/ait/aits/8d6e8a21-f290-4287-b438-e8dceada3076/archive"
    method: "POST"
    status: 200
    duration_ms: 33
[2026-09-28 03:38:46.508 -0300] INFO (84630): request completed
    route: "/v1/inf/ait/aits"
    method: "POST"
    status: 201
    duration_ms: 21
[2026-09-28 03:38:46.511 -0300] INFO (84630): request completed
    route: "/v1/inf/ait/aits/76436f1c-466a-4a95-b13f-a4f070186219/archive"
    method: "POST"
    status: 403
    duration_ms: 1
[2026-09-28 03:38:46.534 -0300] INFO (84630): request completed
    route: "/v1/inf/ait/cancel-requests/e1410adb-693f-4799-8d68-97fec67b1f03/decide"
    method: "POST"
    status: 404
    duration_ms: 20
[2026-09-28 03:38:46.554 -0300] INFO (84630): request completed
    route: "/v1/inf/ait/aits"
    method: "POST"
    status: 201
    duration_ms: 19
[2026-09-28 03:38:46.588 -0300] INFO (84630): request completed
    route: "/v1/inf/ait/cancel-requests"
    method: "POST"
    status: 201
    duration_ms: 33
[2026-09-28 03:38:46.608 -0300] INFO (84630): request completed
    route: "/v1/inf/ait/cancel-requests/ce485afc-6d16-4527-9607-4421a81c829c/decide"
    method: "POST"
    status: 412
    duration_ms: 16
[2026-09-28 03:38:46.629 -0300] INFO (84630): request completed
    route: "/v1/inf/ait/aits"
    method: "POST"
    status: 201
    duration_ms: 18
[2026-09-28 03:38:46.656 -0300] INFO (84630): request completed
    route: "/v1/inf/ait/cancel-requests"
    method: "POST"
    status: 201
    duration_ms: 26
[2026-09-28 03:38:46.682 -0300] INFO (84630): request completed
    route: "/v1/inf/ait/cancel-requests/1e709828-d45e-4108-ad7f-bd252fb52adf/decide"
    method: "POST"
    status: 403
    duration_ms: 21
[2026-09-28 03:38:46.703 -0300] INFO (84630): request completed
    route: "/v1/inf/ait/aits"
    method: "POST"
    status: 201
    duration_ms: 20
[2026-09-28 03:38:46.725 -0300] INFO (84630): request completed
    route: "/v1/inf/ait/cancel-requests"
    method: "POST"
    status: 201
    duration_ms: 21
[2026-09-28 03:38:46.750 -0300] INFO (84630): request completed
    route: "/v1/inf/ait/cancel-requests/696c05c5-2f05-401d-9212-e7fb9f08329d/decide"
    method: "POST"
    status: 200
    duration_ms: 24
[2026-09-28 03:38:46.768 -0300] INFO (84630): request completed
    route: "/v1/inf/ait/aits"
    method: "POST"
    status: 201
    duration_ms: 17
[2026-09-28 03:38:46.789 -0300] INFO (84630): request completed
    route: "/v1/inf/ait/cancel-requests"
    method: "POST"
    status: 201
    duration_ms: 21
[2026-09-28 03:38:46.806 -0300] INFO (84630): request completed
    route: "/v1/inf/ait/cancel-requests/8c458996-26a0-4f6c-ad8f-844d08fbae53/decide"
    method: "POST"
    status: 403
    duration_ms: 16
[2026-09-28 03:38:46.823 -0300] INFO (84630): request completed
    route: "/v1/inf/ait/cancel-requests"
    method: "POST"
    status: 202
    duration_ms: 16
[2026-09-28 03:38:46.844 -0300] INFO (84630): request completed
    route: "/v1/inf/ait/cancel-requests/64cfb445-44ed-431f-9615-0394a3469101/decide"
    method: "POST"
    status: 200
    duration_ms: 20
[2026-09-28 03:38:46.862 -0300] INFO (84630): request completed
    route: "/v1/inf/ait/cancel-requests"
    method: "POST"
    status: 202
    duration_ms: 17
[2026-09-28 03:38:46.876 -0300] INFO (84630): request completed
    route: "/v1/inf/ait/cancel-requests/93cb1643-de95-4f9b-8d07-911e82786595/review"
    method: "POST"
    status: 428
    duration_ms: 13
[2026-09-28 03:38:46.890 -0300] INFO (84630): request completed
    route: "/v1/inf/ait/cancel-requests/93cb1643-de95-4f9b-8d07-911e82786595/review"
    method: "POST"
    status: 412
    duration_ms: 13
[2026-09-28 03:38:46.911 -0300] INFO (84630): request completed
    route: "/v1/inf/ait/cancel-requests/93cb1643-de95-4f9b-8d07-911e82786595/review"
    method: "POST"
    status: 200
    duration_ms: 20
[2026-09-28 03:38:46.929 -0300] INFO (84630): request completed
    route: "/v1/inf/ait/cancel-requests"
    method: "POST"
    status: 202
    duration_ms: 17
[2026-09-28 03:38:46.943 -0300] INFO (84630): request completed
    route: "/v1/inf/ait/cancel-requests/5acecc3e-9494-4526-9bd0-79490de888e4/decide"
    method: "POST"
    status: 428
    duration_ms: 13
[2026-09-28 03:38:46.958 -0300] INFO (84630): request completed
    route: "/v1/inf/ait/cancel-requests/5acecc3e-9494-4526-9bd0-79490de888e4/decide"
    method: "POST"
    status: 412
    duration_ms: 14
[2026-09-28 03:38:46.977 -0300] INFO (84630): request completed
    route: "/v1/inf/ait/cancel-requests/5acecc3e-9494-4526-9bd0-79490de888e4/decide"
    method: "POST"
    status: 200
    duration_ms: 19
[2026-09-28 03:38:46.995 -0300] INFO (84630): request completed
    route: "/v1/inf/ait/aits"
    method: "POST"
    status: 201
    duration_ms: 17
[2026-09-28 03:38:47.032 -0300] INFO (84630): request completed
    route: "/v1/inf/ait/aits/611c1057-815b-48bc-8c2b-79d47803ad68/concurrency-review"
    method: "POST"
    status: 200
    duration_ms: 31
[2026-09-28 03:38:47.051 -0300] INFO (84630): request completed
    route: "/v1/inf/ait/aits"
    method: "POST"
    status: 201
    duration_ms: 16
[2026-09-28 03:38:47.055 -0300] INFO (84630): request completed
    route: "/v1/inf/ait/aits/ea32537f-0cf0-4fb5-89fe-0390fc3ab265/concurrency-review"
    method: "POST"
    status: 403
    duration_ms: 1
[2026-09-28 03:38:47.073 -0300] INFO (84630): request completed
    route: "/v1/inf/ait/aits"
    method: "POST"
    status: 201
    duration_ms: 18
[2026-09-28 03:38:47.090 -0300] INFO (84630): request completed
    route: "/v1/inf/ait/aits/c38ba516-a0d7-4f25-84f3-0c39c5f6bd68/concurrency-review"
    method: "POST"
    status: 409
    duration_ms: 16
[2026-09-28 03:38:47.107 -0300] INFO (84630): request completed
    route: "/v1/inf/ait/aits"
    method: "POST"
    status: 201
    duration_ms: 16
[2026-09-28 03:38:47.129 -0300] INFO (84630): request completed
    route: "/v1/inf/ait/aits/225c4cbe-ffd2-40a1-8855-6f129c5512d1/receive-protocol"
    method: "POST"
    status: 200
    duration_ms: 21
[2026-09-28 03:38:47.148 -0300] INFO (84630): request completed
    route: "/v1/inf/ait/aits"
    method: "POST"
    status: 201
    duration_ms: 18
[2026-09-28 03:38:47.149 -0300] INFO (84630): request completed
    route: "/v1/inf/ait/aits/b6c1b121-84e8-4a2a-83e2-8e6aa0c47837/receive-protocol"
    method: "POST"
    status: 403
    duration_ms: 0
[2026-09-28 03:38:47.155 -0300] INFO (84630): request completed
    route: "/v1/inf/ait/cancel-requests/outcomes/local-3e23f09f-f9aa-4a73-8516-90408a7a22ed"
    method: "GET"
    status: 404
    duration_ms: 5
[2026-09-28 03:38:47.174 -0300] INFO (84630): request completed
    route: "/v1/inf/ait/aits"
    method: "POST"
    status: 201
    duration_ms: 18
[2026-09-28 03:38:47.192 -0300] INFO (84630): request completed
    route: "/v1/inf/ait/cancel-requests"
    method: "POST"
    status: 201
    duration_ms: 17
[2026-09-28 03:38:47.197 -0300] INFO (84630): request completed
    route: "/v1/inf/ait/cancel-requests/outcomes/local-6be066f0-44b8-4753-8ffa-2b2f03075935"
    method: "GET"
    status: 200
    duration_ms: 4
[2026-09-28 03:38:47.215 -0300] INFO (84630): request completed
    route: "/v1/inf/ait/aits"
    method: "POST"
    status: 201
    duration_ms: 16
[2026-09-28 03:38:47.236 -0300] INFO (84630): request completed
    route: "/v1/inf/ait/aits/c2b5dbc7-1bac-4acd-a03b-09f5ff1fe41b/vehicles"
    method: "POST"
    status: 201
    duration_ms: 20
[2026-09-28 03:38:47.260 -0300] INFO (84630): request completed
    route: "/v1/inf/ait/aits/c2b5dbc7-1bac-4acd-a03b-09f5ff1fe41b/people"
    method: "POST"
    status: 201
    duration_ms: 23
[2026-09-28 03:38:47.284 -0300] INFO (84630): request completed
    route: "/v1/inf/ait/aits/c2b5dbc7-1bac-4acd-a03b-09f5ff1fe41b/science"
    method: "POST"
    status: 201
    duration_ms: 23
[2026-09-28 03:38:47.313 -0300] INFO (84630): request completed
    route: "/v1/inf/ait/aits/c2b5dbc7-1bac-4acd-a03b-09f5ff1fe41b/finalize"
    method: "POST"
    status: 200
    duration_ms: 27
[2026-09-28 03:38:47.323 -0300] INFO (84630): request completed
    route: "/v1/inf/ait/aits/c2b5dbc7-1bac-4acd-a03b-09f5ff1fe41b/finalize"
    method: "POST"
    status: 200
    duration_ms: 8
[2026-09-28 03:38:47.329 -0300] INFO (84630): request completed
    route: "/v1/inf/ait/aits/c2b5dbc7-1bac-4acd-a03b-09f5ff1fe41b/finalize"
    method: "POST"
    status: 422
    duration_ms: 3
[2026-09-28 03:38:47.349 -0300] INFO (84630): request completed
    route: "/v1/inf/ait/aits"
    method: "POST"
    status: 201
    duration_ms: 19
[2026-09-28 03:38:47.373 -0300] INFO (84630): request completed
    route: "/v1/inf/ait/cancel-requests"
    method: "POST"
    status: 201
    duration_ms: 21
[2026-09-28 03:38:47.382 -0300] INFO (84630): request completed
    route: "/v1/inf/ait/cancel-requests"
    method: "POST"
    status: 201
    duration_ms: 7
[2026-09-28 03:38:47.389 -0300] INFO (84630): request completed
    route: "/v1/inf/ait/cancel-requests"
    method: "POST"
    status: 422
    duration_ms: 4
[2026-09-28 03:38:49.129 -0300] INFO (84849): request completed
    route: "/v1/ops/offline-sync/sync-batches"
    method: "POST"
    status: 200
    duration_ms: 198
[2026-09-28 03:38:49.148 -0300] INFO (84849): request completed
    route: "/v1/ops/offline-sync/sync-batches"
    method: "POST"
    status: 200
    duration_ms: 15
[2026-09-28 03:38:49.181 -0300] INFO (84849): request completed
    route: "/v1/ops/offline-sync/sync-batches"
    method: "POST"
    status: 200
    duration_ms: 32
[2026-09-28 03:38:49.196 -0300] INFO (84849): request completed
    route: "/v1/ops/offline-sync/sync-batches"
    method: "POST"
    status: 422
    duration_ms: 5
[2026-09-28 03:38:49.216 -0300] INFO (84849): request completed
    route: "/v1/ops/offline-sync/numbering-reservations/620fefd1-a908-49a7-b880-bb9357d17673/cancel"
    method: "POST"
    status: 404
    duration_ms: 18
[2026-09-28 03:38:49.232 -0300] INFO (84849): request completed
    route: "/v1/ops/offline-sync/sync-conflicts/54d3f6c6-5b6c-4cb8-9c57-3921724674c9/resolve"
    method: "POST"
    status: 404
    duration_ms: 15
[2026-09-28 03:38:51.024 -0300] INFO (84855): request completed
    route: "/v1/portal/identity/me"
    method: "GET"
    status: 200
    duration_ms: 140
[2026-09-28 03:38:51.039 -0300] INFO (84855): request completed
    route: "/v1/portal/identity/me"
    method: "GET"
    status: 200
    duration_ms: 12
[2026-09-28 03:38:51.049 -0300] INFO (84855): request completed
    route: "/v1/portal/identity/me"
    method: "GET"
    status: 200
    duration_ms: 9
[2026-09-28 03:38:51.083 -0300] INFO (84855): request completed
    route: "/v1/portal/identity/assurance/elevations"
    method: "POST"
    status: 422
    duration_ms: 20
[2026-09-28 03:38:51.099 -0300] INFO (84855): request completed
    route: "/v1/portal/identity/assurance/elevations/208a5297-0817-4ccb-8164-6fd653a27347/complete"
    method: "POST"
    status: 422
    duration_ms: 14
[2026-09-28 03:38:51.114 -0300] INFO (84855): request completed
    route: "/v1/portal/identity/assurance/elevations"
    method: "POST"
    status: 400
    duration_ms: 13
[2026-09-28 03:38:51.128 -0300] INFO (84855): request completed
    route: "/v1/portal/identity/assurance/elevations/nao-uuid/complete"
    method: "POST"
    status: 400
    duration_ms: 12
[2026-09-28 03:38:51.158 -0300] INFO (84855): request completed
    route: "/v1/portal/identity/representations"
    method: "POST"
    status: 201
    duration_ms: 29
[2026-09-28 03:38:51.179 -0300] INFO (84855): request completed
    route: "/v1/portal/identity/representations"
    method: "POST"
    status: 400
    duration_ms: 19
[2026-09-28 03:38:51.202 -0300] INFO (84855): request completed
    route: "/v1/portal/identity/representations"
    method: "POST"
    status: 403
    duration_ms: 21
[2026-09-28 03:38:51.208 -0300] INFO (84855): request completed
    route: "/v1/portal/identity/representations"
    method: "GET"
    status: 200
    duration_ms: 5
[2026-09-28 03:38:51.231 -0300] INFO (84855): request completed
    route: "/v1/portal/identity/representations/c30af736-15d2-4391-ab26-4c9513433954"
    method: "DELETE"
    status: 200
    duration_ms: 21
[2026-09-28 03:38:51.239 -0300] INFO (84855): request completed
    route: "/v1/portal/identity/me"
    method: "GET"
    status: 200
    duration_ms: 8
[2026-09-28 03:38:51.255 -0300] INFO (84855): request completed
    route: "/v1/portal/identity/representations/aaa43136-568b-43da-8795-7cd878199a69"
    method: "DELETE"
    status: 404
    duration_ms: 15
[2026-09-28 03:38:51.269 -0300] INFO (84855): request completed
    route: "/v1/portal/identity/preferences"
    method: "PUT"
    status: 428
    duration_ms: 12
[2026-09-28 03:38:51.282 -0300] INFO (84855): request completed
    route: "/v1/portal/identity/preferences"
    method: "PUT"
    status: 422
    duration_ms: 12
[2026-09-28 03:38:51.291 -0300] INFO (84855): request completed
    route: "/v1/portal/requests"
    method: "POST"
    status: 400
    duration_ms: 8
[2026-09-28 03:38:51.317 -0300] INFO (84855): request completed
    route: "/v1/portal/requests"
    method: "POST"
    status: 201
    duration_ms: 25
[2026-09-28 03:38:51.338 -0300] INFO (84855): request completed
    route: "/v1/portal/requests"
    method: "POST"
    status: 201
    duration_ms: 18
[2026-09-28 03:38:51.348 -0300] INFO (84855): request completed
    route: "/v1/portal/requests"
    method: "POST"
    status: 409
    duration_ms: 9
[2026-09-28 03:38:51.378 -0300] INFO (84855): request completed
    route: "/v1/portal/requests/bd3673ab-efc9-46f6-a030-54d81a561440/withdraw"
    method: "POST"
    status: 200
    duration_ms: 28
[2026-09-28 03:38:51.389 -0300] INFO (84855): request completed
    route: "/v1/portal/requests"
    method: "POST"
    status: 422
    duration_ms: 8
[2026-09-28 03:38:51.399 -0300] INFO (84855): request completed
    route: "/v1/portal/requests"
    method: "POST"
    status: 422
    duration_ms: 9
[2026-09-28 03:38:51.408 -0300] INFO (84855): request completed
    route: "/v1/portal/requests"
    method: "POST"
    status: 404
    duration_ms: 8
[2026-09-28 03:38:51.417 -0300] INFO (84855): request completed
    route: "/v1/portal/requests"
    method: "POST"
    status: 404
    duration_ms: 8
[2026-09-28 03:38:51.434 -0300] INFO (84855): request completed
    route: "/v1/portal/requests"
    method: "POST"
    status: 201
    duration_ms: 16
[2026-09-28 03:38:51.453 -0300] INFO (84855): request completed
    route: "/v1/portal/requests/e7f578fa-51f1-4c90-aab1-4153570978ef/draft"
    method: "PUT"
    status: 428
    duration_ms: 17
[2026-09-28 03:38:51.478 -0300] INFO (84855): request completed
    route: "/v1/portal/requests/e7f578fa-51f1-4c90-aab1-4153570978ef/draft"
    method: "PUT"
    status: 200
    duration_ms: 22
[2026-09-28 03:38:51.504 -0300] INFO (84855): request completed
    route: "/v1/portal/requests/e7f578fa-51f1-4c90-aab1-4153570978ef/submit"
    method: "POST"
    status: 200
    duration_ms: 25
[2026-09-28 03:38:51.527 -0300] INFO (84855): request completed
    route: "/v1/portal/requests"
    method: "GET"
    status: 200
    duration_ms: 20
[2026-09-28 03:38:51.535 -0300] INFO (84855): request completed
    route: "/v1/portal/requests?state=INVENTADO"
    method: "GET"
    status: 400
    duration_ms: 4
[2026-09-28 03:38:51.546 -0300] INFO (84855): request completed
    route: "/v1/portal/requests/e7f578fa-51f1-4c90-aab1-4153570978ef"
    method: "GET"
    status: 200
    duration_ms: 10
[2026-09-28 03:38:51.567 -0300] INFO (84855): request completed
    route: "/v1/portal/requests/e7f578fa-51f1-4c90-aab1-4153570978ef/evaluation"
    method: "POST"
    status: 201
    duration_ms: 19
[2026-09-28 03:38:51.576 -0300] INFO (84855): request completed
    route: "/v1/portal/requests/e7f578fa-51f1-4c90-aab1-4153570978ef/evaluation"
    method: "POST"
    status: 409
    duration_ms: 8
[2026-09-28 03:38:51.596 -0300] INFO (84855): request completed
    route: "/v1/portal/requests"
    method: "POST"
    status: 201
    duration_ms: 18
[2026-09-28 03:38:51.619 -0300] INFO (84855): request completed
    route: "/v1/portal/requests/35f92dc6-7150-44ed-a30f-8efc88eb182d/draft"
    method: "PUT"
    status: 200
    duration_ms: 21
[2026-09-28 03:38:51.629 -0300] INFO (84855): request completed
    route: "/v1/portal/requests/35f92dc6-7150-44ed-a30f-8efc88eb182d/submit"
    method: "POST"
    status: 403
    duration_ms: 9
[2026-09-28 03:38:51.636 -0300] INFO (84855): request completed
    route: "/v1/portal/requests/35f92dc6-7150-44ed-a30f-8efc88eb182d"
    method: "GET"
    status: 200
    duration_ms: 6
[2026-09-28 03:38:51.725 -0300] INFO (84855): request completed
    route: "/v1/portal/requests/35f92dc6-7150-44ed-a30f-8efc88eb182d/submit"
    method: "POST"
    status: 200
    duration_ms: 88
[2026-09-28 03:38:51.735 -0300] INFO (84855): request completed
    route: "/v1/portal/sne/enrollment"
    method: "GET"
    status: 200
    duration_ms: 7
[2026-09-28 03:38:51.741 -0300] INFO (84855): request completed
    route: "/v1/portal/requests/35f92dc6-7150-44ed-a30f-8efc88eb182d"
    method: "GET"
    status: 404
    duration_ms: 5
[2026-09-28 03:38:52.011 -0300] INFO (84855): request completed
    route: "/v1/portal/requests"
    method: "POST"
    status: 201
    duration_ms: 140
[2026-09-28 03:38:52.034 -0300] INFO (84855): request completed
    route: "/v1/portal/requests/0e345eb4-de45-4e6d-ac1e-ceaad3564303/submit"
    method: "POST"
    status: 502
    duration_ms: 22
[2026-09-28 03:38:52.044 -0300] INFO (84855): request completed
    route: "/v1/portal/requests/0e345eb4-de45-4e6d-ac1e-ceaad3564303"
    method: "GET"
    status: 200
    duration_ms: 9
[2026-09-28 03:38:52.055 -0300] INFO (84855): request completed
    route: "/v1/portal/requests/0e345eb4-de45-4e6d-ac1e-ceaad3564303/submit"
    method: "POST"
    status: 502
    duration_ms: 10
[2026-09-28 03:38:52.065 -0300] INFO (84855): request completed
    route: "/v1/portal/requests/0e345eb4-de45-4e6d-ac1e-ceaad3564303/submit"
    method: "POST"
    status: 409
    duration_ms: 9
[2026-09-28 03:38:52.088 -0300] INFO (84855): request completed
    route: "/v1/portal/requests"
    method: "POST"
    status: 201
    duration_ms: 15
[2026-09-28 03:38:52.113 -0300] INFO (84855): request completed
    route: "/v1/portal/requests/cf8e7798-1a6b-4efd-98db-c66b91fde3d7/withdraw"
    method: "POST"
    status: 200
    duration_ms: 24
[2026-09-28 03:38:52.120 -0300] INFO (84855): request completed
    route: "/v1/portal/requests/35f92dc6-7150-44ed-a30f-8efc88eb182d"
    method: "GET"
    status: 200
    duration_ms: 6
[2026-09-28 03:38:52.137 -0300] INFO (84855): request completed
    route: "/v1/portal/requests/35f92dc6-7150-44ed-a30f-8efc88eb182d/withdraw"
    method: "POST"
    status: 409
    duration_ms: 16
[2026-09-28 03:38:52.156 -0300] INFO (84855): request completed
    route: "/v1/portal/requests"
    method: "POST"
    status: 201
    duration_ms: 18
[2026-09-28 03:38:52.175 -0300] INFO (84855): request completed
    route: "/v1/portal/requests/c6692dcc-cc06-43cf-a707-417bb86e5f1d/withdraw"
    method: "POST"
    status: 400
    duration_ms: 17
[2026-09-28 03:38:52.199 -0300] INFO (84855): request completed
    route: "/v1/portal/requests/c6692dcc-cc06-43cf-a707-417bb86e5f1d/withdraw"
    method: "POST"
    status: 200
    duration_ms: 23
[2026-09-28 03:38:52.205 -0300] INFO (84855): request completed
    route: "/v1/portal/requests/e7f578fa-51f1-4c90-aab1-4153570978ef"
    method: "GET"
    status: 404
    duration_ms: 5
[2026-09-28 03:38:52.210 -0300] INFO (84855): request completed
    route: "/v1/portal/requests/e7f578fa-51f1-4c90-aab1-4153570978ef/receipt"
    method: "GET"
    status: 422
    duration_ms: 5
[2026-09-28 03:38:52.227 -0300] INFO (84855): request completed
    route: "/v1/portal/requests"
    method: "POST"
    status: 201
    duration_ms: 16
[2026-09-28 03:38:52.232 -0300] INFO (84855): request completed
    route: "/v1/portal/requests/8f05960d-72e7-4a03-9ec6-0fca8a465baa/receipt"
    method: "GET"
    status: 404
    duration_ms: 5
[2026-09-28 03:38:52.238 -0300] INFO (84855): request completed
    route: "/v1/portal/requests/e7f578fa-51f1-4c90-aab1-4153570978ef/decision"
    method: "GET"
    status: 404
    duration_ms: 5
[2026-09-28 03:38:52.258 -0300] INFO (84855): request completed
    route: "/v1/portal/requests/8f05960d-72e7-4a03-9ec6-0fca8a465baa/attachments"
    method: "POST"
    status: 422
    duration_ms: 19
[2026-09-28 03:38:52.279 -0300] INFO (84855): request completed
    route: "/v1/portal/requests/8f05960d-72e7-4a03-9ec6-0fca8a465baa/withdraw"
    method: "POST"
    status: 200
    duration_ms: 20
[2026-09-28 03:38:52.289 -0300] INFO (84855): request completed
    route: "/v1/portal/requests/35f92dc6-7150-44ed-a30f-8efc88eb182d/diligences/82e3751a-a43c-4db8-84ff-cf8ad7ad0c1e/responses"
    method: "POST"
    status: 422
    duration_ms: 9
[2026-09-28 03:38:52.296 -0300] INFO (84855): request completed
    route: "/v1/portal/requests/35f92dc6-7150-44ed-a30f-8efc88eb182d/diligences/3189b27b-46a1-4af9-a633-27546035f91f/responses"
    method: "POST"
    status: 400
    duration_ms: 6
[2026-09-28 03:38:52.298 -0300] INFO (84855): request completed
    route: "/v1/portal/requests"
    method: "POST"
    status: 403
    duration_ms: 1
[2026-09-28 03:38:52.299 -0300] INFO (84855): request completed
    route: "/v1/portal/requests"
    method: "GET"
    status: 403
    duration_ms: 0
[2026-09-28 03:38:53.986 -0300] INFO (84864): request completed
    route: "/v1/est/crash/victims/00000000-0000-7000-8000-0000a3000001"
    method: "GET"
    status: 400
    duration_ms: 10
[2026-09-28 03:38:54.159 -0300] INFO (84864): request completed
    route: "/v1/est/crash/victims/00000000-0000-7000-8000-0000a3000001?purpose=revisao%20do%20atendimento%20de%20sinistro"
    method: "GET"
    status: 200
    duration_ms: 170
[2026-09-28 03:38:54.186 -0300] INFO (84864): request completed
    route: "/v1/est/crash/victims"
    method: "GET"
    status: 400
    duration_ms: 1
[2026-09-28 03:38:54.200 -0300] INFO (84864): request completed
    route: "/v1/est/crash/victims?purpose=consulta%20de%20vitimas%20do%20sinistro"
    method: "GET"
    status: 200
    duration_ms: 13
[2026-09-28 03:38:55.970 -0300] INFO (84870): request completed
    route: "/v1/portal/identity/me"
    method: "GET"
    status: 200
    duration_ms: 144
[2026-09-28 03:38:55.986 -0300] INFO (84870): request completed
    route: "/v1/portal/identity/me"
    method: "GET"
    status: 200
    duration_ms: 13
[2026-09-28 03:38:56.005 -0300] INFO (84870): request completed
    route: "/v1/portal/stream"
    method: "GET"
    status: 403
    duration_ms: 0
[2026-09-28 03:38:56.007 -0300] INFO (84870): request completed
    route: "/v1/portal/stream"
    method: "GET"
    status: 403
    duration_ms: 1
[2026-09-28 03:38:56.986 -0300] INFO (84870): request completed
    request_id: "01a0e6bc-efc3-7bf4-b329-3d7bbf56fedc"
    tenant_id: "00000000-0000-7000-8000-000000000001"
    actor_id: "00000000-0000-4000-8000-000000000002"
    route: "/v1/portal/stream"
    method: "GET"
    status: 204
    duration_ms: 25
[2026-09-28 03:38:59.035 -0300] INFO (84878): request completed
    route: "/v1/portal/identity/me"
    method: "GET"
    status: 200
    duration_ms: 142
[2026-09-28 03:38:59.049 -0300] INFO (84878): request completed
    route: "/v1/portal/identity/me"
    method: "GET"
    status: 200
    duration_ms: 11
[2026-09-28 03:38:59.059 -0300] INFO (84878): request completed
    route: "/v1/portal/identity/me"
    method: "GET"
    status: 200
    duration_ms: 9
[2026-09-28 03:38:59.088 -0300] INFO (84878): request completed
    route: "/v1/portal/aits"
    method: "GET"
    status: 200
    duration_ms: 13
[2026-09-28 03:38:59.098 -0300] INFO (84878): request completed
    route: "/v1/portal/aits?status=em_recurso"
    method: "GET"
    status: 200
    duration_ms: 7
[2026-09-28 03:38:59.105 -0300] INFO (84878): request completed
    route: "/v1/portal/aits?vehicle=FIX2E02"
    method: "GET"
    status: 200
    duration_ms: 6
[2026-09-28 03:38:59.107 -0300] INFO (84878): request completed
    route: "/v1/portal/aits?status=xyz"
    method: "GET"
    status: 400
    duration_ms: 1
[2026-09-28 03:38:59.114 -0300] INFO (84878): request completed
    route: "/v1/portal/aits?page=2&pageSize=5"
    method: "GET"
    status: 200
    duration_ms: 6
[2026-09-28 03:38:59.121 -0300] INFO (84878): request completed
    route: "/v1/portal/aits"
    method: "GET"
    status: 200
    duration_ms: 6
[2026-09-28 03:38:59.129 -0300] INFO (84878): request completed
    route: "/v1/portal/aits/00000000-0000-7000-8000-0000f0000002"
    method: "GET"
    status: 404
    duration_ms: 6
[2026-09-28 03:38:59.131 -0300] INFO (84878): request completed
    route: "/v1/portal/aits/nao-uuid"
    method: "GET"
    status: 400
    duration_ms: 1
[2026-09-28 03:38:59.141 -0300] INFO (84878): request completed
    route: "/v1/portal/aits/00000000-0000-7000-8000-0000f0000002"
    method: "GET"
    status: 200
    duration_ms: 6
[2026-09-28 03:38:59.149 -0300] INFO (84878): request completed
    route: "/v1/portal/aits/00000000-0000-7000-8000-0000f0000001"
    method: "GET"
    status: 404
    duration_ms: 5
[2026-09-28 03:38:59.155 -0300] INFO (84878): request completed
    route: "/v1/portal/aits/00000000-0000-7000-8000-0000f0000002/points"
    method: "GET"
    status: 200
    duration_ms: 5
[2026-09-28 03:38:59.161 -0300] INFO (84878): request completed
    route: "/v1/portal/points-summary"
    method: "GET"
    status: 200
    duration_ms: 5
[2026-09-28 03:38:59.169 -0300] INFO (84878): request completed
    route: "/v1/portal/points-summary"
    method: "GET"
    status: 200
    duration_ms: 5
[2026-09-28 03:38:59.178 -0300] INFO (84878): request completed
    route: "/v1/portal/inbox"
    method: "GET"
    status: 200
    duration_ms: 8
[2026-09-28 03:38:59.184 -0300] INFO (84878): request completed
    route: "/v1/portal/inbox?kind=informativo"
    method: "GET"
    status: 200
    duration_ms: 5
[2026-09-28 03:38:59.190 -0300] INFO (84878): request completed
    route: "/v1/portal/inbox?read=false"
    method: "GET"
    status: 200
    duration_ms: 5
[2026-09-28 03:38:59.194 -0300] INFO (84878): request completed
    route: "/v1/portal/inbox?kind=xyz"
    method: "GET"
    status: 400
    duration_ms: 3
[2026-09-28 03:38:59.235 -0300] INFO (84878): request completed
    route: "/v1/portal/inbox/00000000-0000-7000-8000-000070c000e1/read"
    method: "POST"
    status: 200
    duration_ms: 36
[2026-09-28 03:38:59.256 -0300] INFO (84878): request completed
    route: "/v1/portal/inbox/00000000-0000-7000-8000-000070c000e1/read"
    method: "POST"
    status: 200
    duration_ms: 20
[2026-09-28 03:38:59.292 -0300] INFO (84878): request completed
    route: "/v1/portal/inbox/00000000-0000-7000-8000-000070c000e3/read"
    method: "POST"
    status: 404
    duration_ms: 23
[2026-09-28 03:38:59.300 -0300] INFO (84878): request completed
    route: "/v1/portal/sne/enrollment"
    method: "GET"
    status: 200
    duration_ms: 5
[2026-09-28 03:38:59.314 -0300] INFO (84878): request completed
    route: "/v1/portal/sne/enrollment"
    method: "POST"
    status: 422
    duration_ms: 13
[2026-09-28 03:38:59.339 -0300] INFO (84878): request completed
    route: "/v1/portal/sne/enrollment"
    method: "POST"
    status: 201
    duration_ms: 24
[2026-09-28 03:38:59.358 -0300] INFO (84878): request completed
    route: "/v1/portal/sne/enrollment"
    method: "POST"
    status: 409
    duration_ms: 16
[2026-09-28 03:38:59.382 -0300] INFO (84878): request completed
    route: "/v1/portal/sne/enrollment"
    method: "DELETE"
    status: 200
    duration_ms: 23
[2026-09-28 03:38:59.402 -0300] INFO (84878): request completed
    route: "/v1/portal/sne/enrollment"
    method: "DELETE"
    status: 409
    duration_ms: 19
[2026-09-28 03:38:59.413 -0300] INFO (84878): request completed
    route: "/v1/portal/sne/enrollment"
    method: "POST"
    status: 403
    duration_ms: 9
[2026-09-28 03:38:59.422 -0300] INFO (84878): request completed
    route: "/v1/portal/sne/enrollment"
    method: "POST"
    status: 400
    duration_ms: 7
[2026-09-28 03:38:59.442 -0300] INFO (84878): request completed
    route: "/v1/portal/push-subscriptions"
    method: "POST"
    status: 201
    duration_ms: 16
[2026-09-28 03:38:59.460 -0300] INFO (84878): request completed
    route: "/v1/portal/push-subscriptions"
    method: "POST"
    status: 201
    duration_ms: 15
[2026-09-28 03:38:59.473 -0300] INFO (84878): request completed
    route: "/v1/portal/push-subscriptions"
    method: "POST"
    status: 400
    duration_ms: 11
[2026-09-28 03:38:59.490 -0300] INFO (84878): request completed
    route: "/v1/portal/documents/cnh"
    method: "GET"
    status: 200
    duration_ms: 15
[2026-09-28 03:38:59.503 -0300] INFO (84878): request completed
    route: "/v1/portal/documents/cnh"
    method: "GET"
    status: 200
    duration_ms: 10
[2026-09-28 03:38:59.508 -0300] INFO (84878): request completed
    route: "/v1/portal/documents/cnh?documentBytes=true"
    method: "GET"
    status: 422
    duration_ms: 4
[2026-09-28 03:38:59.519 -0300] INFO (84878): request completed
    route: "/v1/portal/vehicles"
    method: "GET"
    status: 200
    duration_ms: 10
[2026-09-28 03:38:59.525 -0300] INFO (84878): request completed
    route: "/v1/portal/vehicles/24f2e90d-c39f-4a08-be38-121007c99ff7/clearance"
    method: "GET"
    status: 404
    duration_ms: 5
[2026-09-28 03:38:59.536 -0300] INFO (84878): request completed
    route: "/v1/portal/vehicles/00000000-0000-7000-8000-00007ff00001/clearance"
    method: "GET"
    status: 503
    duration_ms: 8
[2026-09-28 03:38:59.554 -0300] INFO (84878): request completed
    route: "/v1/portal/vehicles/00000000-0000-7000-8000-00007ff00001/crlv-e"
    method: "POST"
    status: 422
    duration_ms: 17
[2026-09-28 03:38:59.571 -0300] INFO (84878): request completed
    route: "/v1/portal/crashes"
    method: "GET"
    status: 200
    duration_ms: 8
[2026-09-28 03:38:59.579 -0300] INFO (84878): request completed
    route: "/v1/portal/exams"
    method: "GET"
    status: 200
    duration_ms: 8
[2026-09-28 03:38:59.586 -0300] INFO (84878): request completed
    route: "/v1/portal/crashes/00000000-0000-7000-8000-00007ff00003"
    method: "GET"
    status: 404
    duration_ms: 6
[2026-09-28 03:38:59.594 -0300] INFO (84878): request completed
    route: "/v1/portal/exams/00000000-0000-7000-8000-00007ff00002"
    method: "GET"
    status: 404
    duration_ms: 6
[2026-09-28 03:38:59.609 -0300] INFO (84878): request completed
    route: "/v1/portal/crashes/00000000-0000-7000-8000-00007ff00003"
    method: "GET"
    status: 200
    duration_ms: 9
[2026-09-28 03:38:59.626 -0300] INFO (84878): request completed
    route: "/v1/portal/exams/00000000-0000-7000-8000-00007ff00002"
    method: "GET"
    status: 200
    duration_ms: 15
[2026-09-28 03:38:59.639 -0300] INFO (84878): request completed
    route: "/v1/portal/crashes"
    method: "GET"
    status: 200
    duration_ms: 12
[2026-09-28 03:38:59.666 -0300] INFO (84878): request completed
    route: "/v1/portal/manifestations"
    method: "POST"
    status: 201
    duration_ms: 20
[2026-09-28 03:38:59.684 -0300] INFO (84878): request completed
    route: "/v1/portal/manifestations"
    method: "POST"
    status: 201
    duration_ms: 15
[2026-09-28 03:38:59.693 -0300] INFO (84878): request completed
    route: "/v1/portal/manifestations"
    method: "GET"
    status: 200
    duration_ms: 7
[2026-09-28 03:38:59.701 -0300] INFO (84878): request completed
    route: "/v1/portal/manifestations/399aac96-cc19-4b1d-a635-8b0e4e4b5d50"
    method: "GET"
    status: 200
    duration_ms: 6
[2026-09-28 03:38:59.708 -0300] INFO (84878): request completed
    route: "/v1/portal/manifestations"
    method: "POST"
    status: 400
    duration_ms: 6
[2026-09-28 03:38:59.725 -0300] INFO (84878): request completed
    route: "/v1/portal/manifestations"
    method: "POST"
    status: 201
    duration_ms: 16
[2026-09-28 03:38:59.733 -0300] INFO (84878): request completed
    route: "/v1/portal/manifestations"
    method: "POST"
    status: 400
    duration_ms: 6
[2026-09-28 03:38:59.736 -0300] INFO (84878): request completed
    route: "/v1/portal/manifestations"
    method: "GET"
    status: 403
    duration_ms: 0
[2026-09-28 03:38:59.757 -0300] INFO (84878): request completed
    route: "/v1/portal/manifestations/00000000-0000-7000-8000-000070700e01/acknowledge"
    method: "POST"
    status: 200
    duration_ms: 20
[2026-09-28 03:38:59.776 -0300] INFO (84878): request completed
    route: "/v1/portal/manifestations/00000000-0000-7000-8000-000070700e01/acknowledge"
    method: "POST"
    status: 409
    duration_ms: 18
[2026-09-28 03:38:59.795 -0300] INFO (84878): request completed
    route: "/v1/portal/evaluations"
    method: "POST"
    status: 201
    duration_ms: 17
[2026-09-28 03:38:59.807 -0300] INFO (84878): request completed
    route: "/v1/portal/evaluations"
    method: "POST"
    status: 409
    duration_ms: 9
[2026-09-28 03:38:59.817 -0300] INFO (84878): request completed
    route: "/v1/portal/evaluations"
    method: "POST"
    status: 409
    duration_ms: 7
[2026-09-28 03:38:59.834 -0300] INFO (84878): request completed
    route: "/v1/portal/evaluations"
    method: "POST"
    status: 201
    duration_ms: 16
[2026-09-28 03:38:59.844 -0300] INFO (84878): request completed
    route: "/v1/portal/evaluations"
    method: "POST"
    status: 404
    duration_ms: 8
[2026-09-28 03:38:59.853 -0300] INFO (84878): request completed
    route: "/v1/portal/service-charter/manifestar/deadline"
    method: "GET"
    status: 200
    duration_ms: 4
[2026-09-28 03:38:59.858 -0300] INFO (84878): request completed
    route: "/v1/portal/service-charter/nao_existe/deadline"
    method: "GET"
    status: 404
    duration_ms: 4
[2026-09-28 03:39:01.626 -0300] INFO (84884): request completed
    route: "/v1/portal/identity/me"
    method: "GET"
    status: 200
    duration_ms: 136
[2026-09-28 03:39:01.641 -0300] INFO (84884): request completed
    route: "/v1/portal/identity/me"
    method: "GET"
    status: 200
    duration_ms: 12
[2026-09-28 03:39:01.651 -0300] INFO (84884): request completed
    route: "/v1/portal/identity/me"
    method: "GET"
    status: 200
    duration_ms: 9
[2026-09-28 03:39:01.683 -0300] INFO (84884): request completed
    route: "/v1/portal/aits/00000000-0000-7000-8000-0000f0000002"
    method: "GET"
    status: 200
    duration_ms: 9
[2026-09-28 03:39:01.693 -0300] INFO (84884): request completed
    route: "/v1/portal/services/defesa_previa"
    method: "GET"
    status: 200
    duration_ms: 8
[2026-09-28 03:39:01.714 -0300] INFO (84884): request completed
    route: "/v1/portal/requests"
    method: "POST"
    status: 422
    duration_ms: 16
[2026-09-28 03:39:01.726 -0300] INFO (84884): request completed
    route: "/v1/portal/requests"
    method: "POST"
    status: 422
    duration_ms: 11
[2026-09-28 03:39:01.735 -0300] INFO (84884): request completed
    route: "/v1/portal/aits/00000000-0000-7000-8000-0000f0000002"
    method: "GET"
    status: 200
    duration_ms: 7
[2026-09-28 03:39:01.740 -0300] INFO (84884): request completed
    route: "/v1/portal/services/indicacao_condutor"
    method: "GET"
    status: 200
    duration_ms: 4
[2026-09-28 03:39:01.749 -0300] INFO (84884): request completed
    route: "/v1/portal/requests"
    method: "POST"
    status: 422
    duration_ms: 8
[2026-09-28 03:39:01.759 -0300] INFO (84884): request completed
    route: "/v1/portal/requests"
    method: "POST"
    status: 422
    duration_ms: 8
[2026-09-28 03:39:01.778 -0300] INFO (84884): request completed
    route: "/v1/portal/requests?state=PROTOCOLADO&kind=defesa_previa&periodFrom=2026-01-01&periodTo=2026-12-31"
    method: "GET"
    status: 200
    duration_ms: 18
[2026-09-28 03:39:01.791 -0300] INFO (84884): request completed
    route: "/v1/portal/requests/00000000-0000-7000-8000-000070400e09"
    method: "GET"
    status: 200
    duration_ms: 12
[2026-09-28 03:39:01.799 -0300] INFO (84884): request completed
    route: "/v1/portal/requests/00000000-0000-7000-8000-000070400e09/decision"
    method: "GET"
    status: 200
    duration_ms: 7
[2026-09-28 03:39:01.807 -0300] INFO (84884): request completed
    route: "/v1/portal/requests/00000000-0000-7000-8000-000070400e09"
    method: "GET"
    status: 200
    duration_ms: 7
[2026-09-28 03:39:01.817 -0300] INFO (84884): request completed
    route: "/v1/portal/requests"
    method: "POST"
    status: 422
    duration_ms: 9
[2026-09-28 03:39:01.825 -0300] INFO (84884): request completed
    route: "/v1/portal/aits?status=em_recurso&page=1"
    method: "GET"
    status: 200
    duration_ms: 7
[2026-09-28 03:39:01.832 -0300] INFO (84884): request completed
    route: "/v1/portal/aits/00000000-0000-7000-8000-0000f0000001"
    method: "GET"
    status: 200
    duration_ms: 6
[2026-09-28 03:39:01.838 -0300] INFO (84884): request completed
    route: "/v1/portal/aits/00000000-0000-7000-8000-0000f0000001/points"
    method: "GET"
    status: 200
    duration_ms: 5
[2026-09-28 03:39:01.844 -0300] INFO (84884): request completed
    route: "/v1/portal/points-summary"
    method: "GET"
    status: 200
    duration_ms: 5
[2026-09-28 03:39:01.850 -0300] INFO (84884): request completed
    route: "/v1/portal/sne/enrollment"
    method: "GET"
    status: 200
    duration_ms: 5
[2026-09-28 03:39:01.855 -0300] INFO (84884): request completed
    route: "/v1/portal/sne/enrollment"
    method: "GET"
    status: 200
    duration_ms: 4
[2026-09-28 03:39:01.861 -0300] INFO (84884): request completed
    route: "/v1/portal/sne/enrollment"
    method: "GET"
    status: 200
    duration_ms: 5
[2026-09-28 03:39:01.894 -0300] INFO (84884): request completed
    route: "/v1/portal/sne/enrollment"
    method: "DELETE"
    status: 200
    duration_ms: 32
[2026-09-28 03:39:01.916 -0300] INFO (84884): request completed
    route: "/v1/portal/sne/enrollment"
    method: "POST"
    status: 201
    duration_ms: 21
[2026-09-28 03:39:01.930 -0300] INFO (84884): request completed
    route: "/v1/portal/sne/enrollment"
    method: "POST"
    status: 409
    duration_ms: 13
[2026-09-28 03:39:01.942 -0300] INFO (84884): request completed
    route: "/v1/portal/sne/enrollment"
    method: "POST"
    status: 201
    duration_ms: 11
[2026-09-28 03:39:01.950 -0300] INFO (84884): request completed
    route: "/v1/portal/sne/enrollment"
    method: "POST"
    status: 409
    duration_ms: 7
[2026-09-28 03:39:01.973 -0300] INFO (84884): request completed
    route: "/v1/portal/documents/cnh"
    method: "GET"
    status: 200
    duration_ms: 22
[2026-09-28 03:39:02.007 -0300] INFO (84884): request completed
    route: "/v1/portal/vehicles"
    method: "GET"
    status: 200
    duration_ms: 31
[2026-09-28 03:39:02.017 -0300] INFO (84884): request completed
    route: "/v1/portal/vehicles/00000000-0000-7000-8000-00007ff00001/clearance"
    method: "GET"
    status: 503
    duration_ms: 9
[2026-09-28 03:39:02.055 -0300] INFO (84884): request completed
    route: "/v1/portal/vehicles/00000000-0000-7000-8000-00007ff00001/crlv-e"
    method: "POST"
    status: 422
    duration_ms: 37
[2026-09-28 03:39:02.065 -0300] INFO (84884): request completed
    route: "/v1/portal/documents/cnh"
    method: "GET"
    status: 200
    duration_ms: 9
[2026-09-28 03:39:02.075 -0300] INFO (84884): request completed
    route: "/v1/portal/documents/cnh"
    method: "GET"
    status: 200
    duration_ms: 9
[2026-09-28 03:39:02.085 -0300] INFO (84884): request completed
    route: "/v1/portal/vehicles"
    method: "GET"
    status: 200
    duration_ms: 9
[2026-09-28 03:39:02.098 -0300] INFO (84884): request completed
    route: "/v1/portal/crashes"
    method: "GET"
    status: 200
    duration_ms: 10
[2026-09-28 03:39:02.109 -0300] INFO (84884): request completed
    route: "/v1/portal/crashes/00000000-0000-7000-8000-00007ff00003"
    method: "GET"
    status: 200
    duration_ms: 9
[2026-09-28 03:39:02.120 -0300] INFO (84884): request completed
    route: "/v1/portal/crashes"
    method: "GET"
    status: 200
    duration_ms: 8
[2026-09-28 03:39:02.129 -0300] INFO (84884): request completed
    route: "/v1/portal/exams"
    method: "GET"
    status: 200
    duration_ms: 8
[2026-09-28 03:39:02.138 -0300] INFO (84884): request completed
    route: "/v1/portal/exams/00000000-0000-7000-8000-00007ff00002"
    method: "GET"
    status: 200
    duration_ms: 8
[2026-09-28 03:39:02.147 -0300] INFO (84884): request completed
    route: "/v1/portal/requests"
    method: "POST"
    status: 404
    duration_ms: 8
[2026-09-28 03:39:02.156 -0300] INFO (84884): request completed
    route: "/v1/portal/exams"
    method: "GET"
    status: 200
    duration_ms: 8
[2026-09-28 03:39:02.173 -0300] INFO (84884): request completed
    route: "/v1/portal/manifestations"
    method: "POST"
    status: 201
    duration_ms: 16
[2026-09-28 03:39:02.187 -0300] INFO (84884): request completed
    route: "/v1/portal/manifestations"
    method: "POST"
    status: 201
    duration_ms: 13
[2026-09-28 03:39:02.203 -0300] INFO (84884): request completed
    route: "/v1/portal/manifestations"
    method: "POST"
    status: 201
    duration_ms: 15
[2026-09-28 03:39:02.223 -0300] INFO (84884): request completed
    route: "/v1/portal/evaluations"
    method: "POST"
    status: 201
    duration_ms: 16
[2026-09-28 03:39:02.239 -0300] INFO (84884): request completed
    route: "/v1/portal/manifestations"
    method: "POST"
    status: 201
    duration_ms: 15
[2026-09-28 03:39:02.246 -0300] INFO (84884): request completed
    route: "/v1/portal/aits/00000000-0000-7000-8000-0000f0000005"
    method: "GET"
    status: 200
    duration_ms: 5
[2026-09-28 03:39:02.257 -0300] INFO (84884): request completed
    route: "/v1/portal/requests"
    method: "POST"
    status: 422
    duration_ms: 8
[2026-09-28 03:39:02.276 -0300] INFO (84884): request completed
    route: "/v1/portal/requests/00000000-0000-7000-8000-000070400e99/draft"
    method: "PUT"
    status: 404
    duration_ms: 18
[2026-09-28 03:39:02.288 -0300] INFO (84884): request completed
    route: "/v1/portal/requests/00000000-0000-7000-8000-000070400e99/submit"
    method: "POST"
    status: 404
    duration_ms: 9
[2026-09-28 03:39:02.299 -0300] INFO (84884): request completed
    route: "/v1/portal/requests"
    method: "POST"
    status: 422
    duration_ms: 8
[2026-09-28 03:39:02.311 -0300] INFO (84884): request completed
    route: "/v1/portal/requests"
    method: "POST"
    status: 422
    duration_ms: 9
[2026-09-28 03:39:02.327 -0300] INFO (84884): request completed
    route: "/v1/portal/identity/me"
    method: "GET"
    status: 200
    duration_ms: 11
[2026-09-28 03:39:02.338 -0300] INFO (84884): request completed
    route: "/v1/portal/requests"
    method: "POST"
    status: 422
    duration_ms: 9
[2026-09-28 03:39:02.348 -0300] INFO (84884): request completed
    route: "/v1/portal/requests"
    method: "POST"
    status: 422
    duration_ms: 8
[2026-09-28 03:39:02.358 -0300] INFO (84884): request completed
    route: "/v1/portal/requests"
    method: "POST"
    status: 422
    duration_ms: 9
[2026-09-28 03:39:02.368 -0300] INFO (84884): request completed
    route: "/v1/portal/identity/me"
    method: "GET"
    status: 200
    duration_ms: 8
[2026-09-28 03:39:04.145 -0300] INFO (84894): request completed
    route: "/v1/portal/identity/me"
    method: "GET"
    status: 200
    duration_ms: 142
[2026-09-28 03:39:04.160 -0300] INFO (84894): request completed
    route: "/v1/portal/identity/me"
    method: "GET"
    status: 200
    duration_ms: 12
[2026-09-28 03:39:04.170 -0300] INFO (84894): request completed
    route: "/v1/portal/identity/me"
    method: "GET"
    status: 200
    duration_ms: 9
[2026-09-28 03:39:04.207 -0300] INFO (84894): request completed
    route: "/v1/portal/documents/cnh"
    method: "GET"
    status: 503
    duration_ms: 14
[2026-09-28 03:39:04.475 -0300] INFO (84894): request completed
    route: "/v1/portal/identity/me"
    method: "GET"
    status: 200
    duration_ms: 128
[2026-09-28 03:39:04.497 -0300] INFO (84894): request completed
    route: "/v1/portal/sne/enrollment"
    method: "POST"
    status: 503
    duration_ms: 15
[2026-09-28 03:39:06.271 -0300] INFO (84900): request completed
    route: "/v1/portal/identity/me"
    method: "GET"
    status: 200
    duration_ms: 137
[2026-09-28 03:39:06.286 -0300] INFO (84900): request completed
    route: "/v1/portal/identity/me"
    method: "GET"
    status: 200
    duration_ms: 12
[2026-09-28 03:39:06.296 -0300] INFO (84900): request completed
    route: "/v1/portal/identity/me"
    method: "GET"
    status: 200
    duration_ms: 9
[2026-09-28 03:39:06.340 -0300] INFO (84900): request completed
    route: "/v1/portal/documents/cnh"
    method: "GET"
    status: 200
    duration_ms: 21
[2026-09-28 03:39:06.356 -0300] INFO (84900): request completed
    route: "/v1/portal/documents/cnh"
    method: "GET"
    status: 200
    duration_ms: 14
[2026-09-28 03:39:06.403 -0300] INFO (84900): request completed
    route: "/v1/portal/sne/enrollment"
    method: "POST"
    status: 201
    duration_ms: 37
[2026-09-28 03:39:06.416 -0300] INFO (84900): request completed
    route: "/v1/portal/sne/enrollment"
    method: "GET"
    status: 200
    duration_ms: 5
[2026-09-28 03:39:06.421 -0300] INFO (84900): request completed
    route: "/v1/portal/sne/enrollment"
    method: "GET"
    status: 200
    duration_ms: 4
[2026-09-28 03:39:06.432 -0300] INFO (84900): request completed
    route: "/v1/portal/sne/enrollment"
    method: "POST"
    status: 400
    duration_ms: 9
[2026-09-28 03:39:06.455 -0300] INFO (84900): request completed
    route: "/v1/portal/sne/enrollment"
    method: "POST"
    status: 201
    duration_ms: 19
[2026-09-28 03:39:06.466 -0300] INFO (84900): request completed
    route: "/v1/portal/sne/enrollment"
    method: "POST"
    status: 201
    duration_ms: 10
[2026-09-28 03:39:06.474 -0300] INFO (84900): request completed
    route: "/v1/portal/sne/enrollment"
    method: "POST"
    status: 409
    duration_ms: 7
[2026-09-28 03:39:06.488 -0300] INFO (84900): request completed
    route: "/v1/portal/push-subscriptions"
    method: "POST"
    status: 201
    duration_ms: 12
[2026-09-28 03:39:06.499 -0300] INFO (84900): request completed
    route: "/v1/portal/push-subscriptions"
    method: "POST"
    status: 201
    duration_ms: 10
[2026-09-28 03:39:06.507 -0300] INFO (84900): request completed
    route: "/v1/portal/push-subscriptions"
    method: "POST"
    status: 409
    duration_ms: 7
[2026-09-28 03:39:06.517 -0300] INFO (84900): request completed
    route: "/v1/portal/documents/cnh"
    method: "GET"
    status: 200
    duration_ms: 9
[2026-09-28 03:39:06.538 -0300] INFO (84900): request completed
    route: "/v1/portal/vehicles"
    method: "GET"
    status: 200
    duration_ms: 20
[2026-09-28 03:39:06.553 -0300] INFO (84900): request completed
    route: "/v1/portal/vehicles/00000000-0000-7000-8000-00007ff00001/clearance"
    method: "GET"
    status: 503
    duration_ms: 11
[2026-09-28 03:39:06.576 -0300] INFO (84900): request completed
    route: "/v1/portal/vehicles/00000000-0000-7000-8000-00007ff00001/crlv-e"
    method: "POST"
    status: 422
    duration_ms: 22
[2026-09-28 03:39:06.591 -0300] INFO (84900): request completed
    route: "/v1/portal/push-subscriptions"
    method: "POST"
    status: 201
    duration_ms: 12
[2026-09-28 03:39:06.604 -0300] INFO (84900): request completed
    route: "/v1/portal/push-subscriptions"
    method: "POST"
    status: 201
    duration_ms: 11
[2026-09-28 03:39:06.624 -0300] INFO (84900): request completed
    route: "/v1/portal/push-subscriptions"
    method: "POST"
    status: 201
    duration_ms: 15
[2026-09-28 03:39:06.639 -0300] INFO (84900): request completed
    route: "/v1/portal/documents/cnh"
    method: "GET"
    status: 200
    duration_ms: 13
[2026-09-28 03:39:06.651 -0300] INFO (84900): request completed
    route: "/v1/portal/documents/cnh"
    method: "GET"
    status: 200
    duration_ms: 10
[2026-09-28 03:39:06.662 -0300] INFO (84900): request completed
    route: "/v1/portal/documents/cnh"
    method: "GET"
    status: 200
    duration_ms: 10
[2026-09-28 03:39:06.673 -0300] INFO (84900): request completed
    route: "/v1/portal/vehicles"
    method: "GET"
    status: 200
    duration_ms: 9
[2026-09-28 03:39:06.681 -0300] INFO (84900): request completed
    route: "/v1/portal/vehicles/a1204f2f-07f6-551a-9e82-0e28038d3049/clearance"
    method: "GET"
    status: 503
    duration_ms: 7
[2026-09-28 03:39:08.277 -0300] INFO (84905): request completed
    route: "/v1/portal/identity/me"
    method: "GET"
    status: 403
    duration_ms: 6
[2026-09-28 03:39:08.418 -0300] INFO (84905): request completed
    route: "/v1/portal/identity/me"
    method: "GET"
    status: 200
    duration_ms: 138
[2026-09-28 03:39:08.432 -0300] INFO (84905): request completed
    route: "/v1/portal/identity/me"
    method: "GET"
    status: 200
    duration_ms: 11
[2026-09-28 03:39:08.460 -0300] INFO (84905): request completed
    route: "/v1/portal/identity/me"
    method: "GET"
    status: 200
    duration_ms: 11
[2026-09-28 03:39:08.470 -0300] INFO (84905): request completed
    route: "/v1/portal/identity/me"
    method: "GET"
    status: 200
    duration_ms: 9
[2026-09-28 03:39:08.486 -0300] INFO (84905): request completed
    route: "/v1/portal/identity/me"
    method: "GET"
    status: 200
    duration_ms: 10
[2026-09-28 03:39:08.489 -0300] INFO (84905): request completed
    route: "/v1/portal/identity/me"
    method: "GET"
    status: 403
    duration_ms: 1
[2026-09-28 03:39:08.490 -0300] INFO (84905): request completed
    route: "/v1/portal/identity/me"
    method: "GET"
    status: 403
    duration_ms: 0
[2026-09-28 03:39:08.501 -0300] INFO (84905): request completed
    route: "/v1/portal/identity/me"
    method: "GET"
    status: 200
    duration_ms: 10
[2026-09-28 03:39:08.513 -0300] INFO (84905): request completed
    route: "/v1/portal/brand"
    method: "GET"
    status: 200
    duration_ms: 4
[2026-09-28 03:39:08.522 -0300] INFO (84905): request completed
    route: "/v1/portal/services"
    method: "GET"
    status: 200
    duration_ms: 7
[2026-09-28 03:39:08.528 -0300] INFO (84905): request completed
    route: "/v1/portal/services/manifestar"
    method: "GET"
    status: 200
    duration_ms: 5
[2026-09-28 03:39:08.534 -0300] INFO (84905): request completed
    route: "/v1/portal/services/nao_existe"
    method: "GET"
    status: 404
    duration_ms: 5
[2026-09-28 03:39:08.540 -0300] INFO (84905): request completed
    route: "/v1/portal/brand"
    method: "GET"
    status: 200
    duration_ms: 5
[2026-09-28 03:39:08.541 -0300] INFO (84905): request completed
    route: "/v1/portal/brand"
    method: "GET"
    status: 421
    duration_ms: 0
[2026-09-28 03:39:08.542 -0300] INFO (84905): request completed
    route: "/v1/portal/brand"
    method: "GET"
    status: 403
    duration_ms: 0
[2026-09-28 03:39:08.547 -0300] INFO (84905): request completed
    route: "/v1/portal/brand"
    method: "GET"
    status: 200
    duration_ms: 4
[2026-09-28 03:39:10.294 -0300] INFO (84911): request completed
    route: "/v1/portal/identity/me"
    method: "GET"
    status: 200
    duration_ms: 141
[2026-09-28 03:39:10.334 -0300] INFO (84911): request completed
    route: "/v1/portal/crashes"
    method: "GET"
    status: 200
    duration_ms: 12
[2026-09-28 03:39:12.047 -0300] INFO (84916): request completed
    route: "/v1/ch/admin/process-parameters/e2e.a109b4df-4177-4a68-921d-6fd208f48749"
    method: "PUT"
    status: 200
    duration_ms: 156
[2026-09-28 03:39:12.061 -0300] INFO (84916): request completed
    route: "/v1/ch/admin/process-parameters/e2e.a109b4df-4177-4a68-921d-6fd208f48749"
    method: "PUT"
    status: 200
    duration_ms: 10
[2026-09-28 03:39:12.067 -0300] INFO (84916): request completed
    route: "/v1/ch/admin/process-parameters/e2e.a109b4df-4177-4a68-921d-6fd208f48749"
    method: "PUT"
    status: 422
    duration_ms: 5
[2026-09-28 03:39:13.689 -0300] INFO (84917): request completed
    route: "/v1/ops/agency/units"
    method: "GET"
    status: 200
    duration_ms: 93
[2026-09-28 03:39:13.703 -0300] INFO (84917): request completed
    route: "/v1/ops/agency/jurisdictions"
    method: "GET"
    status: 200
    duration_ms: 10
[2026-09-28 03:39:13.710 -0300] INFO (84917): request completed
    route: "/v1/ops/agency/competences"
    method: "GET"
    status: 200
    duration_ms: 6
[2026-09-28 03:39:13.717 -0300] INFO (84917): request completed
    route: "/v1/ops/field/agents"
    method: "GET"
    status: 200
    duration_ms: 6
[2026-09-28 03:39:13.723 -0300] INFO (84917): request completed
    route: "/v1/ops/field/shifts"
    method: "GET"
    status: 200
    duration_ms: 5
[2026-09-28 03:39:13.731 -0300] INFO (84917): request completed
    route: "/v1/ops/snapshots/people"
    method: "GET"
    status: 200
    duration_ms: 7
[2026-09-28 03:39:13.739 -0300] INFO (84917): request completed
    route: "/v1/ops/evidence/evidence"
    method: "GET"
    status: 200
    duration_ms: 7
[2026-09-28 03:39:13.746 -0300] INFO (84917): request completed
    route: "/v1/ops/offline-sync/sync-queue-items"
    method: "GET"
    status: 200
    duration_ms: 6
[2026-09-28 03:39:13.752 -0300] INFO (84917): request completed
    route: "/v1/ops/agency/units"
    method: "GET"
    status: 200
    duration_ms: 5
[2026-09-28 03:39:17.113 -0300] INFO (84928): request completed
    route: "/v1/inf/rait/sessions/00000000-0000-7000-8000-000030000003/commands/close-agenda"
    method: "POST"
    status: 400
    duration_ms: 88
[2026-09-28 03:39:17.130 -0300] INFO (84928): request completed
    route: "/v1/inf/rait/sessions/00000000-0000-7000-8000-000030000003/commands/open"
    method: "POST"
    status: 400
    duration_ms: 10
[2026-09-28 03:39:17.137 -0300] INFO (84928): request completed
    route: "/v1/inf/rait/sessions/00000000-0000-7000-8000-000030000003/commands/adjourn"
    method: "POST"
    status: 400
    duration_ms: 4
[2026-09-28 03:39:17.144 -0300] INFO (84928): request completed
    route: "/v1/inf/rait/sessions/00000000-0000-7000-8000-000030000003/commands/convene-extraordinary"
    method: "POST"
    status: 400
    duration_ms: 4
[2026-09-28 03:39:17.148 -0300] INFO (84928): request completed
    route: "/v1/inf/rait/agenda-items/00000000-0000-7000-8000-000031000002/commands/read"
    method: "POST"
    status: 403
    duration_ms: 1
[2026-09-28 03:39:17.151 -0300] INFO (84928): request completed
    route: "/v1/inf/rait/agenda-items/00000000-0000-7000-8000-000031000002/commands/view"
    method: "POST"
    status: 403
    duration_ms: 1
[2026-09-28 03:39:17.158 -0300] INFO (84928): request completed
    route: "/v1/inf/rait/agenda-items/00000000-0000-7000-8000-000031000002/commands/withdraw"
    method: "POST"
    status: 400
    duration_ms: 5

 Test Files  37 passed (37)
      Tests  1681 passed | 3 todo (1684)
   Start at  03:37:38
   Duration  106.17s (transform 3.51s, setup 0ms, import 26.72s, tests 76.39s, environment 2ms)


> @detran/ops-agency@0.0.1 test:e2e /Users/aarusso/.codex/worktrees/stynx-canonical/detran/backend/domains/ops/agency
> DETRAN_TEST_TIER=e2e vitest run --config vitest.config.ts


 RUN  v4.1.11 /Users/aarusso/.codex/worktrees/stynx-canonical/detran/backend/domains/ops/agency

No test files found, exiting with code 0

include: tests/e2e/**/*.e2e.spec.ts
exclude:  **/node_modules/**, **/.git/**


> @detran/ops-field@0.0.1 test:e2e /Users/aarusso/.codex/worktrees/stynx-canonical/detran/backend/domains/ops/field
> DETRAN_TEST_TIER=e2e vitest run --config vitest.config.ts


 RUN  v4.1.11 /Users/aarusso/.codex/worktrees/stynx-canonical/detran/backend/domains/ops/field

No test files found, exiting with code 0

include: tests/e2e/**/*.e2e.spec.ts
exclude:  **/node_modules/**, **/.git/**


> @detran/ops-snapshots@0.0.1 test:e2e /Users/aarusso/.codex/worktrees/stynx-canonical/detran/backend/domains/ops/snapshots
> DETRAN_TEST_TIER=e2e vitest run --config vitest.config.ts


 RUN  v4.1.11 /Users/aarusso/.codex/worktrees/stynx-canonical/detran/backend/domains/ops/snapshots

No test files found, exiting with code 0

include: tests/e2e/**/*.e2e.spec.ts
exclude:  **/node_modules/**, **/.git/**


> @detran/ops-evidence@0.0.1 test:e2e /Users/aarusso/.codex/worktrees/stynx-canonical/detran/backend/domains/ops/evidence
> DETRAN_TEST_TIER=e2e vitest run --config vitest.config.ts


 RUN  v4.1.11 /Users/aarusso/.codex/worktrees/stynx-canonical/detran/backend/domains/ops/evidence

No test files found, exiting with code 0

include: tests/e2e/**/*.e2e.spec.ts
exclude:  **/node_modules/**, **/.git/**


> @detran/ops-offline-sync@0.0.1 test:e2e /Users/aarusso/.codex/worktrees/stynx-canonical/detran/backend/domains/ops/offline-sync
> DETRAN_TEST_TIER=e2e vitest run --config vitest.config.ts


 RUN  v4.1.11 /Users/aarusso/.codex/worktrees/stynx-canonical/detran/backend/domains/ops/offline-sync

No test files found, exiting with code 0

include: tests/e2e/**/*.e2e.spec.ts
exclude:  **/node_modules/**, **/.git/**


> @detran/ops-provisioning@0.0.1 test:e2e /Users/aarusso/.codex/worktrees/stynx-canonical/detran/backend/domains/ops/provisioning
> DETRAN_TEST_TIER=e2e vitest run --config vitest.config.ts


 RUN  v4.1.11 /Users/aarusso/.codex/worktrees/stynx-canonical/detran/backend/domains/ops/provisioning


 Test Files  1 passed (1)
      Tests  10 passed (10)
   Start at  03:39:27
   Duration  3.58s (transform 96ms, setup 0ms, import 479ms, tests 3.02s, environment 0ms)


> @detran/inf-ait@0.0.1 test:e2e /Users/aarusso/.codex/worktrees/stynx-canonical/detran/backend/domains/inf/ait
> DETRAN_TEST_TIER=e2e vitest run --config vitest.config.ts


 RUN  v4.1.11 /Users/aarusso/.codex/worktrees/stynx-canonical/detran/backend/domains/inf/ait


 Test Files  1 passed (1)
      Tests  1 passed (1)
   Start at  03:39:31
   Duration  906ms (transform 202ms, setup 0ms, import 608ms, tests 216ms, environment 0ms)


> @detran/portal-identity@0.0.1 test:e2e /Users/aarusso/.codex/worktrees/stynx-canonical/detran/backend/domains/portal/identity
> DETRAN_TEST_TIER=e2e vitest run --config vitest.config.ts


 RUN  v4.1.11 /Users/aarusso/.codex/worktrees/stynx-canonical/detran/backend/domains/portal/identity

No test files found, exiting with code 0

include: tests/e2e/**/*.e2e.spec.ts
exclude:  **/node_modules/**, **/.git/**


> @detran/portal-requests@0.0.1 test:e2e /Users/aarusso/.codex/worktrees/stynx-canonical/detran/backend/domains/portal/requests
> DETRAN_TEST_TIER=e2e vitest run --config vitest.config.ts


 RUN  v4.1.11 /Users/aarusso/.codex/worktrees/stynx-canonical/detran/backend/domains/portal/requests

No test files found, exiting with code 0

include: tests/e2e/**/*.e2e.spec.ts
exclude:  **/node_modules/**, **/.git/**


> @detran/portal-inbox@0.0.1 test:e2e /Users/aarusso/.codex/worktrees/stynx-canonical/detran/backend/domains/portal/inbox
> DETRAN_TEST_TIER=e2e vitest run --config vitest.config.ts


 RUN  v4.1.11 /Users/aarusso/.codex/worktrees/stynx-canonical/detran/backend/domains/portal/inbox

No test files found, exiting with code 0

include: tests/e2e/**/*.e2e.spec.ts
exclude:  **/node_modules/**, **/.git/**


> @detran/portal-citizen-service@0.0.1 test:e2e /Users/aarusso/.codex/worktrees/stynx-canonical/detran/backend/domains/portal/citizen-service
> DETRAN_TEST_TIER=e2e vitest run --config vitest.config.ts


 RUN  v4.1.11 /Users/aarusso/.codex/worktrees/stynx-canonical/detran/backend/domains/portal/citizen-service

No test files found, exiting with code 0

include: tests/e2e/**/*.e2e.spec.ts
exclude:  **/node_modules/**, **/.git/**


> @detran/portal-projections@0.0.1 test:e2e /Users/aarusso/.codex/worktrees/stynx-canonical/detran/backend/domains/portal/projections
> DETRAN_TEST_TIER=e2e vitest run --config vitest.config.ts


 RUN  v4.1.11 /Users/aarusso/.codex/worktrees/stynx-canonical/detran/backend/domains/portal/projections

No test files found, exiting with code 0

include: tests/e2e/**/*.e2e.spec.ts
exclude:  **/node_modules/**, **/.git/**


> @detran/dashboard-monitor@0.0.1 test:e2e /Users/aarusso/.codex/worktrees/stynx-canonical/detran/backend/domains/dashboard/monitor
> DETRAN_TEST_TIER=e2e vitest run --config vitest.config.ts


 RUN  v4.1.11 /Users/aarusso/.codex/worktrees/stynx-canonical/detran/backend/domains/dashboard/monitor

No test files found, exiting with code 0

include: tests/e2e/**/*.e2e.spec.ts
exclude:  **/node_modules/**, **/.git/**


> detran@0.0.1 backend:test:upgrade /Users/aarusso/.codex/worktrees/stynx-canonical/detran
> pnpm --filter @detran/inf-rait-case test:integration --passWithNoTests=false tests/integration/rait-priority-upgrade.integration.spec.ts


> @detran/inf-rait-case@0.0.1 test:integration /Users/aarusso/.codex/worktrees/stynx-canonical/detran/backend/domains/inf/rait-case
> DETRAN_TEST_TIER=integration vitest run --config vitest.config.ts "--passWithNoTests=false" "tests/integration/rait-priority-upgrade.integration.spec.ts"


 RUN  v4.1.11 /Users/aarusso/.codex/worktrees/stynx-canonical/detran/backend/domains/inf/rait-case


 Test Files  1 passed (1)
      Tests  21 passed (21)
   Start at  03:39:35
   Duration  64.82s (transform 37ms, setup 0ms, import 48ms, tests 64.69s, environment 0ms)
