
> detran@0.0.1 backend:test:ci /Users/aarusso/.codex/worktrees/stynx-canonical/detran
> node backend/database/tests/run-backend-ci.mjs


> detran@0.0.1 backend:test:unit /Users/aarusso/.codex/worktrees/stynx-canonical/detran
> pnpm --filter @detran/shared test && pnpm --filter @detran/est-crash test:unit && pnpm --filter @detran/sefaz-adapter test:unit && pnpm --filter @detran/portal-complaints test:unit && pnpm --filter @detran/ch-clinical-network test:unit && pnpm --filter @detran/ch-patients test:unit && pnpm --filter @detran/ch-encounters test:unit && pnpm --filter @detran/ch-biometrics test:unit && pnpm --filter @detran/ch-exams test:unit && pnpm --filter @detran/ch-clinical-controls test:unit && pnpm --filter @detran/ch-inconsistencies test:unit && pnpm --filter @detran/ch-operational-controls test:unit && pnpm --filter @detran/ch-clinical-reports test:unit && pnpm --filter @detran/ch-process-blocks test:unit && pnpm --filter @detran/ch-telehealth test:unit && pnpm --filter @detran/ch-billing test:unit && pnpm --filter @detran/ch-scheduling test:unit && pnpm --filter @detran/ch-restrictions test:unit && pnpm --filter @detran/ch-retention test:unit && pnpm --filter @detran/inf-normative test:unit && pnpm --filter @detran/inf-ait test:unit && pnpm --filter @detran/inf-measures test:unit && pnpm --filter @detran/inf-alcohol test:unit && pnpm --filter @detran/inf-rait-case test:unit && pnpm --filter @detran/inf-rait-worklist test:unit && pnpm --filter @detran/inf-rait-session test:unit && pnpm --filter @detran/inf-speed test:unit && pnpm --filter @detran/ops-parameter test:unit && pnpm --filter @detran/ops-agency test:unit && pnpm --filter @detran/ops-field test:unit && pnpm --filter @detran/ops-snapshots test:unit && pnpm --filter @detran/ops-evidence test:unit && pnpm --filter @detran/ops-offline-sync test:unit && pnpm --filter @detran/ops-provisioning test:unit && pnpm --filter @detran/app test:unit && pnpm --filter @detran/inf-deadlines test && pnpm --filter @detran/inf-infraction test:unit && pnpm --filter @detran/inf-notification test:unit && pnpm --filter @detran/inf-collection test:unit && pnpm --filter @detran/inf-rait-org test:unit && pnpm --filter @detran/inf-rait-integration test:unit && pnpm --filter @detran/portal-identity test:unit && pnpm --filter @detran/portal-requests test:unit && pnpm --filter @detran/portal-inbox test:unit && pnpm --filter @detran/portal-citizen-service test:unit && pnpm --filter @detran/portal-projections test:unit && pnpm --filter @detran/dashboard-monitor test:unit


> @detran/shared@0.0.1 test /Users/aarusso/.codex/worktrees/stynx-canonical/detran/backend/domains/shared
> vitest run --config vitest.config.ts


 RUN  v4.1.11 /Users/aarusso/.codex/worktrees/stynx-canonical/detran/backend/domains/shared


 Test Files  14 passed (14)
      Tests  432 passed (432)
   Start at  01:19:53
   Duration  995ms (transform 737ms, setup 0ms, import 2.00s, tests 1.79s, environment 1ms)


> @detran/est-crash@0.0.1 test:unit /Users/aarusso/.codex/worktrees/stynx-canonical/detran/backend/domains/est/crash
> DETRAN_TEST_TIER=unit vitest run --config vitest.config.ts


 RUN  v4.1.11 /Users/aarusso/.codex/worktrees/stynx-canonical/detran/backend/domains/est/crash


 Test Files  1 passed (1)
      Tests  1 passed (1)
   Start at  01:19:55
   Duration  144ms (transform 42ms, setup 0ms, import 54ms, tests 2ms, environment 0ms)


> @detran/sefaz-adapter@0.0.1 test:unit /Users/aarusso/.codex/worktrees/stynx-canonical/detran/packages/sefaz-adapter
> vitest run --config vitest.config.ts


 RUN  v4.1.11 /Users/aarusso/.codex/worktrees/stynx-canonical/detran/packages/sefaz-adapter


 Test Files  2 passed (2)
      Tests  11 passed (11)
   Start at  01:19:56
   Duration  215ms (transform 25ms, setup 0ms, import 41ms, tests 6ms, environment 0ms)


> @detran/portal-complaints@0.0.1 test:unit /Users/aarusso/.codex/worktrees/stynx-canonical/detran/backend/domains/portal/complaints
> DETRAN_TEST_TIER=unit vitest run --config vitest.config.ts


 RUN  v4.1.11 /Users/aarusso/.codex/worktrees/stynx-canonical/detran/backend/domains/portal/complaints


 Test Files  1 passed (1)
      Tests  5 passed (5)
   Start at  01:19:57
   Duration  571ms (transform 87ms, setup 0ms, import 478ms, tests 4ms, environment 0ms)


> @detran/ch-clinical-network@0.0.1 test:unit /Users/aarusso/.codex/worktrees/stynx-canonical/detran/backend/domains/ch/clinical-network
> DETRAN_TEST_TIER=unit vitest run --config vitest.config.ts


 RUN  v4.1.11 /Users/aarusso/.codex/worktrees/stynx-canonical/detran/backend/domains/ch/clinical-network


 Test Files  1 passed (1)
      Tests  8 passed (8)
   Start at  01:19:58
   Duration  565ms (transform 95ms, setup 0ms, import 473ms, tests 6ms, environment 0ms)


> @detran/ch-patients@0.0.1 test:unit /Users/aarusso/.codex/worktrees/stynx-canonical/detran/backend/domains/ch/patients
> DETRAN_TEST_TIER=unit vitest run --config vitest.config.ts


 RUN  v4.1.11 /Users/aarusso/.codex/worktrees/stynx-canonical/detran/backend/domains/ch/patients

No test files found, exiting with code 0

include: src/**/*.spec.ts, tests/unit/**/*.spec.ts
exclude:  **/node_modules/**, **/.git/**


> @detran/ch-encounters@0.0.1 test:unit /Users/aarusso/.codex/worktrees/stynx-canonical/detran/backend/domains/ch/encounters
> DETRAN_TEST_TIER=unit vitest run --config vitest.config.ts


 RUN  v4.1.11 /Users/aarusso/.codex/worktrees/stynx-canonical/detran/backend/domains/ch/encounters


 Test Files  1 passed (1)
      Tests  11 passed (11)
   Start at  01:20:00
   Duration  552ms (transform 86ms, setup 0ms, import 460ms, tests 5ms, environment 0ms)


> @detran/ch-biometrics@0.0.1 test:unit /Users/aarusso/.codex/worktrees/stynx-canonical/detran/backend/domains/ch/biometrics
> DETRAN_TEST_TIER=unit vitest run --config vitest.config.ts


 RUN  v4.1.11 /Users/aarusso/.codex/worktrees/stynx-canonical/detran/backend/domains/ch/biometrics


 Test Files  2 passed (2)
      Tests  12 passed (12)
   Start at  01:20:01
   Duration  668ms (transform 98ms, setup 0ms, import 485ms, tests 11ms, environment 0ms)


> @detran/ch-exams@0.0.1 test:unit /Users/aarusso/.codex/worktrees/stynx-canonical/detran/backend/domains/ch/exams
> DETRAN_TEST_TIER=unit vitest run --config vitest.config.ts


 RUN  v4.1.11 /Users/aarusso/.codex/worktrees/stynx-canonical/detran/backend/domains/ch/exams


 Test Files  1 passed (1)
      Tests  12 passed (12)
   Start at  01:20:02
   Duration  549ms (transform 80ms, setup 0ms, import 460ms, tests 4ms, environment 0ms)


> @detran/ch-clinical-controls@0.0.1 test:unit /Users/aarusso/.codex/worktrees/stynx-canonical/detran/backend/domains/ch/clinical-controls
> DETRAN_TEST_TIER=unit vitest run --config vitest.config.ts


 RUN  v4.1.11 /Users/aarusso/.codex/worktrees/stynx-canonical/detran/backend/domains/ch/clinical-controls


 Test Files  1 passed (1)
      Tests  5 passed (5)
   Start at  01:20:03
   Duration  541ms (transform 81ms, setup 0ms, import 449ms, tests 4ms, environment 0ms)


> @detran/ch-inconsistencies@0.0.1 test:unit /Users/aarusso/.codex/worktrees/stynx-canonical/detran/backend/domains/ch/inconsistencies
> DETRAN_TEST_TIER=unit vitest run --config vitest.config.ts


 RUN  v4.1.11 /Users/aarusso/.codex/worktrees/stynx-canonical/detran/backend/domains/ch/inconsistencies


 Test Files  1 passed (1)
      Tests  7 passed (7)
   Start at  01:20:05
   Duration  551ms (transform 86ms, setup 0ms, import 459ms, tests 4ms, environment 0ms)


> @detran/ch-operational-controls@0.0.1 test:unit /Users/aarusso/.codex/worktrees/stynx-canonical/detran/backend/domains/ch/operational-controls
> DETRAN_TEST_TIER=unit vitest run --config vitest.config.ts


 RUN  v4.1.11 /Users/aarusso/.codex/worktrees/stynx-canonical/detran/backend/domains/ch/operational-controls


 Test Files  1 passed (1)
      Tests  6 passed (6)
   Start at  01:20:06
   Duration  548ms (transform 87ms, setup 0ms, import 459ms, tests 4ms, environment 0ms)


> @detran/ch-clinical-reports@0.0.1 test:unit /Users/aarusso/.codex/worktrees/stynx-canonical/detran/backend/domains/ch/clinical-reports
> DETRAN_TEST_TIER=unit vitest run --config vitest.config.ts


 RUN  v4.1.11 /Users/aarusso/.codex/worktrees/stynx-canonical/detran/backend/domains/ch/clinical-reports


 Test Files  5 passed (5)
      Tests  34 passed (34)
   Start at  01:20:07
   Duration  1.82s (transform 116ms, setup 0ms, import 1.36s, tests 30ms, environment 0ms)


> @detran/ch-process-blocks@0.0.1 test:unit /Users/aarusso/.codex/worktrees/stynx-canonical/detran/backend/domains/ch/process-blocks
> DETRAN_TEST_TIER=unit vitest run --config vitest.config.ts


 RUN  v4.1.11 /Users/aarusso/.codex/worktrees/stynx-canonical/detran/backend/domains/ch/process-blocks


 Test Files  1 passed (1)
      Tests  5 passed (5)
   Start at  01:20:10
   Duration  543ms (transform 83ms, setup 0ms, import 450ms, tests 4ms, environment 0ms)


> @detran/ch-telehealth@0.0.1 test:unit /Users/aarusso/.codex/worktrees/stynx-canonical/detran/backend/domains/ch/telehealth
> DETRAN_TEST_TIER=unit vitest run --config vitest.config.ts


 RUN  v4.1.11 /Users/aarusso/.codex/worktrees/stynx-canonical/detran/backend/domains/ch/telehealth


 Test Files  1 passed (1)
      Tests  4 passed (4)
   Start at  01:20:11
   Duration  556ms (transform 84ms, setup 0ms, import 466ms, tests 4ms, environment 0ms)


> @detran/ch-billing@0.0.1 test:unit /Users/aarusso/.codex/worktrees/stynx-canonical/detran/backend/domains/ch/billing
> DETRAN_TEST_TIER=unit vitest run --config vitest.config.ts


 RUN  v4.1.11 /Users/aarusso/.codex/worktrees/stynx-canonical/detran/backend/domains/ch/billing


 Test Files  1 passed (1)
      Tests  13 passed (13)
   Start at  01:20:12
   Duration  567ms (transform 89ms, setup 0ms, import 472ms, tests 5ms, environment 0ms)


> @detran/ch-scheduling@0.0.1 test:unit /Users/aarusso/.codex/worktrees/stynx-canonical/detran/backend/domains/ch/scheduling
> DETRAN_TEST_TIER=unit vitest run --config vitest.config.ts


 RUN  v4.1.11 /Users/aarusso/.codex/worktrees/stynx-canonical/detran/backend/domains/ch/scheduling


 Test Files  1 passed (1)
      Tests  7 passed (7)
   Start at  01:20:13
   Duration  565ms (transform 83ms, setup 0ms, import 471ms, tests 5ms, environment 0ms)


> @detran/ch-restrictions@0.0.1 test:unit /Users/aarusso/.codex/worktrees/stynx-canonical/detran/backend/domains/ch/restrictions
> DETRAN_TEST_TIER=unit vitest run --config vitest.config.ts


 RUN  v4.1.11 /Users/aarusso/.codex/worktrees/stynx-canonical/detran/backend/domains/ch/restrictions


 Test Files  1 passed (1)
      Tests  3 passed (3)
   Start at  01:20:14
   Duration  549ms (transform 82ms, setup 0ms, import 461ms, tests 3ms, environment 0ms)


> @detran/ch-retention@0.0.1 test:unit /Users/aarusso/.codex/worktrees/stynx-canonical/detran/backend/domains/ch/retention
> DETRAN_TEST_TIER=unit vitest run --config vitest.config.ts


 RUN  v4.1.11 /Users/aarusso/.codex/worktrees/stynx-canonical/detran/backend/domains/ch/retention


 Test Files  1 passed (1)
      Tests  5 passed (5)
   Start at  01:20:16
   Duration  568ms (transform 90ms, setup 0ms, import 475ms, tests 4ms, environment 0ms)


> @detran/inf-normative@0.0.1 test:unit /Users/aarusso/.codex/worktrees/stynx-canonical/detran/backend/domains/inf/normative
> DETRAN_TEST_TIER=unit vitest run --config vitest.config.ts


 RUN  v4.1.11 /Users/aarusso/.codex/worktrees/stynx-canonical/detran/backend/domains/inf/normative


 Test Files  7 passed (7)
      Tests  23 passed (23)
   Start at  01:20:17
   Duration  2.65s (transform 137ms, setup 0ms, import 482ms, tests 1.59s, environment 0ms)


> @detran/inf-ait@0.0.1 test:unit /Users/aarusso/.codex/worktrees/stynx-canonical/detran/backend/domains/inf/ait
> DETRAN_TEST_TIER=unit vitest run --config vitest.config.ts


 RUN  v4.1.11 /Users/aarusso/.codex/worktrees/stynx-canonical/detran/backend/domains/inf/ait


 Test Files  8 passed (8)
      Tests  312 passed (312)
   Start at  01:20:20
   Duration  3.68s (transform 133ms, setup 0ms, import 2.92s, tests 87ms, environment 0ms)


> @detran/inf-measures@0.0.1 test:unit /Users/aarusso/.codex/worktrees/stynx-canonical/detran/backend/domains/inf/measures
> DETRAN_TEST_TIER=unit vitest run --config vitest.config.ts


 RUN  v4.1.11 /Users/aarusso/.codex/worktrees/stynx-canonical/detran/backend/domains/inf/measures


 Test Files  12 passed (12)
      Tests  134 passed (134)
   Start at  01:20:25
   Duration  4.72s (transform 190ms, setup 0ms, import 569ms, tests 3.15s, environment 1ms)


> @detran/inf-alcohol@0.0.1 test:unit /Users/aarusso/.codex/worktrees/stynx-canonical/detran/backend/domains/inf/alcohol
> DETRAN_TEST_TIER=unit vitest run --config vitest.config.ts


 RUN  v4.1.11 /Users/aarusso/.codex/worktrees/stynx-canonical/detran/backend/domains/inf/alcohol


 Test Files  9 passed (9)
      Tests  127 passed (127)
   Start at  01:20:30
   Duration  3.84s (transform 151ms, setup 0ms, import 572ms, tests 2.50s, environment 0ms)


> @detran/inf-rait-case@0.0.1 test:unit /Users/aarusso/.codex/worktrees/stynx-canonical/detran/backend/domains/inf/rait-case
> DETRAN_TEST_TIER=unit vitest run --config vitest.config.ts


 RUN  v4.1.11 /Users/aarusso/.codex/worktrees/stynx-canonical/detran/backend/domains/inf/rait-case


 Test Files  7 passed (7)
      Tests  156 passed (156)
   Start at  01:20:34
   Duration  3.48s (transform 306ms, setup 0ms, import 901ms, tests 1.97s, environment 1ms)


> @detran/inf-rait-worklist@0.0.1 test:unit /Users/aarusso/.codex/worktrees/stynx-canonical/detran/backend/domains/inf/rait-worklist
> DETRAN_TEST_TIER=unit vitest run --config vitest.config.ts


 RUN  v4.1.11 /Users/aarusso/.codex/worktrees/stynx-canonical/detran/backend/domains/inf/rait-worklist


 Test Files  5 passed (5)
      Tests  78 passed (78)
   Start at  01:20:39
   Duration  2.53s (transform 337ms, setup 0ms, import 73ms, tests 2.02s, environment 0ms)


> @detran/inf-rait-session@0.0.1 test:unit /Users/aarusso/.codex/worktrees/stynx-canonical/detran/backend/domains/inf/rait-session
> DETRAN_TEST_TIER=unit vitest run --config vitest.config.ts


 RUN  v4.1.11 /Users/aarusso/.codex/worktrees/stynx-canonical/detran/backend/domains/inf/rait-session


 Test Files  3 passed (3)
      Tests  39 passed (39)
   Start at  01:20:42
   Duration  1.91s (transform 326ms, setup 0ms, import 868ms, tests 777ms, environment 0ms)


> @detran/inf-speed@0.0.1 test:unit /Users/aarusso/.codex/worktrees/stynx-canonical/detran/backend/domains/inf/speed
> DETRAN_TEST_TIER=unit vitest run --config vitest.config.ts


 RUN  v4.1.11 /Users/aarusso/.codex/worktrees/stynx-canonical/detran/backend/domains/inf/speed


 Test Files  1 passed (1)
      Tests  5 passed (5)
   Start at  01:20:44
   Duration  571ms (transform 82ms, setup 0ms, import 29ms, tests 453ms, environment 0ms)


> @detran/ops-parameter@0.0.1 test:unit /Users/aarusso/.codex/worktrees/stynx-canonical/detran/backend/domains/ops/parameter
> DETRAN_TEST_TIER=unit vitest run --config vitest.config.ts


 RUN  v4.1.11 /Users/aarusso/.codex/worktrees/stynx-canonical/detran/backend/domains/ops/parameter

[Nest] 93052  - 28/09/2026, 01:20:46    WARN [StynxErrorFilter] RAIT.VERSION_CONFLICT

 Test Files  1 passed (1)
      Tests  57 passed (57)
   Start at  01:20:45
   Duration  609ms (transform 105ms, setup 0ms, import 475ms, tests 43ms, environment 0ms)


> @detran/ops-agency@0.0.1 test:unit /Users/aarusso/.codex/worktrees/stynx-canonical/detran/backend/domains/ops/agency
> DETRAN_TEST_TIER=unit vitest run --config vitest.config.ts


 RUN  v4.1.11 /Users/aarusso/.codex/worktrees/stynx-canonical/detran/backend/domains/ops/agency

No test files found, exiting with code 0

include: src/**/*.spec.ts, tests/unit/**/*.spec.ts
exclude:  **/node_modules/**, **/.git/**


> @detran/ops-field@0.0.1 test:unit /Users/aarusso/.codex/worktrees/stynx-canonical/detran/backend/domains/ops/field
> DETRAN_TEST_TIER=unit vitest run --config vitest.config.ts


 RUN  v4.1.11 /Users/aarusso/.codex/worktrees/stynx-canonical/detran/backend/domains/ops/field


 Test Files  2 passed (2)
      Tests  54 passed (54)
   Start at  01:20:47
   Duration  1.18s (transform 125ms, setup 0ms, import 467ms, tests 537ms, environment 0ms)


> @detran/ops-snapshots@0.0.1 test:unit /Users/aarusso/.codex/worktrees/stynx-canonical/detran/backend/domains/ops/snapshots
> DETRAN_TEST_TIER=unit vitest run --config vitest.config.ts


 RUN  v4.1.11 /Users/aarusso/.codex/worktrees/stynx-canonical/detran/backend/domains/ops/snapshots


 Test Files  2 passed (2)
      Tests  12 passed (12)
   Start at  01:20:49
   Duration  762ms (transform 112ms, setup 0ms, import 67ms, tests 507ms, environment 0ms)


> @detran/ops-evidence@0.0.1 test:unit /Users/aarusso/.codex/worktrees/stynx-canonical/detran/backend/domains/ops/evidence
> DETRAN_TEST_TIER=unit vitest run --config vitest.config.ts


 RUN  v4.1.11 /Users/aarusso/.codex/worktrees/stynx-canonical/detran/backend/domains/ops/evidence


 Test Files  8 passed (8)
      Tests  45 passed (45)
   Start at  01:20:51
   Duration  3.93s (transform 181ms, setup 0ms, import 525ms, tests 2.71s, environment 0ms)


> @detran/ops-offline-sync@0.0.1 test:unit /Users/aarusso/.codex/worktrees/stynx-canonical/detran/backend/domains/ops/offline-sync
> DETRAN_TEST_TIER=unit vitest run --config vitest.config.ts


 RUN  v4.1.11 /Users/aarusso/.codex/worktrees/stynx-canonical/detran/backend/domains/ops/offline-sync


 Test Files  2 passed (2)
      Tests  33 passed (33)
   Start at  01:20:55
   Duration  1.21s (transform 136ms, setup 0ms, import 460ms, tests 572ms, environment 0ms)


> @detran/ops-provisioning@0.0.1 test:unit /Users/aarusso/.codex/worktrees/stynx-canonical/detran/backend/domains/ops/provisioning
> DETRAN_TEST_TIER=unit vitest run --config vitest.config.ts


 RUN  v4.1.11 /Users/aarusso/.codex/worktrees/stynx-canonical/detran/backend/domains/ops/provisioning


 Test Files  1 passed (1)
      Tests  7 passed (7)
   Start at  01:20:57
   Duration  616ms (transform 102ms, setup 0ms, import 526ms, tests 4ms, environment 0ms)


> @detran/app@0.0.1 test:unit /Users/aarusso/.codex/worktrees/stynx-canonical/detran/backend/app
> DETRAN_TEST_TIER=unit vitest run


 RUN  v4.1.11 /Users/aarusso/.codex/worktrees/stynx-canonical/detran/backend/app

[Nest] 94317  - 28/09/2026, 01:21:13     LOG [PecSefazService] [sefaz] validatePayment ref=DAR-1 correlationId=correlation-1
[Nest] 94317  - 28/09/2026, 01:21:13     LOG [PecSefazService] [sefaz] validatePayment ref=DAR-2 correlationId=n/a

 Test Files  24 passed (24)
      Tests  125 passed (125)
   Start at  01:20:58
   Duration  15.98s (transform 3.60s, setup 0ms, import 12.10s, tests 1.75s, environment 1ms)


> @detran/inf-deadlines@0.0.1 test /Users/aarusso/.codex/worktrees/stynx-canonical/detran/backend/domains/inf/deadlines
> vitest run --config vitest.config.ts


 RUN  v4.1.11 /Users/aarusso/.codex/worktrees/stynx-canonical/detran/backend/domains/inf/deadlines


 Test Files  1 passed (1)
      Tests  23 passed (23)
   Start at  01:21:15
   Duration  182ms (transform 66ms, setup 0ms, import 83ms, tests 10ms, environment 0ms)


> @detran/inf-infraction@0.0.1 test:unit /Users/aarusso/.codex/worktrees/stynx-canonical/detran/backend/domains/inf/infraction
> DETRAN_TEST_TIER=unit vitest run --config vitest.config.ts


 RUN  v4.1.11 /Users/aarusso/.codex/worktrees/stynx-canonical/detran/backend/domains/inf/infraction


 Test Files  3 passed (3)
      Tests  94 passed (94)
   Start at  01:21:16
   Duration  1.73s (transform 130ms, setup 0ms, import 1.43s, tests 34ms, environment 0ms)


> @detran/inf-notification@0.0.1 test:unit /Users/aarusso/.codex/worktrees/stynx-canonical/detran/backend/domains/inf/notification
> DETRAN_TEST_TIER=unit vitest run --config vitest.config.ts


 RUN  v4.1.11 /Users/aarusso/.codex/worktrees/stynx-canonical/detran/backend/domains/inf/notification


 Test Files  1 passed (1)
      Tests  7 passed (7)
   Start at  01:21:18
   Duration  165ms (transform 52ms, setup 0ms, import 68ms, tests 4ms, environment 0ms)


> @detran/inf-collection@0.0.1 test:unit /Users/aarusso/.codex/worktrees/stynx-canonical/detran/backend/domains/inf/collection
> DETRAN_TEST_TIER=unit vitest run --config vitest.config.ts


 RUN  v4.1.11 /Users/aarusso/.codex/worktrees/stynx-canonical/detran/backend/domains/inf/collection


 Test Files  2 passed (2)
      Tests  10 passed (10)
   Start at  01:21:19
   Duration  745ms (transform 127ms, setup 0ms, import 555ms, tests 16ms, environment 0ms)


> @detran/inf-rait-org@0.0.1 test:unit /Users/aarusso/.codex/worktrees/stynx-canonical/detran/backend/domains/inf/rait-org
> DETRAN_TEST_TIER=unit vitest run --config vitest.config.ts


 RUN  v4.1.11 /Users/aarusso/.codex/worktrees/stynx-canonical/detran/backend/domains/inf/rait-org


 Test Files  1 passed (1)
      Tests  2 passed (2)
   Start at  01:21:20
   Duration  615ms (transform 113ms, setup 0ms, import 522ms, tests 4ms, environment 0ms)


> @detran/inf-rait-integration@0.0.1 test:unit /Users/aarusso/.codex/worktrees/stynx-canonical/detran/backend/domains/inf/rait-integration
> DETRAN_TEST_TIER=unit vitest run --config vitest.config.ts


 RUN  v4.1.11 /Users/aarusso/.codex/worktrees/stynx-canonical/detran/backend/domains/inf/rait-integration


 Test Files  1 passed (1)
      Tests  1 passed (1)
   Start at  01:21:22
   Duration  590ms (transform 89ms, setup 0ms, import 497ms, tests 2ms, environment 0ms)


> @detran/portal-identity@0.0.1 test:unit /Users/aarusso/.codex/worktrees/stynx-canonical/detran/backend/domains/portal/identity
> DETRAN_TEST_TIER=unit vitest run --config vitest.config.ts


 RUN  v4.1.11 /Users/aarusso/.codex/worktrees/stynx-canonical/detran/backend/domains/portal/identity


 Test Files  3 passed (3)
      Tests  49 passed (49)
   Start at  01:21:23
   Duration  1.75s (transform 151ms, setup 0ms, import 1.46s, tests 13ms, environment 0ms)


> @detran/portal-requests@0.0.1 test:unit /Users/aarusso/.codex/worktrees/stynx-canonical/detran/backend/domains/portal/requests
> DETRAN_TEST_TIER=unit vitest run --config vitest.config.ts


 RUN  v4.1.11 /Users/aarusso/.codex/worktrees/stynx-canonical/detran/backend/domains/portal/requests


 Test Files  4 passed (4)
      Tests  97 passed | 7 todo (104)
   Start at  01:21:25
   Duration  2.47s (transform 284ms, setup 0ms, import 2.04s, tests 70ms, environment 0ms)


> @detran/portal-inbox@0.0.1 test:unit /Users/aarusso/.codex/worktrees/stynx-canonical/detran/backend/domains/portal/inbox
> DETRAN_TEST_TIER=unit vitest run --config vitest.config.ts


 RUN  v4.1.11 /Users/aarusso/.codex/worktrees/stynx-canonical/detran/backend/domains/portal/inbox


 Test Files  1 passed (1)
      Tests  13 passed (13)
   Start at  01:21:28
   Duration  963ms (transform 358ms, setup 0ms, import 854ms, tests 17ms, environment 0ms)


> @detran/portal-citizen-service@0.0.1 test:unit /Users/aarusso/.codex/worktrees/stynx-canonical/detran/backend/domains/portal/citizen-service
> DETRAN_TEST_TIER=unit vitest run --config vitest.config.ts


 RUN  v4.1.11 /Users/aarusso/.codex/worktrees/stynx-canonical/detran/backend/domains/portal/citizen-service


 Test Files  2 passed (2)
      Tests  78 passed (78)
   Start at  01:21:30
   Duration  1.45s (transform 329ms, setup 0ms, import 1.25s, tests 30ms, environment 0ms)


> @detran/portal-projections@0.0.1 test:unit /Users/aarusso/.codex/worktrees/stynx-canonical/detran/backend/domains/portal/projections
> DETRAN_TEST_TIER=unit vitest run --config vitest.config.ts


 RUN  v4.1.11 /Users/aarusso/.codex/worktrees/stynx-canonical/detran/backend/domains/portal/projections


 Test Files  5 passed (5)
      Tests  32 passed | 1 todo (33)
   Start at  01:21:32
   Duration  3.03s (transform 282ms, setup 0ms, import 2.53s, tests 65ms, environment 0ms)


> @detran/dashboard-monitor@0.0.1 test:unit /Users/aarusso/.codex/worktrees/stynx-canonical/detran/backend/domains/dashboard/monitor
> DETRAN_TEST_TIER=unit vitest run --config vitest.config.ts


 RUN  v4.1.11 /Users/aarusso/.codex/worktrees/stynx-canonical/detran/backend/domains/dashboard/monitor


 Test Files  17 passed (17)
      Tests  231 passed (231)
   Start at  01:21:36
   Duration  4.59s (transform 305ms, setup 0ms, import 3.02s, tests 128ms, environment 1ms)


> detran@0.0.1 backend:test:prepare-legacy /Users/aarusso/.codex/worktrees/stynx-canonical/detran
> node backend/database/tests/prepare-rait-priority-upgraded-legacy.mjs

upgraded legacy fixture: 20 cases and priority schema verified

> detran@0.0.1 backend:test:integration /Users/aarusso/.codex/worktrees/stynx-canonical/detran
> pnpm --filter @detran/app test:integration && pnpm --filter @detran/est-crash test:integration && pnpm --filter @detran/inf-ait test:integration && pnpm --filter @detran/inf-measures test:integration && pnpm --filter @detran/inf-alcohol test:integration && pnpm --filter @detran/ops-parameter test:integration && pnpm --filter @detran/ops-agency test:integration && pnpm --filter @detran/ops-field test:integration && pnpm --filter @detran/ops-snapshots test:integration && pnpm --filter @detran/ops-evidence test:integration && pnpm --filter @detran/ops-offline-sync test:integration && pnpm --filter @detran/ops-provisioning test:integration && pnpm --filter @detran/inf-normative test:integration && pnpm --filter @detran/inf-infraction test:integration && pnpm --filter @detran/inf-notification test:integration && pnpm --filter @detran/inf-collection test:integration && pnpm --filter @detran/inf-rait-case test:integration --exclude '**/rait-priority-upgrade.integration.spec.ts' --passWithNoTests=false && pnpm --filter @detran/inf-rait-worklist test:integration && pnpm --filter @detran/inf-rait-session test:integration && pnpm --filter @detran/inf-rait-org test:integration && pnpm --filter @detran/inf-rait-integration test:integration && pnpm --filter @detran/portal-identity test:integration && pnpm --filter @detran/portal-requests test:integration && pnpm --filter @detran/portal-inbox test:integration && pnpm --filter @detran/portal-citizen-service test:integration && pnpm --filter @detran/portal-projections test:integration && pnpm --filter @detran/dashboard-monitor test:integration


> @detran/app@0.0.1 test:integration /Users/aarusso/.codex/worktrees/stynx-canonical/detran/backend/app
> DETRAN_TEST_TIER=integration vitest run


 RUN  v4.1.11 /Users/aarusso/.codex/worktrees/stynx-canonical/detran/backend/app


 Test Files  6 passed (6)
      Tests  20 passed (20)
   Start at  01:21:50
   Duration  9.59s (transform 4.32s, setup 0ms, import 2.31s, tests 6.76s, environment 0ms)


> @detran/est-crash@0.0.1 test:integration /Users/aarusso/.codex/worktrees/stynx-canonical/detran/backend/domains/est/crash
> DETRAN_TEST_TIER=integration vitest run --config vitest.config.ts


 RUN  v4.1.11 /Users/aarusso/.codex/worktrees/stynx-canonical/detran/backend/domains/est/crash


 Test Files  1 passed (1)
      Tests  21 passed (21)
   Start at  01:22:00
   Duration  1.28s (transform 19ms, setup 0ms, import 40ms, tests 1.15s, environment 0ms)


> @detran/inf-ait@0.0.1 test:integration /Users/aarusso/.codex/worktrees/stynx-canonical/detran/backend/domains/inf/ait
> DETRAN_TEST_TIER=integration vitest run --config vitest.config.ts


 RUN  v4.1.11 /Users/aarusso/.codex/worktrees/stynx-canonical/detran/backend/domains/inf/ait


 Test Files  3 passed (3)
      Tests  25 passed (25)
   Start at  01:22:02
   Duration  2.33s (transform 254ms, setup 0ms, import 632ms, tests 1.43s, environment 0ms)


> @detran/inf-measures@0.0.1 test:integration /Users/aarusso/.codex/worktrees/stynx-canonical/detran/backend/domains/inf/measures
> DETRAN_TEST_TIER=integration vitest run --config vitest.config.ts


 RUN  v4.1.11 /Users/aarusso/.codex/worktrees/stynx-canonical/detran/backend/domains/inf/measures


 Test Files  1 passed (1)
      Tests  6 passed (6)
   Start at  01:22:04
   Duration  825ms (transform 100ms, setup 0ms, import 47ms, tests 692ms, environment 0ms)


> @detran/inf-alcohol@0.0.1 test:integration /Users/aarusso/.codex/worktrees/stynx-canonical/detran/backend/domains/inf/alcohol
> DETRAN_TEST_TIER=integration vitest run --config vitest.config.ts


 RUN  v4.1.11 /Users/aarusso/.codex/worktrees/stynx-canonical/detran/backend/domains/inf/alcohol


 Test Files  1 passed (1)
      Tests  5 passed (5)
   Start at  01:22:06
   Duration  848ms (transform 100ms, setup 0ms, import 45ms, tests 716ms, environment 0ms)


> @detran/ops-parameter@0.0.1 test:integration /Users/aarusso/.codex/worktrees/stynx-canonical/detran/backend/domains/ops/parameter
> DETRAN_TEST_TIER=integration vitest run --config vitest.config.ts


 RUN  v4.1.11 /Users/aarusso/.codex/worktrees/stynx-canonical/detran/backend/domains/ops/parameter


 Test Files  1 passed (1)
      Tests  1 passed (1)
   Start at  01:22:07
   Duration  241ms (transform 13ms, setup 0ms, import 33ms, tests 121ms, environment 0ms)


> @detran/ops-agency@0.0.1 test:integration /Users/aarusso/.codex/worktrees/stynx-canonical/detran/backend/domains/ops/agency
> DETRAN_TEST_TIER=integration vitest run --config vitest.config.ts


 RUN  v4.1.11 /Users/aarusso/.codex/worktrees/stynx-canonical/detran/backend/domains/ops/agency

No test files found, exiting with code 0

include: tests/integration/**/*.integration.spec.ts
exclude:  **/node_modules/**, **/.git/**


> @detran/ops-field@0.0.1 test:integration /Users/aarusso/.codex/worktrees/stynx-canonical/detran/backend/domains/ops/field
> DETRAN_TEST_TIER=integration vitest run --config vitest.config.ts


 RUN  v4.1.11 /Users/aarusso/.codex/worktrees/stynx-canonical/detran/backend/domains/ops/field


 Test Files  2 passed (2)
      Tests  13 passed (13)
   Start at  01:22:08
   Duration  1.67s (transform 119ms, setup 0ms, import 74ms, tests 1.42s, environment 0ms)


> @detran/ops-snapshots@0.0.1 test:integration /Users/aarusso/.codex/worktrees/stynx-canonical/detran/backend/domains/ops/snapshots
> DETRAN_TEST_TIER=integration vitest run --config vitest.config.ts


 RUN  v4.1.11 /Users/aarusso/.codex/worktrees/stynx-canonical/detran/backend/domains/ops/snapshots


 Test Files  2 passed (2)
      Tests  2 passed (2)
   Start at  01:22:10
   Duration  850ms (transform 99ms, setup 0ms, import 50ms, tests 631ms, environment 0ms)


> @detran/ops-evidence@0.0.1 test:integration /Users/aarusso/.codex/worktrees/stynx-canonical/detran/backend/domains/ops/evidence
> DETRAN_TEST_TIER=integration vitest run --config vitest.config.ts


 RUN  v4.1.11 /Users/aarusso/.codex/worktrees/stynx-canonical/detran/backend/domains/ops/evidence


 Test Files  4 passed (4)
      Tests  5 passed (5)
   Start at  01:22:12
   Duration  2.93s (transform 125ms, setup 0ms, import 114ms, tests 2.47s, environment 0ms)


> @detran/ops-offline-sync@0.0.1 test:integration /Users/aarusso/.codex/worktrees/stynx-canonical/detran/backend/domains/ops/offline-sync
> DETRAN_TEST_TIER=integration vitest run --config vitest.config.ts


 RUN  v4.1.11 /Users/aarusso/.codex/worktrees/stynx-canonical/detran/backend/domains/ops/offline-sync


 Test Files  5 passed (5)
      Tests  46 passed (46)
   Start at  01:22:15
   Duration  4.14s (transform 195ms, setup 0ms, import 157ms, tests 3.55s, environment 0ms)


> @detran/ops-provisioning@0.0.1 test:integration /Users/aarusso/.codex/worktrees/stynx-canonical/detran/backend/domains/ops/provisioning
> DETRAN_TEST_TIER=integration vitest run --config vitest.config.ts


 RUN  v4.1.11 /Users/aarusso/.codex/worktrees/stynx-canonical/detran/backend/domains/ops/provisioning


 Test Files  4 passed (4)
      Tests  694 passed (694)
   Start at  01:22:20
   Duration  216.55s (transform 183ms, setup 0ms, import 1.96s, tests 214.17s, environment 0ms)


> @detran/inf-normative@0.0.1 test:integration /Users/aarusso/.codex/worktrees/stynx-canonical/detran/backend/domains/inf/normative
> DETRAN_TEST_TIER=integration vitest run --config vitest.config.ts


 RUN  v4.1.11 /Users/aarusso/.codex/worktrees/stynx-canonical/detran/backend/domains/inf/normative


 Test Files  2 passed (2)
      Tests  3 passed (3)
   Start at  01:25:57
   Duration  1.36s (transform 103ms, setup 0ms, import 65ms, tests 1.13s, environment 0ms)


> @detran/inf-infraction@0.0.1 test:integration /Users/aarusso/.codex/worktrees/stynx-canonical/detran/backend/domains/inf/infraction
> DETRAN_TEST_TIER=integration vitest run --config vitest.config.ts


 RUN  v4.1.11 /Users/aarusso/.codex/worktrees/stynx-canonical/detran/backend/domains/inf/infraction


 Test Files  1 passed (1)
      Tests  7 passed (7)
   Start at  01:25:58
   Duration  284ms (transform 16ms, setup 0ms, import 35ms, tests 163ms, environment 0ms)


> @detran/inf-notification@0.0.1 test:integration /Users/aarusso/.codex/worktrees/stynx-canonical/detran/backend/domains/inf/notification
> DETRAN_TEST_TIER=integration vitest run --config vitest.config.ts


 RUN  v4.1.11 /Users/aarusso/.codex/worktrees/stynx-canonical/detran/backend/domains/inf/notification


 Test Files  1 passed (1)
      Tests  7 passed (7)
   Start at  01:25:59
   Duration  280ms (transform 16ms, setup 0ms, import 36ms, tests 154ms, environment 0ms)


> @detran/inf-collection@0.0.1 test:integration /Users/aarusso/.codex/worktrees/stynx-canonical/detran/backend/domains/inf/collection
> DETRAN_TEST_TIER=integration vitest run --config vitest.config.ts


 RUN  v4.1.11 /Users/aarusso/.codex/worktrees/stynx-canonical/detran/backend/domains/inf/collection


 Test Files  1 passed (1)
      Tests  20 passed (20)
   Start at  01:26:00
   Duration  323ms (transform 18ms, setup 0ms, import 38ms, tests 200ms, environment 0ms)


> @detran/inf-rait-case@0.0.1 test:integration /Users/aarusso/.codex/worktrees/stynx-canonical/detran/backend/domains/inf/rait-case
> DETRAN_TEST_TIER=integration vitest run --config vitest.config.ts "--exclude" "**/rait-priority-upgrade.integration.spec.ts" "--passWithNoTests=false"


 RUN  v4.1.11 /Users/aarusso/.codex/worktrees/stynx-canonical/detran/backend/domains/inf/rait-case


 Test Files  4 passed (4)
      Tests  33 passed (33)
   Start at  01:26:01
   Duration  17.31s (transform 39ms, setup 0ms, import 112ms, tests 16.85s, environment 0ms)


> @detran/inf-rait-worklist@0.0.1 test:integration /Users/aarusso/.codex/worktrees/stynx-canonical/detran/backend/domains/inf/rait-worklist
> DETRAN_TEST_TIER=integration vitest run --config vitest.config.ts


 RUN  v4.1.11 /Users/aarusso/.codex/worktrees/stynx-canonical/detran/backend/domains/inf/rait-worklist


 Test Files  5 passed (5)
      Tests  42 passed (42)
   Start at  01:26:18
   Duration  1.96s (transform 295ms, setup 0ms, import 106ms, tests 1.42s, environment 0ms)


> @detran/inf-rait-session@0.0.1 test:integration /Users/aarusso/.codex/worktrees/stynx-canonical/detran/backend/domains/inf/rait-session
> DETRAN_TEST_TIER=integration vitest run --config vitest.config.ts


 RUN  v4.1.11 /Users/aarusso/.codex/worktrees/stynx-canonical/detran/backend/domains/inf/rait-session


 Test Files  4 passed (4)
      Tests  15 passed (15)
   Start at  01:26:21
   Duration  1.83s (transform 285ms, setup 0ms, import 80ms, tests 1.42s, environment 0ms)


> @detran/inf-rait-org@0.0.1 test:integration /Users/aarusso/.codex/worktrees/stynx-canonical/detran/backend/domains/inf/rait-org
> DETRAN_TEST_TIER=integration vitest run --config vitest.config.ts


 RUN  v4.1.11 /Users/aarusso/.codex/worktrees/stynx-canonical/detran/backend/domains/inf/rait-org


 Test Files  1 passed (1)
      Tests  25 passed (25)
   Start at  01:26:23
   Duration  354ms (transform 20ms, setup 0ms, import 40ms, tests 219ms, environment 0ms)


> @detran/inf-rait-integration@0.0.1 test:integration /Users/aarusso/.codex/worktrees/stynx-canonical/detran/backend/domains/inf/rait-integration
> DETRAN_TEST_TIER=integration vitest run --config vitest.config.ts


 RUN  v4.1.11 /Users/aarusso/.codex/worktrees/stynx-canonical/detran/backend/domains/inf/rait-integration


 Test Files  1 passed (1)
      Tests  11 passed (11)
   Start at  01:26:24
   Duration  291ms (transform 17ms, setup 0ms, import 38ms, tests 160ms, environment 0ms)


> @detran/portal-identity@0.0.1 test:integration /Users/aarusso/.codex/worktrees/stynx-canonical/detran/backend/domains/portal/identity
> DETRAN_TEST_TIER=integration vitest run --config vitest.config.ts


 RUN  v4.1.11 /Users/aarusso/.codex/worktrees/stynx-canonical/detran/backend/domains/portal/identity


 Test Files  2 passed (2)
      Tests  11 passed (11)
   Start at  01:26:25
   Duration  514ms (transform 23ms, setup 0ms, import 62ms, tests 277ms, environment 0ms)


> @detran/portal-requests@0.0.1 test:integration /Users/aarusso/.codex/worktrees/stynx-canonical/detran/backend/domains/portal/requests
> DETRAN_TEST_TIER=integration vitest run --config vitest.config.ts


 RUN  v4.1.11 /Users/aarusso/.codex/worktrees/stynx-canonical/detran/backend/domains/portal/requests


 Test Files  1 passed (1)
      Tests  3 passed (3)
   Start at  01:26:26
   Duration  1.46s (transform 515ms, setup 0ms, import 1.09s, tests 262ms, environment 0ms)


> @detran/portal-inbox@0.0.1 test:integration /Users/aarusso/.codex/worktrees/stynx-canonical/detran/backend/domains/portal/inbox
> DETRAN_TEST_TIER=integration vitest run --config vitest.config.ts


 RUN  v4.1.11 /Users/aarusso/.codex/worktrees/stynx-canonical/detran/backend/domains/portal/inbox


 Test Files  1 passed (1)
      Tests  2 passed (2)
   Start at  01:26:28
   Duration  1.94s (transform 828ms, setup 0ms, import 1.53s, tests 298ms, environment 0ms)


> @detran/portal-citizen-service@0.0.1 test:integration /Users/aarusso/.codex/worktrees/stynx-canonical/detran/backend/domains/portal/citizen-service
> DETRAN_TEST_TIER=integration vitest run --config vitest.config.ts


 RUN  v4.1.11 /Users/aarusso/.codex/worktrees/stynx-canonical/detran/backend/domains/portal/citizen-service


 Test Files  1 passed (1)
      Tests  1 passed (1)
   Start at  01:26:31
   Duration  1.68s (transform 617ms, setup 0ms, import 1.46s, tests 88ms, environment 0ms)


> @detran/portal-projections@0.0.1 test:integration /Users/aarusso/.codex/worktrees/stynx-canonical/detran/backend/domains/portal/projections
> DETRAN_TEST_TIER=integration vitest run --config vitest.config.ts


 RUN  v4.1.11 /Users/aarusso/.codex/worktrees/stynx-canonical/detran/backend/domains/portal/projections

(node:10274) DeprecationWarning: Calling client.query() when the client is already executing a query is deprecated and will be removed in pg@9.0. Use async/await or an external async flow control mechanism instead.
(Use `node --trace-deprecation ...` to show where the warning was created)

 Test Files  1 passed (1)
      Tests  7 passed (7)
   Start at  01:26:33
   Duration  2.66s (transform 724ms, setup 0ms, import 1.82s, tests 718ms, environment 0ms)


> @detran/dashboard-monitor@0.0.1 test:integration /Users/aarusso/.codex/worktrees/stynx-canonical/detran/backend/domains/dashboard/monitor
> DETRAN_TEST_TIER=integration vitest run --config vitest.config.ts


 RUN  v4.1.11 /Users/aarusso/.codex/worktrees/stynx-canonical/detran/backend/domains/dashboard/monitor


 Test Files  14 passed (14)
      Tests  430 passed (430)
   Start at  01:26:36
   Duration  12.52s (transform 438ms, setup 0ms, import 4.21s, tests 6.96s, environment 1ms)


> detran@0.0.1 backend:test:prepare-legacy /Users/aarusso/.codex/worktrees/stynx-canonical/detran
> node backend/database/tests/prepare-rait-priority-upgraded-legacy.mjs

upgraded legacy fixture: 20 cases and priority schema verified

> detran@0.0.1 backend:test:e2e /Users/aarusso/.codex/worktrees/stynx-canonical/detran
> pnpm --filter @detran/app test:e2e && pnpm --filter @detran/ops-agency test:e2e && pnpm --filter @detran/ops-field test:e2e && pnpm --filter @detran/ops-snapshots test:e2e && pnpm --filter @detran/ops-evidence test:e2e && pnpm --filter @detran/ops-offline-sync test:e2e && pnpm --filter @detran/ops-provisioning test:e2e && pnpm --filter @detran/inf-ait test:e2e && pnpm --filter @detran/portal-identity test:e2e && pnpm --filter @detran/portal-requests test:e2e && pnpm --filter @detran/portal-inbox test:e2e && pnpm --filter @detran/portal-citizen-service test:e2e && pnpm --filter @detran/portal-projections test:e2e && pnpm --filter @detran/dashboard-monitor test:e2e


> @detran/app@0.0.1 test:e2e /Users/aarusso/.codex/worktrees/stynx-canonical/detran/backend/app
> DETRAN_TEST_TIER=e2e vitest run


 RUN  v4.1.11 /Users/aarusso/.codex/worktrees/stynx-canonical/detran/backend/app

[2026-09-28 01:27:06.828 -0300] INFO (11448): request completed
    route: "/v1/ops/stream"
    method: "GET"
    status: 403
    duration_ms: 3
[2026-09-28 01:27:09.947 -0300] INFO (11448): request completed
    request_id: "01a0e644-48f4-7b00-b58d-f9688e9df3d5"
    tenant_id: "00000000-0000-7000-8000-00000000a001"
    actor_id: "00000000-0000-4000-8000-0000b0000001"
    route: "/v1/ops/stream"
    method: "GET"
    status: 204
    duration_ms: 8
[2026-09-28 01:27:15.017 -0300] INFO (12173): request completed
    route: "/v1/portal/identity/me"
    method: "GET"
    status: 200
    duration_ms: 144
[2026-09-28 01:27:15.034 -0300] INFO (12173): request completed
    route: "/v1/portal/identity/me"
    method: "GET"
    status: 200
    duration_ms: 14
[2026-09-28 01:27:15.045 -0300] INFO (12173): request completed
    route: "/v1/portal/identity/me"
    method: "GET"
    status: 200
    duration_ms: 9
[2026-09-28 01:27:15.075 -0300] INFO (12173): request completed
    route: "/v1/portal/identity/representations"
    method: "GET"
    status: 200
    duration_ms: 8
[2026-09-28 01:27:15.086 -0300] INFO (12173): request completed
    route: "/v1/portal/services"
    method: "GET"
    status: 200
    duration_ms: 9
[2026-09-28 01:27:15.098 -0300] INFO (12173): request completed
    route: "/v1/portal/aits/00000000-0000-7000-8000-0000f0000002"
    method: "GET"
    status: 200
    duration_ms: 10
[2026-09-28 01:27:15.106 -0300] INFO (12173): request completed
    route: "/v1/portal/aits/00000000-0000-7000-8000-0000f0000002/points"
    method: "GET"
    status: 200
    duration_ms: 7
[2026-09-28 01:27:15.114 -0300] INFO (12173): request completed
    route: "/v1/portal/points-summary"
    method: "GET"
    status: 200
    duration_ms: 7
[2026-09-28 01:27:15.135 -0300] INFO (12173): request completed
    route: "/v1/portal/requests"
    method: "GET"
    status: 200
    duration_ms: 20
[2026-09-28 01:27:15.147 -0300] INFO (12173): request completed
    route: "/v1/portal/requests/00000000-0000-7000-8000-000070400e09"
    method: "GET"
    status: 200
    duration_ms: 10
[2026-09-28 01:27:15.158 -0300] INFO (12173): request completed
    route: "/v1/portal/requests/00000000-0000-7000-8000-000070400e09/receipt"
    method: "GET"
    status: 404
    duration_ms: 10
[2026-09-28 01:27:15.166 -0300] INFO (12173): request completed
    route: "/v1/portal/requests/00000000-0000-7000-8000-000070400e09/decision"
    method: "GET"
    status: 200
    duration_ms: 7
[2026-09-28 01:27:15.173 -0300] INFO (12173): request completed
    route: "/v1/portal/inbox"
    method: "GET"
    status: 200
    duration_ms: 7
[2026-09-28 01:27:15.179 -0300] INFO (12173): request completed
    route: "/v1/portal/sne/enrollment"
    method: "GET"
    status: 200
    duration_ms: 5
[2026-09-28 01:27:15.251 -0300] INFO (12173): request completed
    route: "/v1/portal/documents/cnh"
    method: "GET"
    status: 200
    duration_ms: 71
[2026-09-28 01:27:15.275 -0300] INFO (12173): request completed
    route: "/v1/portal/vehicles"
    method: "GET"
    status: 200
    duration_ms: 23
[2026-09-28 01:27:15.285 -0300] INFO (12173): request completed
    route: "/v1/portal/vehicles/00000000-0000-7000-8000-00007ff00001/clearance"
    method: "GET"
    status: 503
    duration_ms: 9
[2026-09-28 01:27:15.296 -0300] INFO (12173): request completed
    route: "/v1/portal/crashes"
    method: "GET"
    status: 200
    duration_ms: 10
[2026-09-28 01:27:15.305 -0300] INFO (12173): request completed
    route: "/v1/portal/crashes/00000000-0000-7000-8000-00007ff00003"
    method: "GET"
    status: 200
    duration_ms: 8
[2026-09-28 01:27:15.315 -0300] INFO (12173): request completed
    route: "/v1/portal/exams"
    method: "GET"
    status: 200
    duration_ms: 9
[2026-09-28 01:27:15.322 -0300] INFO (12173): request completed
    route: "/v1/portal/exams/00000000-0000-7000-8000-00007ff00002"
    method: "GET"
    status: 404
    duration_ms: 6
[2026-09-28 01:27:15.330 -0300] INFO (12173): request completed
    route: "/v1/portal/manifestations"
    method: "GET"
    status: 200
    duration_ms: 8
[2026-09-28 01:27:15.335 -0300] INFO (12173): request completed
    route: "/v1/portal/service-charter/manifestar/deadline"
    method: "GET"
    status: 200
    duration_ms: 4
[2026-09-28 01:27:15.340 -0300] INFO (12173): request completed
    route: "/v1/portal/identity/representations"
    method: "GET"
    status: 200
    duration_ms: 5
[2026-09-28 01:27:15.346 -0300] INFO (12173): request completed
    route: "/v1/portal/services"
    method: "GET"
    status: 200
    duration_ms: 5
[2026-09-28 01:27:15.351 -0300] INFO (12173): request completed
    route: "/v1/portal/aits/00000000-0000-7000-8000-0000f0000002"
    method: "GET"
    status: 404
    duration_ms: 5
[2026-09-28 01:27:15.356 -0300] INFO (12173): request completed
    route: "/v1/portal/aits/00000000-0000-7000-8000-0000f0000002/points"
    method: "GET"
    status: 404
    duration_ms: 4
[2026-09-28 01:27:15.362 -0300] INFO (12173): request completed
    route: "/v1/portal/points-summary"
    method: "GET"
    status: 200
    duration_ms: 5
[2026-09-28 01:27:15.369 -0300] INFO (12173): request completed
    route: "/v1/portal/requests"
    method: "GET"
    status: 200
    duration_ms: 6
[2026-09-28 01:27:15.380 -0300] INFO (12173): request completed
    route: "/v1/portal/requests/00000000-0000-7000-8000-000070400e09"
    method: "GET"
    status: 404
    duration_ms: 10
[2026-09-28 01:27:15.386 -0300] INFO (12173): request completed
    route: "/v1/portal/requests/00000000-0000-7000-8000-000070400e09/receipt"
    method: "GET"
    status: 404
    duration_ms: 6
[2026-09-28 01:27:15.392 -0300] INFO (12173): request completed
    route: "/v1/portal/requests/00000000-0000-7000-8000-000070400e09/decision"
    method: "GET"
    status: 404
    duration_ms: 5
[2026-09-28 01:27:15.400 -0300] INFO (12173): request completed
    route: "/v1/portal/inbox"
    method: "GET"
    status: 200
    duration_ms: 7
[2026-09-28 01:27:15.405 -0300] INFO (12173): request completed
    route: "/v1/portal/sne/enrollment"
    method: "GET"
    status: 200
    duration_ms: 4
[2026-09-28 01:27:15.416 -0300] INFO (12173): request completed
    route: "/v1/portal/documents/cnh"
    method: "GET"
    status: 503
    duration_ms: 10
[2026-09-28 01:27:15.426 -0300] INFO (12173): request completed
    route: "/v1/portal/vehicles"
    method: "GET"
    status: 503
    duration_ms: 9
[2026-09-28 01:27:15.433 -0300] INFO (12173): request completed
    route: "/v1/portal/vehicles/00000000-0000-7000-8000-00007ff00001/clearance"
    method: "GET"
    status: 404
    duration_ms: 6
[2026-09-28 01:27:15.443 -0300] INFO (12173): request completed
    route: "/v1/portal/crashes"
    method: "GET"
    status: 200
    duration_ms: 9
[2026-09-28 01:27:15.449 -0300] INFO (12173): request completed
    route: "/v1/portal/crashes/00000000-0000-7000-8000-00007ff00003"
    method: "GET"
    status: 404
    duration_ms: 5
[2026-09-28 01:27:15.457 -0300] INFO (12173): request completed
    route: "/v1/portal/exams"
    method: "GET"
    status: 200
    duration_ms: 8
[2026-09-28 01:27:15.463 -0300] INFO (12173): request completed
    route: "/v1/portal/exams/00000000-0000-7000-8000-00007ff00002"
    method: "GET"
    status: 404
    duration_ms: 5
[2026-09-28 01:27:15.469 -0300] INFO (12173): request completed
    route: "/v1/portal/manifestations"
    method: "GET"
    status: 200
    duration_ms: 6
[2026-09-28 01:27:15.474 -0300] INFO (12173): request completed
    route: "/v1/portal/service-charter/manifestar/deadline"
    method: "GET"
    status: 200
    duration_ms: 4
[2026-09-28 01:27:15.479 -0300] INFO (12173): request completed
    route: "/v1/portal/identity/representations"
    method: "GET"
    status: 200
    duration_ms: 4
[2026-09-28 01:27:15.484 -0300] INFO (12173): request completed
    route: "/v1/portal/services"
    method: "GET"
    status: 200
    duration_ms: 4
[2026-09-28 01:27:15.489 -0300] INFO (12173): request completed
    route: "/v1/portal/aits/00000000-0000-7000-8000-0000f0000002"
    method: "GET"
    status: 404
    duration_ms: 4
[2026-09-28 01:27:15.495 -0300] INFO (12173): request completed
    route: "/v1/portal/aits/00000000-0000-7000-8000-0000f0000002/points"
    method: "GET"
    status: 404
    duration_ms: 5
[2026-09-28 01:27:15.502 -0300] INFO (12173): request completed
    route: "/v1/portal/points-summary"
    method: "GET"
    status: 200
    duration_ms: 6
[2026-09-28 01:27:15.509 -0300] INFO (12173): request completed
    route: "/v1/portal/requests"
    method: "GET"
    status: 200
    duration_ms: 7
[2026-09-28 01:27:15.515 -0300] INFO (12173): request completed
    route: "/v1/portal/requests/00000000-0000-7000-8000-000070400e09"
    method: "GET"
    status: 404
    duration_ms: 5
[2026-09-28 01:27:15.522 -0300] INFO (12173): request completed
    route: "/v1/portal/requests/00000000-0000-7000-8000-000070400e09/receipt"
    method: "GET"
    status: 404
    duration_ms: 6
[2026-09-28 01:27:15.529 -0300] INFO (12173): request completed
    route: "/v1/portal/requests/00000000-0000-7000-8000-000070400e09/decision"
    method: "GET"
    status: 404
    duration_ms: 6
[2026-09-28 01:27:15.537 -0300] INFO (12173): request completed
    route: "/v1/portal/inbox"
    method: "GET"
    status: 200
    duration_ms: 7
[2026-09-28 01:27:15.543 -0300] INFO (12173): request completed
    route: "/v1/portal/sne/enrollment"
    method: "GET"
    status: 200
    duration_ms: 5
[2026-09-28 01:27:15.557 -0300] INFO (12173): request completed
    route: "/v1/portal/documents/cnh"
    method: "GET"
    status: 200
    duration_ms: 13
[2026-09-28 01:27:15.572 -0300] INFO (12173): request completed
    route: "/v1/portal/vehicles"
    method: "GET"
    status: 200
    duration_ms: 14
[2026-09-28 01:27:15.578 -0300] INFO (12173): request completed
    route: "/v1/portal/vehicles/00000000-0000-7000-8000-00007ff00001/clearance"
    method: "GET"
    status: 404
    duration_ms: 5
[2026-09-28 01:27:15.587 -0300] INFO (12173): request completed
    route: "/v1/portal/crashes"
    method: "GET"
    status: 200
    duration_ms: 8
[2026-09-28 01:27:15.593 -0300] INFO (12173): request completed
    route: "/v1/portal/crashes/00000000-0000-7000-8000-00007ff00003"
    method: "GET"
    status: 404
    duration_ms: 5
[2026-09-28 01:27:15.603 -0300] INFO (12173): request completed
    route: "/v1/portal/exams"
    method: "GET"
    status: 200
    duration_ms: 9
[2026-09-28 01:27:15.614 -0300] INFO (12173): request completed
    route: "/v1/portal/exams/00000000-0000-7000-8000-00007ff00002"
    method: "GET"
    status: 200
    duration_ms: 10
[2026-09-28 01:27:15.622 -0300] INFO (12173): request completed
    route: "/v1/portal/manifestations"
    method: "GET"
    status: 200
    duration_ms: 7
[2026-09-28 01:27:15.626 -0300] INFO (12173): request completed
    route: "/v1/portal/service-charter/manifestar/deadline"
    method: "GET"
    status: 200
    duration_ms: 4
[2026-09-28 01:27:15.632 -0300] INFO (12173): request completed
    route: "/v1/portal/identity/representations"
    method: "GET"
    status: 200
    duration_ms: 4
[2026-09-28 01:27:15.638 -0300] INFO (12173): request completed
    route: "/v1/portal/services"
    method: "GET"
    status: 200
    duration_ms: 5
[2026-09-28 01:27:15.645 -0300] INFO (12173): request completed
    route: "/v1/portal/aits/00000000-0000-7000-8000-0000f0000002"
    method: "GET"
    status: 200
    duration_ms: 6
[2026-09-28 01:27:15.651 -0300] INFO (12173): request completed
    route: "/v1/portal/aits/00000000-0000-7000-8000-0000f0000002/points"
    method: "GET"
    status: 200
    duration_ms: 5
[2026-09-28 01:27:15.657 -0300] INFO (12173): request completed
    route: "/v1/portal/points-summary"
    method: "GET"
    status: 200
    duration_ms: 5
[2026-09-28 01:27:15.664 -0300] INFO (12173): request completed
    route: "/v1/portal/requests"
    method: "GET"
    status: 200
    duration_ms: 7
[2026-09-28 01:27:15.672 -0300] INFO (12173): request completed
    route: "/v1/portal/requests/00000000-0000-7000-8000-000070400e09"
    method: "GET"
    status: 200
    duration_ms: 7
[2026-09-28 01:27:15.678 -0300] INFO (12173): request completed
    route: "/v1/portal/requests/00000000-0000-7000-8000-000070400e09/receipt"
    method: "GET"
    status: 404
    duration_ms: 5
[2026-09-28 01:27:15.684 -0300] INFO (12173): request completed
    route: "/v1/portal/requests/00000000-0000-7000-8000-000070400e09/decision"
    method: "GET"
    status: 200
    duration_ms: 5
[2026-09-28 01:27:15.689 -0300] INFO (12173): request completed
    route: "/v1/portal/inbox"
    method: "GET"
    status: 200
    duration_ms: 4
[2026-09-28 01:27:15.694 -0300] INFO (12173): request completed
    route: "/v1/portal/sne/enrollment"
    method: "GET"
    status: 200
    duration_ms: 4
[2026-09-28 01:27:15.703 -0300] INFO (12173): request completed
    route: "/v1/portal/documents/cnh"
    method: "GET"
    status: 200
    duration_ms: 9
[2026-09-28 01:27:15.713 -0300] INFO (12173): request completed
    route: "/v1/portal/vehicles"
    method: "GET"
    status: 200
    duration_ms: 10
[2026-09-28 01:27:15.720 -0300] INFO (12173): request completed
    route: "/v1/portal/vehicles/00000000-0000-7000-8000-00007ff00001/clearance"
    method: "GET"
    status: 503
    duration_ms: 6
[2026-09-28 01:27:15.728 -0300] INFO (12173): request completed
    route: "/v1/portal/crashes"
    method: "GET"
    status: 200
    duration_ms: 7
[2026-09-28 01:27:15.749 -0300] INFO (12173): request completed
    route: "/v1/portal/crashes/00000000-0000-7000-8000-00007ff00003"
    method: "GET"
    status: 200
    duration_ms: 20
[2026-09-28 01:27:15.769 -0300] INFO (12173): request completed
    route: "/v1/portal/exams"
    method: "GET"
    status: 200
    duration_ms: 19
[2026-09-28 01:27:15.775 -0300] INFO (12173): request completed
    route: "/v1/portal/exams/00000000-0000-7000-8000-00007ff00002"
    method: "GET"
    status: 404
    duration_ms: 6
[2026-09-28 01:27:15.782 -0300] INFO (12173): request completed
    route: "/v1/portal/manifestations"
    method: "GET"
    status: 200
    duration_ms: 6
[2026-09-28 01:27:15.785 -0300] INFO (12173): request completed
    route: "/v1/portal/service-charter/manifestar/deadline"
    method: "GET"
    status: 200
    duration_ms: 2
[2026-09-28 01:27:15.790 -0300] INFO (12173): request completed
    route: "/v1/portal/identity/representations"
    method: "GET"
    status: 200
    duration_ms: 4
[2026-09-28 01:27:15.794 -0300] INFO (12173): request completed
    route: "/v1/portal/services"
    method: "GET"
    status: 200
    duration_ms: 3
[2026-09-28 01:27:15.799 -0300] INFO (12173): request completed
    route: "/v1/portal/aits/00000000-0000-7000-8000-0000f0000002"
    method: "GET"
    status: 404
    duration_ms: 4
[2026-09-28 01:27:15.804 -0300] INFO (12173): request completed
    route: "/v1/portal/aits/00000000-0000-7000-8000-0000f0000002/points"
    method: "GET"
    status: 404
    duration_ms: 4
[2026-09-28 01:27:15.809 -0300] INFO (12173): request completed
    route: "/v1/portal/points-summary"
    method: "GET"
    status: 200
    duration_ms: 4
[2026-09-28 01:27:15.817 -0300] INFO (12173): request completed
    route: "/v1/portal/requests"
    method: "GET"
    status: 200
    duration_ms: 7
[2026-09-28 01:27:15.822 -0300] INFO (12173): request completed
    route: "/v1/portal/requests/00000000-0000-7000-8000-000070400e09"
    method: "GET"
    status: 404
    duration_ms: 4
[2026-09-28 01:27:15.827 -0300] INFO (12173): request completed
    route: "/v1/portal/requests/00000000-0000-7000-8000-000070400e09/receipt"
    method: "GET"
    status: 404
    duration_ms: 4
[2026-09-28 01:27:15.832 -0300] INFO (12173): request completed
    route: "/v1/portal/requests/00000000-0000-7000-8000-000070400e09/decision"
    method: "GET"
    status: 404
    duration_ms: 4
[2026-09-28 01:27:15.839 -0300] INFO (12173): request completed
    route: "/v1/portal/inbox"
    method: "GET"
    status: 200
    duration_ms: 6
[2026-09-28 01:27:15.844 -0300] INFO (12173): request completed
    route: "/v1/portal/sne/enrollment"
    method: "GET"
    status: 200
    duration_ms: 4
[2026-09-28 01:27:15.854 -0300] INFO (12173): request completed
    route: "/v1/portal/documents/cnh"
    method: "GET"
    status: 503
    duration_ms: 9
[2026-09-28 01:27:15.864 -0300] INFO (12173): request completed
    route: "/v1/portal/vehicles"
    method: "GET"
    status: 503
    duration_ms: 10
[2026-09-28 01:27:15.870 -0300] INFO (12173): request completed
    route: "/v1/portal/vehicles/00000000-0000-7000-8000-00007ff00001/clearance"
    method: "GET"
    status: 404
    duration_ms: 5
[2026-09-28 01:27:15.881 -0300] INFO (12173): request completed
    route: "/v1/portal/crashes"
    method: "GET"
    status: 200
    duration_ms: 10
[2026-09-28 01:27:15.886 -0300] INFO (12173): request completed
    route: "/v1/portal/crashes/00000000-0000-7000-8000-00007ff00003"
    method: "GET"
    status: 404
    duration_ms: 4
[2026-09-28 01:27:15.894 -0300] INFO (12173): request completed
    route: "/v1/portal/exams"
    method: "GET"
    status: 200
    duration_ms: 7
[2026-09-28 01:27:15.899 -0300] INFO (12173): request completed
    route: "/v1/portal/exams/00000000-0000-7000-8000-00007ff00002"
    method: "GET"
    status: 404
    duration_ms: 4
[2026-09-28 01:27:15.906 -0300] INFO (12173): request completed
    route: "/v1/portal/manifestations"
    method: "GET"
    status: 200
    duration_ms: 6
[2026-09-28 01:27:15.911 -0300] INFO (12173): request completed
    route: "/v1/portal/service-charter/manifestar/deadline"
    method: "GET"
    status: 200
    duration_ms: 4
[2026-09-28 01:27:15.917 -0300] INFO (12173): request completed
    route: "/v1/portal/identity/representations"
    method: "GET"
    status: 200
    duration_ms: 5
[2026-09-28 01:27:15.923 -0300] INFO (12173): request completed
    route: "/v1/portal/services"
    method: "GET"
    status: 200
    duration_ms: 6
[2026-09-28 01:27:15.929 -0300] INFO (12173): request completed
    route: "/v1/portal/aits/00000000-0000-7000-8000-0000f0000002"
    method: "GET"
    status: 404
    duration_ms: 4
[2026-09-28 01:27:15.934 -0300] INFO (12173): request completed
    route: "/v1/portal/aits/00000000-0000-7000-8000-0000f0000002/points"
    method: "GET"
    status: 404
    duration_ms: 4
[2026-09-28 01:27:15.940 -0300] INFO (12173): request completed
    route: "/v1/portal/points-summary"
    method: "GET"
    status: 200
    duration_ms: 5
[2026-09-28 01:27:15.948 -0300] INFO (12173): request completed
    route: "/v1/portal/requests"
    method: "GET"
    status: 200
    duration_ms: 6
[2026-09-28 01:27:15.953 -0300] INFO (12173): request completed
    route: "/v1/portal/requests/00000000-0000-7000-8000-000070400e09"
    method: "GET"
    status: 404
    duration_ms: 4
[2026-09-28 01:27:15.960 -0300] INFO (12173): request completed
    route: "/v1/portal/requests/00000000-0000-7000-8000-000070400e09/receipt"
    method: "GET"
    status: 404
    duration_ms: 6
[2026-09-28 01:27:15.969 -0300] INFO (12173): request completed
    route: "/v1/portal/requests/00000000-0000-7000-8000-000070400e09/decision"
    method: "GET"
    status: 404
    duration_ms: 4
[2026-09-28 01:27:15.977 -0300] INFO (12173): request completed
    route: "/v1/portal/inbox"
    method: "GET"
    status: 200
    duration_ms: 7
[2026-09-28 01:27:15.982 -0300] INFO (12173): request completed
    route: "/v1/portal/sne/enrollment"
    method: "GET"
    status: 200
    duration_ms: 5
[2026-09-28 01:27:15.993 -0300] INFO (12173): request completed
    route: "/v1/portal/documents/cnh"
    method: "GET"
    status: 200
    duration_ms: 10
[2026-09-28 01:27:16.004 -0300] INFO (12173): request completed
    route: "/v1/portal/vehicles"
    method: "GET"
    status: 200
    duration_ms: 10
[2026-09-28 01:27:16.010 -0300] INFO (12173): request completed
    route: "/v1/portal/vehicles/00000000-0000-7000-8000-00007ff00001/clearance"
    method: "GET"
    status: 404
    duration_ms: 5
[2026-09-28 01:27:16.019 -0300] INFO (12173): request completed
    route: "/v1/portal/crashes"
    method: "GET"
    status: 200
    duration_ms: 8
[2026-09-28 01:27:16.025 -0300] INFO (12173): request completed
    route: "/v1/portal/crashes/00000000-0000-7000-8000-00007ff00003"
    method: "GET"
    status: 404
    duration_ms: 5
[2026-09-28 01:27:16.034 -0300] INFO (12173): request completed
    route: "/v1/portal/exams"
    method: "GET"
    status: 200
    duration_ms: 8
[2026-09-28 01:27:16.043 -0300] INFO (12173): request completed
    route: "/v1/portal/exams/00000000-0000-7000-8000-00007ff00002"
    method: "GET"
    status: 200
    duration_ms: 9
[2026-09-28 01:27:16.049 -0300] INFO (12173): request completed
    route: "/v1/portal/manifestations"
    method: "GET"
    status: 200
    duration_ms: 6
[2026-09-28 01:27:16.053 -0300] INFO (12173): request completed
    route: "/v1/portal/service-charter/manifestar/deadline"
    method: "GET"
    status: 200
    duration_ms: 3
[2026-09-28 01:27:16.059 -0300] INFO (12173): request completed
    route: "/v1/portal/identity/representations"
    method: "GET"
    status: 200
    duration_ms: 5
[2026-09-28 01:27:16.063 -0300] INFO (12173): request completed
    route: "/v1/portal/services"
    method: "GET"
    status: 200
    duration_ms: 4
[2026-09-28 01:27:16.069 -0300] INFO (12173): request completed
    route: "/v1/portal/aits/00000000-0000-7000-8000-0000f0000002"
    method: "GET"
    status: 200
    duration_ms: 5
[2026-09-28 01:27:16.075 -0300] INFO (12173): request completed
    route: "/v1/portal/aits/00000000-0000-7000-8000-0000f0000002/points"
    method: "GET"
    status: 200
    duration_ms: 5
[2026-09-28 01:27:16.080 -0300] INFO (12173): request completed
    route: "/v1/portal/points-summary"
    method: "GET"
    status: 200
    duration_ms: 4
[2026-09-28 01:27:16.086 -0300] INFO (12173): request completed
    route: "/v1/portal/requests"
    method: "GET"
    status: 200
    duration_ms: 5
[2026-09-28 01:27:16.094 -0300] INFO (12173): request completed
    route: "/v1/portal/requests/00000000-0000-7000-8000-000070400e09"
    method: "GET"
    status: 200
    duration_ms: 7
[2026-09-28 01:27:16.101 -0300] INFO (12173): request completed
    route: "/v1/portal/requests/00000000-0000-7000-8000-000070400e09/receipt"
    method: "GET"
    status: 404
    duration_ms: 6
[2026-09-28 01:27:16.113 -0300] INFO (12173): request completed
    route: "/v1/portal/requests/00000000-0000-7000-8000-000070400e09/decision"
    method: "GET"
    status: 200
    duration_ms: 11
[2026-09-28 01:27:16.119 -0300] INFO (12173): request completed
    route: "/v1/portal/inbox"
    method: "GET"
    status: 200
    duration_ms: 6
[2026-09-28 01:27:16.125 -0300] INFO (12173): request completed
    route: "/v1/portal/sne/enrollment"
    method: "GET"
    status: 200
    duration_ms: 5
[2026-09-28 01:27:16.135 -0300] INFO (12173): request completed
    route: "/v1/portal/documents/cnh"
    method: "GET"
    status: 200
    duration_ms: 9
[2026-09-28 01:27:16.147 -0300] INFO (12173): request completed
    route: "/v1/portal/vehicles"
    method: "GET"
    status: 200
    duration_ms: 11
[2026-09-28 01:27:16.155 -0300] INFO (12173): request completed
    route: "/v1/portal/vehicles/00000000-0000-7000-8000-00007ff00001/clearance"
    method: "GET"
    status: 503
    duration_ms: 7
[2026-09-28 01:27:16.165 -0300] INFO (12173): request completed
    route: "/v1/portal/crashes"
    method: "GET"
    status: 200
    duration_ms: 9
[2026-09-28 01:27:16.175 -0300] INFO (12173): request completed
    route: "/v1/portal/crashes/00000000-0000-7000-8000-00007ff00003"
    method: "GET"
    status: 200
    duration_ms: 9
[2026-09-28 01:27:16.183 -0300] INFO (12173): request completed
    route: "/v1/portal/exams"
    method: "GET"
    status: 200
    duration_ms: 7
[2026-09-28 01:27:16.189 -0300] INFO (12173): request completed
    route: "/v1/portal/exams/00000000-0000-7000-8000-00007ff00002"
    method: "GET"
    status: 404
    duration_ms: 5
[2026-09-28 01:27:16.195 -0300] INFO (12173): request completed
    route: "/v1/portal/manifestations"
    method: "GET"
    status: 200
    duration_ms: 6
[2026-09-28 01:27:16.199 -0300] INFO (12173): request completed
    route: "/v1/portal/service-charter/manifestar/deadline"
    method: "GET"
    status: 200
    duration_ms: 3
[2026-09-28 01:27:16.204 -0300] INFO (12173): request completed
    route: "/v1/portal/identity/representations"
    method: "GET"
    status: 200
    duration_ms: 4
[2026-09-28 01:27:16.208 -0300] INFO (12173): request completed
    route: "/v1/portal/services"
    method: "GET"
    status: 200
    duration_ms: 3
[2026-09-28 01:27:16.214 -0300] INFO (12173): request completed
    route: "/v1/portal/aits/00000000-0000-7000-8000-0000f0000002"
    method: "GET"
    status: 404
    duration_ms: 5
[2026-09-28 01:27:16.219 -0300] INFO (12173): request completed
    route: "/v1/portal/aits/00000000-0000-7000-8000-0000f0000002/points"
    method: "GET"
    status: 404
    duration_ms: 4
[2026-09-28 01:27:16.224 -0300] INFO (12173): request completed
    route: "/v1/portal/points-summary"
    method: "GET"
    status: 200
    duration_ms: 4
[2026-09-28 01:27:16.231 -0300] INFO (12173): request completed
    route: "/v1/portal/requests"
    method: "GET"
    status: 200
    duration_ms: 6
[2026-09-28 01:27:16.236 -0300] INFO (12173): request completed
    route: "/v1/portal/requests/00000000-0000-7000-8000-000070400e09"
    method: "GET"
    status: 404
    duration_ms: 5
[2026-09-28 01:27:16.242 -0300] INFO (12173): request completed
    route: "/v1/portal/requests/00000000-0000-7000-8000-000070400e09/receipt"
    method: "GET"
    status: 404
    duration_ms: 5
[2026-09-28 01:27:16.249 -0300] INFO (12173): request completed
    route: "/v1/portal/requests/00000000-0000-7000-8000-000070400e09/decision"
    method: "GET"
    status: 404
    duration_ms: 6
[2026-09-28 01:27:16.256 -0300] INFO (12173): request completed
    route: "/v1/portal/inbox"
    method: "GET"
    status: 200
    duration_ms: 6
[2026-09-28 01:27:16.260 -0300] INFO (12173): request completed
    route: "/v1/portal/sne/enrollment"
    method: "GET"
    status: 200
    duration_ms: 4
[2026-09-28 01:27:16.269 -0300] INFO (12173): request completed
    route: "/v1/portal/documents/cnh"
    method: "GET"
    status: 503
    duration_ms: 8
[2026-09-28 01:27:16.280 -0300] INFO (12173): request completed
    route: "/v1/portal/vehicles"
    method: "GET"
    status: 503
    duration_ms: 10
[2026-09-28 01:27:16.286 -0300] INFO (12173): request completed
    route: "/v1/portal/vehicles/00000000-0000-7000-8000-00007ff00001/clearance"
    method: "GET"
    status: 404
    duration_ms: 5
[2026-09-28 01:27:16.297 -0300] INFO (12173): request completed
    route: "/v1/portal/crashes"
    method: "GET"
    status: 200
    duration_ms: 10
[2026-09-28 01:27:16.303 -0300] INFO (12173): request completed
    route: "/v1/portal/crashes/00000000-0000-7000-8000-00007ff00003"
    method: "GET"
    status: 404
    duration_ms: 5
[2026-09-28 01:27:16.312 -0300] INFO (12173): request completed
    route: "/v1/portal/exams"
    method: "GET"
    status: 200
    duration_ms: 8
[2026-09-28 01:27:16.318 -0300] INFO (12173): request completed
    route: "/v1/portal/exams/00000000-0000-7000-8000-00007ff00002"
    method: "GET"
    status: 404
    duration_ms: 5
[2026-09-28 01:27:16.325 -0300] INFO (12173): request completed
    route: "/v1/portal/manifestations"
    method: "GET"
    status: 200
    duration_ms: 6
[2026-09-28 01:27:16.329 -0300] INFO (12173): request completed
    route: "/v1/portal/service-charter/manifestar/deadline"
    method: "GET"
    status: 200
    duration_ms: 3
[2026-09-28 01:27:16.334 -0300] INFO (12173): request completed
    route: "/v1/portal/identity/representations"
    method: "GET"
    status: 200
    duration_ms: 4
[2026-09-28 01:27:16.339 -0300] INFO (12173): request completed
    route: "/v1/portal/services"
    method: "GET"
    status: 200
    duration_ms: 4
[2026-09-28 01:27:16.345 -0300] INFO (12173): request completed
    route: "/v1/portal/aits/00000000-0000-7000-8000-0000f0000002"
    method: "GET"
    status: 404
    duration_ms: 5
[2026-09-28 01:27:16.350 -0300] INFO (12173): request completed
    route: "/v1/portal/aits/00000000-0000-7000-8000-0000f0000002/points"
    method: "GET"
    status: 404
    duration_ms: 5
[2026-09-28 01:27:16.356 -0300] INFO (12173): request completed
    route: "/v1/portal/points-summary"
    method: "GET"
    status: 200
    duration_ms: 5
[2026-09-28 01:27:16.363 -0300] INFO (12173): request completed
    route: "/v1/portal/requests"
    method: "GET"
    status: 200
    duration_ms: 6
[2026-09-28 01:27:16.369 -0300] INFO (12173): request completed
    route: "/v1/portal/requests/00000000-0000-7000-8000-000070400e09"
    method: "GET"
    status: 404
    duration_ms: 5
[2026-09-28 01:27:16.375 -0300] INFO (12173): request completed
    route: "/v1/portal/requests/00000000-0000-7000-8000-000070400e09/receipt"
    method: "GET"
    status: 404
    duration_ms: 6
[2026-09-28 01:27:16.381 -0300] INFO (12173): request completed
    route: "/v1/portal/requests/00000000-0000-7000-8000-000070400e09/decision"
    method: "GET"
    status: 404
    duration_ms: 6
[2026-09-28 01:27:16.386 -0300] INFO (12173): request completed
    route: "/v1/portal/inbox"
    method: "GET"
    status: 200
    duration_ms: 5
[2026-09-28 01:27:16.391 -0300] INFO (12173): request completed
    route: "/v1/portal/sne/enrollment"
    method: "GET"
    status: 200
    duration_ms: 4
[2026-09-28 01:27:16.401 -0300] INFO (12173): request completed
    route: "/v1/portal/documents/cnh"
    method: "GET"
    status: 200
    duration_ms: 9
[2026-09-28 01:27:16.411 -0300] INFO (12173): request completed
    route: "/v1/portal/vehicles"
    method: "GET"
    status: 200
    duration_ms: 9
[2026-09-28 01:27:16.417 -0300] INFO (12173): request completed
    route: "/v1/portal/vehicles/00000000-0000-7000-8000-00007ff00001/clearance"
    method: "GET"
    status: 404
    duration_ms: 5
[2026-09-28 01:27:16.426 -0300] INFO (12173): request completed
    route: "/v1/portal/crashes"
    method: "GET"
    status: 200
    duration_ms: 8
[2026-09-28 01:27:16.432 -0300] INFO (12173): request completed
    route: "/v1/portal/crashes/00000000-0000-7000-8000-00007ff00003"
    method: "GET"
    status: 404
    duration_ms: 5
[2026-09-28 01:27:16.441 -0300] INFO (12173): request completed
    route: "/v1/portal/exams"
    method: "GET"
    status: 200
    duration_ms: 9
[2026-09-28 01:27:16.450 -0300] INFO (12173): request completed
    route: "/v1/portal/exams/00000000-0000-7000-8000-00007ff00002"
    method: "GET"
    status: 200
    duration_ms: 8
[2026-09-28 01:27:16.457 -0300] INFO (12173): request completed
    route: "/v1/portal/manifestations"
    method: "GET"
    status: 200
    duration_ms: 6
[2026-09-28 01:27:16.462 -0300] INFO (12173): request completed
    route: "/v1/portal/service-charter/manifestar/deadline"
    method: "GET"
    status: 200
    duration_ms: 4
[2026-09-28 01:27:16.467 -0300] INFO (12173): request completed
    route: "/v1/portal/identity/representations"
    method: "GET"
    status: 200
    duration_ms: 4
[2026-09-28 01:27:16.471 -0300] INFO (12173): request completed
    route: "/v1/portal/services"
    method: "GET"
    status: 200
    duration_ms: 3
[2026-09-28 01:27:16.478 -0300] INFO (12173): request completed
    route: "/v1/portal/aits/00000000-0000-7000-8000-0000f0000002"
    method: "GET"
    status: 200
    duration_ms: 6
[2026-09-28 01:27:16.484 -0300] INFO (12173): request completed
    route: "/v1/portal/aits/00000000-0000-7000-8000-0000f0000002/points"
    method: "GET"
    status: 200
    duration_ms: 5
[2026-09-28 01:27:16.490 -0300] INFO (12173): request completed
    route: "/v1/portal/points-summary"
    method: "GET"
    status: 200
    duration_ms: 5
[2026-09-28 01:27:16.496 -0300] INFO (12173): request completed
    route: "/v1/portal/requests"
    method: "GET"
    status: 200
    duration_ms: 6
[2026-09-28 01:27:16.504 -0300] INFO (12173): request completed
    route: "/v1/portal/requests/00000000-0000-7000-8000-000070400e09"
    method: "GET"
    status: 200
    duration_ms: 7
[2026-09-28 01:27:16.511 -0300] INFO (12173): request completed
    route: "/v1/portal/requests/00000000-0000-7000-8000-000070400e09/receipt"
    method: "GET"
    status: 404
    duration_ms: 6
[2026-09-28 01:27:16.518 -0300] INFO (12173): request completed
    route: "/v1/portal/requests/00000000-0000-7000-8000-000070400e09/decision"
    method: "GET"
    status: 200
    duration_ms: 6
[2026-09-28 01:27:16.524 -0300] INFO (12173): request completed
    route: "/v1/portal/inbox"
    method: "GET"
    status: 200
    duration_ms: 5
[2026-09-28 01:27:16.529 -0300] INFO (12173): request completed
    route: "/v1/portal/sne/enrollment"
    method: "GET"
    status: 200
    duration_ms: 4
[2026-09-28 01:27:16.539 -0300] INFO (12173): request completed
    route: "/v1/portal/documents/cnh"
    method: "GET"
    status: 200
    duration_ms: 9
[2026-09-28 01:27:16.549 -0300] INFO (12173): request completed
    route: "/v1/portal/vehicles"
    method: "GET"
    status: 200
    duration_ms: 9
[2026-09-28 01:27:16.557 -0300] INFO (12173): request completed
    route: "/v1/portal/vehicles/00000000-0000-7000-8000-00007ff00001/clearance"
    method: "GET"
    status: 503
    duration_ms: 7
[2026-09-28 01:27:16.565 -0300] INFO (12173): request completed
    route: "/v1/portal/crashes"
    method: "GET"
    status: 200
    duration_ms: 7
[2026-09-28 01:27:16.574 -0300] INFO (12173): request completed
    route: "/v1/portal/crashes/00000000-0000-7000-8000-00007ff00003"
    method: "GET"
    status: 200
    duration_ms: 8
[2026-09-28 01:27:16.583 -0300] INFO (12173): request completed
    route: "/v1/portal/exams"
    method: "GET"
    status: 200
    duration_ms: 8
[2026-09-28 01:27:16.590 -0300] INFO (12173): request completed
    route: "/v1/portal/exams/00000000-0000-7000-8000-00007ff00002"
    method: "GET"
    status: 404
    duration_ms: 6
[2026-09-28 01:27:16.598 -0300] INFO (12173): request completed
    route: "/v1/portal/manifestations"
    method: "GET"
    status: 200
    duration_ms: 7
[2026-09-28 01:27:16.602 -0300] INFO (12173): request completed
    route: "/v1/portal/service-charter/manifestar/deadline"
    method: "GET"
    status: 200
    duration_ms: 4
[2026-09-28 01:27:16.608 -0300] INFO (12173): request completed
    route: "/v1/portal/identity/representations"
    method: "GET"
    status: 200
    duration_ms: 5
[2026-09-28 01:27:16.615 -0300] INFO (12173): request completed
    route: "/v1/portal/services"
    method: "GET"
    status: 200
    duration_ms: 6
[2026-09-28 01:27:16.622 -0300] INFO (12173): request completed
    route: "/v1/portal/aits/00000000-0000-7000-8000-0000f0000002"
    method: "GET"
    status: 404
    duration_ms: 6
[2026-09-28 01:27:16.627 -0300] INFO (12173): request completed
    route: "/v1/portal/aits/00000000-0000-7000-8000-0000f0000002/points"
    method: "GET"
    status: 404
    duration_ms: 4
[2026-09-28 01:27:16.634 -0300] INFO (12173): request completed
    route: "/v1/portal/points-summary"
    method: "GET"
    status: 200
    duration_ms: 6
[2026-09-28 01:27:16.641 -0300] INFO (12173): request completed
    route: "/v1/portal/requests"
    method: "GET"
    status: 200
    duration_ms: 7
[2026-09-28 01:27:16.647 -0300] INFO (12173): request completed
    route: "/v1/portal/requests/00000000-0000-7000-8000-000070400e09"
    method: "GET"
    status: 404
    duration_ms: 5
[2026-09-28 01:27:16.652 -0300] INFO (12173): request completed
    route: "/v1/portal/requests/00000000-0000-7000-8000-000070400e09/receipt"
    method: "GET"
    status: 404
    duration_ms: 4
[2026-09-28 01:27:16.658 -0300] INFO (12173): request completed
    route: "/v1/portal/requests/00000000-0000-7000-8000-000070400e09/decision"
    method: "GET"
    status: 404
    duration_ms: 5
[2026-09-28 01:27:16.665 -0300] INFO (12173): request completed
    route: "/v1/portal/inbox"
    method: "GET"
    status: 200
    duration_ms: 6
[2026-09-28 01:27:16.671 -0300] INFO (12173): request completed
    route: "/v1/portal/sne/enrollment"
    method: "GET"
    status: 200
    duration_ms: 5
[2026-09-28 01:27:16.681 -0300] INFO (12173): request completed
    route: "/v1/portal/documents/cnh"
    method: "GET"
    status: 503
    duration_ms: 9
[2026-09-28 01:27:16.687 -0300] INFO (12173): request completed
    route: "/v1/portal/vehicles"
    method: "GET"
    status: 503
    duration_ms: 5
[2026-09-28 01:27:16.693 -0300] INFO (12173): request completed
    route: "/v1/portal/vehicles/00000000-0000-7000-8000-00007ff00001/clearance"
    method: "GET"
    status: 404
    duration_ms: 5
[2026-09-28 01:27:16.702 -0300] INFO (12173): request completed
    route: "/v1/portal/crashes"
    method: "GET"
    status: 200
    duration_ms: 8
[2026-09-28 01:27:16.707 -0300] INFO (12173): request completed
    route: "/v1/portal/crashes/00000000-0000-7000-8000-00007ff00003"
    method: "GET"
    status: 404
    duration_ms: 4
[2026-09-28 01:27:16.716 -0300] INFO (12173): request completed
    route: "/v1/portal/exams"
    method: "GET"
    status: 200
    duration_ms: 8
[2026-09-28 01:27:16.721 -0300] INFO (12173): request completed
    route: "/v1/portal/exams/00000000-0000-7000-8000-00007ff00002"
    method: "GET"
    status: 404
    duration_ms: 4
[2026-09-28 01:27:16.728 -0300] INFO (12173): request completed
    route: "/v1/portal/manifestations"
    method: "GET"
    status: 200
    duration_ms: 6
[2026-09-28 01:27:16.732 -0300] INFO (12173): request completed
    route: "/v1/portal/service-charter/manifestar/deadline"
    method: "GET"
    status: 200
    duration_ms: 4
[2026-09-28 01:27:16.737 -0300] INFO (12173): request completed
    route: "/v1/portal/identity/representations"
    method: "GET"
    status: 200
    duration_ms: 4
[2026-09-28 01:27:16.741 -0300] INFO (12173): request completed
    route: "/v1/portal/services"
    method: "GET"
    status: 200
    duration_ms: 3
[2026-09-28 01:27:16.746 -0300] INFO (12173): request completed
    route: "/v1/portal/aits/00000000-0000-7000-8000-0000f0000002"
    method: "GET"
    status: 404
    duration_ms: 4
[2026-09-28 01:27:16.751 -0300] INFO (12173): request completed
    route: "/v1/portal/aits/00000000-0000-7000-8000-0000f0000002/points"
    method: "GET"
    status: 404
    duration_ms: 4
[2026-09-28 01:27:16.757 -0300] INFO (12173): request completed
    route: "/v1/portal/points-summary"
    method: "GET"
    status: 200
    duration_ms: 5
[2026-09-28 01:27:16.763 -0300] INFO (12173): request completed
    route: "/v1/portal/requests"
    method: "GET"
    status: 200
    duration_ms: 6
[2026-09-28 01:27:16.768 -0300] INFO (12173): request completed
    route: "/v1/portal/requests/00000000-0000-7000-8000-000070400e09"
    method: "GET"
    status: 404
    duration_ms: 4
[2026-09-28 01:27:16.774 -0300] INFO (12173): request completed
    route: "/v1/portal/requests/00000000-0000-7000-8000-000070400e09/receipt"
    method: "GET"
    status: 404
    duration_ms: 5
[2026-09-28 01:27:16.779 -0300] INFO (12173): request completed
    route: "/v1/portal/requests/00000000-0000-7000-8000-000070400e09/decision"
    method: "GET"
    status: 404
    duration_ms: 5
[2026-09-28 01:27:16.785 -0300] INFO (12173): request completed
    route: "/v1/portal/inbox"
    method: "GET"
    status: 200
    duration_ms: 5
[2026-09-28 01:27:16.789 -0300] INFO (12173): request completed
    route: "/v1/portal/sne/enrollment"
    method: "GET"
    status: 200
    duration_ms: 3
[2026-09-28 01:27:16.798 -0300] INFO (12173): request completed
    route: "/v1/portal/documents/cnh"
    method: "GET"
    status: 200
    duration_ms: 8
[2026-09-28 01:27:16.807 -0300] INFO (12173): request completed
    route: "/v1/portal/vehicles"
    method: "GET"
    status: 200
    duration_ms: 8
[2026-09-28 01:27:16.813 -0300] INFO (12173): request completed
    route: "/v1/portal/vehicles/00000000-0000-7000-8000-00007ff00001/clearance"
    method: "GET"
    status: 404
    duration_ms: 5
[2026-09-28 01:27:16.821 -0300] INFO (12173): request completed
    route: "/v1/portal/crashes"
    method: "GET"
    status: 200
    duration_ms: 7
[2026-09-28 01:27:16.826 -0300] INFO (12173): request completed
    route: "/v1/portal/crashes/00000000-0000-7000-8000-00007ff00003"
    method: "GET"
    status: 404
    duration_ms: 5
[2026-09-28 01:27:16.833 -0300] INFO (12173): request completed
    route: "/v1/portal/exams"
    method: "GET"
    status: 200
    duration_ms: 7
[2026-09-28 01:27:16.842 -0300] INFO (12173): request completed
    route: "/v1/portal/exams/00000000-0000-7000-8000-00007ff00002"
    method: "GET"
    status: 200
    duration_ms: 8
[2026-09-28 01:27:16.848 -0300] INFO (12173): request completed
    route: "/v1/portal/manifestations"
    method: "GET"
    status: 200
    duration_ms: 6
[2026-09-28 01:27:16.852 -0300] INFO (12173): request completed
    route: "/v1/portal/service-charter/manifestar/deadline"
    method: "GET"
    status: 200
    duration_ms: 3
[2026-09-28 01:27:16.856 -0300] INFO (12173): request completed
    route: "/v1/portal/identity/representations"
    method: "GET"
    status: 200
    duration_ms: 3
[2026-09-28 01:27:16.861 -0300] INFO (12173): request completed
    route: "/v1/portal/services"
    method: "GET"
    status: 200
    duration_ms: 4
[2026-09-28 01:27:16.866 -0300] INFO (12173): request completed
    route: "/v1/portal/aits/00000000-0000-7000-8000-0000f0000002"
    method: "GET"
    status: 200
    duration_ms: 5
[2026-09-28 01:27:16.872 -0300] INFO (12173): request completed
    route: "/v1/portal/aits/00000000-0000-7000-8000-0000f0000002/points"
    method: "GET"
    status: 200
    duration_ms: 5
[2026-09-28 01:27:16.876 -0300] INFO (12173): request completed
    route: "/v1/portal/points-summary"
    method: "GET"
    status: 200
    duration_ms: 4
[2026-09-28 01:27:16.882 -0300] INFO (12173): request completed
    route: "/v1/portal/requests"
    method: "GET"
    status: 200
    duration_ms: 5
[2026-09-28 01:27:16.889 -0300] INFO (12173): request completed
    route: "/v1/portal/requests/00000000-0000-7000-8000-000070400e09"
    method: "GET"
    status: 200
    duration_ms: 6
[2026-09-28 01:27:16.895 -0300] INFO (12173): request completed
    route: "/v1/portal/requests/00000000-0000-7000-8000-000070400e09/receipt"
    method: "GET"
    status: 404
    duration_ms: 5
[2026-09-28 01:27:16.901 -0300] INFO (12173): request completed
    route: "/v1/portal/requests/00000000-0000-7000-8000-000070400e09/decision"
    method: "GET"
    status: 200
    duration_ms: 5
[2026-09-28 01:27:16.907 -0300] INFO (12173): request completed
    route: "/v1/portal/inbox"
    method: "GET"
    status: 200
    duration_ms: 5
[2026-09-28 01:27:16.914 -0300] INFO (12173): request completed
    route: "/v1/portal/sne/enrollment"
    method: "GET"
    status: 200
    duration_ms: 6
[2026-09-28 01:27:16.926 -0300] INFO (12173): request completed
    route: "/v1/portal/documents/cnh"
    method: "GET"
    status: 200
    duration_ms: 10
[2026-09-28 01:27:16.936 -0300] INFO (12173): request completed
    route: "/v1/portal/vehicles"
    method: "GET"
    status: 200
    duration_ms: 9
[2026-09-28 01:27:16.946 -0300] INFO (12173): request completed
    route: "/v1/portal/vehicles/00000000-0000-7000-8000-00007ff00001/clearance"
    method: "GET"
    status: 503
    duration_ms: 7
[2026-09-28 01:27:16.957 -0300] INFO (12173): request completed
    route: "/v1/portal/crashes"
    method: "GET"
    status: 200
    duration_ms: 9
[2026-09-28 01:27:16.965 -0300] INFO (12173): request completed
    route: "/v1/portal/crashes/00000000-0000-7000-8000-00007ff00003"
    method: "GET"
    status: 200
    duration_ms: 8
[2026-09-28 01:27:16.974 -0300] INFO (12173): request completed
    route: "/v1/portal/exams"
    method: "GET"
    status: 200
    duration_ms: 8
[2026-09-28 01:27:16.979 -0300] INFO (12173): request completed
    route: "/v1/portal/exams/00000000-0000-7000-8000-00007ff00002"
    method: "GET"
    status: 404
    duration_ms: 4
[2026-09-28 01:27:16.988 -0300] INFO (12173): request completed
    route: "/v1/portal/manifestations"
    method: "GET"
    status: 200
    duration_ms: 7
[2026-09-28 01:27:16.992 -0300] INFO (12173): request completed
    route: "/v1/portal/service-charter/manifestar/deadline"
    method: "GET"
    status: 200
    duration_ms: 4
[2026-09-28 01:27:16.997 -0300] INFO (12173): request completed
    route: "/v1/portal/identity/representations"
    method: "GET"
    status: 200
    duration_ms: 4
[2026-09-28 01:27:17.003 -0300] INFO (12173): request completed
    route: "/v1/portal/services"
    method: "GET"
    status: 200
    duration_ms: 3
[2026-09-28 01:27:17.009 -0300] INFO (12173): request completed
    route: "/v1/portal/aits/00000000-0000-7000-8000-0000f0000002"
    method: "GET"
    status: 404
    duration_ms: 5
[2026-09-28 01:27:17.015 -0300] INFO (12173): request completed
    route: "/v1/portal/aits/00000000-0000-7000-8000-0000f0000002/points"
    method: "GET"
    status: 404
    duration_ms: 5
[2026-09-28 01:27:17.022 -0300] INFO (12173): request completed
    route: "/v1/portal/points-summary"
    method: "GET"
    status: 200
    duration_ms: 6
[2026-09-28 01:27:17.029 -0300] INFO (12173): request completed
    route: "/v1/portal/requests"
    method: "GET"
    status: 200
    duration_ms: 7
[2026-09-28 01:27:17.037 -0300] INFO (12173): request completed
    route: "/v1/portal/requests/00000000-0000-7000-8000-000070400e09"
    method: "GET"
    status: 404
    duration_ms: 8
[2026-09-28 01:27:17.043 -0300] INFO (12173): request completed
    route: "/v1/portal/requests/00000000-0000-7000-8000-000070400e09/receipt"
    method: "GET"
    status: 404
    duration_ms: 5
[2026-09-28 01:27:17.049 -0300] INFO (12173): request completed
    route: "/v1/portal/requests/00000000-0000-7000-8000-000070400e09/decision"
    method: "GET"
    status: 404
    duration_ms: 5
[2026-09-28 01:27:17.056 -0300] INFO (12173): request completed
    route: "/v1/portal/inbox"
    method: "GET"
    status: 200
    duration_ms: 6
[2026-09-28 01:27:17.062 -0300] INFO (12173): request completed
    route: "/v1/portal/sne/enrollment"
    method: "GET"
    status: 200
    duration_ms: 4
[2026-09-28 01:27:17.069 -0300] INFO (12173): request completed
    route: "/v1/portal/documents/cnh"
    method: "GET"
    status: 503
    duration_ms: 6
[2026-09-28 01:27:17.075 -0300] INFO (12173): request completed
    route: "/v1/portal/vehicles"
    method: "GET"
    status: 503
    duration_ms: 6
[2026-09-28 01:27:17.081 -0300] INFO (12173): request completed
    route: "/v1/portal/vehicles/00000000-0000-7000-8000-00007ff00001/clearance"
    method: "GET"
    status: 404
    duration_ms: 5
[2026-09-28 01:27:17.091 -0300] INFO (12173): request completed
    route: "/v1/portal/crashes"
    method: "GET"
    status: 200
    duration_ms: 9
[2026-09-28 01:27:17.097 -0300] INFO (12173): request completed
    route: "/v1/portal/crashes/00000000-0000-7000-8000-00007ff00003"
    method: "GET"
    status: 404
    duration_ms: 5
[2026-09-28 01:27:17.106 -0300] INFO (12173): request completed
    route: "/v1/portal/exams"
    method: "GET"
    status: 200
    duration_ms: 8
[2026-09-28 01:27:17.111 -0300] INFO (12173): request completed
    route: "/v1/portal/exams/00000000-0000-7000-8000-00007ff00002"
    method: "GET"
    status: 404
    duration_ms: 4
[2026-09-28 01:27:17.119 -0300] INFO (12173): request completed
    route: "/v1/portal/manifestations"
    method: "GET"
    status: 200
    duration_ms: 7
[2026-09-28 01:27:17.124 -0300] INFO (12173): request completed
    route: "/v1/portal/service-charter/manifestar/deadline"
    method: "GET"
    status: 200
    duration_ms: 4
[2026-09-28 01:27:17.129 -0300] INFO (12173): request completed
    route: "/v1/portal/identity/representations"
    method: "GET"
    status: 200
    duration_ms: 4
[2026-09-28 01:27:17.134 -0300] INFO (12173): request completed
    route: "/v1/portal/services"
    method: "GET"
    status: 200
    duration_ms: 4
[2026-09-28 01:27:17.139 -0300] INFO (12173): request completed
    route: "/v1/portal/aits/00000000-0000-7000-8000-0000f0000002"
    method: "GET"
    status: 404
    duration_ms: 4
[2026-09-28 01:27:17.145 -0300] INFO (12173): request completed
    route: "/v1/portal/aits/00000000-0000-7000-8000-0000f0000002/points"
    method: "GET"
    status: 404
    duration_ms: 5
[2026-09-28 01:27:17.151 -0300] INFO (12173): request completed
    route: "/v1/portal/points-summary"
    method: "GET"
    status: 200
    duration_ms: 5
[2026-09-28 01:27:17.158 -0300] INFO (12173): request completed
    route: "/v1/portal/requests"
    method: "GET"
    status: 200
    duration_ms: 6
[2026-09-28 01:27:17.164 -0300] INFO (12173): request completed
    route: "/v1/portal/requests/00000000-0000-7000-8000-000070400e09"
    method: "GET"
    status: 404
    duration_ms: 5
[2026-09-28 01:27:17.170 -0300] INFO (12173): request completed
    route: "/v1/portal/requests/00000000-0000-7000-8000-000070400e09/receipt"
    method: "GET"
    status: 404
    duration_ms: 5
[2026-09-28 01:27:17.176 -0300] INFO (12173): request completed
    route: "/v1/portal/requests/00000000-0000-7000-8000-000070400e09/decision"
    method: "GET"
    status: 404
    duration_ms: 5
[2026-09-28 01:27:17.182 -0300] INFO (12173): request completed
    route: "/v1/portal/inbox"
    method: "GET"
    status: 200
    duration_ms: 5
[2026-09-28 01:27:17.187 -0300] INFO (12173): request completed
    route: "/v1/portal/sne/enrollment"
    method: "GET"
    status: 200
    duration_ms: 4
[2026-09-28 01:27:17.195 -0300] INFO (12173): request completed
    route: "/v1/portal/documents/cnh"
    method: "GET"
    status: 200
    duration_ms: 8
[2026-09-28 01:27:17.205 -0300] INFO (12173): request completed
    route: "/v1/portal/vehicles"
    method: "GET"
    status: 200
    duration_ms: 9
[2026-09-28 01:27:17.210 -0300] INFO (12173): request completed
    route: "/v1/portal/vehicles/00000000-0000-7000-8000-00007ff00001/clearance"
    method: "GET"
    status: 404
    duration_ms: 5
[2026-09-28 01:27:17.217 -0300] INFO (12173): request completed
    route: "/v1/portal/crashes"
    method: "GET"
    status: 200
    duration_ms: 7
[2026-09-28 01:27:17.222 -0300] INFO (12173): request completed
    route: "/v1/portal/crashes/00000000-0000-7000-8000-00007ff00003"
    method: "GET"
    status: 404
    duration_ms: 4
[2026-09-28 01:27:17.231 -0300] INFO (12173): request completed
    route: "/v1/portal/exams"
    method: "GET"
    status: 200
    duration_ms: 8
[2026-09-28 01:27:17.239 -0300] INFO (12173): request completed
    route: "/v1/portal/exams/00000000-0000-7000-8000-00007ff00002"
    method: "GET"
    status: 200
    duration_ms: 8
[2026-09-28 01:27:17.246 -0300] INFO (12173): request completed
    route: "/v1/portal/manifestations"
    method: "GET"
    status: 200
    duration_ms: 6
[2026-09-28 01:27:17.250 -0300] INFO (12173): request completed
    route: "/v1/portal/service-charter/manifestar/deadline"
    method: "GET"
    status: 200
    duration_ms: 4
[2026-09-28 01:27:17.257 -0300] INFO (12173): request completed
    route: "/v1/portal/identity/representations"
    method: "GET"
    status: 200
    duration_ms: 4
[2026-09-28 01:27:17.261 -0300] INFO (12173): request completed
    route: "/v1/portal/services"
    method: "GET"
    status: 200
    duration_ms: 3
[2026-09-28 01:27:17.267 -0300] INFO (12173): request completed
    route: "/v1/portal/aits/00000000-0000-7000-8000-0000f0000002"
    method: "GET"
    status: 200
    duration_ms: 5
[2026-09-28 01:27:17.273 -0300] INFO (12173): request completed
    route: "/v1/portal/aits/00000000-0000-7000-8000-0000f0000002/points"
    method: "GET"
    status: 200
    duration_ms: 5
[2026-09-28 01:27:17.278 -0300] INFO (12173): request completed
    route: "/v1/portal/points-summary"
    method: "GET"
    status: 200
    duration_ms: 5
[2026-09-28 01:27:17.284 -0300] INFO (12173): request completed
    route: "/v1/portal/requests"
    method: "GET"
    status: 200
    duration_ms: 6
[2026-09-28 01:27:17.291 -0300] INFO (12173): request completed
    route: "/v1/portal/requests/00000000-0000-7000-8000-000070400e09"
    method: "GET"
    status: 200
    duration_ms: 6
[2026-09-28 01:27:17.298 -0300] INFO (12173): request completed
    route: "/v1/portal/requests/00000000-0000-7000-8000-000070400e09/receipt"
    method: "GET"
    status: 404
    duration_ms: 6
[2026-09-28 01:27:17.304 -0300] INFO (12173): request completed
    route: "/v1/portal/requests/00000000-0000-7000-8000-000070400e09/decision"
    method: "GET"
    status: 200
    duration_ms: 5
[2026-09-28 01:27:17.309 -0300] INFO (12173): request completed
    route: "/v1/portal/inbox"
    method: "GET"
    status: 200
    duration_ms: 5
[2026-09-28 01:27:17.314 -0300] INFO (12173): request completed
    route: "/v1/portal/sne/enrollment"
    method: "GET"
    status: 200
    duration_ms: 4
[2026-09-28 01:27:17.325 -0300] INFO (12173): request completed
    route: "/v1/portal/documents/cnh"
    method: "GET"
    status: 200
    duration_ms: 10
[2026-09-28 01:27:17.335 -0300] INFO (12173): request completed
    route: "/v1/portal/vehicles"
    method: "GET"
    status: 200
    duration_ms: 9
[2026-09-28 01:27:17.343 -0300] INFO (12173): request completed
    route: "/v1/portal/vehicles/00000000-0000-7000-8000-00007ff00001/clearance"
    method: "GET"
    status: 503
    duration_ms: 7
[2026-09-28 01:27:17.354 -0300] INFO (12173): request completed
    route: "/v1/portal/crashes"
    method: "GET"
    status: 200
    duration_ms: 10
[2026-09-28 01:27:17.364 -0300] INFO (12173): request completed
    route: "/v1/portal/crashes/00000000-0000-7000-8000-00007ff00003"
    method: "GET"
    status: 200
    duration_ms: 9
[2026-09-28 01:27:17.375 -0300] INFO (12173): request completed
    route: "/v1/portal/exams"
    method: "GET"
    status: 200
    duration_ms: 10
[2026-09-28 01:27:17.384 -0300] INFO (12173): request completed
    route: "/v1/portal/exams/00000000-0000-7000-8000-00007ff00002"
    method: "GET"
    status: 404
    duration_ms: 5
[2026-09-28 01:27:17.391 -0300] INFO (12173): request completed
    route: "/v1/portal/manifestations"
    method: "GET"
    status: 200
    duration_ms: 6
[2026-09-28 01:27:17.396 -0300] INFO (12173): request completed
    route: "/v1/portal/service-charter/manifestar/deadline"
    method: "GET"
    status: 200
    duration_ms: 4
[2026-09-28 01:27:17.400 -0300] INFO (12173): request completed
    route: "/v1/portal/identity/representations"
    method: "GET"
    status: 200
    duration_ms: 3
[2026-09-28 01:27:17.405 -0300] INFO (12173): request completed
    route: "/v1/portal/services"
    method: "GET"
    status: 200
    duration_ms: 4
[2026-09-28 01:27:17.410 -0300] INFO (12173): request completed
    route: "/v1/portal/aits/00000000-0000-7000-8000-0000f0000002"
    method: "GET"
    status: 404
    duration_ms: 4
[2026-09-28 01:27:17.414 -0300] INFO (12173): request completed
    route: "/v1/portal/aits/00000000-0000-7000-8000-0000f0000002/points"
    method: "GET"
    status: 404
    duration_ms: 3
[2026-09-28 01:27:17.419 -0300] INFO (12173): request completed
    route: "/v1/portal/points-summary"
    method: "GET"
    status: 200
    duration_ms: 4
[2026-09-28 01:27:17.425 -0300] INFO (12173): request completed
    route: "/v1/portal/requests"
    method: "GET"
    status: 200
    duration_ms: 6
[2026-09-28 01:27:17.431 -0300] INFO (12173): request completed
    route: "/v1/portal/requests/00000000-0000-7000-8000-000070400e09"
    method: "GET"
    status: 404
    duration_ms: 5
[2026-09-28 01:27:17.436 -0300] INFO (12173): request completed
    route: "/v1/portal/requests/00000000-0000-7000-8000-000070400e09/receipt"
    method: "GET"
    status: 404
    duration_ms: 4
[2026-09-28 01:27:17.441 -0300] INFO (12173): request completed
    route: "/v1/portal/requests/00000000-0000-7000-8000-000070400e09/decision"
    method: "GET"
    status: 404
    duration_ms: 5
[2026-09-28 01:27:17.450 -0300] INFO (12173): request completed
    route: "/v1/portal/inbox"
    method: "GET"
    status: 200
    duration_ms: 7
[2026-09-28 01:27:17.456 -0300] INFO (12173): request completed
    route: "/v1/portal/sne/enrollment"
    method: "GET"
    status: 200
    duration_ms: 5
[2026-09-28 01:27:17.463 -0300] INFO (12173): request completed
    route: "/v1/portal/documents/cnh"
    method: "GET"
    status: 503
    duration_ms: 6
[2026-09-28 01:27:17.472 -0300] INFO (12173): request completed
    route: "/v1/portal/vehicles"
    method: "GET"
    status: 503
    duration_ms: 7
[2026-09-28 01:27:17.478 -0300] INFO (12173): request completed
    route: "/v1/portal/vehicles/00000000-0000-7000-8000-00007ff00001/clearance"
    method: "GET"
    status: 404
    duration_ms: 5
[2026-09-28 01:27:17.489 -0300] INFO (12173): request completed
    route: "/v1/portal/crashes"
    method: "GET"
    status: 200
    duration_ms: 10
[2026-09-28 01:27:17.497 -0300] INFO (12173): request completed
    route: "/v1/portal/crashes/00000000-0000-7000-8000-00007ff00003"
    method: "GET"
    status: 404
    duration_ms: 7
[2026-09-28 01:27:17.505 -0300] INFO (12173): request completed
    route: "/v1/portal/exams"
    method: "GET"
    status: 200
    duration_ms: 7
[2026-09-28 01:27:17.511 -0300] INFO (12173): request completed
    route: "/v1/portal/exams/00000000-0000-7000-8000-00007ff00002"
    method: "GET"
    status: 404
    duration_ms: 5
[2026-09-28 01:27:17.518 -0300] INFO (12173): request completed
    route: "/v1/portal/manifestations"
    method: "GET"
    status: 200
    duration_ms: 6
[2026-09-28 01:27:17.523 -0300] INFO (12173): request completed
    route: "/v1/portal/service-charter/manifestar/deadline"
    method: "GET"
    status: 200
    duration_ms: 4
[2026-09-28 01:27:17.528 -0300] INFO (12173): request completed
    route: "/v1/portal/identity/representations"
    method: "GET"
    status: 200
    duration_ms: 4
[2026-09-28 01:27:17.533 -0300] INFO (12173): request completed
    route: "/v1/portal/services"
    method: "GET"
    status: 200
    duration_ms: 4
[2026-09-28 01:27:17.537 -0300] INFO (12173): request completed
    route: "/v1/portal/aits/00000000-0000-7000-8000-0000f0000002"
    method: "GET"
    status: 404
    duration_ms: 4
[2026-09-28 01:27:17.544 -0300] INFO (12173): request completed
    route: "/v1/portal/aits/00000000-0000-7000-8000-0000f0000002/points"
    method: "GET"
    status: 404
    duration_ms: 6
[2026-09-28 01:27:17.550 -0300] INFO (12173): request completed
    route: "/v1/portal/points-summary"
    method: "GET"
    status: 200
    duration_ms: 5
[2026-09-28 01:27:17.556 -0300] INFO (12173): request completed
    route: "/v1/portal/requests"
    method: "GET"
    status: 200
    duration_ms: 5
[2026-09-28 01:27:17.561 -0300] INFO (12173): request completed
    route: "/v1/portal/requests/00000000-0000-7000-8000-000070400e09"
    method: "GET"
    status: 404
    duration_ms: 4
[2026-09-28 01:27:17.567 -0300] INFO (12173): request completed
    route: "/v1/portal/requests/00000000-0000-7000-8000-000070400e09/receipt"
    method: "GET"
    status: 404
    duration_ms: 5
[2026-09-28 01:27:17.573 -0300] INFO (12173): request completed
    route: "/v1/portal/requests/00000000-0000-7000-8000-000070400e09/decision"
    method: "GET"
    status: 404
    duration_ms: 6
[2026-09-28 01:27:17.580 -0300] INFO (12173): request completed
    route: "/v1/portal/inbox"
    method: "GET"
    status: 200
    duration_ms: 7
[2026-09-28 01:27:17.586 -0300] INFO (12173): request completed
    route: "/v1/portal/sne/enrollment"
    method: "GET"
    status: 200
    duration_ms: 4
[2026-09-28 01:27:17.595 -0300] INFO (12173): request completed
    route: "/v1/portal/documents/cnh"
    method: "GET"
    status: 200
    duration_ms: 8
[2026-09-28 01:27:17.605 -0300] INFO (12173): request completed
    route: "/v1/portal/vehicles"
    method: "GET"
    status: 200
    duration_ms: 9
[2026-09-28 01:27:17.611 -0300] INFO (12173): request completed
    route: "/v1/portal/vehicles/00000000-0000-7000-8000-00007ff00001/clearance"
    method: "GET"
    status: 404
    duration_ms: 5
[2026-09-28 01:27:17.622 -0300] INFO (12173): request completed
    route: "/v1/portal/crashes"
    method: "GET"
    status: 200
    duration_ms: 8
[2026-09-28 01:27:17.632 -0300] INFO (12173): request completed
    route: "/v1/portal/crashes/00000000-0000-7000-8000-00007ff00003"
    method: "GET"
    status: 404
    duration_ms: 9
[2026-09-28 01:27:17.643 -0300] INFO (12173): request completed
    route: "/v1/portal/exams"
    method: "GET"
    status: 200
    duration_ms: 10
[2026-09-28 01:27:17.671 -0300] INFO (12173): request completed
    route: "/v1/portal/exams/00000000-0000-7000-8000-00007ff00002"
    method: "GET"
    status: 200
    duration_ms: 27
[2026-09-28 01:27:17.695 -0300] INFO (12173): request completed
    route: "/v1/portal/manifestations"
    method: "GET"
    status: 200
    duration_ms: 22
[2026-09-28 01:27:17.714 -0300] INFO (12173): request completed
    route: "/v1/portal/service-charter/manifestar/deadline"
    method: "GET"
    status: 200
    duration_ms: 17
[2026-09-28 01:27:17.732 -0300] INFO (12173): request completed
    route: "/v1/portal/identity/representations"
    method: "GET"
    status: 200
    duration_ms: 16
[2026-09-28 01:27:17.748 -0300] INFO (12173): request completed
    route: "/v1/portal/services"
    method: "GET"
    status: 200
    duration_ms: 14
[2026-09-28 01:27:17.758 -0300] INFO (12173): request completed
    route: "/v1/portal/aits/00000000-0000-7000-8000-0000f0000002"
    method: "GET"
    status: 200
    duration_ms: 9
[2026-09-28 01:27:17.765 -0300] INFO (12173): request completed
    route: "/v1/portal/aits/00000000-0000-7000-8000-0000f0000002/points"
    method: "GET"
    status: 200
    duration_ms: 6
[2026-09-28 01:27:17.778 -0300] INFO (12173): request completed
    route: "/v1/portal/points-summary"
    method: "GET"
    status: 200
    duration_ms: 12
[2026-09-28 01:27:17.794 -0300] INFO (12173): request completed
    route: "/v1/portal/requests"
    method: "GET"
    status: 200
    duration_ms: 15
[2026-09-28 01:27:17.819 -0300] INFO (12173): request completed
    route: "/v1/portal/requests/00000000-0000-7000-8000-000070400e09"
    method: "GET"
    status: 200
    duration_ms: 23
[2026-09-28 01:27:17.829 -0300] INFO (12173): request completed
    route: "/v1/portal/requests/00000000-0000-7000-8000-000070400e09/receipt"
    method: "GET"
    status: 404
    duration_ms: 9
[2026-09-28 01:27:17.838 -0300] INFO (12173): request completed
    route: "/v1/portal/requests/00000000-0000-7000-8000-000070400e09/decision"
    method: "GET"
    status: 200
    duration_ms: 8
[2026-09-28 01:27:17.845 -0300] INFO (12173): request completed
    route: "/v1/portal/inbox"
    method: "GET"
    status: 200
    duration_ms: 6
[2026-09-28 01:27:17.853 -0300] INFO (12173): request completed
    route: "/v1/portal/sne/enrollment"
    method: "GET"
    status: 200
    duration_ms: 7
[2026-09-28 01:27:17.870 -0300] INFO (12173): request completed
    route: "/v1/portal/documents/cnh"
    method: "GET"
    status: 200
    duration_ms: 15
[2026-09-28 01:27:17.884 -0300] INFO (12173): request completed
    route: "/v1/portal/vehicles"
    method: "GET"
    status: 200
    duration_ms: 13
[2026-09-28 01:27:17.890 -0300] INFO (12173): request completed
    route: "/v1/portal/vehicles/00000000-0000-7000-8000-00007ff00001/clearance"
    method: "GET"
    status: 503
    duration_ms: 5
[2026-09-28 01:27:17.898 -0300] INFO (12173): request completed
    route: "/v1/portal/crashes"
    method: "GET"
    status: 200
    duration_ms: 7
[2026-09-28 01:27:17.907 -0300] INFO (12173): request completed
    route: "/v1/portal/crashes/00000000-0000-7000-8000-00007ff00003"
    method: "GET"
    status: 200
    duration_ms: 8
[2026-09-28 01:27:17.915 -0300] INFO (12173): request completed
    route: "/v1/portal/exams"
    method: "GET"
    status: 200
    duration_ms: 7
[2026-09-28 01:27:17.920 -0300] INFO (12173): request completed
    route: "/v1/portal/exams/00000000-0000-7000-8000-00007ff00002"
    method: "GET"
    status: 404
    duration_ms: 4
[2026-09-28 01:27:17.927 -0300] INFO (12173): request completed
    route: "/v1/portal/manifestations"
    method: "GET"
    status: 200
    duration_ms: 6
[2026-09-28 01:27:17.931 -0300] INFO (12173): request completed
    route: "/v1/portal/service-charter/manifestar/deadline"
    method: "GET"
    status: 200
    duration_ms: 3
[2026-09-28 01:27:17.936 -0300] INFO (12173): request completed
    route: "/v1/portal/identity/representations"
    method: "GET"
    status: 200
    duration_ms: 4
[2026-09-28 01:27:17.940 -0300] INFO (12173): request completed
    route: "/v1/portal/services"
    method: "GET"
    status: 200
    duration_ms: 4
[2026-09-28 01:27:17.945 -0300] INFO (12173): request completed
    route: "/v1/portal/aits/00000000-0000-7000-8000-0000f0000002"
    method: "GET"
    status: 404
    duration_ms: 4
[2026-09-28 01:27:17.950 -0300] INFO (12173): request completed
    route: "/v1/portal/aits/00000000-0000-7000-8000-0000f0000002/points"
    method: "GET"
    status: 404
    duration_ms: 4
[2026-09-28 01:27:17.956 -0300] INFO (12173): request completed
    route: "/v1/portal/points-summary"
    method: "GET"
    status: 200
    duration_ms: 5
[2026-09-28 01:27:17.962 -0300] INFO (12173): request completed
    route: "/v1/portal/requests"
    method: "GET"
    status: 200
    duration_ms: 6
[2026-09-28 01:27:17.966 -0300] INFO (12173): request completed
    route: "/v1/portal/requests/00000000-0000-7000-8000-000070400e09"
    method: "GET"
    status: 404
    duration_ms: 4
[2026-09-28 01:27:17.971 -0300] INFO (12173): request completed
    route: "/v1/portal/requests/00000000-0000-7000-8000-000070400e09/receipt"
    method: "GET"
    status: 404
    duration_ms: 4
[2026-09-28 01:27:17.977 -0300] INFO (12173): request completed
    route: "/v1/portal/requests/00000000-0000-7000-8000-000070400e09/decision"
    method: "GET"
    status: 404
    duration_ms: 5
[2026-09-28 01:27:17.983 -0300] INFO (12173): request completed
    route: "/v1/portal/inbox"
    method: "GET"
    status: 200
    duration_ms: 5
[2026-09-28 01:27:17.988 -0300] INFO (12173): request completed
    route: "/v1/portal/sne/enrollment"
    method: "GET"
    status: 200
    duration_ms: 4
[2026-09-28 01:27:17.994 -0300] INFO (12173): request completed
    route: "/v1/portal/documents/cnh"
    method: "GET"
    status: 503
    duration_ms: 6
[2026-09-28 01:27:18.001 -0300] INFO (12173): request completed
    route: "/v1/portal/vehicles"
    method: "GET"
    status: 503
    duration_ms: 6
[2026-09-28 01:27:18.007 -0300] INFO (12173): request completed
    route: "/v1/portal/vehicles/00000000-0000-7000-8000-00007ff00001/clearance"
    method: "GET"
    status: 404
    duration_ms: 5
[2026-09-28 01:27:18.018 -0300] INFO (12173): request completed
    route: "/v1/portal/crashes"
    method: "GET"
    status: 200
    duration_ms: 10
[2026-09-28 01:27:18.024 -0300] INFO (12173): request completed
    route: "/v1/portal/crashes/00000000-0000-7000-8000-00007ff00003"
    method: "GET"
    status: 404
    duration_ms: 5
[2026-09-28 01:27:18.033 -0300] INFO (12173): request completed
    route: "/v1/portal/exams"
    method: "GET"
    status: 200
    duration_ms: 8
[2026-09-28 01:27:18.039 -0300] INFO (12173): request completed
    route: "/v1/portal/exams/00000000-0000-7000-8000-00007ff00002"
    method: "GET"
    status: 404
    duration_ms: 5
[2026-09-28 01:27:18.045 -0300] INFO (12173): request completed
    route: "/v1/portal/manifestations"
    method: "GET"
    status: 200
    duration_ms: 5
[2026-09-28 01:27:18.053 -0300] INFO (12173): request completed
    route: "/v1/portal/service-charter/manifestar/deadline"
    method: "GET"
    status: 200
    duration_ms: 4
[2026-09-28 01:27:18.058 -0300] INFO (12173): request completed
    route: "/v1/portal/identity/representations"
    method: "GET"
    status: 200
    duration_ms: 4
[2026-09-28 01:27:18.062 -0300] INFO (12173): request completed
    route: "/v1/portal/services"
    method: "GET"
    status: 200
    duration_ms: 3
[2026-09-28 01:27:18.068 -0300] INFO (12173): request completed
    route: "/v1/portal/aits/00000000-0000-7000-8000-0000f0000002"
    method: "GET"
    status: 404
    duration_ms: 5
[2026-09-28 01:27:18.075 -0300] INFO (12173): request completed
    route: "/v1/portal/aits/00000000-0000-7000-8000-0000f0000002/points"
    method: "GET"
    status: 404
    duration_ms: 6
[2026-09-28 01:27:18.083 -0300] INFO (12173): request completed
    route: "/v1/portal/points-summary"
    method: "GET"
    status: 200
    duration_ms: 7
[2026-09-28 01:27:18.091 -0300] INFO (12173): request completed
    route: "/v1/portal/requests"
    method: "GET"
    status: 200
    duration_ms: 7
[2026-09-28 01:27:18.098 -0300] INFO (12173): request completed
    route: "/v1/portal/requests/00000000-0000-7000-8000-000070400e09"
    method: "GET"
    status: 404
    duration_ms: 6
[2026-09-28 01:27:18.104 -0300] INFO (12173): request completed
    route: "/v1/portal/requests/00000000-0000-7000-8000-000070400e09/receipt"
    method: "GET"
    status: 404
    duration_ms: 5
[2026-09-28 01:27:18.113 -0300] INFO (12173): request completed
    route: "/v1/portal/requests/00000000-0000-7000-8000-000070400e09/decision"
    method: "GET"
    status: 404
    duration_ms: 8
[2026-09-28 01:27:18.121 -0300] INFO (12173): request completed
    route: "/v1/portal/inbox"
    method: "GET"
    status: 200
    duration_ms: 8
[2026-09-28 01:27:18.127 -0300] INFO (12173): request completed
    route: "/v1/portal/sne/enrollment"
    method: "GET"
    status: 200
    duration_ms: 5
[2026-09-28 01:27:18.139 -0300] INFO (12173): request completed
    route: "/v1/portal/documents/cnh"
    method: "GET"
    status: 200
    duration_ms: 11
[2026-09-28 01:27:18.150 -0300] INFO (12173): request completed
    route: "/v1/portal/vehicles"
    method: "GET"
    status: 200
    duration_ms: 10
[2026-09-28 01:27:18.155 -0300] INFO (12173): request completed
    route: "/v1/portal/vehicles/00000000-0000-7000-8000-00007ff00001/clearance"
    method: "GET"
    status: 404
    duration_ms: 4
[2026-09-28 01:27:18.165 -0300] INFO (12173): request completed
    route: "/v1/portal/crashes"
    method: "GET"
    status: 200
    duration_ms: 9
[2026-09-28 01:27:18.170 -0300] INFO (12173): request completed
    route: "/v1/portal/crashes/00000000-0000-7000-8000-00007ff00003"
    method: "GET"
    status: 404
    duration_ms: 4
[2026-09-28 01:27:18.179 -0300] INFO (12173): request completed
    route: "/v1/portal/exams"
    method: "GET"
    status: 200
    duration_ms: 8
[2026-09-28 01:27:18.188 -0300] INFO (12173): request completed
    route: "/v1/portal/exams/00000000-0000-7000-8000-00007ff00002"
    method: "GET"
    status: 200
    duration_ms: 8
[2026-09-28 01:27:18.194 -0300] INFO (12173): request completed
    route: "/v1/portal/manifestations"
    method: "GET"
    status: 200
    duration_ms: 6
[2026-09-28 01:27:18.198 -0300] INFO (12173): request completed
    route: "/v1/portal/service-charter/manifestar/deadline"
    method: "GET"
    status: 200
    duration_ms: 3
[2026-09-28 01:27:18.202 -0300] INFO (12173): request completed
    route: "/v1/portal/identity/representations"
    method: "GET"
    status: 200
    duration_ms: 3
[2026-09-28 01:27:18.207 -0300] INFO (12173): request completed
    route: "/v1/portal/services"
    method: "GET"
    status: 200
    duration_ms: 4
[2026-09-28 01:27:18.212 -0300] INFO (12173): request completed
    route: "/v1/portal/aits/00000000-0000-7000-8000-0000f0000002"
    method: "GET"
    status: 200
    duration_ms: 5
[2026-09-28 01:27:18.217 -0300] INFO (12173): request completed
    route: "/v1/portal/aits/00000000-0000-7000-8000-0000f0000002/points"
    method: "GET"
    status: 200
    duration_ms: 4
[2026-09-28 01:27:18.221 -0300] INFO (12173): request completed
    route: "/v1/portal/points-summary"
    method: "GET"
    status: 200
    duration_ms: 3
[2026-09-28 01:27:18.227 -0300] INFO (12173): request completed
    route: "/v1/portal/requests"
    method: "GET"
    status: 200
    duration_ms: 5
[2026-09-28 01:27:18.240 -0300] INFO (12173): request completed
    route: "/v1/portal/requests/00000000-0000-7000-8000-000070400e09"
    method: "GET"
    status: 200
    duration_ms: 12
[2026-09-28 01:27:18.246 -0300] INFO (12173): request completed
    route: "/v1/portal/requests/00000000-0000-7000-8000-000070400e09/receipt"
    method: "GET"
    status: 404
    duration_ms: 5
[2026-09-28 01:27:18.252 -0300] INFO (12173): request completed
    route: "/v1/portal/requests/00000000-0000-7000-8000-000070400e09/decision"
    method: "GET"
    status: 200
    duration_ms: 5
[2026-09-28 01:27:18.257 -0300] INFO (12173): request completed
    route: "/v1/portal/inbox"
    method: "GET"
    status: 200
    duration_ms: 4
[2026-09-28 01:27:18.262 -0300] INFO (12173): request completed
    route: "/v1/portal/sne/enrollment"
    method: "GET"
    status: 200
    duration_ms: 4
[2026-09-28 01:27:18.271 -0300] INFO (12173): request completed
    route: "/v1/portal/documents/cnh"
    method: "GET"
    status: 200
    duration_ms: 9
[2026-09-28 01:27:18.280 -0300] INFO (12173): request completed
    route: "/v1/portal/vehicles"
    method: "GET"
    status: 200
    duration_ms: 8
[2026-09-28 01:27:18.287 -0300] INFO (12173): request completed
    route: "/v1/portal/vehicles/00000000-0000-7000-8000-00007ff00001/clearance"
    method: "GET"
    status: 503
    duration_ms: 6
[2026-09-28 01:27:18.294 -0300] INFO (12173): request completed
    route: "/v1/portal/crashes"
    method: "GET"
    status: 200
    duration_ms: 7
[2026-09-28 01:27:18.303 -0300] INFO (12173): request completed
    route: "/v1/portal/crashes/00000000-0000-7000-8000-00007ff00003"
    method: "GET"
    status: 200
    duration_ms: 8
[2026-09-28 01:27:18.311 -0300] INFO (12173): request completed
    route: "/v1/portal/exams"
    method: "GET"
    status: 200
    duration_ms: 7
[2026-09-28 01:27:18.316 -0300] INFO (12173): request completed
    route: "/v1/portal/exams/00000000-0000-7000-8000-00007ff00002"
    method: "GET"
    status: 404
    duration_ms: 4
[2026-09-28 01:27:18.323 -0300] INFO (12173): request completed
    route: "/v1/portal/manifestations"
    method: "GET"
    status: 200
    duration_ms: 6
[2026-09-28 01:27:18.328 -0300] INFO (12173): request completed
    route: "/v1/portal/service-charter/manifestar/deadline"
    method: "GET"
    status: 200
    duration_ms: 4
[2026-09-28 01:27:18.332 -0300] INFO (12173): request completed
    route: "/v1/portal/identity/representations"
    method: "GET"
    status: 200
    duration_ms: 4
[2026-09-28 01:27:18.336 -0300] INFO (12173): request completed
    route: "/v1/portal/services"
    method: "GET"
    status: 200
    duration_ms: 3
[2026-09-28 01:27:18.341 -0300] INFO (12173): request completed
    route: "/v1/portal/aits/00000000-0000-7000-8000-0000f0000002"
    method: "GET"
    status: 404
    duration_ms: 4
[2026-09-28 01:27:18.346 -0300] INFO (12173): request completed
    route: "/v1/portal/aits/00000000-0000-7000-8000-0000f0000002/points"
    method: "GET"
    status: 404
    duration_ms: 4
[2026-09-28 01:27:18.352 -0300] INFO (12173): request completed
    route: "/v1/portal/points-summary"
    method: "GET"
    status: 200
    duration_ms: 5
[2026-09-28 01:27:18.358 -0300] INFO (12173): request completed
    route: "/v1/portal/requests"
    method: "GET"
    status: 200
    duration_ms: 6
[2026-09-28 01:27:18.363 -0300] INFO (12173): request completed
    route: "/v1/portal/requests/00000000-0000-7000-8000-000070400e09"
    method: "GET"
    status: 404
    duration_ms: 4
[2026-09-28 01:27:18.368 -0300] INFO (12173): request completed
    route: "/v1/portal/requests/00000000-0000-7000-8000-000070400e09/receipt"
    method: "GET"
    status: 404
    duration_ms: 4
[2026-09-28 01:27:18.373 -0300] INFO (12173): request completed
    route: "/v1/portal/requests/00000000-0000-7000-8000-000070400e09/decision"
    method: "GET"
    status: 404
    duration_ms: 4
[2026-09-28 01:27:18.380 -0300] INFO (12173): request completed
    route: "/v1/portal/inbox"
    method: "GET"
    status: 200
    duration_ms: 6
[2026-09-28 01:27:18.385 -0300] INFO (12173): request completed
    route: "/v1/portal/sne/enrollment"
    method: "GET"
    status: 200
    duration_ms: 4
[2026-09-28 01:27:18.391 -0300] INFO (12173): request completed
    route: "/v1/portal/documents/cnh"
    method: "GET"
    status: 503
    duration_ms: 6
[2026-09-28 01:27:18.398 -0300] INFO (12173): request completed
    route: "/v1/portal/vehicles"
    method: "GET"
    status: 503
    duration_ms: 6
[2026-09-28 01:27:18.404 -0300] INFO (12173): request completed
    route: "/v1/portal/vehicles/00000000-0000-7000-8000-00007ff00001/clearance"
    method: "GET"
    status: 404
    duration_ms: 6
[2026-09-28 01:27:18.413 -0300] INFO (12173): request completed
    route: "/v1/portal/crashes"
    method: "GET"
    status: 200
    duration_ms: 9
[2026-09-28 01:27:18.418 -0300] INFO (12173): request completed
    route: "/v1/portal/crashes/00000000-0000-7000-8000-00007ff00003"
    method: "GET"
    status: 404
    duration_ms: 4
[2026-09-28 01:27:18.426 -0300] INFO (12173): request completed
    route: "/v1/portal/exams"
    method: "GET"
    status: 200
    duration_ms: 7
[2026-09-28 01:27:18.431 -0300] INFO (12173): request completed
    route: "/v1/portal/exams/00000000-0000-7000-8000-00007ff00002"
    method: "GET"
    status: 404
    duration_ms: 4
[2026-09-28 01:27:18.437 -0300] INFO (12173): request completed
    route: "/v1/portal/manifestations"
    method: "GET"
    status: 200
    duration_ms: 5
[2026-09-28 01:27:18.441 -0300] INFO (12173): request completed
    route: "/v1/portal/service-charter/manifestar/deadline"
    method: "GET"
    status: 200
    duration_ms: 3
[2026-09-28 01:27:18.446 -0300] INFO (12173): request completed
    route: "/v1/portal/identity/representations"
    method: "GET"
    status: 200
    duration_ms: 4
[2026-09-28 01:27:18.450 -0300] INFO (12173): request completed
    route: "/v1/portal/services"
    method: "GET"
    status: 200
    duration_ms: 3
[2026-09-28 01:27:18.454 -0300] INFO (12173): request completed
    route: "/v1/portal/aits/00000000-0000-7000-8000-0000f0000002"
    method: "GET"
    status: 404
    duration_ms: 3
[2026-09-28 01:27:18.459 -0300] INFO (12173): request completed
    route: "/v1/portal/aits/00000000-0000-7000-8000-0000f0000002/points"
    method: "GET"
    status: 404
    duration_ms: 4
[2026-09-28 01:27:18.463 -0300] INFO (12173): request completed
    route: "/v1/portal/points-summary"
    method: "GET"
    status: 200
    duration_ms: 4
[2026-09-28 01:27:18.469 -0300] INFO (12173): request completed
    route: "/v1/portal/requests"
    method: "GET"
    status: 200
    duration_ms: 5
[2026-09-28 01:27:18.474 -0300] INFO (12173): request completed
    route: "/v1/portal/requests/00000000-0000-7000-8000-000070400e09"
    method: "GET"
    status: 404
    duration_ms: 4
[2026-09-28 01:27:18.480 -0300] INFO (12173): request completed
    route: "/v1/portal/requests/00000000-0000-7000-8000-000070400e09/receipt"
    method: "GET"
    status: 404
    duration_ms: 5
[2026-09-28 01:27:18.484 -0300] INFO (12173): request completed
    route: "/v1/portal/requests/00000000-0000-7000-8000-000070400e09/decision"
    method: "GET"
    status: 404
    duration_ms: 4
[2026-09-28 01:27:18.489 -0300] INFO (12173): request completed
    route: "/v1/portal/inbox"
    method: "GET"
    status: 200
    duration_ms: 4
[2026-09-28 01:27:18.494 -0300] INFO (12173): request completed
    route: "/v1/portal/sne/enrollment"
    method: "GET"
    status: 200
    duration_ms: 4
[2026-09-28 01:27:18.506 -0300] INFO (12173): request completed
    route: "/v1/portal/documents/cnh"
    method: "GET"
    status: 200
    duration_ms: 11
[2026-09-28 01:27:18.521 -0300] INFO (12173): request completed
    route: "/v1/portal/vehicles"
    method: "GET"
    status: 200
    duration_ms: 15
[2026-09-28 01:27:18.527 -0300] INFO (12173): request completed
    route: "/v1/portal/vehicles/00000000-0000-7000-8000-00007ff00001/clearance"
    method: "GET"
    status: 404
    duration_ms: 5
[2026-09-28 01:27:18.536 -0300] INFO (12173): request completed
    route: "/v1/portal/crashes"
    method: "GET"
    status: 200
    duration_ms: 8
[2026-09-28 01:27:18.542 -0300] INFO (12173): request completed
    route: "/v1/portal/crashes/00000000-0000-7000-8000-00007ff00003"
    method: "GET"
    status: 404
    duration_ms: 5
[2026-09-28 01:27:18.551 -0300] INFO (12173): request completed
    route: "/v1/portal/exams"
    method: "GET"
    status: 200
    duration_ms: 8
[2026-09-28 01:27:18.560 -0300] INFO (12173): request completed
    route: "/v1/portal/exams/00000000-0000-7000-8000-00007ff00002"
    method: "GET"
    status: 200
    duration_ms: 8
[2026-09-28 01:27:18.567 -0300] INFO (12173): request completed
    route: "/v1/portal/manifestations"
    method: "GET"
    status: 200
    duration_ms: 6
[2026-09-28 01:27:18.571 -0300] INFO (12173): request completed
    route: "/v1/portal/service-charter/manifestar/deadline"
    method: "GET"
    status: 200
    duration_ms: 4
[2026-09-28 01:27:18.576 -0300] INFO (12173): request completed
    route: "/v1/portal/identity/representations"
    method: "GET"
    status: 200
    duration_ms: 4
[2026-09-28 01:27:18.581 -0300] INFO (12173): request completed
    route: "/v1/portal/services"
    method: "GET"
    status: 200
    duration_ms: 4
[2026-09-28 01:27:18.588 -0300] INFO (12173): request completed
    route: "/v1/portal/aits/00000000-0000-7000-8000-0000f0000002"
    method: "GET"
    status: 200
    duration_ms: 6
[2026-09-28 01:27:18.593 -0300] INFO (12173): request completed
    route: "/v1/portal/aits/00000000-0000-7000-8000-0000f0000002/points"
    method: "GET"
    status: 200
    duration_ms: 4
[2026-09-28 01:27:18.598 -0300] INFO (12173): request completed
    route: "/v1/portal/points-summary"
    method: "GET"
    status: 200
    duration_ms: 4
[2026-09-28 01:27:18.605 -0300] INFO (12173): request completed
    route: "/v1/portal/requests"
    method: "GET"
    status: 200
    duration_ms: 6
[2026-09-28 01:27:18.612 -0300] INFO (12173): request completed
    route: "/v1/portal/requests/00000000-0000-7000-8000-000070400e09"
    method: "GET"
    status: 200
    duration_ms: 6
[2026-09-28 01:27:18.619 -0300] INFO (12173): request completed
    route: "/v1/portal/requests/00000000-0000-7000-8000-000070400e09/receipt"
    method: "GET"
    status: 404
    duration_ms: 6
[2026-09-28 01:27:18.625 -0300] INFO (12173): request completed
    route: "/v1/portal/requests/00000000-0000-7000-8000-000070400e09/decision"
    method: "GET"
    status: 200
    duration_ms: 5
[2026-09-28 01:27:18.631 -0300] INFO (12173): request completed
    route: "/v1/portal/inbox"
    method: "GET"
    status: 200
    duration_ms: 5
[2026-09-28 01:27:18.637 -0300] INFO (12173): request completed
    route: "/v1/portal/sne/enrollment"
    method: "GET"
    status: 200
    duration_ms: 5
[2026-09-28 01:27:18.648 -0300] INFO (12173): request completed
    route: "/v1/portal/documents/cnh"
    method: "GET"
    status: 200
    duration_ms: 11
[2026-09-28 01:27:18.658 -0300] INFO (12173): request completed
    route: "/v1/portal/vehicles"
    method: "GET"
    status: 200
    duration_ms: 10
[2026-09-28 01:27:18.667 -0300] INFO (12173): request completed
    route: "/v1/portal/vehicles/00000000-0000-7000-8000-00007ff00001/clearance"
    method: "GET"
    status: 503
    duration_ms: 8
[2026-09-28 01:27:18.677 -0300] INFO (12173): request completed
    route: "/v1/portal/crashes"
    method: "GET"
    status: 200
    duration_ms: 10
[2026-09-28 01:27:18.685 -0300] INFO (12173): request completed
    route: "/v1/portal/crashes/00000000-0000-7000-8000-00007ff00003"
    method: "GET"
    status: 200
    duration_ms: 8
[2026-09-28 01:27:18.693 -0300] INFO (12173): request completed
    route: "/v1/portal/exams"
    method: "GET"
    status: 200
    duration_ms: 7
[2026-09-28 01:27:18.698 -0300] INFO (12173): request completed
    route: "/v1/portal/exams/00000000-0000-7000-8000-00007ff00002"
    method: "GET"
    status: 404
    duration_ms: 5
[2026-09-28 01:27:18.705 -0300] INFO (12173): request completed
    route: "/v1/portal/manifestations"
    method: "GET"
    status: 200
    duration_ms: 6
[2026-09-28 01:27:18.712 -0300] INFO (12173): request completed
    route: "/v1/portal/service-charter/manifestar/deadline"
    method: "GET"
    status: 200
    duration_ms: 6
[2026-09-28 01:27:18.717 -0300] INFO (12173): request completed
    route: "/v1/portal/identity/representations"
    method: "GET"
    status: 200
    duration_ms: 4
[2026-09-28 01:27:18.721 -0300] INFO (12173): request completed
    route: "/v1/portal/services"
    method: "GET"
    status: 200
    duration_ms: 3
[2026-09-28 01:27:18.726 -0300] INFO (12173): request completed
    route: "/v1/portal/aits/00000000-0000-7000-8000-0000f0000002"
    method: "GET"
    status: 404
    duration_ms: 4
[2026-09-28 01:27:18.732 -0300] INFO (12173): request completed
    route: "/v1/portal/aits/00000000-0000-7000-8000-0000f0000002/points"
    method: "GET"
    status: 404
    duration_ms: 5
[2026-09-28 01:27:18.738 -0300] INFO (12173): request completed
    route: "/v1/portal/points-summary"
    method: "GET"
    status: 200
    duration_ms: 5
[2026-09-28 01:27:18.744 -0300] INFO (12173): request completed
    route: "/v1/portal/requests"
    method: "GET"
    status: 200
    duration_ms: 6
[2026-09-28 01:27:18.749 -0300] INFO (12173): request completed
    route: "/v1/portal/requests/00000000-0000-7000-8000-000070400e09"
    method: "GET"
    status: 404
    duration_ms: 4
[2026-09-28 01:27:18.755 -0300] INFO (12173): request completed
    route: "/v1/portal/requests/00000000-0000-7000-8000-000070400e09/receipt"
    method: "GET"
    status: 404
    duration_ms: 5
[2026-09-28 01:27:18.762 -0300] INFO (12173): request completed
    route: "/v1/portal/requests/00000000-0000-7000-8000-000070400e09/decision"
    method: "GET"
    status: 404
    duration_ms: 6
[2026-09-28 01:27:18.768 -0300] INFO (12173): request completed
    route: "/v1/portal/inbox"
    method: "GET"
    status: 200
    duration_ms: 6
[2026-09-28 01:27:18.773 -0300] INFO (12173): request completed
    route: "/v1/portal/sne/enrollment"
    method: "GET"
    status: 200
    duration_ms: 5
[2026-09-28 01:27:18.779 -0300] INFO (12173): request completed
    route: "/v1/portal/documents/cnh"
    method: "GET"
    status: 503
    duration_ms: 6
[2026-09-28 01:27:18.785 -0300] INFO (12173): request completed
    route: "/v1/portal/vehicles"
    method: "GET"
    status: 503
    duration_ms: 5
[2026-09-28 01:27:18.791 -0300] INFO (12173): request completed
    route: "/v1/portal/vehicles/00000000-0000-7000-8000-00007ff00001/clearance"
    method: "GET"
    status: 404
    duration_ms: 5
[2026-09-28 01:27:18.801 -0300] INFO (12173): request completed
    route: "/v1/portal/crashes"
    method: "GET"
    status: 200
    duration_ms: 10
[2026-09-28 01:27:18.807 -0300] INFO (12173): request completed
    route: "/v1/portal/crashes/00000000-0000-7000-8000-00007ff00003"
    method: "GET"
    status: 404
    duration_ms: 6
[2026-09-28 01:27:18.816 -0300] INFO (12173): request completed
    route: "/v1/portal/exams"
    method: "GET"
    status: 200
    duration_ms: 9
[2026-09-28 01:27:18.823 -0300] INFO (12173): request completed
    route: "/v1/portal/exams/00000000-0000-7000-8000-00007ff00002"
    method: "GET"
    status: 404
    duration_ms: 6
[2026-09-28 01:27:18.832 -0300] INFO (12173): request completed
    route: "/v1/portal/manifestations"
    method: "GET"
    status: 200
    duration_ms: 8
[2026-09-28 01:27:18.838 -0300] INFO (12173): request completed
    route: "/v1/portal/service-charter/manifestar/deadline"
    method: "GET"
    status: 200
    duration_ms: 5
[2026-09-28 01:27:18.845 -0300] INFO (12173): request completed
    route: "/v1/portal/identity/representations"
    method: "GET"
    status: 200
    duration_ms: 6
[2026-09-28 01:27:18.850 -0300] INFO (12173): request completed
    route: "/v1/portal/services"
    method: "GET"
    status: 200
    duration_ms: 4
[2026-09-28 01:27:18.856 -0300] INFO (12173): request completed
    route: "/v1/portal/aits/00000000-0000-7000-8000-0000f0000002"
    method: "GET"
    status: 404
    duration_ms: 5
[2026-09-28 01:27:18.863 -0300] INFO (12173): request completed
    route: "/v1/portal/aits/00000000-0000-7000-8000-0000f0000002/points"
    method: "GET"
    status: 404
    duration_ms: 6
[2026-09-28 01:27:18.869 -0300] INFO (12173): request completed
    route: "/v1/portal/points-summary"
    method: "GET"
    status: 200
    duration_ms: 5
[2026-09-28 01:27:18.876 -0300] INFO (12173): request completed
    route: "/v1/portal/requests"
    method: "GET"
    status: 200
    duration_ms: 6
[2026-09-28 01:27:18.882 -0300] INFO (12173): request completed
    route: "/v1/portal/requests/00000000-0000-7000-8000-000070400e09"
    method: "GET"
    status: 404
    duration_ms: 5
[2026-09-28 01:27:18.887 -0300] INFO (12173): request completed
    route: "/v1/portal/requests/00000000-0000-7000-8000-000070400e09/receipt"
    method: "GET"
    status: 404
    duration_ms: 5
[2026-09-28 01:27:18.892 -0300] INFO (12173): request completed
    route: "/v1/portal/requests/00000000-0000-7000-8000-000070400e09/decision"
    method: "GET"
    status: 404
    duration_ms: 5
[2026-09-28 01:27:18.899 -0300] INFO (12173): request completed
    route: "/v1/portal/inbox"
    method: "GET"
    status: 200
    duration_ms: 6
[2026-09-28 01:27:18.905 -0300] INFO (12173): request completed
    route: "/v1/portal/sne/enrollment"
    method: "GET"
    status: 200
    duration_ms: 5
[2026-09-28 01:27:18.918 -0300] INFO (12173): request completed
    route: "/v1/portal/documents/cnh"
    method: "GET"
    status: 200
    duration_ms: 12
[2026-09-28 01:27:18.931 -0300] INFO (12173): request completed
    route: "/v1/portal/vehicles"
    method: "GET"
    status: 200
    duration_ms: 12
[2026-09-28 01:27:18.939 -0300] INFO (12173): request completed
    route: "/v1/portal/vehicles/00000000-0000-7000-8000-00007ff00001/clearance"
    method: "GET"
    status: 404
    duration_ms: 7
[2026-09-28 01:27:18.951 -0300] INFO (12173): request completed
    route: "/v1/portal/crashes"
    method: "GET"
    status: 200
    duration_ms: 11
[2026-09-28 01:27:18.960 -0300] INFO (12173): request completed
    route: "/v1/portal/crashes/00000000-0000-7000-8000-00007ff00003"
    method: "GET"
    status: 404
    duration_ms: 8
[2026-09-28 01:27:18.974 -0300] INFO (12173): request completed
    route: "/v1/portal/exams"
    method: "GET"
    status: 200
    duration_ms: 13
[2026-09-28 01:27:18.990 -0300] INFO (12173): request completed
    route: "/v1/portal/exams/00000000-0000-7000-8000-00007ff00002"
    method: "GET"
    status: 200
    duration_ms: 15
[2026-09-28 01:27:19.000 -0300] INFO (12173): request completed
    route: "/v1/portal/manifestations"
    method: "GET"
    status: 200
    duration_ms: 9
[2026-09-28 01:27:19.007 -0300] INFO (12173): request completed
    route: "/v1/portal/service-charter/manifestar/deadline"
    method: "GET"
    status: 200
    duration_ms: 6
[2026-09-28 01:27:19.016 -0300] INFO (12173): request completed
    route: "/v1/portal/identity/representations"
    method: "GET"
    status: 200
    duration_ms: 7
[2026-09-28 01:27:19.024 -0300] INFO (12173): request completed
    route: "/v1/portal/services"
    method: "GET"
    status: 200
    duration_ms: 7
[2026-09-28 01:27:19.036 -0300] INFO (12173): request completed
    route: "/v1/portal/aits/00000000-0000-7000-8000-0000f0000002"
    method: "GET"
    status: 200
    duration_ms: 11
[2026-09-28 01:27:19.045 -0300] INFO (12173): request completed
    route: "/v1/portal/aits/00000000-0000-7000-8000-0000f0000002/points"
    method: "GET"
    status: 200
    duration_ms: 8
[2026-09-28 01:27:19.053 -0300] INFO (12173): request completed
    route: "/v1/portal/points-summary"
    method: "GET"
    status: 200
    duration_ms: 7
[2026-09-28 01:27:19.063 -0300] INFO (12173): request completed
    route: "/v1/portal/requests"
    method: "GET"
    status: 200
    duration_ms: 9
[2026-09-28 01:27:19.074 -0300] INFO (12173): request completed
    route: "/v1/portal/requests/00000000-0000-7000-8000-000070400e09"
    method: "GET"
    status: 200
    duration_ms: 10
[2026-09-28 01:27:19.083 -0300] INFO (12173): request completed
    route: "/v1/portal/requests/00000000-0000-7000-8000-000070400e09/receipt"
    method: "GET"
    status: 404
    duration_ms: 8
[2026-09-28 01:27:19.093 -0300] INFO (12173): request completed
    route: "/v1/portal/requests/00000000-0000-7000-8000-000070400e09/decision"
    method: "GET"
    status: 200
    duration_ms: 9
[2026-09-28 01:27:19.102 -0300] INFO (12173): request completed
    route: "/v1/portal/inbox"
    method: "GET"
    status: 200
    duration_ms: 8
[2026-09-28 01:27:19.110 -0300] INFO (12173): request completed
    route: "/v1/portal/sne/enrollment"
    method: "GET"
    status: 200
    duration_ms: 8
[2026-09-28 01:27:19.128 -0300] INFO (12173): request completed
    route: "/v1/portal/documents/cnh"
    method: "GET"
    status: 200
    duration_ms: 17
[2026-09-28 01:27:19.144 -0300] INFO (12173): request completed
    route: "/v1/portal/vehicles"
    method: "GET"
    status: 200
    duration_ms: 15
[2026-09-28 01:27:19.156 -0300] INFO (12173): request completed
    route: "/v1/portal/vehicles/00000000-0000-7000-8000-00007ff00001/clearance"
    method: "GET"
    status: 503
    duration_ms: 12
[2026-09-28 01:27:19.172 -0300] INFO (12173): request completed
    route: "/v1/portal/crashes"
    method: "GET"
    status: 200
    duration_ms: 16
[2026-09-28 01:27:19.187 -0300] INFO (12173): request completed
    route: "/v1/portal/crashes/00000000-0000-7000-8000-00007ff00003"
    method: "GET"
    status: 200
    duration_ms: 14
[2026-09-28 01:27:19.201 -0300] INFO (12173): request completed
    route: "/v1/portal/exams"
    method: "GET"
    status: 200
    duration_ms: 13
[2026-09-28 01:27:19.210 -0300] INFO (12173): request completed
    route: "/v1/portal/exams/00000000-0000-7000-8000-00007ff00002"
    method: "GET"
    status: 404
    duration_ms: 8
[2026-09-28 01:27:19.222 -0300] INFO (12173): request completed
    route: "/v1/portal/manifestations"
    method: "GET"
    status: 200
    duration_ms: 11
[2026-09-28 01:27:19.228 -0300] INFO (12173): request completed
    route: "/v1/portal/service-charter/manifestar/deadline"
    method: "GET"
    status: 200
    duration_ms: 5
[2026-09-28 01:27:19.234 -0300] INFO (12173): request completed
    route: "/v1/portal/identity/representations"
    method: "GET"
    status: 200
    duration_ms: 5
[2026-09-28 01:27:19.241 -0300] INFO (12173): request completed
    route: "/v1/portal/services"
    method: "GET"
    status: 200
    duration_ms: 6
[2026-09-28 01:27:19.247 -0300] INFO (12173): request completed
    route: "/v1/portal/aits/00000000-0000-7000-8000-0000f0000002"
    method: "GET"
    status: 404
    duration_ms: 6
[2026-09-28 01:27:19.253 -0300] INFO (12173): request completed
    route: "/v1/portal/aits/00000000-0000-7000-8000-0000f0000002/points"
    method: "GET"
    status: 404
    duration_ms: 5
[2026-09-28 01:27:19.260 -0300] INFO (12173): request completed
    route: "/v1/portal/points-summary"
    method: "GET"
    status: 200
    duration_ms: 6
[2026-09-28 01:27:19.268 -0300] INFO (12173): request completed
    route: "/v1/portal/requests"
    method: "GET"
    status: 200
    duration_ms: 7
[2026-09-28 01:27:19.276 -0300] INFO (12173): request completed
    route: "/v1/portal/requests/00000000-0000-7000-8000-000070400e09"
    method: "GET"
    status: 404
    duration_ms: 7
[2026-09-28 01:27:19.283 -0300] INFO (12173): request completed
    route: "/v1/portal/requests/00000000-0000-7000-8000-000070400e09/receipt"
    method: "GET"
    status: 404
    duration_ms: 6
[2026-09-28 01:27:19.292 -0300] INFO (12173): request completed
    route: "/v1/portal/requests/00000000-0000-7000-8000-000070400e09/decision"
    method: "GET"
    status: 404
    duration_ms: 8
[2026-09-28 01:27:19.300 -0300] INFO (12173): request completed
    route: "/v1/portal/inbox"
    method: "GET"
    status: 200
    duration_ms: 7
[2026-09-28 01:27:19.306 -0300] INFO (12173): request completed
    route: "/v1/portal/sne/enrollment"
    method: "GET"
    status: 200
    duration_ms: 6
[2026-09-28 01:27:19.316 -0300] INFO (12173): request completed
    route: "/v1/portal/documents/cnh"
    method: "GET"
    status: 503
    duration_ms: 9
[2026-09-28 01:27:19.324 -0300] INFO (12173): request completed
    route: "/v1/portal/vehicles"
    method: "GET"
    status: 503
    duration_ms: 7
[2026-09-28 01:27:19.332 -0300] INFO (12173): request completed
    route: "/v1/portal/vehicles/00000000-0000-7000-8000-00007ff00001/clearance"
    method: "GET"
    status: 404
    duration_ms: 7
[2026-09-28 01:27:19.342 -0300] INFO (12173): request completed
    route: "/v1/portal/crashes"
    method: "GET"
    status: 200
    duration_ms: 9
[2026-09-28 01:27:19.348 -0300] INFO (12173): request completed
    route: "/v1/portal/crashes/00000000-0000-7000-8000-00007ff00003"
    method: "GET"
    status: 404
    duration_ms: 5
[2026-09-28 01:27:19.357 -0300] INFO (12173): request completed
    route: "/v1/portal/exams"
    method: "GET"
    status: 200
    duration_ms: 9
[2026-09-28 01:27:19.364 -0300] INFO (12173): request completed
    route: "/v1/portal/exams/00000000-0000-7000-8000-00007ff00002"
    method: "GET"
    status: 404
    duration_ms: 6
[2026-09-28 01:27:19.371 -0300] INFO (12173): request completed
    route: "/v1/portal/manifestations"
    method: "GET"
    status: 200
    duration_ms: 7
[2026-09-28 01:27:19.377 -0300] INFO (12173): request completed
    route: "/v1/portal/service-charter/manifestar/deadline"
    method: "GET"
    status: 200
    duration_ms: 5
[2026-09-28 01:27:19.383 -0300] INFO (12173): request completed
    route: "/v1/portal/identity/representations"
    method: "GET"
    status: 200
    duration_ms: 5
[2026-09-28 01:27:19.387 -0300] INFO (12173): request completed
    route: "/v1/portal/services"
    method: "GET"
    status: 200
    duration_ms: 4
[2026-09-28 01:27:19.393 -0300] INFO (12173): request completed
    route: "/v1/portal/aits/00000000-0000-7000-8000-0000f0000002"
    method: "GET"
    status: 404
    duration_ms: 5
[2026-09-28 01:27:19.399 -0300] INFO (12173): request completed
    route: "/v1/portal/aits/00000000-0000-7000-8000-0000f0000002/points"
    method: "GET"
    status: 404
    duration_ms: 5
[2026-09-28 01:27:19.406 -0300] INFO (12173): request completed
    route: "/v1/portal/points-summary"
    method: "GET"
    status: 200
    duration_ms: 6
[2026-09-28 01:27:19.413 -0300] INFO (12173): request completed
    route: "/v1/portal/requests"
    method: "GET"
    status: 200
    duration_ms: 6
[2026-09-28 01:27:19.419 -0300] INFO (12173): request completed
    route: "/v1/portal/requests/00000000-0000-7000-8000-000070400e09"
    method: "GET"
    status: 404
    duration_ms: 5
[2026-09-28 01:27:19.426 -0300] INFO (12173): request completed
    route: "/v1/portal/requests/00000000-0000-7000-8000-000070400e09/receipt"
    method: "GET"
    status: 404
    duration_ms: 6
[2026-09-28 01:27:19.432 -0300] INFO (12173): request completed
    route: "/v1/portal/requests/00000000-0000-7000-8000-000070400e09/decision"
    method: "GET"
    status: 404
    duration_ms: 6
[2026-09-28 01:27:19.440 -0300] INFO (12173): request completed
    route: "/v1/portal/inbox"
    method: "GET"
    status: 200
    duration_ms: 7
[2026-09-28 01:27:19.446 -0300] INFO (12173): request completed
    route: "/v1/portal/sne/enrollment"
    method: "GET"
    status: 200
    duration_ms: 5
[2026-09-28 01:27:19.458 -0300] INFO (12173): request completed
    route: "/v1/portal/documents/cnh"
    method: "GET"
    status: 200
    duration_ms: 11
[2026-09-28 01:27:19.468 -0300] INFO (12173): request completed
    route: "/v1/portal/vehicles"
    method: "GET"
    status: 200
    duration_ms: 10
[2026-09-28 01:27:19.473 -0300] INFO (12173): request completed
    route: "/v1/portal/vehicles/00000000-0000-7000-8000-00007ff00001/clearance"
    method: "GET"
    status: 404
    duration_ms: 5
[2026-09-28 01:27:19.483 -0300] INFO (12173): request completed
    route: "/v1/portal/crashes"
    method: "GET"
    status: 200
    duration_ms: 9
[2026-09-28 01:27:19.489 -0300] INFO (12173): request completed
    route: "/v1/portal/crashes/00000000-0000-7000-8000-00007ff00003"
    method: "GET"
    status: 404
    duration_ms: 5
[2026-09-28 01:27:19.499 -0300] INFO (12173): request completed
    route: "/v1/portal/exams"
    method: "GET"
    status: 200
    duration_ms: 9
[2026-09-28 01:27:19.511 -0300] INFO (12173): request completed
    route: "/v1/portal/exams/00000000-0000-7000-8000-00007ff00002"
    method: "GET"
    status: 200
    duration_ms: 11
[2026-09-28 01:27:19.519 -0300] INFO (12173): request completed
    route: "/v1/portal/manifestations"
    method: "GET"
    status: 200
    duration_ms: 7
[2026-09-28 01:27:19.524 -0300] INFO (12173): request completed
    route: "/v1/portal/service-charter/manifestar/deadline"
    method: "GET"
    status: 200
    duration_ms: 4
[2026-09-28 01:27:19.530 -0300] INFO (12173): request completed
    route: "/v1/portal/identity/representations"
    method: "GET"
    status: 200
    duration_ms: 5
[2026-09-28 01:27:19.535 -0300] INFO (12173): request completed
    route: "/v1/portal/services"
    method: "GET"
    status: 200
    duration_ms: 4
[2026-09-28 01:27:19.542 -0300] INFO (12173): request completed
    route: "/v1/portal/aits/00000000-0000-7000-8000-0000f0000002"
    method: "GET"
    status: 200
    duration_ms: 6
[2026-09-28 01:27:19.551 -0300] INFO (12173): request completed
    route: "/v1/portal/aits/00000000-0000-7000-8000-0000f0000002/points"
    method: "GET"
    status: 200
    duration_ms: 5
[2026-09-28 01:27:19.557 -0300] INFO (12173): request completed
    route: "/v1/portal/points-summary"
    method: "GET"
    status: 200
    duration_ms: 5
[2026-09-28 01:27:19.563 -0300] INFO (12173): request completed
    route: "/v1/portal/requests"
    method: "GET"
    status: 200
    duration_ms: 6
[2026-09-28 01:27:19.571 -0300] INFO (12173): request completed
    route: "/v1/portal/requests/00000000-0000-7000-8000-000070400e09"
    method: "GET"
    status: 200
    duration_ms: 7
[2026-09-28 01:27:19.577 -0300] INFO (12173): request completed
    route: "/v1/portal/requests/00000000-0000-7000-8000-000070400e09/receipt"
    method: "GET"
    status: 404
    duration_ms: 5
[2026-09-28 01:27:19.584 -0300] INFO (12173): request completed
    route: "/v1/portal/requests/00000000-0000-7000-8000-000070400e09/decision"
    method: "GET"
    status: 200
    duration_ms: 6
[2026-09-28 01:27:19.590 -0300] INFO (12173): request completed
    route: "/v1/portal/inbox"
    method: "GET"
    status: 200
    duration_ms: 5
[2026-09-28 01:27:19.596 -0300] INFO (12173): request completed
    route: "/v1/portal/sne/enrollment"
    method: "GET"
    status: 200
    duration_ms: 5
[2026-09-28 01:27:19.610 -0300] INFO (12173): request completed
    route: "/v1/portal/documents/cnh"
    method: "GET"
    status: 200
    duration_ms: 13
[2026-09-28 01:27:19.620 -0300] INFO (12173): request completed
    route: "/v1/portal/vehicles"
    method: "GET"
    status: 200
    duration_ms: 9
[2026-09-28 01:27:19.628 -0300] INFO (12173): request completed
    route: "/v1/portal/vehicles/00000000-0000-7000-8000-00007ff00001/clearance"
    method: "GET"
    status: 503
    duration_ms: 7
[2026-09-28 01:27:19.636 -0300] INFO (12173): request completed
    route: "/v1/portal/crashes"
    method: "GET"
    status: 200
    duration_ms: 7
[2026-09-28 01:27:19.646 -0300] INFO (12173): request completed
    route: "/v1/portal/crashes/00000000-0000-7000-8000-00007ff00003"
    method: "GET"
    status: 200
    duration_ms: 10
[2026-09-28 01:27:19.656 -0300] INFO (12173): request completed
    route: "/v1/portal/exams"
    method: "GET"
    status: 200
    duration_ms: 9
[2026-09-28 01:27:19.663 -0300] INFO (12173): request completed
    route: "/v1/portal/exams/00000000-0000-7000-8000-00007ff00002"
    method: "GET"
    status: 404
    duration_ms: 6
[2026-09-28 01:27:19.671 -0300] INFO (12173): request completed
    route: "/v1/portal/manifestations"
    method: "GET"
    status: 200
    duration_ms: 7
[2026-09-28 01:27:19.675 -0300] INFO (12173): request completed
    route: "/v1/portal/service-charter/manifestar/deadline"
    method: "GET"
    status: 200
    duration_ms: 4
[2026-09-28 01:27:19.680 -0300] INFO (12173): request completed
    route: "/v1/portal/identity/representations"
    method: "GET"
    status: 200
    duration_ms: 4
[2026-09-28 01:27:19.684 -0300] INFO (12173): request completed
    route: "/v1/portal/services"
    method: "GET"
    status: 200
    duration_ms: 3
[2026-09-28 01:27:19.688 -0300] INFO (12173): request completed
    route: "/v1/portal/aits/00000000-0000-7000-8000-0000f0000002"
    method: "GET"
    status: 404
    duration_ms: 4
[2026-09-28 01:27:19.692 -0300] INFO (12173): request completed
    route: "/v1/portal/aits/00000000-0000-7000-8000-0000f0000002/points"
    method: "GET"
    status: 404
    duration_ms: 3
[2026-09-28 01:27:19.697 -0300] INFO (12173): request completed
    route: "/v1/portal/points-summary"
    method: "GET"
    status: 200
    duration_ms: 4
[2026-09-28 01:27:19.704 -0300] INFO (12173): request completed
    route: "/v1/portal/requests"
    method: "GET"
    status: 200
    duration_ms: 6
[2026-09-28 01:27:19.709 -0300] INFO (12173): request completed
    route: "/v1/portal/requests/00000000-0000-7000-8000-000070400e09"
    method: "GET"
    status: 404
    duration_ms: 4
[2026-09-28 01:27:19.715 -0300] INFO (12173): request completed
    route: "/v1/portal/requests/00000000-0000-7000-8000-000070400e09/receipt"
    method: "GET"
    status: 404
    duration_ms: 5
[2026-09-28 01:27:19.720 -0300] INFO (12173): request completed
    route: "/v1/portal/requests/00000000-0000-7000-8000-000070400e09/decision"
    method: "GET"
    status: 404
    duration_ms: 5
[2026-09-28 01:27:19.726 -0300] INFO (12173): request completed
    route: "/v1/portal/inbox"
    method: "GET"
    status: 200
    duration_ms: 5
[2026-09-28 01:27:19.731 -0300] INFO (12173): request completed
    route: "/v1/portal/sne/enrollment"
    method: "GET"
    status: 200
    duration_ms: 4
[2026-09-28 01:27:19.738 -0300] INFO (12173): request completed
    route: "/v1/portal/documents/cnh"
    method: "GET"
    status: 503
    duration_ms: 6
[2026-09-28 01:27:19.744 -0300] INFO (12173): request completed
    route: "/v1/portal/vehicles"
    method: "GET"
    status: 503
    duration_ms: 5
[2026-09-28 01:27:19.750 -0300] INFO (12173): request completed
    route: "/v1/portal/vehicles/00000000-0000-7000-8000-00007ff00001/clearance"
    method: "GET"
    status: 404
    duration_ms: 5
[2026-09-28 01:27:19.761 -0300] INFO (12173): request completed
    route: "/v1/portal/crashes"
    method: "GET"
    status: 200
    duration_ms: 10
[2026-09-28 01:27:19.766 -0300] INFO (12173): request completed
    route: "/v1/portal/crashes/00000000-0000-7000-8000-00007ff00003"
    method: "GET"
    status: 404
    duration_ms: 5
[2026-09-28 01:27:19.776 -0300] INFO (12173): request completed
    route: "/v1/portal/exams"
    method: "GET"
    status: 200
    duration_ms: 9
[2026-09-28 01:27:19.782 -0300] INFO (12173): request completed
    route: "/v1/portal/exams/00000000-0000-7000-8000-00007ff00002"
    method: "GET"
    status: 404
    duration_ms: 5
[2026-09-28 01:27:19.789 -0300] INFO (12173): request completed
    route: "/v1/portal/manifestations"
    method: "GET"
    status: 200
    duration_ms: 7
[2026-09-28 01:27:19.794 -0300] INFO (12173): request completed
    route: "/v1/portal/service-charter/manifestar/deadline"
    method: "GET"
    status: 200
    duration_ms: 4
[2026-09-28 01:27:19.800 -0300] INFO (12173): request completed
    route: "/v1/portal/identity/representations"
    method: "GET"
    status: 200
    duration_ms: 5
[2026-09-28 01:27:19.805 -0300] INFO (12173): request completed
    route: "/v1/portal/services"
    method: "GET"
    status: 200
    duration_ms: 5
[2026-09-28 01:27:19.810 -0300] INFO (12173): request completed
    route: "/v1/portal/aits/00000000-0000-7000-8000-0000f0000002"
    method: "GET"
    status: 404
    duration_ms: 4
[2026-09-28 01:27:19.823 -0300] INFO (12173): request completed
    route: "/v1/portal/aits/00000000-0000-7000-8000-0000f0000002/points"
    method: "GET"
    status: 404
    duration_ms: 12
[2026-09-28 01:27:19.831 -0300] INFO (12173): request completed
    route: "/v1/portal/points-summary"
    method: "GET"
    status: 200
    duration_ms: 7
[2026-09-28 01:27:19.840 -0300] INFO (12173): request completed
    route: "/v1/portal/requests"
    method: "GET"
    status: 200
    duration_ms: 8
[2026-09-28 01:27:19.847 -0300] INFO (12173): request completed
    route: "/v1/portal/requests/00000000-0000-7000-8000-000070400e09"
    method: "GET"
    status: 404
    duration_ms: 6
[2026-09-28 01:27:19.852 -0300] INFO (12173): request completed
    route: "/v1/portal/requests/00000000-0000-7000-8000-000070400e09/receipt"
    method: "GET"
    status: 404
    duration_ms: 4
[2026-09-28 01:27:19.859 -0300] INFO (12173): request completed
    route: "/v1/portal/requests/00000000-0000-7000-8000-000070400e09/decision"
    method: "GET"
    status: 404
    duration_ms: 6
[2026-09-28 01:27:19.865 -0300] INFO (12173): request completed
    route: "/v1/portal/inbox"
    method: "GET"
    status: 200
    duration_ms: 6
[2026-09-28 01:27:19.870 -0300] INFO (12173): request completed
    route: "/v1/portal/sne/enrollment"
    method: "GET"
    status: 200
    duration_ms: 4
[2026-09-28 01:27:19.882 -0300] INFO (12173): request completed
    route: "/v1/portal/documents/cnh"
    method: "GET"
    status: 200
    duration_ms: 11
[2026-09-28 01:27:19.893 -0300] INFO (12173): request completed
    route: "/v1/portal/vehicles"
    method: "GET"
    status: 200
    duration_ms: 10
[2026-09-28 01:27:19.900 -0300] INFO (12173): request completed
    route: "/v1/portal/vehicles/00000000-0000-7000-8000-00007ff00001/clearance"
    method: "GET"
    status: 404
    duration_ms: 6
[2026-09-28 01:27:19.914 -0300] INFO (12173): request completed
    route: "/v1/portal/crashes"
    method: "GET"
    status: 200
    duration_ms: 13
[2026-09-28 01:27:19.921 -0300] INFO (12173): request completed
    route: "/v1/portal/crashes/00000000-0000-7000-8000-00007ff00003"
    method: "GET"
    status: 404
    duration_ms: 6
[2026-09-28 01:27:19.930 -0300] INFO (12173): request completed
    route: "/v1/portal/exams"
    method: "GET"
    status: 200
    duration_ms: 8
[2026-09-28 01:27:19.939 -0300] INFO (12173): request completed
    route: "/v1/portal/exams/00000000-0000-7000-8000-00007ff00002"
    method: "GET"
    status: 200
    duration_ms: 8
[2026-09-28 01:27:19.947 -0300] INFO (12173): request completed
    route: "/v1/portal/manifestations"
    method: "GET"
    status: 200
    duration_ms: 7
[2026-09-28 01:27:19.951 -0300] INFO (12173): request completed
    route: "/v1/portal/service-charter/manifestar/deadline"
    method: "GET"
    status: 200
    duration_ms: 3
[2026-09-28 01:27:19.957 -0300] INFO (12173): request completed
    route: "/v1/portal/identity/representations"
    method: "GET"
    status: 200
    duration_ms: 5
[2026-09-28 01:27:19.962 -0300] INFO (12173): request completed
    route: "/v1/portal/services"
    method: "GET"
    status: 200
    duration_ms: 4
[2026-09-28 01:27:19.968 -0300] INFO (12173): request completed
    route: "/v1/portal/aits/00000000-0000-7000-8000-0000f0000002"
    method: "GET"
    status: 200
    duration_ms: 5
[2026-09-28 01:27:19.974 -0300] INFO (12173): request completed
    route: "/v1/portal/aits/00000000-0000-7000-8000-0000f0000002/points"
    method: "GET"
    status: 200
    duration_ms: 5
[2026-09-28 01:27:19.981 -0300] INFO (12173): request completed
    route: "/v1/portal/points-summary"
    method: "GET"
    status: 200
    duration_ms: 6
[2026-09-28 01:27:19.987 -0300] INFO (12173): request completed
    route: "/v1/portal/requests"
    method: "GET"
    status: 200
    duration_ms: 6
[2026-09-28 01:27:19.995 -0300] INFO (12173): request completed
    route: "/v1/portal/requests/00000000-0000-7000-8000-000070400e09"
    method: "GET"
    status: 200
    duration_ms: 7
[2026-09-28 01:27:20.002 -0300] INFO (12173): request completed
    route: "/v1/portal/requests/00000000-0000-7000-8000-000070400e09/receipt"
    method: "GET"
    status: 404
    duration_ms: 6
[2026-09-28 01:27:20.009 -0300] INFO (12173): request completed
    route: "/v1/portal/requests/00000000-0000-7000-8000-000070400e09/decision"
    method: "GET"
    status: 200
    duration_ms: 6
[2026-09-28 01:27:20.016 -0300] INFO (12173): request completed
    route: "/v1/portal/inbox"
    method: "GET"
    status: 200
    duration_ms: 6
[2026-09-28 01:27:20.022 -0300] INFO (12173): request completed
    route: "/v1/portal/sne/enrollment"
    method: "GET"
    status: 200
    duration_ms: 5
[2026-09-28 01:27:20.034 -0300] INFO (12173): request completed
    route: "/v1/portal/documents/cnh"
    method: "GET"
    status: 200
    duration_ms: 12
[2026-09-28 01:27:20.046 -0300] INFO (12173): request completed
    route: "/v1/portal/vehicles"
    method: "GET"
    status: 200
    duration_ms: 11
[2026-09-28 01:27:20.055 -0300] INFO (12173): request completed
    route: "/v1/portal/vehicles/00000000-0000-7000-8000-00007ff00001/clearance"
    method: "GET"
    status: 503
    duration_ms: 8
[2026-09-28 01:27:20.065 -0300] INFO (12173): request completed
    route: "/v1/portal/crashes"
    method: "GET"
    status: 200
    duration_ms: 9
[2026-09-28 01:27:20.074 -0300] INFO (12173): request completed
    route: "/v1/portal/crashes/00000000-0000-7000-8000-00007ff00003"
    method: "GET"
    status: 200
    duration_ms: 8
[2026-09-28 01:27:20.083 -0300] INFO (12173): request completed
    route: "/v1/portal/exams"
    method: "GET"
    status: 200
    duration_ms: 8
[2026-09-28 01:27:20.088 -0300] INFO (12173): request completed
    route: "/v1/portal/exams/00000000-0000-7000-8000-00007ff00002"
    method: "GET"
    status: 404
    duration_ms: 5
[2026-09-28 01:27:20.096 -0300] INFO (12173): request completed
    route: "/v1/portal/manifestations"
    method: "GET"
    status: 200
    duration_ms: 7
[2026-09-28 01:27:20.101 -0300] INFO (12173): request completed
    route: "/v1/portal/service-charter/manifestar/deadline"
    method: "GET"
    status: 200
    duration_ms: 4
[2026-09-28 01:27:20.107 -0300] INFO (12173): request completed
    route: "/v1/portal/identity/representations"
    method: "GET"
    status: 200
    duration_ms: 5
[2026-09-28 01:27:20.113 -0300] INFO (12173): request completed
    route: "/v1/portal/services"
    method: "GET"
    status: 200
    duration_ms: 5
[2026-09-28 01:27:20.118 -0300] INFO (12173): request completed
    route: "/v1/portal/aits/00000000-0000-7000-8000-0000f0000002"
    method: "GET"
    status: 404
    duration_ms: 4
[2026-09-28 01:27:20.124 -0300] INFO (12173): request completed
    route: "/v1/portal/aits/00000000-0000-7000-8000-0000f0000002/points"
    method: "GET"
    status: 404
    duration_ms: 5
[2026-09-28 01:27:20.130 -0300] INFO (12173): request completed
    route: "/v1/portal/points-summary"
    method: "GET"
    status: 200
    duration_ms: 5
[2026-09-28 01:27:20.138 -0300] INFO (12173): request completed
    route: "/v1/portal/requests"
    method: "GET"
    status: 200
    duration_ms: 7
[2026-09-28 01:27:20.144 -0300] INFO (12173): request completed
    route: "/v1/portal/requests/00000000-0000-7000-8000-000070400e09"
    method: "GET"
    status: 404
    duration_ms: 6
[2026-09-28 01:27:20.150 -0300] INFO (12173): request completed
    route: "/v1/portal/requests/00000000-0000-7000-8000-000070400e09/receipt"
    method: "GET"
    status: 404
    duration_ms: 5
[2026-09-28 01:27:20.156 -0300] INFO (12173): request completed
    route: "/v1/portal/requests/00000000-0000-7000-8000-000070400e09/decision"
    method: "GET"
    status: 404
    duration_ms: 5
[2026-09-28 01:27:20.164 -0300] INFO (12173): request completed
    route: "/v1/portal/inbox"
    method: "GET"
    status: 200
    duration_ms: 7
[2026-09-28 01:27:20.170 -0300] INFO (12173): request completed
    route: "/v1/portal/sne/enrollment"
    method: "GET"
    status: 200
    duration_ms: 6
[2026-09-28 01:27:20.177 -0300] INFO (12173): request completed
    route: "/v1/portal/documents/cnh"
    method: "GET"
    status: 503
    duration_ms: 6
[2026-09-28 01:27:20.184 -0300] INFO (12173): request completed
    route: "/v1/portal/vehicles"
    method: "GET"
    status: 503
    duration_ms: 6
[2026-09-28 01:27:20.190 -0300] INFO (12173): request completed
    route: "/v1/portal/vehicles/00000000-0000-7000-8000-00007ff00001/clearance"
    method: "GET"
    status: 404
    duration_ms: 5
[2026-09-28 01:27:20.200 -0300] INFO (12173): request completed
    route: "/v1/portal/crashes"
    method: "GET"
    status: 200
    duration_ms: 9
[2026-09-28 01:27:20.206 -0300] INFO (12173): request completed
    route: "/v1/portal/crashes/00000000-0000-7000-8000-00007ff00003"
    method: "GET"
    status: 404
    duration_ms: 5
[2026-09-28 01:27:20.218 -0300] INFO (12173): request completed
    route: "/v1/portal/exams"
    method: "GET"
    status: 200
    duration_ms: 11
[2026-09-28 01:27:20.223 -0300] INFO (12173): request completed
    route: "/v1/portal/exams/00000000-0000-7000-8000-00007ff00002"
    method: "GET"
    status: 404
    duration_ms: 5
[2026-09-28 01:27:20.231 -0300] INFO (12173): request completed
    route: "/v1/portal/manifestations"
    method: "GET"
    status: 200
    duration_ms: 7
[2026-09-28 01:27:20.236 -0300] INFO (12173): request completed
    route: "/v1/portal/service-charter/manifestar/deadline"
    method: "GET"
    status: 200
    duration_ms: 5
[2026-09-28 01:27:20.243 -0300] INFO (12173): request completed
    route: "/v1/portal/identity/representations"
    method: "GET"
    status: 200
    duration_ms: 6
[2026-09-28 01:27:20.249 -0300] INFO (12173): request completed
    route: "/v1/portal/services"
    method: "GET"
    status: 200
    duration_ms: 5
[2026-09-28 01:27:20.255 -0300] INFO (12173): request completed
    route: "/v1/portal/aits/00000000-0000-7000-8000-0000f0000002"
    method: "GET"
    status: 404
    duration_ms: 5
[2026-09-28 01:27:20.261 -0300] INFO (12173): request completed
    route: "/v1/portal/aits/00000000-0000-7000-8000-0000f0000002/points"
    method: "GET"
    status: 404
    duration_ms: 5
[2026-09-28 01:27:20.266 -0300] INFO (12173): request completed
    route: "/v1/portal/points-summary"
    method: "GET"
    status: 200
    duration_ms: 5
[2026-09-28 01:27:20.277 -0300] INFO (12173): request completed
    route: "/v1/portal/requests"
    method: "GET"
    status: 200
    duration_ms: 10
[2026-09-28 01:27:20.284 -0300] INFO (12173): request completed
    route: "/v1/portal/requests/00000000-0000-7000-8000-000070400e09"
    method: "GET"
    status: 404
    duration_ms: 6
[2026-09-28 01:27:20.291 -0300] INFO (12173): request completed
    route: "/v1/portal/requests/00000000-0000-7000-8000-000070400e09/receipt"
    method: "GET"
    status: 404
    duration_ms: 6
[2026-09-28 01:27:20.297 -0300] INFO (12173): request completed
    route: "/v1/portal/requests/00000000-0000-7000-8000-000070400e09/decision"
    method: "GET"
    status: 404
    duration_ms: 5
[2026-09-28 01:27:20.303 -0300] INFO (12173): request completed
    route: "/v1/portal/inbox"
    method: "GET"
    status: 200
    duration_ms: 5
[2026-09-28 01:27:20.309 -0300] INFO (12173): request completed
    route: "/v1/portal/sne/enrollment"
    method: "GET"
    status: 200
    duration_ms: 5
[2026-09-28 01:27:20.321 -0300] INFO (12173): request completed
    route: "/v1/portal/documents/cnh"
    method: "GET"
    status: 200
    duration_ms: 11
[2026-09-28 01:27:20.335 -0300] INFO (12173): request completed
    route: "/v1/portal/vehicles"
    method: "GET"
    status: 200
    duration_ms: 13
[2026-09-28 01:27:20.349 -0300] INFO (12173): request completed
    route: "/v1/portal/vehicles/00000000-0000-7000-8000-00007ff00001/clearance"
    method: "GET"
    status: 404
    duration_ms: 13
[2026-09-28 01:27:20.364 -0300] INFO (12173): request completed
    route: "/v1/portal/crashes"
    method: "GET"
    status: 200
    duration_ms: 14
[2026-09-28 01:27:20.375 -0300] INFO (12173): request completed
    route: "/v1/portal/crashes/00000000-0000-7000-8000-00007ff00003"
    method: "GET"
    status: 404
    duration_ms: 9
[2026-09-28 01:27:20.392 -0300] INFO (12173): request completed
    route: "/v1/portal/exams"
    method: "GET"
    status: 200
    duration_ms: 16
[2026-09-28 01:27:20.412 -0300] INFO (12173): request completed
    route: "/v1/portal/exams/00000000-0000-7000-8000-00007ff00002"
    method: "GET"
    status: 200
    duration_ms: 19
[2026-09-28 01:27:20.427 -0300] INFO (12173): request completed
    route: "/v1/portal/manifestations"
    method: "GET"
    status: 200
    duration_ms: 13
[2026-09-28 01:27:20.436 -0300] INFO (12173): request completed
    route: "/v1/portal/service-charter/manifestar/deadline"
    method: "GET"
    status: 200
    duration_ms: 7
[2026-09-28 01:27:20.450 -0300] INFO (12173): request completed
    route: "/v1/portal/identity/representations"
    method: "GET"
    status: 200
    duration_ms: 12
[2026-09-28 01:27:20.458 -0300] INFO (12173): request completed
    route: "/v1/portal/services"
    method: "GET"
    status: 200
    duration_ms: 7
[2026-09-28 01:27:20.469 -0300] INFO (12173): request completed
    route: "/v1/portal/aits/00000000-0000-7000-8000-0000f0000002"
    method: "GET"
    status: 200
    duration_ms: 10
[2026-09-28 01:27:20.481 -0300] INFO (12173): request completed
    route: "/v1/portal/aits/00000000-0000-7000-8000-0000f0000002/points"
    method: "GET"
    status: 200
    duration_ms: 10
[2026-09-28 01:27:20.489 -0300] INFO (12173): request completed
    route: "/v1/portal/points-summary"
    method: "GET"
    status: 200
    duration_ms: 7
[2026-09-28 01:27:20.501 -0300] INFO (12173): request completed
    route: "/v1/portal/requests"
    method: "GET"
    status: 200
    duration_ms: 12
[2026-09-28 01:27:20.516 -0300] INFO (12173): request completed
    route: "/v1/portal/requests/00000000-0000-7000-8000-000070400e09"
    method: "GET"
    status: 200
    duration_ms: 13
[2026-09-28 01:27:20.528 -0300] INFO (12173): request completed
    route: "/v1/portal/requests/00000000-0000-7000-8000-000070400e09/receipt"
    method: "GET"
    status: 404
    duration_ms: 11
[2026-09-28 01:27:20.540 -0300] INFO (12173): request completed
    route: "/v1/portal/requests/00000000-0000-7000-8000-000070400e09/decision"
    method: "GET"
    status: 200
    duration_ms: 11
[2026-09-28 01:27:20.549 -0300] INFO (12173): request completed
    route: "/v1/portal/inbox"
    method: "GET"
    status: 200
    duration_ms: 8
[2026-09-28 01:27:20.556 -0300] INFO (12173): request completed
    route: "/v1/portal/sne/enrollment"
    method: "GET"
    status: 200
    duration_ms: 6
[2026-09-28 01:27:20.570 -0300] INFO (12173): request completed
    route: "/v1/portal/documents/cnh"
    method: "GET"
    status: 200
    duration_ms: 13
[2026-09-28 01:27:20.586 -0300] INFO (12173): request completed
    route: "/v1/portal/vehicles"
    method: "GET"
    status: 200
    duration_ms: 15
[2026-09-28 01:27:20.596 -0300] INFO (12173): request completed
    route: "/v1/portal/vehicles/00000000-0000-7000-8000-00007ff00001/clearance"
    method: "GET"
    status: 503
    duration_ms: 9
[2026-09-28 01:27:20.610 -0300] INFO (12173): request completed
    route: "/v1/portal/crashes"
    method: "GET"
    status: 200
    duration_ms: 13
[2026-09-28 01:27:20.623 -0300] INFO (12173): request completed
    route: "/v1/portal/crashes/00000000-0000-7000-8000-00007ff00003"
    method: "GET"
    status: 200
    duration_ms: 12
[2026-09-28 01:27:20.636 -0300] INFO (12173): request completed
    route: "/v1/portal/exams"
    method: "GET"
    status: 200
    duration_ms: 12
[2026-09-28 01:27:20.646 -0300] INFO (12173): request completed
    route: "/v1/portal/exams/00000000-0000-7000-8000-00007ff00002"
    method: "GET"
    status: 404
    duration_ms: 8
[2026-09-28 01:27:20.657 -0300] INFO (12173): request completed
    route: "/v1/portal/manifestations"
    method: "GET"
    status: 200
    duration_ms: 10
[2026-09-28 01:27:20.665 -0300] INFO (12173): request completed
    route: "/v1/portal/service-charter/manifestar/deadline"
    method: "GET"
    status: 200
    duration_ms: 7
[2026-09-28 01:27:20.674 -0300] INFO (12173): request completed
    route: "/v1/portal/identity/representations"
    method: "GET"
    status: 200
    duration_ms: 8
[2026-09-28 01:27:20.683 -0300] INFO (12173): request completed
    route: "/v1/portal/services"
    method: "GET"
    status: 200
    duration_ms: 8
[2026-09-28 01:27:20.695 -0300] INFO (12173): request completed
    route: "/v1/portal/aits/00000000-0000-7000-8000-0000f0000002"
    method: "GET"
    status: 404
    duration_ms: 10
[2026-09-28 01:27:20.707 -0300] INFO (12173): request completed
    route: "/v1/portal/aits/00000000-0000-7000-8000-0000f0000002/points"
    method: "GET"
    status: 404
    duration_ms: 11
[2026-09-28 01:27:20.715 -0300] INFO (12173): request completed
    route: "/v1/portal/points-summary"
    method: "GET"
    status: 200
    duration_ms: 7
[2026-09-28 01:27:20.729 -0300] INFO (12173): request completed
    route: "/v1/portal/requests"
    method: "GET"
    status: 200
    duration_ms: 13
[2026-09-28 01:27:20.740 -0300] INFO (12173): request completed
    route: "/v1/portal/requests/00000000-0000-7000-8000-000070400e09"
    method: "GET"
    status: 404
    duration_ms: 10
[2026-09-28 01:27:20.753 -0300] INFO (12173): request completed
    route: "/v1/portal/requests/00000000-0000-7000-8000-000070400e09/receipt"
    method: "GET"
    status: 404
    duration_ms: 11
[2026-09-28 01:27:20.764 -0300] INFO (12173): request completed
    route: "/v1/portal/requests/00000000-0000-7000-8000-000070400e09/decision"
    method: "GET"
    status: 404
    duration_ms: 10
[2026-09-28 01:27:20.777 -0300] INFO (12173): request completed
    route: "/v1/portal/inbox"
    method: "GET"
    status: 200
    duration_ms: 11
[2026-09-28 01:27:20.785 -0300] INFO (12173): request completed
    route: "/v1/portal/sne/enrollment"
    method: "GET"
    status: 200
    duration_ms: 7
[2026-09-28 01:27:20.794 -0300] INFO (12173): request completed
    route: "/v1/portal/documents/cnh"
    method: "GET"
    status: 503
    duration_ms: 8
[2026-09-28 01:27:20.804 -0300] INFO (12173): request completed
    route: "/v1/portal/vehicles"
    method: "GET"
    status: 503
    duration_ms: 9
[2026-09-28 01:27:20.814 -0300] INFO (12173): request completed
    route: "/v1/portal/vehicles/00000000-0000-7000-8000-00007ff00001/clearance"
    method: "GET"
    status: 404
    duration_ms: 8
[2026-09-28 01:27:20.827 -0300] INFO (12173): request completed
    route: "/v1/portal/crashes"
    method: "GET"
    status: 200
    duration_ms: 12
[2026-09-28 01:27:20.835 -0300] INFO (12173): request completed
    route: "/v1/portal/crashes/00000000-0000-7000-8000-00007ff00003"
    method: "GET"
    status: 404
    duration_ms: 7
[2026-09-28 01:27:20.849 -0300] INFO (12173): request completed
    route: "/v1/portal/exams"
    method: "GET"
    status: 200
    duration_ms: 14
[2026-09-28 01:27:20.856 -0300] INFO (12173): request completed
    route: "/v1/portal/exams/00000000-0000-7000-8000-00007ff00002"
    method: "GET"
    status: 404
    duration_ms: 6
[2026-09-28 01:27:20.867 -0300] INFO (12173): request completed
    route: "/v1/portal/manifestations"
    method: "GET"
    status: 200
    duration_ms: 10
[2026-09-28 01:27:20.874 -0300] INFO (12173): request completed
    route: "/v1/portal/service-charter/manifestar/deadline"
    method: "GET"
    status: 200
    duration_ms: 6
[2026-09-28 01:27:20.883 -0300] INFO (12173): request completed
    route: "/v1/portal/identity/representations"
    method: "GET"
    status: 200
    duration_ms: 8
[2026-09-28 01:27:20.890 -0300] INFO (12173): request completed
    route: "/v1/portal/services"
    method: "GET"
    status: 200
    duration_ms: 5
[2026-09-28 01:27:20.899 -0300] INFO (12173): request completed
    route: "/v1/portal/aits/00000000-0000-7000-8000-0000f0000002"
    method: "GET"
    status: 404
    duration_ms: 8
[2026-09-28 01:27:20.906 -0300] INFO (12173): request completed
    route: "/v1/portal/aits/00000000-0000-7000-8000-0000f0000002/points"
    method: "GET"
    status: 404
    duration_ms: 6
[2026-09-28 01:27:20.914 -0300] INFO (12173): request completed
    route: "/v1/portal/points-summary"
    method: "GET"
    status: 200
    duration_ms: 7
[2026-09-28 01:27:20.923 -0300] INFO (12173): request completed
    route: "/v1/portal/requests"
    method: "GET"
    status: 200
    duration_ms: 9
[2026-09-28 01:27:20.931 -0300] INFO (12173): request completed
    route: "/v1/portal/requests/00000000-0000-7000-8000-000070400e09"
    method: "GET"
    status: 404
    duration_ms: 7
[2026-09-28 01:27:20.939 -0300] INFO (12173): request completed
    route: "/v1/portal/requests/00000000-0000-7000-8000-000070400e09/receipt"
    method: "GET"
    status: 404
    duration_ms: 7
[2026-09-28 01:27:20.948 -0300] INFO (12173): request completed
    route: "/v1/portal/requests/00000000-0000-7000-8000-000070400e09/decision"
    method: "GET"
    status: 404
    duration_ms: 8
[2026-09-28 01:27:20.957 -0300] INFO (12173): request completed
    route: "/v1/portal/inbox"
    method: "GET"
    status: 200
    duration_ms: 8
[2026-09-28 01:27:20.965 -0300] INFO (12173): request completed
    route: "/v1/portal/sne/enrollment"
    method: "GET"
    status: 200
    duration_ms: 7
[2026-09-28 01:27:20.982 -0300] INFO (12173): request completed
    route: "/v1/portal/documents/cnh"
    method: "GET"
    status: 200
    duration_ms: 15
[2026-09-28 01:27:21.000 -0300] INFO (12173): request completed
    route: "/v1/portal/vehicles"
    method: "GET"
    status: 200
    duration_ms: 17
[2026-09-28 01:27:21.011 -0300] INFO (12173): request completed
    route: "/v1/portal/vehicles/00000000-0000-7000-8000-00007ff00001/clearance"
    method: "GET"
    status: 404
    duration_ms: 10
[2026-09-28 01:27:21.027 -0300] INFO (12173): request completed
    route: "/v1/portal/crashes"
    method: "GET"
    status: 200
    duration_ms: 15
[2026-09-28 01:27:21.037 -0300] INFO (12173): request completed
    route: "/v1/portal/crashes/00000000-0000-7000-8000-00007ff00003"
    method: "GET"
    status: 404
    duration_ms: 9
[2026-09-28 01:27:21.053 -0300] INFO (12173): request completed
    route: "/v1/portal/exams"
    method: "GET"
    status: 200
    duration_ms: 14
[2026-09-28 01:27:21.068 -0300] INFO (12173): request completed
    route: "/v1/portal/exams/00000000-0000-7000-8000-00007ff00002"
    method: "GET"
    status: 200
    duration_ms: 14
[2026-09-28 01:27:21.084 -0300] INFO (12173): request completed
    route: "/v1/portal/manifestations"
    method: "GET"
    status: 200
    duration_ms: 14
[2026-09-28 01:27:21.091 -0300] INFO (12173): request completed
    route: "/v1/portal/service-charter/manifestar/deadline"
    method: "GET"
    status: 200
    duration_ms: 6
[2026-09-28 01:27:21.107 -0300] INFO (12173): request completed
    route: "/v1/portal/identity/representations"
    method: "GET"
    status: 200
    duration_ms: 15
[2026-09-28 01:27:21.116 -0300] INFO (12173): request completed
    route: "/v1/portal/services"
    method: "GET"
    status: 200
    duration_ms: 8
[2026-09-28 01:27:21.132 -0300] INFO (12173): request completed
    route: "/v1/portal/aits/00000000-0000-7000-8000-0000f0000002"
    method: "GET"
    status: 200
    duration_ms: 11
[2026-09-28 01:27:21.143 -0300] INFO (12173): request completed
    route: "/v1/portal/aits/00000000-0000-7000-8000-0000f0000002/points"
    method: "GET"
    status: 200
    duration_ms: 10
[2026-09-28 01:27:21.152 -0300] INFO (12173): request completed
    route: "/v1/portal/points-summary"
    method: "GET"
    status: 200
    duration_ms: 8
[2026-09-28 01:27:21.164 -0300] INFO (12173): request completed
    route: "/v1/portal/requests"
    method: "GET"
    status: 200
    duration_ms: 11
[2026-09-28 01:27:21.193 -0300] INFO (12173): request completed
    route: "/v1/portal/requests/00000000-0000-7000-8000-000070400e09"
    method: "GET"
    status: 200
    duration_ms: 28
[2026-09-28 01:27:21.211 -0300] INFO (12173): request completed
    route: "/v1/portal/requests/00000000-0000-7000-8000-000070400e09/receipt"
    method: "GET"
    status: 404
    duration_ms: 16
[2026-09-28 01:27:21.233 -0300] INFO (12173): request completed
    route: "/v1/portal/requests/00000000-0000-7000-8000-000070400e09/decision"
    method: "GET"
    status: 200
    duration_ms: 20
[2026-09-28 01:27:21.268 -0300] INFO (12173): request completed
    route: "/v1/portal/inbox"
    method: "GET"
    status: 200
    duration_ms: 32
[2026-09-28 01:27:21.286 -0300] INFO (12173): request completed
    route: "/v1/portal/sne/enrollment"
    method: "GET"
    status: 200
    duration_ms: 16
[2026-09-28 01:27:21.323 -0300] INFO (12173): request completed
    route: "/v1/portal/documents/cnh"
    method: "GET"
    status: 200
    duration_ms: 36
[2026-09-28 01:27:21.354 -0300] INFO (12173): request completed
    route: "/v1/portal/vehicles"
    method: "GET"
    status: 200
    duration_ms: 31
[2026-09-28 01:27:21.376 -0300] INFO (12173): request completed
    route: "/v1/portal/vehicles/00000000-0000-7000-8000-00007ff00001/clearance"
    method: "GET"
    status: 503
    duration_ms: 21
[2026-09-28 01:27:21.402 -0300] INFO (12173): request completed
    route: "/v1/portal/crashes"
    method: "GET"
    status: 200
    duration_ms: 25
[2026-09-28 01:27:21.431 -0300] INFO (12173): request completed
    route: "/v1/portal/crashes/00000000-0000-7000-8000-00007ff00003"
    method: "GET"
    status: 200
    duration_ms: 28
[2026-09-28 01:27:21.463 -0300] INFO (12173): request completed
    route: "/v1/portal/exams"
    method: "GET"
    status: 200
    duration_ms: 30
[2026-09-28 01:27:21.480 -0300] INFO (12173): request completed
    route: "/v1/portal/exams/00000000-0000-7000-8000-00007ff00002"
    method: "GET"
    status: 404
    duration_ms: 16
[2026-09-28 01:27:21.537 -0300] INFO (12173): request completed
    route: "/v1/portal/manifestations"
    method: "GET"
    status: 200
    duration_ms: 56
[2026-09-28 01:27:21.556 -0300] INFO (12173): request completed
    route: "/v1/portal/service-charter/manifestar/deadline"
    method: "GET"
    status: 200
    duration_ms: 17
[2026-09-28 01:27:21.577 -0300] INFO (12173): request completed
    route: "/v1/portal/identity/representations"
    method: "GET"
    status: 200
    duration_ms: 19
[2026-09-28 01:27:21.594 -0300] INFO (12173): request completed
    route: "/v1/portal/services"
    method: "GET"
    status: 200
    duration_ms: 14
[2026-09-28 01:27:21.609 -0300] INFO (12173): request completed
    route: "/v1/portal/aits/00000000-0000-7000-8000-0000f0000002"
    method: "GET"
    status: 404
    duration_ms: 14
[2026-09-28 01:27:21.677 -0300] INFO (12173): request completed
    route: "/v1/portal/aits/00000000-0000-7000-8000-0000f0000002/points"
    method: "GET"
    status: 404
    duration_ms: 66
[2026-09-28 01:27:21.729 -0300] INFO (12173): request completed
    route: "/v1/portal/points-summary"
    method: "GET"
    status: 200
    duration_ms: 43
[2026-09-28 01:27:21.756 -0300] INFO (12173): request completed
    route: "/v1/portal/requests"
    method: "GET"
    status: 200
    duration_ms: 22
[2026-09-28 01:27:21.771 -0300] INFO (12173): request completed
    route: "/v1/portal/requests/00000000-0000-7000-8000-000070400e09"
    method: "GET"
    status: 404
    duration_ms: 13
[2026-09-28 01:27:21.790 -0300] INFO (12173): request completed
    route: "/v1/portal/requests/00000000-0000-7000-8000-000070400e09/receipt"
    method: "GET"
    status: 404
    duration_ms: 17
[2026-09-28 01:27:21.816 -0300] INFO (12173): request completed
    route: "/v1/portal/requests/00000000-0000-7000-8000-000070400e09/decision"
    method: "GET"
    status: 404
    duration_ms: 20
[2026-09-28 01:27:21.863 -0300] INFO (12173): request completed
    route: "/v1/portal/inbox"
    method: "GET"
    status: 200
    duration_ms: 46
[2026-09-28 01:27:21.892 -0300] INFO (12173): request completed
    route: "/v1/portal/sne/enrollment"
    method: "GET"
    status: 200
    duration_ms: 21
[2026-09-28 01:27:21.912 -0300] INFO (12173): request completed
    route: "/v1/portal/documents/cnh"
    method: "GET"
    status: 503
    duration_ms: 18
[2026-09-28 01:27:21.936 -0300] INFO (12173): request completed
    route: "/v1/portal/vehicles"
    method: "GET"
    status: 503
    duration_ms: 23
[2026-09-28 01:27:21.956 -0300] INFO (12173): request completed
    route: "/v1/portal/vehicles/00000000-0000-7000-8000-00007ff00001/clearance"
    method: "GET"
    status: 404
    duration_ms: 19
[2026-09-28 01:27:21.991 -0300] INFO (12173): request completed
    route: "/v1/portal/crashes"
    method: "GET"
    status: 200
    duration_ms: 33
[2026-09-28 01:27:22.031 -0300] INFO (12173): request completed
    route: "/v1/portal/crashes/00000000-0000-7000-8000-00007ff00003"
    method: "GET"
    status: 404
    duration_ms: 36
[2026-09-28 01:27:22.106 -0300] INFO (12173): request completed
    route: "/v1/portal/exams"
    method: "GET"
    status: 200
    duration_ms: 74
[2026-09-28 01:27:22.128 -0300] INFO (12173): request completed
    route: "/v1/portal/exams/00000000-0000-7000-8000-00007ff00002"
    method: "GET"
    status: 404
    duration_ms: 21
[2026-09-28 01:27:22.170 -0300] INFO (12173): request completed
    route: "/v1/portal/manifestations"
    method: "GET"
    status: 200
    duration_ms: 39
[2026-09-28 01:27:22.208 -0300] INFO (12173): request completed
    route: "/v1/portal/service-charter/manifestar/deadline"
    method: "GET"
    status: 200
    duration_ms: 31
[2026-09-28 01:27:22.239 -0300] INFO (12173): request completed
    route: "/v1/portal/identity/representations"
    method: "GET"
    status: 200
    duration_ms: 24
[2026-09-28 01:27:22.257 -0300] INFO (12173): request completed
    route: "/v1/portal/services"
    method: "GET"
    status: 200
    duration_ms: 12
[2026-09-28 01:27:22.271 -0300] INFO (12173): request completed
    route: "/v1/portal/aits/00000000-0000-7000-8000-0000f0000002"
    method: "GET"
    status: 404
    duration_ms: 12
[2026-09-28 01:27:22.287 -0300] INFO (12173): request completed
    route: "/v1/portal/aits/00000000-0000-7000-8000-0000f0000002/points"
    method: "GET"
    status: 404
    duration_ms: 14
[2026-09-28 01:27:22.302 -0300] INFO (12173): request completed
    route: "/v1/portal/points-summary"
    method: "GET"
    status: 200
    duration_ms: 13
[2026-09-28 01:27:22.322 -0300] INFO (12173): request completed
    route: "/v1/portal/requests"
    method: "GET"
    status: 200
    duration_ms: 18
[2026-09-28 01:27:22.339 -0300] INFO (12173): request completed
    route: "/v1/portal/requests/00000000-0000-7000-8000-000070400e09"
    method: "GET"
    status: 404
    duration_ms: 16
[2026-09-28 01:27:22.353 -0300] INFO (12173): request completed
    route: "/v1/portal/requests/00000000-0000-7000-8000-000070400e09/receipt"
    method: "GET"
    status: 404
    duration_ms: 13
[2026-09-28 01:27:22.384 -0300] INFO (12173): request completed
    route: "/v1/portal/requests/00000000-0000-7000-8000-000070400e09/decision"
    method: "GET"
    status: 404
    duration_ms: 29
[2026-09-28 01:27:22.421 -0300] INFO (12173): request completed
    route: "/v1/portal/inbox"
    method: "GET"
    status: 200
    duration_ms: 31
[2026-09-28 01:27:22.438 -0300] INFO (12173): request completed
    route: "/v1/portal/sne/enrollment"
    method: "GET"
    status: 200
    duration_ms: 16
[2026-09-28 01:27:22.503 -0300] INFO (12173): request completed
    route: "/v1/portal/documents/cnh"
    method: "GET"
    status: 200
    duration_ms: 62
[2026-09-28 01:27:22.537 -0300] INFO (12173): request completed
    route: "/v1/portal/vehicles"
    method: "GET"
    status: 200
    duration_ms: 30
[2026-09-28 01:27:22.554 -0300] INFO (12173): request completed
    route: "/v1/portal/vehicles/00000000-0000-7000-8000-00007ff00001/clearance"
    method: "GET"
    status: 404
    duration_ms: 16
[2026-09-28 01:27:22.591 -0300] INFO (12173): request completed
    route: "/v1/portal/crashes"
    method: "GET"
    status: 200
    duration_ms: 36
[2026-09-28 01:27:22.606 -0300] INFO (12173): request completed
    route: "/v1/portal/crashes/00000000-0000-7000-8000-00007ff00003"
    method: "GET"
    status: 404
    duration_ms: 14
[2026-09-28 01:27:22.657 -0300] INFO (12173): request completed
    route: "/v1/portal/exams"
    method: "GET"
    status: 200
    duration_ms: 50
[2026-09-28 01:27:22.695 -0300] INFO (12173): request completed
    route: "/v1/portal/exams/00000000-0000-7000-8000-00007ff00002"
    method: "GET"
    status: 200
    duration_ms: 37
[2026-09-28 01:27:22.721 -0300] INFO (12173): request completed
    route: "/v1/portal/manifestations"
    method: "GET"
    status: 200
    duration_ms: 21
[2026-09-28 01:27:22.735 -0300] INFO (12173): request completed
    route: "/v1/portal/service-charter/manifestar/deadline"
    method: "GET"
    status: 200
    duration_ms: 12
[2026-09-28 01:27:22.762 -0300] INFO (12173): request completed
    route: "/v1/portal/identity/representations"
    method: "GET"
    status: 200
    duration_ms: 24
[2026-09-28 01:27:22.794 -0300] INFO (12173): request completed
    route: "/v1/portal/services"
    method: "GET"
    status: 200
    duration_ms: 30
[2026-09-28 01:27:22.827 -0300] INFO (12173): request completed
    route: "/v1/portal/aits/00000000-0000-7000-8000-0000f0000002"
    method: "GET"
    status: 200
    duration_ms: 31
[2026-09-28 01:27:22.858 -0300] INFO (12173): request completed
    route: "/v1/portal/aits/00000000-0000-7000-8000-0000f0000002/points"
    method: "GET"
    status: 200
    duration_ms: 29
[2026-09-28 01:27:22.884 -0300] INFO (12173): request completed
    route: "/v1/portal/points-summary"
    method: "GET"
    status: 200
    duration_ms: 22
[2026-09-28 01:27:22.926 -0300] INFO (12173): request completed
    route: "/v1/portal/requests"
    method: "GET"
    status: 200
    duration_ms: 32
[2026-09-28 01:27:22.956 -0300] INFO (12173): request completed
    route: "/v1/portal/requests/00000000-0000-7000-8000-000070400e09"
    method: "GET"
    status: 200
    duration_ms: 29
[2026-09-28 01:27:22.988 -0300] INFO (12173): request completed
    route: "/v1/portal/requests/00000000-0000-7000-8000-000070400e09/receipt"
    method: "GET"
    status: 404
    duration_ms: 29
[2026-09-28 01:27:23.015 -0300] INFO (12173): request completed
    route: "/v1/portal/requests/00000000-0000-7000-8000-000070400e09/decision"
    method: "GET"
    status: 200
    duration_ms: 25
[2026-09-28 01:27:23.034 -0300] INFO (12173): request completed
    route: "/v1/portal/inbox"
    method: "GET"
    status: 200
    duration_ms: 17
[2026-09-28 01:27:23.046 -0300] INFO (12173): request completed
    route: "/v1/portal/sne/enrollment"
    method: "GET"
    status: 200
    duration_ms: 10
[2026-09-28 01:27:23.077 -0300] INFO (12173): request completed
    route: "/v1/portal/documents/cnh"
    method: "GET"
    status: 200
    duration_ms: 29
[2026-09-28 01:27:23.101 -0300] INFO (12173): request completed
    route: "/v1/portal/vehicles"
    method: "GET"
    status: 200
    duration_ms: 23
[2026-09-28 01:27:23.122 -0300] INFO (12173): request completed
    route: "/v1/portal/vehicles/00000000-0000-7000-8000-00007ff00001/clearance"
    method: "GET"
    status: 503
    duration_ms: 19
[2026-09-28 01:27:23.227 -0300] INFO (12173): request completed
    route: "/v1/portal/crashes"
    method: "GET"
    status: 200
    duration_ms: 99
[2026-09-28 01:27:23.338 -0300] INFO (12173): request completed
    route: "/v1/portal/crashes/00000000-0000-7000-8000-00007ff00003"
    method: "GET"
    status: 200
    duration_ms: 109
[2026-09-28 01:27:23.410 -0300] INFO (12173): request completed
    route: "/v1/portal/exams"
    method: "GET"
    status: 200
    duration_ms: 70
[2026-09-28 01:27:23.445 -0300] INFO (12173): request completed
    route: "/v1/portal/exams/00000000-0000-7000-8000-00007ff00002"
    method: "GET"
    status: 404
    duration_ms: 34
[2026-09-28 01:27:23.493 -0300] INFO (12173): request completed
    route: "/v1/portal/manifestations"
    method: "GET"
    status: 200
    duration_ms: 46
[2026-09-28 01:27:23.523 -0300] INFO (12173): request completed
    route: "/v1/portal/service-charter/manifestar/deadline"
    method: "GET"
    status: 200
    duration_ms: 29
[2026-09-28 01:27:23.607 -0300] INFO (12173): request completed
    route: "/v1/portal/identity/representations"
    method: "GET"
    status: 200
    duration_ms: 81
[2026-09-28 01:27:23.665 -0300] INFO (12173): request completed
    route: "/v1/portal/services"
    method: "GET"
    status: 200
    duration_ms: 56
[2026-09-28 01:27:23.735 -0300] INFO (12173): request completed
    route: "/v1/portal/aits/00000000-0000-7000-8000-0000f0000002"
    method: "GET"
    status: 404
    duration_ms: 67
[2026-09-28 01:27:23.773 -0300] INFO (12173): request completed
    route: "/v1/portal/aits/00000000-0000-7000-8000-0000f0000002/points"
    method: "GET"
    status: 404
    duration_ms: 36
[2026-09-28 01:27:23.808 -0300] INFO (12173): request completed
    route: "/v1/portal/points-summary"
    method: "GET"
    status: 200
    duration_ms: 33
[2026-09-28 01:27:23.839 -0300] INFO (12173): request completed
    route: "/v1/portal/requests"
    method: "GET"
    status: 200
    duration_ms: 30
[2026-09-28 01:27:23.890 -0300] INFO (12173): request completed
    route: "/v1/portal/requests/00000000-0000-7000-8000-000070400e09"
    method: "GET"
    status: 404
    duration_ms: 50
[2026-09-28 01:27:23.939 -0300] INFO (12173): request completed
    route: "/v1/portal/requests/00000000-0000-7000-8000-000070400e09/receipt"
    method: "GET"
    status: 404
    duration_ms: 46
[2026-09-28 01:27:23.986 -0300] INFO (12173): request completed
    route: "/v1/portal/requests/00000000-0000-7000-8000-000070400e09/decision"
    method: "GET"
    status: 404
    duration_ms: 46
[2026-09-28 01:27:24.039 -0300] INFO (12173): request completed
    route: "/v1/portal/inbox"
    method: "GET"
    status: 200
    duration_ms: 52
[2026-09-28 01:27:24.074 -0300] INFO (12173): request completed
    route: "/v1/portal/sne/enrollment"
    method: "GET"
    status: 200
    duration_ms: 34
[2026-09-28 01:27:24.161 -0300] INFO (12173): request completed
    route: "/v1/portal/documents/cnh"
    method: "GET"
    status: 503
    duration_ms: 86
[2026-09-28 01:27:24.197 -0300] INFO (12173): request completed
    route: "/v1/portal/vehicles"
    method: "GET"
    status: 503
    duration_ms: 34
[2026-09-28 01:27:24.244 -0300] INFO (12173): request completed
    route: "/v1/portal/vehicles/00000000-0000-7000-8000-00007ff00001/clearance"
    method: "GET"
    status: 404
    duration_ms: 46
[2026-09-28 01:27:24.317 -0300] INFO (12173): request completed
    route: "/v1/portal/crashes"
    method: "GET"
    status: 200
    duration_ms: 72
[2026-09-28 01:27:24.356 -0300] INFO (12173): request completed
    route: "/v1/portal/crashes/00000000-0000-7000-8000-00007ff00003"
    method: "GET"
    status: 404
    duration_ms: 38
[2026-09-28 01:27:24.455 -0300] INFO (12173): request completed
    route: "/v1/portal/exams"
    method: "GET"
    status: 200
    duration_ms: 98
[2026-09-28 01:27:24.494 -0300] INFO (12173): request completed
    route: "/v1/portal/exams/00000000-0000-7000-8000-00007ff00002"
    method: "GET"
    status: 404
    duration_ms: 38
[2026-09-28 01:27:24.535 -0300] INFO (12173): request completed
    route: "/v1/portal/manifestations"
    method: "GET"
    status: 200
    duration_ms: 40
[2026-09-28 01:27:24.558 -0300] INFO (12173): request completed
    route: "/v1/portal/service-charter/manifestar/deadline"
    method: "GET"
    status: 200
    duration_ms: 22
[2026-09-28 01:27:24.592 -0300] INFO (12173): request completed
    route: "/v1/portal/identity/representations"
    method: "GET"
    status: 200
    duration_ms: 32
[2026-09-28 01:27:24.616 -0300] INFO (12173): request completed
    route: "/v1/portal/services"
    method: "GET"
    status: 200
    duration_ms: 23
[2026-09-28 01:27:24.647 -0300] INFO (12173): request completed
    route: "/v1/portal/aits/00000000-0000-7000-8000-0000f0000002"
    method: "GET"
    status: 404
    duration_ms: 29
[2026-09-28 01:27:24.693 -0300] INFO (12173): request completed
    route: "/v1/portal/aits/00000000-0000-7000-8000-0000f0000002/points"
    method: "GET"
    status: 404
    duration_ms: 43
[2026-09-28 01:27:24.721 -0300] INFO (12173): request completed
    route: "/v1/portal/points-summary"
    method: "GET"
    status: 200
    duration_ms: 27
[2026-09-28 01:27:24.744 -0300] INFO (12173): request completed
    route: "/v1/portal/requests"
    method: "GET"
    status: 200
    duration_ms: 21
[2026-09-28 01:27:24.772 -0300] INFO (12173): request completed
    route: "/v1/portal/requests/00000000-0000-7000-8000-000070400e09"
    method: "GET"
    status: 404
    duration_ms: 26
[2026-09-28 01:27:24.790 -0300] INFO (12173): request completed
    route: "/v1/portal/requests/00000000-0000-7000-8000-000070400e09/receipt"
    method: "GET"
    status: 404
    duration_ms: 16
[2026-09-28 01:27:24.809 -0300] INFO (12173): request completed
    route: "/v1/portal/requests/00000000-0000-7000-8000-000070400e09/decision"
    method: "GET"
    status: 404
    duration_ms: 18
[2026-09-28 01:27:24.834 -0300] INFO (12173): request completed
    route: "/v1/portal/inbox"
    method: "GET"
    status: 200
    duration_ms: 24
[2026-09-28 01:27:24.861 -0300] INFO (12173): request completed
    route: "/v1/portal/sne/enrollment"
    method: "GET"
    status: 200
    duration_ms: 26
[2026-09-28 01:27:24.921 -0300] INFO (12173): request completed
    route: "/v1/portal/documents/cnh"
    method: "GET"
    status: 200
    duration_ms: 59
[2026-09-28 01:27:24.978 -0300] INFO (12173): request completed
    route: "/v1/portal/vehicles"
    method: "GET"
    status: 200
    duration_ms: 57
[2026-09-28 01:27:24.997 -0300] INFO (12173): request completed
    route: "/v1/portal/vehicles/00000000-0000-7000-8000-00007ff00001/clearance"
    method: "GET"
    status: 404
    duration_ms: 18
[2026-09-28 01:27:25.016 -0300] INFO (12173): request completed
    route: "/v1/portal/crashes"
    method: "GET"
    status: 200
    duration_ms: 18
[2026-09-28 01:27:25.031 -0300] INFO (12173): request completed
    route: "/v1/portal/crashes/00000000-0000-7000-8000-00007ff00003"
    method: "GET"
    status: 404
    duration_ms: 14
[2026-09-28 01:27:25.094 -0300] INFO (12173): request completed
    route: "/v1/portal/exams"
    method: "GET"
    status: 200
    duration_ms: 62
[2026-09-28 01:27:25.158 -0300] INFO (12173): request completed
    route: "/v1/portal/exams/00000000-0000-7000-8000-00007ff00002"
    method: "GET"
    status: 200
    duration_ms: 62
[2026-09-28 01:27:25.195 -0300] INFO (12173): request completed
    route: "/v1/portal/manifestations"
    method: "GET"
    status: 200
    duration_ms: 35
[2026-09-28 01:27:25.231 -0300] INFO (12173): request completed
    route: "/v1/portal/service-charter/manifestar/deadline"
    method: "GET"
    status: 200
    duration_ms: 34
[2026-09-28 01:27:25.258 -0300] INFO (12173): request completed
    route: "/v1/portal/identity/representations"
    method: "GET"
    status: 200
    duration_ms: 25
[2026-09-28 01:27:25.272 -0300] INFO (12173): request completed
    route: "/v1/portal/services"
    method: "GET"
    status: 200
    duration_ms: 13
[2026-09-28 01:27:25.296 -0300] INFO (12173): request completed
    route: "/v1/portal/aits/00000000-0000-7000-8000-0000f0000002"
    method: "GET"
    status: 200
    duration_ms: 23
[2026-09-28 01:27:25.316 -0300] INFO (12173): request completed
    route: "/v1/portal/aits/00000000-0000-7000-8000-0000f0000002/points"
    method: "GET"
    status: 200
    duration_ms: 18
[2026-09-28 01:27:25.374 -0300] INFO (12173): request completed
    route: "/v1/portal/points-summary"
    method: "GET"
    status: 200
    duration_ms: 57
[2026-09-28 01:27:25.435 -0300] INFO (12173): request completed
    route: "/v1/portal/requests"
    method: "GET"
    status: 200
    duration_ms: 60
[2026-09-28 01:27:25.489 -0300] INFO (12173): request completed
    route: "/v1/portal/requests/00000000-0000-7000-8000-000070400e09"
    method: "GET"
    status: 200
    duration_ms: 49
[2026-09-28 01:27:25.566 -0300] INFO (12173): request completed
    route: "/v1/portal/requests/00000000-0000-7000-8000-000070400e09/receipt"
    method: "GET"
    status: 404
    duration_ms: 76
[2026-09-28 01:27:25.612 -0300] INFO (12173): request completed
    route: "/v1/portal/requests/00000000-0000-7000-8000-000070400e09/decision"
    method: "GET"
    status: 200
    duration_ms: 45
[2026-09-28 01:27:25.682 -0300] INFO (12173): request completed
    route: "/v1/portal/inbox"
    method: "GET"
    status: 200
    duration_ms: 68
[2026-09-28 01:27:25.711 -0300] INFO (12173): request completed
    route: "/v1/portal/sne/enrollment"
    method: "GET"
    status: 200
    duration_ms: 27
[2026-09-28 01:27:25.770 -0300] INFO (12173): request completed
    route: "/v1/portal/documents/cnh"
    method: "GET"
    status: 200
    duration_ms: 54
[2026-09-28 01:27:25.893 -0300] INFO (12173): request completed
    route: "/v1/portal/vehicles"
    method: "GET"
    status: 200
    duration_ms: 122
[2026-09-28 01:27:25.996 -0300] INFO (12173): request completed
    route: "/v1/portal/vehicles/00000000-0000-7000-8000-00007ff00001/clearance"
    method: "GET"
    status: 503
    duration_ms: 101
[2026-09-28 01:27:26.030 -0300] INFO (12173): request completed
    route: "/v1/portal/crashes"
    method: "GET"
    status: 200
    duration_ms: 31
[2026-09-28 01:27:26.073 -0300] INFO (12173): request completed
    route: "/v1/portal/crashes/00000000-0000-7000-8000-00007ff00003"
    method: "GET"
    status: 200
    duration_ms: 40
[2026-09-28 01:27:26.112 -0300] INFO (12173): request completed
    route: "/v1/portal/exams"
    method: "GET"
    status: 200
    duration_ms: 37
[2026-09-28 01:27:26.129 -0300] INFO (12173): request completed
    route: "/v1/portal/exams/00000000-0000-7000-8000-00007ff00002"
    method: "GET"
    status: 404
    duration_ms: 12
[2026-09-28 01:27:26.143 -0300] INFO (12173): request completed
    route: "/v1/portal/manifestations"
    method: "GET"
    status: 200
    duration_ms: 13
[2026-09-28 01:27:26.156 -0300] INFO (12173): request completed
    route: "/v1/portal/service-charter/manifestar/deadline"
    method: "GET"
    status: 200
    duration_ms: 12
[2026-09-28 01:27:26.177 -0300] INFO (12173): request completed
    route: "/v1/portal/identity/representations"
    method: "GET"
    status: 200
    duration_ms: 14
[2026-09-28 01:27:26.193 -0300] INFO (12173): request completed
    route: "/v1/portal/services"
    method: "GET"
    status: 200
    duration_ms: 15
[2026-09-28 01:27:26.215 -0300] INFO (12173): request completed
    route: "/v1/portal/aits/00000000-0000-7000-8000-0000f0000002"
    method: "GET"
    status: 404
    duration_ms: 20
[2026-09-28 01:27:26.232 -0300] INFO (12173): request completed
    route: "/v1/portal/aits/00000000-0000-7000-8000-0000f0000002/points"
    method: "GET"
    status: 404
    duration_ms: 15
[2026-09-28 01:27:26.253 -0300] INFO (12173): request completed
    route: "/v1/portal/points-summary"
    method: "GET"
    status: 200
    duration_ms: 19
[2026-09-28 01:27:26.273 -0300] INFO (12173): request completed
    route: "/v1/portal/requests"
    method: "GET"
    status: 200
    duration_ms: 18
[2026-09-28 01:27:26.289 -0300] INFO (12173): request completed
    route: "/v1/portal/requests/00000000-0000-7000-8000-000070400e09"
    method: "GET"
    status: 404
    duration_ms: 14
[2026-09-28 01:27:26.306 -0300] INFO (12173): request completed
    route: "/v1/portal/requests/00000000-0000-7000-8000-000070400e09/receipt"
    method: "GET"
    status: 404
    duration_ms: 15
[2026-09-28 01:27:26.322 -0300] INFO (12173): request completed
    route: "/v1/portal/requests/00000000-0000-7000-8000-000070400e09/decision"
    method: "GET"
    status: 404
    duration_ms: 15
[2026-09-28 01:27:26.340 -0300] INFO (12173): request completed
    route: "/v1/portal/inbox"
    method: "GET"
    status: 200
    duration_ms: 15
[2026-09-28 01:27:26.357 -0300] INFO (12173): request completed
    route: "/v1/portal/sne/enrollment"
    method: "GET"
    status: 200
    duration_ms: 16
[2026-09-28 01:27:26.388 -0300] INFO (12173): request completed
    route: "/v1/portal/documents/cnh"
    method: "GET"
    status: 503
    duration_ms: 30
[2026-09-28 01:27:26.438 -0300] INFO (12173): request completed
    route: "/v1/portal/vehicles"
    method: "GET"
    status: 503
    duration_ms: 49
[2026-09-28 01:27:26.487 -0300] INFO (12173): request completed
    route: "/v1/portal/vehicles/00000000-0000-7000-8000-00007ff00001/clearance"
    method: "GET"
    status: 404
    duration_ms: 47
[2026-09-28 01:27:26.527 -0300] INFO (12173): request completed
    route: "/v1/portal/crashes"
    method: "GET"
    status: 200
    duration_ms: 37
[2026-09-28 01:27:26.572 -0300] INFO (12173): request completed
    route: "/v1/portal/crashes/00000000-0000-7000-8000-00007ff00003"
    method: "GET"
    status: 404
    duration_ms: 41
[2026-09-28 01:27:26.644 -0300] INFO (12173): request completed
    route: "/v1/portal/exams"
    method: "GET"
    status: 200
    duration_ms: 71
[2026-09-28 01:27:26.676 -0300] INFO (12173): request completed
    route: "/v1/portal/exams/00000000-0000-7000-8000-00007ff00002"
    method: "GET"
    status: 404
    duration_ms: 30
[2026-09-28 01:27:26.722 -0300] INFO (12173): request completed
    route: "/v1/portal/manifestations"
    method: "GET"
    status: 200
    duration_ms: 40
[2026-09-28 01:27:26.747 -0300] INFO (12173): request completed
    route: "/v1/portal/service-charter/manifestar/deadline"
    method: "GET"
    status: 200
    duration_ms: 20
[2026-09-28 01:27:26.762 -0300] INFO (12173): request completed
    route: "/v1/portal/identity/representations"
    method: "GET"
    status: 200
    duration_ms: 13
[2026-09-28 01:27:26.775 -0300] INFO (12173): request completed
    route: "/v1/portal/services"
    method: "GET"
    status: 200
    duration_ms: 12
[2026-09-28 01:27:26.794 -0300] INFO (12173): request completed
    route: "/v1/portal/aits/00000000-0000-7000-8000-0000f0000002"
    method: "GET"
    status: 404
    duration_ms: 18
[2026-09-28 01:27:26.809 -0300] INFO (12173): request completed
    route: "/v1/portal/aits/00000000-0000-7000-8000-0000f0000002/points"
    method: "GET"
    status: 404
    duration_ms: 14
[2026-09-28 01:27:26.827 -0300] INFO (12173): request completed
    route: "/v1/portal/points-summary"
    method: "GET"
    status: 200
    duration_ms: 16
[2026-09-28 01:27:26.848 -0300] INFO (12173): request completed
    route: "/v1/portal/requests"
    method: "GET"
    status: 200
    duration_ms: 20
[2026-09-28 01:27:26.864 -0300] INFO (12173): request completed
    route: "/v1/portal/requests/00000000-0000-7000-8000-000070400e09"
    method: "GET"
    status: 404
    duration_ms: 15
[2026-09-28 01:27:26.895 -0300] INFO (12173): request completed
    route: "/v1/portal/requests/00000000-0000-7000-8000-000070400e09/receipt"
    method: "GET"
    status: 404
    duration_ms: 27
[2026-09-28 01:27:26.916 -0300] INFO (12173): request completed
    route: "/v1/portal/requests/00000000-0000-7000-8000-000070400e09/decision"
    method: "GET"
    status: 404
    duration_ms: 9
[2026-09-28 01:27:26.926 -0300] INFO (12173): request completed
    route: "/v1/portal/inbox"
    method: "GET"
    status: 200
    duration_ms: 9
[2026-09-28 01:27:26.935 -0300] INFO (12173): request completed
    route: "/v1/portal/sne/enrollment"
    method: "GET"
    status: 200
    duration_ms: 8
[2026-09-28 01:27:26.952 -0300] INFO (12173): request completed
    route: "/v1/portal/documents/cnh"
    method: "GET"
    status: 200
    duration_ms: 16
[2026-09-28 01:27:26.967 -0300] INFO (12173): request completed
    route: "/v1/portal/vehicles"
    method: "GET"
    status: 200
    duration_ms: 14
[2026-09-28 01:27:26.978 -0300] INFO (12173): request completed
    route: "/v1/portal/vehicles/00000000-0000-7000-8000-00007ff00001/clearance"
    method: "GET"
    status: 404
    duration_ms: 10
[2026-09-28 01:27:26.995 -0300] INFO (12173): request completed
    route: "/v1/portal/crashes"
    method: "GET"
    status: 200
    duration_ms: 16
[2026-09-28 01:27:27.005 -0300] INFO (12173): request completed
    route: "/v1/portal/crashes/00000000-0000-7000-8000-00007ff00003"
    method: "GET"
    status: 404
    duration_ms: 8
[2026-09-28 01:27:27.024 -0300] INFO (12173): request completed
    route: "/v1/portal/exams"
    method: "GET"
    status: 200
    duration_ms: 17
[2026-09-28 01:27:27.043 -0300] INFO (12173): request completed
    route: "/v1/portal/exams/00000000-0000-7000-8000-00007ff00002"
    method: "GET"
    status: 200
    duration_ms: 17
[2026-09-28 01:27:27.058 -0300] INFO (12173): request completed
    route: "/v1/portal/manifestations"
    method: "GET"
    status: 200
    duration_ms: 14
[2026-09-28 01:27:27.064 -0300] INFO (12173): request completed
    route: "/v1/portal/service-charter/manifestar/deadline"
    method: "GET"
    status: 200
    duration_ms: 5
[2026-09-28 01:27:27.075 -0300] INFO (12173): request completed
    route: "/v1/portal/identity/representations"
    method: "GET"
    status: 200
    duration_ms: 10
[2026-09-28 01:27:27.084 -0300] INFO (12173): request completed
    route: "/v1/portal/services"
    method: "GET"
    status: 200
    duration_ms: 8
[2026-09-28 01:27:27.095 -0300] INFO (12173): request completed
    route: "/v1/portal/aits/00000000-0000-7000-8000-0000f0000002"
    method: "GET"
    status: 200
    duration_ms: 10
[2026-09-28 01:27:27.106 -0300] INFO (12173): request completed
    route: "/v1/portal/aits/00000000-0000-7000-8000-0000f0000002/points"
    method: "GET"
    status: 200
    duration_ms: 10
[2026-09-28 01:27:27.116 -0300] INFO (12173): request completed
    route: "/v1/portal/points-summary"
    method: "GET"
    status: 200
    duration_ms: 9
[2026-09-28 01:27:27.127 -0300] INFO (12173): request completed
    route: "/v1/portal/requests"
    method: "GET"
    status: 200
    duration_ms: 10
[2026-09-28 01:27:27.140 -0300] INFO (12173): request completed
    route: "/v1/portal/requests/00000000-0000-7000-8000-000070400e09"
    method: "GET"
    status: 200
    duration_ms: 11
[2026-09-28 01:27:27.152 -0300] INFO (12173): request completed
    route: "/v1/portal/requests/00000000-0000-7000-8000-000070400e09/receipt"
    method: "GET"
    status: 404
    duration_ms: 11
[2026-09-28 01:27:27.163 -0300] INFO (12173): request completed
    route: "/v1/portal/requests/00000000-0000-7000-8000-000070400e09/decision"
    method: "GET"
    status: 200
    duration_ms: 10
[2026-09-28 01:27:27.174 -0300] INFO (12173): request completed
    route: "/v1/portal/inbox"
    method: "GET"
    status: 200
    duration_ms: 10
[2026-09-28 01:27:27.184 -0300] INFO (12173): request completed
    route: "/v1/portal/sne/enrollment"
    method: "GET"
    status: 200
    duration_ms: 8
[2026-09-28 01:27:27.212 -0300] INFO (12173): request completed
    route: "/v1/portal/documents/cnh"
    method: "GET"
    status: 200
    duration_ms: 25
[2026-09-28 01:27:27.236 -0300] INFO (12173): request completed
    route: "/v1/portal/vehicles"
    method: "GET"
    status: 200
    duration_ms: 22
[2026-09-28 01:27:27.250 -0300] INFO (12173): request completed
    route: "/v1/portal/vehicles/00000000-0000-7000-8000-00007ff00001/clearance"
    method: "GET"
    status: 503
    duration_ms: 12
[2026-09-28 01:27:27.263 -0300] INFO (12173): request completed
    route: "/v1/portal/crashes"
    method: "GET"
    status: 200
    duration_ms: 12
[2026-09-28 01:27:27.277 -0300] INFO (12173): request completed
    route: "/v1/portal/crashes/00000000-0000-7000-8000-00007ff00003"
    method: "GET"
    status: 200
    duration_ms: 13
[2026-09-28 01:27:27.292 -0300] INFO (12173): request completed
    route: "/v1/portal/exams"
    method: "GET"
    status: 200
    duration_ms: 14
[2026-09-28 01:27:27.301 -0300] INFO (12173): request completed
    route: "/v1/portal/exams/00000000-0000-7000-8000-00007ff00002"
    method: "GET"
    status: 404
    duration_ms: 8
[2026-09-28 01:27:27.312 -0300] INFO (12173): request completed
    route: "/v1/portal/manifestations"
    method: "GET"
    status: 200
    duration_ms: 10
[2026-09-28 01:27:27.322 -0300] INFO (12173): request completed
    route: "/v1/portal/service-charter/manifestar/deadline"
    method: "GET"
    status: 200
    duration_ms: 9
[2026-09-28 01:27:27.329 -0300] INFO (12173): request completed
    route: "/v1/portal/identity/representations"
    method: "GET"
    status: 200
    duration_ms: 6
[2026-09-28 01:27:27.339 -0300] INFO (12173): request completed
    route: "/v1/portal/services"
    method: "GET"
    status: 200
    duration_ms: 9
[2026-09-28 01:27:27.348 -0300] INFO (12173): request completed
    route: "/v1/portal/aits/00000000-0000-7000-8000-0000f0000002"
    method: "GET"
    status: 404
    duration_ms: 8
[2026-09-28 01:27:27.357 -0300] INFO (12173): request completed
    route: "/v1/portal/aits/00000000-0000-7000-8000-0000f0000002/points"
    method: "GET"
    status: 404
    duration_ms: 8
[2026-09-28 01:27:27.368 -0300] INFO (12173): request completed
    route: "/v1/portal/points-summary"
    method: "GET"
    status: 200
    duration_ms: 9
[2026-09-28 01:27:27.383 -0300] INFO (12173): request completed
    route: "/v1/portal/requests"
    method: "GET"
    status: 200
    duration_ms: 14
[2026-09-28 01:27:27.391 -0300] INFO (12173): request completed
    route: "/v1/portal/requests/00000000-0000-7000-8000-000070400e09"
    method: "GET"
    status: 404
    duration_ms: 7
[2026-09-28 01:27:27.399 -0300] INFO (12173): request completed
    route: "/v1/portal/requests/00000000-0000-7000-8000-000070400e09/receipt"
    method: "GET"
    status: 404
    duration_ms: 7
[2026-09-28 01:27:27.407 -0300] INFO (12173): request completed
    route: "/v1/portal/requests/00000000-0000-7000-8000-000070400e09/decision"
    method: "GET"
    status: 404
    duration_ms: 7
[2026-09-28 01:27:27.417 -0300] INFO (12173): request completed
    route: "/v1/portal/inbox"
    method: "GET"
    status: 200
    duration_ms: 9
[2026-09-28 01:27:27.424 -0300] INFO (12173): request completed
    route: "/v1/portal/sne/enrollment"
    method: "GET"
    status: 200
    duration_ms: 6
[2026-09-28 01:27:27.432 -0300] INFO (12173): request completed
    route: "/v1/portal/documents/cnh"
    method: "GET"
    status: 503
    duration_ms: 8
[2026-09-28 01:27:27.440 -0300] INFO (12173): request completed
    route: "/v1/portal/vehicles"
    method: "GET"
    status: 503
    duration_ms: 7
[2026-09-28 01:27:27.446 -0300] INFO (12173): request completed
    route: "/v1/portal/vehicles/00000000-0000-7000-8000-00007ff00001/clearance"
    method: "GET"
    status: 404
    duration_ms: 5
[2026-09-28 01:27:27.457 -0300] INFO (12173): request completed
    route: "/v1/portal/crashes"
    method: "GET"
    status: 200
    duration_ms: 10
[2026-09-28 01:27:27.464 -0300] INFO (12173): request completed
    route: "/v1/portal/crashes/00000000-0000-7000-8000-00007ff00003"
    method: "GET"
    status: 404
    duration_ms: 6
[2026-09-28 01:27:27.474 -0300] INFO (12173): request completed
    route: "/v1/portal/exams"
    method: "GET"
    status: 200
    duration_ms: 9
[2026-09-28 01:27:27.482 -0300] INFO (12173): request completed
    route: "/v1/portal/exams/00000000-0000-7000-8000-00007ff00002"
    method: "GET"
    status: 404
    duration_ms: 7
[2026-09-28 01:27:27.489 -0300] INFO (12173): request completed
    route: "/v1/portal/manifestations"
    method: "GET"
    status: 200
    duration_ms: 7
[2026-09-28 01:27:27.495 -0300] INFO (12173): request completed
    route: "/v1/portal/service-charter/manifestar/deadline"
    method: "GET"
    status: 200
    duration_ms: 5
[2026-09-28 01:27:27.506 -0300] INFO (12173): request completed
    route: "/v1/portal/identity/representations"
    method: "GET"
    status: 200
    duration_ms: 9
[2026-09-28 01:27:27.515 -0300] INFO (12173): request completed
    route: "/v1/portal/services"
    method: "GET"
    status: 200
    duration_ms: 8
[2026-09-28 01:27:27.523 -0300] INFO (12173): request completed
    route: "/v1/portal/aits/00000000-0000-7000-8000-0000f0000002"
    method: "GET"
    status: 404
    duration_ms: 7
[2026-09-28 01:27:27.530 -0300] INFO (12173): request completed
    route: "/v1/portal/aits/00000000-0000-7000-8000-0000f0000002/points"
    method: "GET"
    status: 404
    duration_ms: 6
[2026-09-28 01:27:27.537 -0300] INFO (12173): request completed
    route: "/v1/portal/points-summary"
    method: "GET"
    status: 200
    duration_ms: 6
[2026-09-28 01:27:27.546 -0300] INFO (12173): request completed
    route: "/v1/portal/requests"
    method: "GET"
    status: 200
    duration_ms: 8
[2026-09-28 01:27:27.554 -0300] INFO (12173): request completed
    route: "/v1/portal/requests/00000000-0000-7000-8000-000070400e09"
    method: "GET"
    status: 404
    duration_ms: 7
[2026-09-28 01:27:27.561 -0300] INFO (12173): request completed
    route: "/v1/portal/requests/00000000-0000-7000-8000-000070400e09/receipt"
    method: "GET"
    status: 404
    duration_ms: 6
[2026-09-28 01:27:27.568 -0300] INFO (12173): request completed
    route: "/v1/portal/requests/00000000-0000-7000-8000-000070400e09/decision"
    method: "GET"
    status: 404
    duration_ms: 7
[2026-09-28 01:27:27.575 -0300] INFO (12173): request completed
    route: "/v1/portal/inbox"
    method: "GET"
    status: 200
    duration_ms: 6
[2026-09-28 01:27:27.583 -0300] INFO (12173): request completed
    route: "/v1/portal/sne/enrollment"
    method: "GET"
    status: 200
    duration_ms: 7
[2026-09-28 01:27:27.598 -0300] INFO (12173): request completed
    route: "/v1/portal/documents/cnh"
    method: "GET"
    status: 200
    duration_ms: 14
[2026-09-28 01:27:27.613 -0300] INFO (12173): request completed
    route: "/v1/portal/vehicles"
    method: "GET"
    status: 200
    duration_ms: 14
[2026-09-28 01:27:27.622 -0300] INFO (12173): request completed
    route: "/v1/portal/vehicles/00000000-0000-7000-8000-00007ff00001/clearance"
    method: "GET"
    status: 404
    duration_ms: 8
[2026-09-28 01:27:27.634 -0300] INFO (12173): request completed
    route: "/v1/portal/crashes"
    method: "GET"
    status: 200
    duration_ms: 11
[2026-09-28 01:27:27.642 -0300] INFO (12173): request completed
    route: "/v1/portal/crashes/00000000-0000-7000-8000-00007ff00003"
    method: "GET"
    status: 404
    duration_ms: 7
[2026-09-28 01:27:27.654 -0300] INFO (12173): request completed
    route: "/v1/portal/exams"
    method: "GET"
    status: 200
    duration_ms: 11
[2026-09-28 01:27:27.666 -0300] INFO (12173): request completed
    route: "/v1/portal/exams/00000000-0000-7000-8000-00007ff00002"
    method: "GET"
    status: 200
    duration_ms: 11
[2026-09-28 01:27:27.676 -0300] INFO (12173): request completed
    route: "/v1/portal/manifestations"
    method: "GET"
    status: 200
    duration_ms: 9
[2026-09-28 01:27:27.682 -0300] INFO (12173): request completed
    route: "/v1/portal/service-charter/manifestar/deadline"
    method: "GET"
    status: 200
    duration_ms: 5
[2026-09-28 01:27:27.694 -0300] INFO (12173): request completed
    route: "/v1/portal/identity/me"
    method: "GET"
    status: 200
    duration_ms: 11
[2026-09-28 01:27:27.699 -0300] INFO (12173): request completed
    route: "/v1/portal/identity/representations"
    method: "GET"
    status: 200
    duration_ms: 4
[2026-09-28 01:27:27.705 -0300] INFO (12173): request completed
    route: "/v1/portal/services"
    method: "GET"
    status: 200
    duration_ms: 5
[2026-09-28 01:27:27.713 -0300] INFO (12173): request completed
    route: "/v1/portal/aits/00000000-0000-7000-8000-0000f0000002"
    method: "GET"
    status: 200
    duration_ms: 7
[2026-09-28 01:27:27.720 -0300] INFO (12173): request completed
    route: "/v1/portal/aits/00000000-0000-7000-8000-0000f0000002/points"
    method: "GET"
    status: 200
    duration_ms: 6
[2026-09-28 01:27:27.729 -0300] INFO (12173): request completed
    route: "/v1/portal/points-summary"
    method: "GET"
    status: 200
    duration_ms: 8
[2026-09-28 01:27:27.748 -0300] INFO (12173): request completed
    route: "/v1/portal/requests"
    method: "GET"
    status: 200
    duration_ms: 18
[2026-09-28 01:27:27.760 -0300] INFO (12173): request completed
    route: "/v1/portal/requests/00000000-0000-7000-8000-000070400e09"
    method: "GET"
    status: 200
    duration_ms: 10
[2026-09-28 01:27:27.769 -0300] INFO (12173): request completed
    route: "/v1/portal/requests/00000000-0000-7000-8000-000070400e09/receipt"
    method: "GET"
    status: 404
    duration_ms: 8
[2026-09-28 01:27:27.778 -0300] INFO (12173): request completed
    route: "/v1/portal/requests/00000000-0000-7000-8000-000070400e09/decision"
    method: "GET"
    status: 200
    duration_ms: 8
[2026-09-28 01:27:27.785 -0300] INFO (12173): request completed
    route: "/v1/portal/inbox"
    method: "GET"
    status: 200
    duration_ms: 6
[2026-09-28 01:27:27.790 -0300] INFO (12173): request completed
    route: "/v1/portal/sne/enrollment"
    method: "GET"
    status: 200
    duration_ms: 5
[2026-09-28 01:27:27.803 -0300] INFO (12173): request completed
    route: "/v1/portal/documents/cnh"
    method: "GET"
    status: 200
    duration_ms: 12
[2026-09-28 01:27:27.817 -0300] INFO (12173): request completed
    route: "/v1/portal/vehicles"
    method: "GET"
    status: 200
    duration_ms: 12
[2026-09-28 01:27:27.827 -0300] INFO (12173): request completed
    route: "/v1/portal/vehicles/00000000-0000-7000-8000-00007ff00001/clearance"
    method: "GET"
    status: 503
    duration_ms: 9
[2026-09-28 01:27:27.840 -0300] INFO (12173): request completed
    route: "/v1/portal/crashes"
    method: "GET"
    status: 200
    duration_ms: 12
[2026-09-28 01:27:27.856 -0300] INFO (12173): request completed
    route: "/v1/portal/crashes/00000000-0000-7000-8000-00007ff00003"
    method: "GET"
    status: 200
    duration_ms: 15
[2026-09-28 01:27:27.869 -0300] INFO (12173): request completed
    route: "/v1/portal/exams"
    method: "GET"
    status: 200
    duration_ms: 12
[2026-09-28 01:27:27.877 -0300] INFO (12173): request completed
    route: "/v1/portal/exams/00000000-0000-7000-8000-00007ff00002"
    method: "GET"
    status: 404
    duration_ms: 7
[2026-09-28 01:27:27.887 -0300] INFO (12173): request completed
    route: "/v1/portal/manifestations"
    method: "GET"
    status: 200
    duration_ms: 8
[2026-09-28 01:27:27.893 -0300] INFO (12173): request completed
    route: "/v1/portal/service-charter/manifestar/deadline"
    method: "GET"
    status: 200
    duration_ms: 5
[2026-09-28 01:27:27.905 -0300] INFO (12173): request completed
    route: "/v1/portal/identity/me"
    method: "GET"
    status: 200
    duration_ms: 12
[2026-09-28 01:27:27.932 -0300] INFO (12173): request completed
    route: "/v1/portal/requests"
    method: "POST"
    status: 422
    duration_ms: 14
[2026-09-28 01:27:27.951 -0300] INFO (12173): request completed
    route: "/v1/portal/requests"
    method: "POST"
    status: 422
    duration_ms: 17
[2026-09-28 01:27:27.968 -0300] INFO (12173): request completed
    route: "/v1/portal/requests"
    method: "POST"
    status: 422
    duration_ms: 15
[2026-09-28 01:27:27.993 -0300] INFO (12173): request completed
    route: "/v1/portal/requests"
    method: "POST"
    status: 422
    duration_ms: 23
[2026-09-28 01:27:28.030 -0300] INFO (12173): request completed
    route: "/v1/portal/requests"
    method: "POST"
    status: 422
    duration_ms: 32
[2026-09-28 01:27:28.088 -0300] INFO (12173): request completed
    route: "/v1/portal/requests"
    method: "POST"
    status: 422
    duration_ms: 56
[2026-09-28 01:27:28.165 -0300] INFO (12173): request completed
    route: "/v1/portal/identity/preferences"
    method: "PUT"
    status: 422
    duration_ms: 75
[2026-09-28 01:27:28.258 -0300] INFO (12173): request completed
    route: "/v1/portal/requests"
    method: "POST"
    status: 404
    duration_ms: 84
[2026-09-28 01:27:31.346 -0300] INFO (13647): request completed
    route: "/v1/dashboard/alerts"
    method: "GET"
    status: 403
    duration_ms: 75
[2026-09-28 01:27:31.376 -0300] INFO (13647): request completed
    route: "/v1/dashboard/alerts/00000000-0000-7000-8000-000081000102"
    method: "GET"
    status: 403
    duration_ms: 27
[2026-09-28 01:27:31.388 -0300] INFO (13647): request completed
    route: "/v1/dashboard/alerts"
    method: "GET"
    status: 403
    duration_ms: 1
[2026-09-28 01:27:31.390 -0300] INFO (13647): request completed
    route: "/v1/dashboard/alerts/00000000-0000-7000-8000-000081000102"
    method: "GET"
    status: 403
    duration_ms: 1
[2026-09-28 01:27:31.391 -0300] INFO (13647): request completed
    route: "/v1/dashboard/stream"
    method: "GET"
    status: 403
    duration_ms: 0
[2026-09-28 01:27:31.394 -0300] INFO (13647): request completed
    route: "/v1/dashboard/alerts"
    method: "GET"
    status: 403
    duration_ms: 1
[2026-09-28 01:27:31.396 -0300] INFO (13647): request completed
    route: "/v1/dashboard/alerts/00000000-0000-7000-8000-000081000102"
    method: "GET"
    status: 403
    duration_ms: 1
[2026-09-28 01:27:31.397 -0300] INFO (13647): request completed
    route: "/v1/dashboard/stream"
    method: "GET"
    status: 403
    duration_ms: 1
[2026-09-28 01:27:31.398 -0300] INFO (13647): request completed
    route: "/v1/dashboard/alerts"
    method: "GET"
    status: 403
    duration_ms: 0
[2026-09-28 01:27:31.399 -0300] INFO (13647): request completed
    route: "/v1/dashboard/alerts/00000000-0000-7000-8000-000081000102"
    method: "GET"
    status: 403
    duration_ms: 0
[2026-09-28 01:27:31.400 -0300] INFO (13647): request completed
    route: "/v1/dashboard/stream"
    method: "GET"
    status: 403
    duration_ms: 0
[2026-09-28 01:27:31.401 -0300] INFO (13647): request completed
    route: "/v1/dashboard/alerts"
    method: "GET"
    status: 403
    duration_ms: 0
[2026-09-28 01:27:31.403 -0300] INFO (13647): request completed
    route: "/v1/dashboard/alerts/00000000-0000-7000-8000-000081000102"
    method: "GET"
    status: 403
    duration_ms: 1
[2026-09-28 01:27:31.403 -0300] INFO (13647): request completed
    route: "/v1/dashboard/stream"
    method: "GET"
    status: 403
    duration_ms: 0
[2026-09-28 01:27:31.405 -0300] INFO (13647): request completed
    route: "/v1/dashboard/alerts"
    method: "GET"
    status: 403
    duration_ms: 1
[2026-09-28 01:27:31.406 -0300] INFO (13647): request completed
    route: "/v1/dashboard/alerts/00000000-0000-7000-8000-000081000102"
    method: "GET"
    status: 403
    duration_ms: 0
[2026-09-28 01:27:31.406 -0300] INFO (13647): request completed
    route: "/v1/dashboard/stream"
    method: "GET"
    status: 403
    duration_ms: 0
[2026-09-28 01:27:31.448 -0300] INFO (13647): request completed
    route: "/v1/dashboard/alerts"
    method: "GET"
    status: 200
    duration_ms: 41
[2026-09-28 01:27:31.505 -0300] INFO (13647): request completed
    route: "/v1/dashboard/alerts/00000000-0000-7000-8000-000081000102"
    method: "GET"
    status: 200
    duration_ms: 56
[2026-09-28 01:27:31.619 -0300] INFO (13647): request completed
    route: "/v1/dashboard/alerts"
    method: "GET"
    status: 200
    duration_ms: 106
[2026-09-28 01:27:31.663 -0300] INFO (13647): request completed
    route: "/v1/dashboard/alerts/00000000-0000-7000-8000-000081000102"
    method: "GET"
    status: 200
    duration_ms: 43
[2026-09-28 01:27:31.670 -0300] INFO (13647): request completed
    route: "/v1/dashboard/alerts"
    method: "GET"
    status: 403
    duration_ms: 1
[2026-09-28 01:27:31.671 -0300] INFO (13647): request completed
    route: "/v1/dashboard/alerts/00000000-0000-7000-8000-000081000102"
    method: "GET"
    status: 403
    duration_ms: 1
[2026-09-28 01:27:31.672 -0300] INFO (13647): request completed
    route: "/v1/dashboard/stream"
    method: "GET"
    status: 403
    duration_ms: 0
[2026-09-28 01:27:31.684 -0300] INFO (13647): request completed
    route: "/v1/dashboard/alerts"
    method: "GET"
    status: 200
    duration_ms: 11
[2026-09-28 01:27:31.699 -0300] INFO (13647): request completed
    route: "/v1/dashboard/alerts/00000000-0000-7000-8000-000081000102"
    method: "GET"
    status: 200
    duration_ms: 14
[2026-09-28 01:27:31.705 -0300] INFO (13647): request completed
    route: "/v1/dashboard/alerts"
    method: "GET"
    status: 403
    duration_ms: 0
[2026-09-28 01:27:31.706 -0300] INFO (13647): request completed
    route: "/v1/dashboard/alerts/00000000-0000-7000-8000-000081000102"
    method: "GET"
    status: 403
    duration_ms: 0
[2026-09-28 01:27:31.707 -0300] INFO (13647): request completed
    route: "/v1/dashboard/stream"
    method: "GET"
    status: 403
    duration_ms: 0
[2026-09-28 01:27:31.709 -0300] INFO (13647): request completed
    route: "/v1/dashboard/alerts"
    method: "GET"
    status: 403
    duration_ms: 1
[2026-09-28 01:27:31.710 -0300] INFO (13647): request completed
    route: "/v1/dashboard/alerts/00000000-0000-7000-8000-000081000102"
    method: "GET"
    status: 403
    duration_ms: 0
[2026-09-28 01:27:31.710 -0300] INFO (13647): request completed
    route: "/v1/dashboard/stream"
    method: "GET"
    status: 403
    duration_ms: 0
[2026-09-28 01:27:31.711 -0300] INFO (13647): request completed
    route: "/v1/dashboard/alerts"
    method: "GET"
    status: 403
    duration_ms: 0
[2026-09-28 01:27:31.712 -0300] INFO (13647): request completed
    route: "/v1/dashboard/alerts/00000000-0000-7000-8000-000081000102"
    method: "GET"
    status: 403
    duration_ms: 0
[2026-09-28 01:27:31.713 -0300] INFO (13647): request completed
    route: "/v1/dashboard/stream"
    method: "GET"
    status: 403
    duration_ms: 0
[2026-09-28 01:27:31.718 -0300] INFO (13647): request completed
    route: "/v1/dashboard/alerts"
    method: "GET"
    status: 403
    duration_ms: 4
[2026-09-28 01:27:31.724 -0300] INFO (13647): request completed
    route: "/v1/dashboard/alerts/00000000-0000-7000-8000-000081000102"
    method: "GET"
    status: 403
    duration_ms: 5
[2026-09-28 01:27:31.731 -0300] INFO (13647): request completed
    route: "/v1/dashboard/alerts"
    method: "GET"
    status: 403
    duration_ms: 1
[2026-09-28 01:27:31.732 -0300] INFO (13647): request completed
    route: "/v1/dashboard/alerts/00000000-0000-7000-8000-000081000102"
    method: "GET"
    status: 403
    duration_ms: 0
[2026-09-28 01:27:31.733 -0300] INFO (13647): request completed
    route: "/v1/dashboard/stream"
    method: "GET"
    status: 403
    duration_ms: 0
[2026-09-28 01:27:31.734 -0300] INFO (13647): request completed
    route: "/v1/dashboard/alerts"
    method: "GET"
    status: 403
    duration_ms: 0
[2026-09-28 01:27:31.735 -0300] INFO (13647): request completed
    route: "/v1/dashboard/alerts/00000000-0000-7000-8000-000081000102"
    method: "GET"
    status: 403
    duration_ms: 0
[2026-09-28 01:27:31.737 -0300] INFO (13647): request completed
    route: "/v1/dashboard/stream"
    method: "GET"
    status: 403
    duration_ms: 1
[2026-09-28 01:27:31.738 -0300] INFO (13647): request completed
    route: "/v1/dashboard/alerts"
    method: "GET"
    status: 403
    duration_ms: 0
[2026-09-28 01:27:31.739 -0300] INFO (13647): request completed
    route: "/v1/dashboard/alerts/00000000-0000-7000-8000-000081000102"
    method: "GET"
    status: 403
    duration_ms: 1
[2026-09-28 01:27:31.739 -0300] INFO (13647): request completed
    route: "/v1/dashboard/stream"
    method: "GET"
    status: 403
    duration_ms: 0
[2026-09-28 01:27:31.740 -0300] INFO (13647): request completed
    route: "/v1/dashboard/alerts"
    method: "GET"
    status: 403
    duration_ms: 0
[2026-09-28 01:27:31.741 -0300] INFO (13647): request completed
    route: "/v1/dashboard/alerts/00000000-0000-7000-8000-000081000102"
    method: "GET"
    status: 403
    duration_ms: 0
[2026-09-28 01:27:31.742 -0300] INFO (13647): request completed
    route: "/v1/dashboard/stream"
    method: "GET"
    status: 403
    duration_ms: 1
[2026-09-28 01:27:31.751 -0300] INFO (13647): request completed
    route: "/v1/dashboard/alerts"
    method: "GET"
    status: 200
    duration_ms: 9
[2026-09-28 01:27:31.769 -0300] INFO (13647): request completed
    route: "/v1/dashboard/alerts/00000000-0000-7000-8000-000081000102"
    method: "GET"
    status: 200
    duration_ms: 17
[2026-09-28 01:27:31.786 -0300] INFO (13647): request completed
    route: "/v1/dashboard/alerts"
    method: "GET"
    status: 200
    duration_ms: 11
[2026-09-28 01:27:31.803 -0300] INFO (13647): request completed
    route: "/v1/dashboard/alerts/00000000-0000-7000-8000-000081000102"
    method: "GET"
    status: 200
    duration_ms: 16
[2026-09-28 01:27:31.819 -0300] INFO (13647): request completed
    route: "/v1/dashboard/alerts"
    method: "GET"
    status: 200
    duration_ms: 10
[2026-09-28 01:27:31.834 -0300] INFO (13647): request completed
    route: "/v1/dashboard/alerts/00000000-0000-7000-8000-000081000102"
    method: "GET"
    status: 200
    duration_ms: 15
[2026-09-28 01:27:31.841 -0300] INFO (13647): request completed
    route: "/v1/dashboard/alerts"
    method: "GET"
    status: 403
    duration_ms: 1
[2026-09-28 01:27:31.842 -0300] INFO (13647): request completed
    route: "/v1/dashboard/alerts/00000000-0000-7000-8000-000081000102"
    method: "GET"
    status: 403
    duration_ms: 0
[2026-09-28 01:27:31.843 -0300] INFO (13647): request completed
    route: "/v1/dashboard/stream"
    method: "GET"
    status: 403
    duration_ms: 0
[2026-09-28 01:27:31.845 -0300] INFO (13647): request completed
    route: "/v1/dashboard/alerts"
    method: "GET"
    status: 403
    duration_ms: 1
[2026-09-28 01:27:31.846 -0300] INFO (13647): request completed
    route: "/v1/dashboard/alerts/00000000-0000-7000-8000-000081000102"
    method: "GET"
    status: 403
    duration_ms: 0
[2026-09-28 01:27:31.847 -0300] INFO (13647): request completed
    route: "/v1/dashboard/stream"
    method: "GET"
    status: 403
    duration_ms: 0
[2026-09-28 01:27:31.848 -0300] INFO (13647): request completed
    route: "/v1/dashboard/alerts"
    method: "GET"
    status: 403
    duration_ms: 1
[2026-09-28 01:27:31.849 -0300] INFO (13647): request completed
    route: "/v1/dashboard/alerts/00000000-0000-7000-8000-000081000102"
    method: "GET"
    status: 403
    duration_ms: 1
[2026-09-28 01:27:31.849 -0300] INFO (13647): request completed
    route: "/v1/dashboard/stream"
    method: "GET"
    status: 403
    duration_ms: 0
[2026-09-28 01:27:31.859 -0300] INFO (13647): request completed
    route: "/v1/dashboard/alerts"
    method: "GET"
    status: 200
    duration_ms: 9
[2026-09-28 01:27:31.874 -0300] INFO (13647): request completed
    route: "/v1/dashboard/alerts/00000000-0000-7000-8000-000081000102"
    method: "GET"
    status: 200
    duration_ms: 14
[2026-09-28 01:27:31.880 -0300] INFO (13647): request completed
    route: "/v1/dashboard/alerts"
    method: "GET"
    status: 403
    duration_ms: 0
[2026-09-28 01:27:31.881 -0300] INFO (13647): request completed
    route: "/v1/dashboard/alerts/00000000-0000-7000-8000-000081000102"
    method: "GET"
    status: 403
    duration_ms: 0
[2026-09-28 01:27:31.883 -0300] INFO (13647): request completed
    route: "/v1/dashboard/stream"
    method: "GET"
    status: 403
    duration_ms: 1
[2026-09-28 01:27:31.884 -0300] INFO (13647): request completed
    route: "/v1/dashboard/alerts"
    method: "GET"
    status: 403
    duration_ms: 0
[2026-09-28 01:27:31.885 -0300] INFO (13647): request completed
    route: "/v1/dashboard/alerts/00000000-0000-7000-8000-000081000102"
    method: "GET"
    status: 403
    duration_ms: 0
[2026-09-28 01:27:31.886 -0300] INFO (13647): request completed
    route: "/v1/dashboard/stream"
    method: "GET"
    status: 403
    duration_ms: 0
[2026-09-28 01:27:31.887 -0300] INFO (13647): request completed
    route: "/v1/dashboard/alerts"
    method: "GET"
    status: 403
    duration_ms: 1
[2026-09-28 01:27:31.888 -0300] INFO (13647): request completed
    route: "/v1/dashboard/alerts/00000000-0000-7000-8000-000081000102"
    method: "GET"
    status: 403
    duration_ms: 0
[2026-09-28 01:27:31.889 -0300] INFO (13647): request completed
    route: "/v1/dashboard/stream"
    method: "GET"
    status: 403
    duration_ms: 1
[2026-09-28 01:27:31.889 -0300] INFO (13647): request completed
    route: "/v1/dashboard/alerts"
    method: "GET"
    status: 403
    duration_ms: 0
[2026-09-28 01:27:31.890 -0300] INFO (13647): request completed
    route: "/v1/dashboard/alerts/00000000-0000-7000-8000-000081000102"
    method: "GET"
    status: 403
    duration_ms: 0
[2026-09-28 01:27:31.891 -0300] INFO (13647): request completed
    route: "/v1/dashboard/stream"
    method: "GET"
    status: 403
    duration_ms: 0
[2026-09-28 01:27:31.903 -0300] INFO (13647): request completed
    route: "/v1/dashboard/alerts"
    method: "GET"
    status: 200
    duration_ms: 11
[2026-09-28 01:27:31.920 -0300] INFO (13647): request completed
    route: "/v1/dashboard/alerts/00000000-0000-7000-8000-000081000102"
    method: "GET"
    status: 200
    duration_ms: 16
[2026-09-28 01:27:31.935 -0300] INFO (13647): request completed
    route: "/v1/dashboard/alerts"
    method: "GET"
    status: 200
    duration_ms: 10
[2026-09-28 01:27:31.950 -0300] INFO (13647): request completed
    route: "/v1/dashboard/alerts/00000000-0000-7000-8000-000081000102"
    method: "GET"
    status: 200
    duration_ms: 14
[2026-09-28 01:27:31.957 -0300] INFO (13647): request completed
    route: "/v1/dashboard/alerts"
    method: "GET"
    status: 403
    duration_ms: 0
[2026-09-28 01:27:31.959 -0300] INFO (13647): request completed
    route: "/v1/dashboard/alerts/00000000-0000-7000-8000-000081000102"
    method: "GET"
    status: 403
    duration_ms: 1
[2026-09-28 01:27:31.960 -0300] INFO (13647): request completed
    route: "/v1/dashboard/stream"
    method: "GET"
    status: 403
    duration_ms: 0
[2026-09-28 01:27:31.961 -0300] INFO (13647): request completed
    route: "/v1/dashboard/alerts"
    method: "GET"
    status: 403
    duration_ms: 0
[2026-09-28 01:27:31.962 -0300] INFO (13647): request completed
    route: "/v1/dashboard/alerts/00000000-0000-7000-8000-000081000102"
    method: "GET"
    status: 403
    duration_ms: 0
[2026-09-28 01:27:31.963 -0300] INFO (13647): request completed
    route: "/v1/dashboard/stream"
    method: "GET"
    status: 403
    duration_ms: 1
[2026-09-28 01:27:31.977 -0300] INFO (13647): request completed
    route: "/v1/dashboard/alerts"
    method: "GET"
    status: 200
    duration_ms: 14
[2026-09-28 01:27:31.992 -0300] INFO (13647): request completed
    route: "/v1/dashboard/alerts/00000000-0000-7000-8000-000081000102"
    method: "GET"
    status: 200
    duration_ms: 14
[2026-09-28 01:27:32.000 -0300] INFO (13647): request completed
    route: "/v1/dashboard/alerts"
    method: "GET"
    status: 403
    duration_ms: 0
[2026-09-28 01:27:32.001 -0300] INFO (13647): request completed
    route: "/v1/dashboard/alerts/00000000-0000-7000-8000-000081000102"
    method: "GET"
    status: 403
    duration_ms: 0
[2026-09-28 01:27:32.003 -0300] INFO (13647): request completed
    route: "/v1/dashboard/stream"
    method: "GET"
    status: 403
    duration_ms: 0
[2026-09-28 01:27:32.004 -0300] INFO (13647): request completed
    route: "/v1/dashboard/alerts"
    method: "GET"
    status: 403
    duration_ms: 0
[2026-09-28 01:27:32.005 -0300] INFO (13647): request completed
    route: "/v1/dashboard/alerts/00000000-0000-7000-8000-000081000102"
    method: "GET"
    status: 403
    duration_ms: 0
[2026-09-28 01:27:32.006 -0300] INFO (13647): request completed
    route: "/v1/dashboard/stream"
    method: "GET"
    status: 403
    duration_ms: 0
[2026-09-28 01:27:32.039 -0300] INFO (13647): request completed
    route: "/v1/dashboard/alerts/00000000-0000-7000-8000-000081000105/ack"
    method: "POST"
    status: 403
    duration_ms: 32
[2026-09-28 01:27:32.040 -0300] INFO (13647): request completed
    route: "/v1/dashboard/alerts/00000000-0000-7000-8000-000081000105/ack"
    method: "POST"
    status: 403
    duration_ms: 0
[2026-09-28 01:27:32.041 -0300] INFO (13647): request completed
    route: "/v1/dashboard/alerts/00000000-0000-7000-8000-000081000105/ack"
    method: "POST"
    status: 403
    duration_ms: 0
[2026-09-28 01:27:32.042 -0300] INFO (13647): request completed
    route: "/v1/dashboard/alerts/00000000-0000-7000-8000-000081000105/ack"
    method: "POST"
    status: 403
    duration_ms: 0
[2026-09-28 01:27:32.042 -0300] INFO (13647): request completed
    route: "/v1/dashboard/alerts/00000000-0000-7000-8000-000081000105/ack"
    method: "POST"
    status: 403
    duration_ms: 0
[2026-09-28 01:27:32.043 -0300] INFO (13647): request completed
    route: "/v1/dashboard/alerts/00000000-0000-7000-8000-000081000105/ack"
    method: "POST"
    status: 403
    duration_ms: 0
[2026-09-28 01:27:32.044 -0300] INFO (13647): request completed
    route: "/v1/dashboard/alerts/00000000-0000-7000-8000-000081000105/ack"
    method: "POST"
    status: 403
    duration_ms: 0
[2026-09-28 01:27:32.069 -0300] INFO (13647): request completed
    route: "/v1/dashboard/alerts/00000000-0000-7000-8000-000081000105/ack"
    method: "POST"
    status: 428
    duration_ms: 25
[2026-09-28 01:27:32.070 -0300] INFO (13647): request completed
    route: "/v1/dashboard/alerts/00000000-0000-7000-8000-000081000105/ack"
    method: "POST"
    status: 403
    duration_ms: 0
[2026-09-28 01:27:32.094 -0300] INFO (13647): request completed
    route: "/v1/dashboard/alerts/00000000-0000-7000-8000-000081000105/ack"
    method: "POST"
    status: 428
    duration_ms: 23
[2026-09-28 01:27:32.096 -0300] INFO (13647): request completed
    route: "/v1/dashboard/alerts/00000000-0000-7000-8000-000081000105/ack"
    method: "POST"
    status: 403
    duration_ms: 1
[2026-09-28 01:27:32.097 -0300] INFO (13647): request completed
    route: "/v1/dashboard/alerts/00000000-0000-7000-8000-000081000105/ack"
    method: "POST"
    status: 403
    duration_ms: 1
[2026-09-28 01:27:32.097 -0300] INFO (13647): request completed
    route: "/v1/dashboard/alerts/00000000-0000-7000-8000-000081000105/ack"
    method: "POST"
    status: 403
    duration_ms: 0
[2026-09-28 01:27:32.118 -0300] INFO (13647): request completed
    route: "/v1/dashboard/alerts/00000000-0000-7000-8000-000081000105/ack"
    method: "POST"
    status: 403
    duration_ms: 20
[2026-09-28 01:27:32.119 -0300] INFO (13647): request completed
    route: "/v1/dashboard/alerts/00000000-0000-7000-8000-000081000105/ack"
    method: "POST"
    status: 403
    duration_ms: 1
[2026-09-28 01:27:32.121 -0300] INFO (13647): request completed
    route: "/v1/dashboard/alerts/00000000-0000-7000-8000-000081000105/ack"
    method: "POST"
    status: 403
    duration_ms: 1
[2026-09-28 01:27:32.122 -0300] INFO (13647): request completed
    route: "/v1/dashboard/alerts/00000000-0000-7000-8000-000081000105/ack"
    method: "POST"
    status: 403
    duration_ms: 1
[2026-09-28 01:27:32.123 -0300] INFO (13647): request completed
    route: "/v1/dashboard/alerts/00000000-0000-7000-8000-000081000105/ack"
    method: "POST"
    status: 403
    duration_ms: 1
[2026-09-28 01:27:32.146 -0300] INFO (13647): request completed
    route: "/v1/dashboard/alerts/00000000-0000-7000-8000-000081000105/ack"
    method: "POST"
    status: 428
    duration_ms: 23
[2026-09-28 01:27:32.167 -0300] INFO (13647): request completed
    route: "/v1/dashboard/alerts/00000000-0000-7000-8000-000081000105/ack"
    method: "POST"
    status: 428
    duration_ms: 20
[2026-09-28 01:27:32.190 -0300] INFO (13647): request completed
    route: "/v1/dashboard/alerts/00000000-0000-7000-8000-000081000105/ack"
    method: "POST"
    status: 428
    duration_ms: 21
[2026-09-28 01:27:32.192 -0300] INFO (13647): request completed
    route: "/v1/dashboard/alerts/00000000-0000-7000-8000-000081000105/ack"
    method: "POST"
    status: 403
    duration_ms: 1
[2026-09-28 01:27:32.211 -0300] INFO (13647): request completed
    route: "/v1/dashboard/alerts/00000000-0000-7000-8000-000081000105/ack"
    method: "POST"
    status: 428
    duration_ms: 18
[2026-09-28 01:27:32.212 -0300] INFO (13647): request completed
    route: "/v1/dashboard/alerts/00000000-0000-7000-8000-000081000105/ack"
    method: "POST"
    status: 403
    duration_ms: 0
[2026-09-28 01:27:32.234 -0300] INFO (13647): request completed
    route: "/v1/dashboard/alerts/00000000-0000-7000-8000-000081000105/ack"
    method: "POST"
    status: 428
    duration_ms: 21
[2026-09-28 01:27:32.235 -0300] INFO (13647): request completed
    route: "/v1/dashboard/alerts/00000000-0000-7000-8000-000081000105/ack"
    method: "POST"
    status: 403
    duration_ms: 0
[2026-09-28 01:27:32.236 -0300] INFO (13647): request completed
    route: "/v1/dashboard/alerts/00000000-0000-7000-8000-000081000105/ack"
    method: "POST"
    status: 403
    duration_ms: 0
[2026-09-28 01:27:32.237 -0300] INFO (13647): request completed
    route: "/v1/dashboard/alerts/00000000-0000-7000-8000-000081000105/ack"
    method: "POST"
    status: 403
    duration_ms: 0
[2026-09-28 01:27:32.238 -0300] INFO (13647): request completed
    route: "/v1/dashboard/alerts/00000000-0000-7000-8000-000081000105/ack"
    method: "POST"
    status: 403
    duration_ms: 0
[2026-09-28 01:27:32.259 -0300] INFO (13647): request completed
    route: "/v1/dashboard/alerts/00000000-0000-7000-8000-000081000105/ack"
    method: "POST"
    status: 428
    duration_ms: 20
[2026-09-28 01:27:32.280 -0300] INFO (13647): request completed
    route: "/v1/dashboard/alerts/00000000-0000-7000-8000-000081000105/ack"
    method: "POST"
    status: 428
    duration_ms: 20
[2026-09-28 01:27:32.281 -0300] INFO (13647): request completed
    route: "/v1/dashboard/alerts/00000000-0000-7000-8000-000081000105/ack"
    method: "POST"
    status: 403
    duration_ms: 0
[2026-09-28 01:27:32.283 -0300] INFO (13647): request completed
    route: "/v1/dashboard/alerts/00000000-0000-7000-8000-000081000105/ack"
    method: "POST"
    status: 403
    duration_ms: 1
[2026-09-28 01:27:32.304 -0300] INFO (13647): request completed
    route: "/v1/dashboard/alerts/00000000-0000-7000-8000-000081000105/ack"
    method: "POST"
    status: 428
    duration_ms: 21
[2026-09-28 01:27:32.305 -0300] INFO (13647): request completed
    route: "/v1/dashboard/alerts/00000000-0000-7000-8000-000081000105/ack"
    method: "POST"
    status: 403
    duration_ms: 0
[2026-09-28 01:27:32.306 -0300] INFO (13647): request completed
    route: "/v1/dashboard/alerts/00000000-0000-7000-8000-000081000105/ack"
    method: "POST"
    status: 403
    duration_ms: 0
[2026-09-28 01:27:32.324 -0300] INFO (13647): request completed
    route: "/v1/dashboard/alerts/00000000-0000-7000-8000-000081000107/treating"
    method: "POST"
    status: 403
    duration_ms: 17
[2026-09-28 01:27:32.326 -0300] INFO (13647): request completed
    route: "/v1/dashboard/alerts/00000000-0000-7000-8000-000081000107/treating"
    method: "POST"
    status: 403
    duration_ms: 1
[2026-09-28 01:27:32.326 -0300] INFO (13647): request completed
    route: "/v1/dashboard/alerts/00000000-0000-7000-8000-000081000107/treating"
    method: "POST"
    status: 403
    duration_ms: 0
[2026-09-28 01:27:32.327 -0300] INFO (13647): request completed
    route: "/v1/dashboard/alerts/00000000-0000-7000-8000-000081000107/treating"
    method: "POST"
    status: 403
    duration_ms: 0
[2026-09-28 01:27:32.328 -0300] INFO (13647): request completed
    route: "/v1/dashboard/alerts/00000000-0000-7000-8000-000081000107/treating"
    method: "POST"
    status: 403
    duration_ms: 0
[2026-09-28 01:27:32.329 -0300] INFO (13647): request completed
    route: "/v1/dashboard/alerts/00000000-0000-7000-8000-000081000107/treating"
    method: "POST"
    status: 403
    duration_ms: 0
[2026-09-28 01:27:32.330 -0300] INFO (13647): request completed
    route: "/v1/dashboard/alerts/00000000-0000-7000-8000-000081000107/treating"
    method: "POST"
    status: 403
    duration_ms: 0
[2026-09-28 01:27:32.352 -0300] INFO (13647): request completed
    route: "/v1/dashboard/alerts/00000000-0000-7000-8000-000081000107/treating"
    method: "POST"
    status: 428
    duration_ms: 21
[2026-09-28 01:27:32.353 -0300] INFO (13647): request completed
    route: "/v1/dashboard/alerts/00000000-0000-7000-8000-000081000107/treating"
    method: "POST"
    status: 403
    duration_ms: 0
[2026-09-28 01:27:32.372 -0300] INFO (13647): request completed
    route: "/v1/dashboard/alerts/00000000-0000-7000-8000-000081000107/treating"
    method: "POST"
    status: 428
    duration_ms: 18
[2026-09-28 01:27:32.373 -0300] INFO (13647): request completed
    route: "/v1/dashboard/alerts/00000000-0000-7000-8000-000081000107/treating"
    method: "POST"
    status: 403
    duration_ms: 0
[2026-09-28 01:27:32.374 -0300] INFO (13647): request completed
    route: "/v1/dashboard/alerts/00000000-0000-7000-8000-000081000107/treating"
    method: "POST"
    status: 403
    duration_ms: 0
[2026-09-28 01:27:32.375 -0300] INFO (13647): request completed
    route: "/v1/dashboard/alerts/00000000-0000-7000-8000-000081000107/treating"
    method: "POST"
    status: 403
    duration_ms: 0
[2026-09-28 01:27:32.394 -0300] INFO (13647): request completed
    route: "/v1/dashboard/alerts/00000000-0000-7000-8000-000081000107/treating"
    method: "POST"
    status: 403
    duration_ms: 18
[2026-09-28 01:27:32.396 -0300] INFO (13647): request completed
    route: "/v1/dashboard/alerts/00000000-0000-7000-8000-000081000107/treating"
    method: "POST"
    status: 403
    duration_ms: 1
[2026-09-28 01:27:32.397 -0300] INFO (13647): request completed
    route: "/v1/dashboard/alerts/00000000-0000-7000-8000-000081000107/treating"
    method: "POST"
    status: 403
    duration_ms: 1
[2026-09-28 01:27:32.397 -0300] INFO (13647): request completed
    route: "/v1/dashboard/alerts/00000000-0000-7000-8000-000081000107/treating"
    method: "POST"
    status: 403
    duration_ms: 0
[2026-09-28 01:27:32.398 -0300] INFO (13647): request completed
    route: "/v1/dashboard/alerts/00000000-0000-7000-8000-000081000107/treating"
    method: "POST"
    status: 403
    duration_ms: 0
[2026-09-28 01:27:32.419 -0300] INFO (13647): request completed
    route: "/v1/dashboard/alerts/00000000-0000-7000-8000-000081000107/treating"
    method: "POST"
    status: 428
    duration_ms: 20
[2026-09-28 01:27:32.439 -0300] INFO (13647): request completed
    route: "/v1/dashboard/alerts/00000000-0000-7000-8000-000081000107/treating"
    method: "POST"
    status: 428
    duration_ms: 19
[2026-09-28 01:27:32.458 -0300] INFO (13647): request completed
    route: "/v1/dashboard/alerts/00000000-0000-7000-8000-000081000107/treating"
    method: "POST"
    status: 428
    duration_ms: 18
[2026-09-28 01:27:32.460 -0300] INFO (13647): request completed
    route: "/v1/dashboard/alerts/00000000-0000-7000-8000-000081000107/treating"
    method: "POST"
    status: 403
    duration_ms: 1
[2026-09-28 01:27:32.479 -0300] INFO (13647): request completed
    route: "/v1/dashboard/alerts/00000000-0000-7000-8000-000081000107/treating"
    method: "POST"
    status: 428
    duration_ms: 19
[2026-09-28 01:27:32.480 -0300] INFO (13647): request completed
    route: "/v1/dashboard/alerts/00000000-0000-7000-8000-000081000107/treating"
    method: "POST"
    status: 403
    duration_ms: 0
[2026-09-28 01:27:32.500 -0300] INFO (13647): request completed
    route: "/v1/dashboard/alerts/00000000-0000-7000-8000-000081000107/treating"
    method: "POST"
    status: 428
    duration_ms: 19
[2026-09-28 01:27:32.502 -0300] INFO (13647): request completed
    route: "/v1/dashboard/alerts/00000000-0000-7000-8000-000081000107/treating"
    method: "POST"
    status: 403
    duration_ms: 0
[2026-09-28 01:27:32.503 -0300] INFO (13647): request completed
    route: "/v1/dashboard/alerts/00000000-0000-7000-8000-000081000107/treating"
    method: "POST"
    status: 403
    duration_ms: 0
[2026-09-28 01:27:32.504 -0300] INFO (13647): request completed
    route: "/v1/dashboard/alerts/00000000-0000-7000-8000-000081000107/treating"
    method: "POST"
    status: 403
    duration_ms: 1
[2026-09-28 01:27:32.504 -0300] INFO (13647): request completed
    route: "/v1/dashboard/alerts/00000000-0000-7000-8000-000081000107/treating"
    method: "POST"
    status: 403
    duration_ms: 0
[2026-09-28 01:27:32.527 -0300] INFO (13647): request completed
    route: "/v1/dashboard/alerts/00000000-0000-7000-8000-000081000107/treating"
    method: "POST"
    status: 428
    duration_ms: 22
[2026-09-28 01:27:32.546 -0300] INFO (13647): request completed
    route: "/v1/dashboard/alerts/00000000-0000-7000-8000-000081000107/treating"
    method: "POST"
    status: 428
    duration_ms: 18
[2026-09-28 01:27:32.547 -0300] INFO (13647): request completed
    route: "/v1/dashboard/alerts/00000000-0000-7000-8000-000081000107/treating"
    method: "POST"
    status: 403
    duration_ms: 0
[2026-09-28 01:27:32.548 -0300] INFO (13647): request completed
    route: "/v1/dashboard/alerts/00000000-0000-7000-8000-000081000107/treating"
    method: "POST"
    status: 403
    duration_ms: 0
[2026-09-28 01:27:32.549 -0300] INFO (13647): request completed
    route: "/v1/dashboard/alerts/00000000-0000-7000-8000-000081000107/treating"
    method: "POST"
    status: 403
    duration_ms: 0
[2026-09-28 01:27:32.550 -0300] INFO (13647): request completed
    route: "/v1/dashboard/alerts/00000000-0000-7000-8000-000081000107/treating"
    method: "POST"
    status: 403
    duration_ms: 1
[2026-09-28 01:27:32.550 -0300] INFO (13647): request completed
    route: "/v1/dashboard/alerts/00000000-0000-7000-8000-000081000107/treating"
    method: "POST"
    status: 403
    duration_ms: 0
[2026-09-28 01:27:32.569 -0300] INFO (13647): request completed
    route: "/v1/dashboard/alerts/00000000-0000-7000-8000-000081000112/close"
    method: "POST"
    status: 403
    duration_ms: 18
[2026-09-28 01:27:32.570 -0300] INFO (13647): request completed
    route: "/v1/dashboard/alerts/00000000-0000-7000-8000-000081000112/close"
    method: "POST"
    status: 403
    duration_ms: 0
[2026-09-28 01:27:32.571 -0300] INFO (13647): request completed
    route: "/v1/dashboard/alerts/00000000-0000-7000-8000-000081000112/close"
    method: "POST"
    status: 403
    duration_ms: 0
[2026-09-28 01:27:32.572 -0300] INFO (13647): request completed
    route: "/v1/dashboard/alerts/00000000-0000-7000-8000-000081000112/close"
    method: "POST"
    status: 403
    duration_ms: 0
[2026-09-28 01:27:32.573 -0300] INFO (13647): request completed
    route: "/v1/dashboard/alerts/00000000-0000-7000-8000-000081000112/close"
    method: "POST"
    status: 403
    duration_ms: 0
[2026-09-28 01:27:32.574 -0300] INFO (13647): request completed
    route: "/v1/dashboard/alerts/00000000-0000-7000-8000-000081000112/close"
    method: "POST"
    status: 403
    duration_ms: 1
[2026-09-28 01:27:32.575 -0300] INFO (13647): request completed
    route: "/v1/dashboard/alerts/00000000-0000-7000-8000-000081000112/close"
    method: "POST"
    status: 403
    duration_ms: 1
[2026-09-28 01:27:32.575 -0300] INFO (13647): request completed
    route: "/v1/dashboard/alerts/00000000-0000-7000-8000-000081000112/close"
    method: "POST"
    status: 403
    duration_ms: 0
[2026-09-28 01:27:32.576 -0300] INFO (13647): request completed
    route: "/v1/dashboard/alerts/00000000-0000-7000-8000-000081000112/close"
    method: "POST"
    status: 403
    duration_ms: 0
[2026-09-28 01:27:32.595 -0300] INFO (13647): request completed
    route: "/v1/dashboard/alerts/00000000-0000-7000-8000-000081000112/close"
    method: "POST"
    status: 428
    duration_ms: 18
[2026-09-28 01:27:32.597 -0300] INFO (13647): request completed
    route: "/v1/dashboard/alerts/00000000-0000-7000-8000-000081000112/close"
    method: "POST"
    status: 403
    duration_ms: 1
[2026-09-28 01:27:32.598 -0300] INFO (13647): request completed
    route: "/v1/dashboard/alerts/00000000-0000-7000-8000-000081000112/close"
    method: "POST"
    status: 403
    duration_ms: 1
[2026-09-28 01:27:32.598 -0300] INFO (13647): request completed
    route: "/v1/dashboard/alerts/00000000-0000-7000-8000-000081000112/close"
    method: "POST"
    status: 403
    duration_ms: 0
[2026-09-28 01:27:32.617 -0300] INFO (13647): request completed
    route: "/v1/dashboard/alerts/00000000-0000-7000-8000-000081000112/close"
    method: "POST"
    status: 403
    duration_ms: 18
[2026-09-28 01:27:32.618 -0300] INFO (13647): request completed
    route: "/v1/dashboard/alerts/00000000-0000-7000-8000-000081000112/close"
    method: "POST"
    status: 403
    duration_ms: 0
[2026-09-28 01:27:32.619 -0300] INFO (13647): request completed
    route: "/v1/dashboard/alerts/00000000-0000-7000-8000-000081000112/close"
    method: "POST"
    status: 403
    duration_ms: 0
[2026-09-28 01:27:32.623 -0300] INFO (13647): request completed
    route: "/v1/dashboard/alerts/00000000-0000-7000-8000-000081000112/close"
    method: "POST"
    status: 403
    duration_ms: 1
[2026-09-28 01:27:32.623 -0300] INFO (13647): request completed
    route: "/v1/dashboard/alerts/00000000-0000-7000-8000-000081000112/close"
    method: "POST"
    status: 403
    duration_ms: 0
[2026-09-28 01:27:32.624 -0300] INFO (13647): request completed
    route: "/v1/dashboard/alerts/00000000-0000-7000-8000-000081000112/close"
    method: "POST"
    status: 403
    duration_ms: 0
[2026-09-28 01:27:32.625 -0300] INFO (13647): request completed
    route: "/v1/dashboard/alerts/00000000-0000-7000-8000-000081000112/close"
    method: "POST"
    status: 403
    duration_ms: 0
[2026-09-28 01:27:32.644 -0300] INFO (13647): request completed
    route: "/v1/dashboard/alerts/00000000-0000-7000-8000-000081000112/close"
    method: "POST"
    status: 428
    duration_ms: 18
[2026-09-28 01:27:32.645 -0300] INFO (13647): request completed
    route: "/v1/dashboard/alerts/00000000-0000-7000-8000-000081000112/close"
    method: "POST"
    status: 403
    duration_ms: 0
[2026-09-28 01:27:32.646 -0300] INFO (13647): request completed
    route: "/v1/dashboard/alerts/00000000-0000-7000-8000-000081000112/close"
    method: "POST"
    status: 403
    duration_ms: 0
[2026-09-28 01:27:32.647 -0300] INFO (13647): request completed
    route: "/v1/dashboard/alerts/00000000-0000-7000-8000-000081000112/close"
    method: "POST"
    status: 403
    duration_ms: 0
[2026-09-28 01:27:32.648 -0300] INFO (13647): request completed
    route: "/v1/dashboard/alerts/00000000-0000-7000-8000-000081000112/close"
    method: "POST"
    status: 403
    duration_ms: 0
[2026-09-28 01:27:32.648 -0300] INFO (13647): request completed
    route: "/v1/dashboard/alerts/00000000-0000-7000-8000-000081000112/close"
    method: "POST"
    status: 403
    duration_ms: 0
[2026-09-28 01:27:32.649 -0300] INFO (13647): request completed
    route: "/v1/dashboard/alerts/00000000-0000-7000-8000-000081000112/close"
    method: "POST"
    status: 403
    duration_ms: 0
[2026-09-28 01:27:32.650 -0300] INFO (13647): request completed
    route: "/v1/dashboard/alerts/00000000-0000-7000-8000-000081000112/close"
    method: "POST"
    status: 403
    duration_ms: 1
[2026-09-28 01:27:32.650 -0300] INFO (13647): request completed
    route: "/v1/dashboard/alerts/00000000-0000-7000-8000-000081000112/close"
    method: "POST"
    status: 403
    duration_ms: 0
[2026-09-28 01:27:32.651 -0300] INFO (13647): request completed
    route: "/v1/dashboard/alerts/00000000-0000-7000-8000-000081000112/close"
    method: "POST"
    status: 403
    duration_ms: 0
[2026-09-28 01:27:32.651 -0300] INFO (13647): request completed
    route: "/v1/dashboard/alerts/00000000-0000-7000-8000-000081000112/close"
    method: "POST"
    status: 403
    duration_ms: 0
[2026-09-28 01:27:32.652 -0300] INFO (13647): request completed
    route: "/v1/dashboard/alerts/00000000-0000-7000-8000-000081000112/close"
    method: "POST"
    status: 403
    duration_ms: 0
[2026-09-28 01:27:32.653 -0300] INFO (13647): request completed
    route: "/v1/dashboard/alerts/00000000-0000-7000-8000-000081000112/close"
    method: "POST"
    status: 403
    duration_ms: 1
[2026-09-28 01:27:32.671 -0300] INFO (13647): request completed
    route: "/v1/dashboard/alerts/00000000-0000-7000-8000-000081000112/close"
    method: "POST"
    status: 428
    duration_ms: 18
[2026-09-28 01:27:32.672 -0300] INFO (13647): request completed
    route: "/v1/dashboard/alerts/00000000-0000-7000-8000-000081000112/close"
    method: "POST"
    status: 403
    duration_ms: 0
[2026-09-28 01:27:32.673 -0300] INFO (13647): request completed
    route: "/v1/dashboard/alerts/00000000-0000-7000-8000-000081000112/close"
    method: "POST"
    status: 403
    duration_ms: 0
[2026-09-28 01:27:32.690 -0300] INFO (13647): request completed
    route: "/v1/dashboard/alerts/00000000-0000-7000-8000-000081000105/root-cause"
    method: "POST"
    status: 403
    duration_ms: 17
[2026-09-28 01:27:32.691 -0300] INFO (13647): request completed
    route: "/v1/dashboard/alerts/00000000-0000-7000-8000-000081000105/root-cause"
    method: "POST"
    status: 403
    duration_ms: 0
[2026-09-28 01:27:32.692 -0300] INFO (13647): request completed
    route: "/v1/dashboard/alerts/00000000-0000-7000-8000-000081000105/root-cause"
    method: "POST"
    status: 403
    duration_ms: 0
[2026-09-28 01:27:32.693 -0300] INFO (13647): request completed
    route: "/v1/dashboard/alerts/00000000-0000-7000-8000-000081000105/root-cause"
    method: "POST"
    status: 403
    duration_ms: 1
[2026-09-28 01:27:32.693 -0300] INFO (13647): request completed
    route: "/v1/dashboard/alerts/00000000-0000-7000-8000-000081000105/root-cause"
    method: "POST"
    status: 403
    duration_ms: 0
[2026-09-28 01:27:32.694 -0300] INFO (13647): request completed
    route: "/v1/dashboard/alerts/00000000-0000-7000-8000-000081000105/root-cause"
    method: "POST"
    status: 403
    duration_ms: 0
[2026-09-28 01:27:32.694 -0300] INFO (13647): request completed
    route: "/v1/dashboard/alerts/00000000-0000-7000-8000-000081000105/root-cause"
    method: "POST"
    status: 403
    duration_ms: 0
[2026-09-28 01:27:32.695 -0300] INFO (13647): request completed
    route: "/v1/dashboard/alerts/00000000-0000-7000-8000-000081000105/root-cause"
    method: "POST"
    status: 403
    duration_ms: 0
[2026-09-28 01:27:32.696 -0300] INFO (13647): request completed
    route: "/v1/dashboard/alerts/00000000-0000-7000-8000-000081000105/root-cause"
    method: "POST"
    status: 403
    duration_ms: 0
[2026-09-28 01:27:32.713 -0300] INFO (13647): request completed
    route: "/v1/dashboard/alerts/00000000-0000-7000-8000-000081000105/root-cause"
    method: "POST"
    status: 428
    duration_ms: 17
[2026-09-28 01:27:32.714 -0300] INFO (13647): request completed
    route: "/v1/dashboard/alerts/00000000-0000-7000-8000-000081000105/root-cause"
    method: "POST"
    status: 403
    duration_ms: 0
[2026-09-28 01:27:32.715 -0300] INFO (13647): request completed
    route: "/v1/dashboard/alerts/00000000-0000-7000-8000-000081000105/root-cause"
    method: "POST"
    status: 403
    duration_ms: 0
[2026-09-28 01:27:32.716 -0300] INFO (13647): request completed
    route: "/v1/dashboard/alerts/00000000-0000-7000-8000-000081000105/root-cause"
    method: "POST"
    status: 403
    duration_ms: 1
[2026-09-28 01:27:32.733 -0300] INFO (13647): request completed
    route: "/v1/dashboard/alerts/00000000-0000-7000-8000-000081000105/root-cause"
    method: "POST"
    status: 403
    duration_ms: 17
[2026-09-28 01:27:32.734 -0300] INFO (13647): request completed
    route: "/v1/dashboard/alerts/00000000-0000-7000-8000-000081000105/root-cause"
    method: "POST"
    status: 403
    duration_ms: 0
[2026-09-28 01:27:32.735 -0300] INFO (13647): request completed
    route: "/v1/dashboard/alerts/00000000-0000-7000-8000-000081000105/root-cause"
    method: "POST"
    status: 403
    duration_ms: 0
[2026-09-28 01:27:32.736 -0300] INFO (13647): request completed
    route: "/v1/dashboard/alerts/00000000-0000-7000-8000-000081000105/root-cause"
    method: "POST"
    status: 403
    duration_ms: 0
[2026-09-28 01:27:32.737 -0300] INFO (13647): request completed
    route: "/v1/dashboard/alerts/00000000-0000-7000-8000-000081000105/root-cause"
    method: "POST"
    status: 403
    duration_ms: 1
[2026-09-28 01:27:32.737 -0300] INFO (13647): request completed
    route: "/v1/dashboard/alerts/00000000-0000-7000-8000-000081000105/root-cause"
    method: "POST"
    status: 403
    duration_ms: 0
[2026-09-28 01:27:32.738 -0300] INFO (13647): request completed
    route: "/v1/dashboard/alerts/00000000-0000-7000-8000-000081000105/root-cause"
    method: "POST"
    status: 403
    duration_ms: 0
[2026-09-28 01:27:32.757 -0300] INFO (13647): request completed
    route: "/v1/dashboard/alerts/00000000-0000-7000-8000-000081000105/root-cause"
    method: "POST"
    status: 428
    duration_ms: 18
[2026-09-28 01:27:32.758 -0300] INFO (13647): request completed
    route: "/v1/dashboard/alerts/00000000-0000-7000-8000-000081000105/root-cause"
    method: "POST"
    status: 403
    duration_ms: 0
[2026-09-28 01:27:32.776 -0300] INFO (13647): request completed
    route: "/v1/dashboard/alerts/00000000-0000-7000-8000-000081000105/root-cause"
    method: "POST"
    status: 428
    duration_ms: 17
[2026-09-28 01:27:32.777 -0300] INFO (13647): request completed
    route: "/v1/dashboard/alerts/00000000-0000-7000-8000-000081000105/root-cause"
    method: "POST"
    status: 403
    duration_ms: 0
[2026-09-28 01:27:32.778 -0300] INFO (13647): request completed
    route: "/v1/dashboard/alerts/00000000-0000-7000-8000-000081000105/root-cause"
    method: "POST"
    status: 403
    duration_ms: 0
[2026-09-28 01:27:32.779 -0300] INFO (13647): request completed
    route: "/v1/dashboard/alerts/00000000-0000-7000-8000-000081000105/root-cause"
    method: "POST"
    status: 403
    duration_ms: 0
[2026-09-28 01:27:32.779 -0300] INFO (13647): request completed
    route: "/v1/dashboard/alerts/00000000-0000-7000-8000-000081000105/root-cause"
    method: "POST"
    status: 403
    duration_ms: 0
[2026-09-28 01:27:32.780 -0300] INFO (13647): request completed
    route: "/v1/dashboard/alerts/00000000-0000-7000-8000-000081000105/root-cause"
    method: "POST"
    status: 403
    duration_ms: 0
[2026-09-28 01:27:32.781 -0300] INFO (13647): request completed
    route: "/v1/dashboard/alerts/00000000-0000-7000-8000-000081000105/root-cause"
    method: "POST"
    status: 403
    duration_ms: 0
[2026-09-28 01:27:32.781 -0300] INFO (13647): request completed
    route: "/v1/dashboard/alerts/00000000-0000-7000-8000-000081000105/root-cause"
    method: "POST"
    status: 403
    duration_ms: 0
[2026-09-28 01:27:32.782 -0300] INFO (13647): request completed
    route: "/v1/dashboard/alerts/00000000-0000-7000-8000-000081000105/root-cause"
    method: "POST"
    status: 403
    duration_ms: 0
[2026-09-28 01:27:32.783 -0300] INFO (13647): request completed
    route: "/v1/dashboard/alerts/00000000-0000-7000-8000-000081000105/root-cause"
    method: "POST"
    status: 403
    duration_ms: 1
[2026-09-28 01:27:32.783 -0300] INFO (13647): request completed
    route: "/v1/dashboard/alerts/00000000-0000-7000-8000-000081000105/root-cause"
    method: "POST"
    status: 403
    duration_ms: 0
[2026-09-28 01:27:32.784 -0300] INFO (13647): request completed
    route: "/v1/dashboard/alerts/00000000-0000-7000-8000-000081000105/root-cause"
    method: "POST"
    status: 403
    duration_ms: 0
[2026-09-28 01:27:32.785 -0300] INFO (13647): request completed
    route: "/v1/dashboard/alerts/00000000-0000-7000-8000-000081000105/root-cause"
    method: "POST"
    status: 403
    duration_ms: 1
[2026-09-28 01:27:32.785 -0300] INFO (13647): request completed
    route: "/v1/dashboard/alerts/00000000-0000-7000-8000-000081000105/root-cause"
    method: "POST"
    status: 403
    duration_ms: 0
[2026-09-28 01:27:32.790 -0300] INFO (13647): request completed
    route: "/v1/dashboard/alerts/00000000-0000-7000-8000-000081000102/incident"
    method: "GET"
    status: 403
    duration_ms: 4
[2026-09-28 01:27:32.791 -0300] INFO (13647): request completed
    route: "/v1/dashboard/alerts/00000000-0000-7000-8000-000081000102/incident"
    method: "GET"
    status: 403
    duration_ms: 0
[2026-09-28 01:27:32.792 -0300] INFO (13647): request completed
    route: "/v1/dashboard/alerts/00000000-0000-7000-8000-000081000102/incident"
    method: "GET"
    status: 403
    duration_ms: 0
[2026-09-28 01:27:32.792 -0300] INFO (13647): request completed
    route: "/v1/dashboard/alerts/00000000-0000-7000-8000-000081000102/incident"
    method: "GET"
    status: 403
    duration_ms: 0
[2026-09-28 01:27:32.793 -0300] INFO (13647): request completed
    route: "/v1/dashboard/alerts/00000000-0000-7000-8000-000081000102/incident"
    method: "GET"
    status: 403
    duration_ms: 0
[2026-09-28 01:27:32.794 -0300] INFO (13647): request completed
    route: "/v1/dashboard/alerts/00000000-0000-7000-8000-000081000102/incident"
    method: "GET"
    status: 403
    duration_ms: 0
[2026-09-28 01:27:32.799 -0300] INFO (13647): request completed
    route: "/v1/dashboard/alerts/00000000-0000-7000-8000-000081000102/incident"
    method: "GET"
    status: 404
    duration_ms: 5
[2026-09-28 01:27:32.803 -0300] INFO (13647): request completed
    route: "/v1/dashboard/alerts/00000000-0000-7000-8000-000081000102/incident"
    method: "GET"
    status: 404
    duration_ms: 4
[2026-09-28 01:27:32.804 -0300] INFO (13647): request completed
    route: "/v1/dashboard/alerts/00000000-0000-7000-8000-000081000102/incident"
    method: "GET"
    status: 403
    duration_ms: 0
[2026-09-28 01:27:32.809 -0300] INFO (13647): request completed
    route: "/v1/dashboard/alerts/00000000-0000-7000-8000-000081000102/incident"
    method: "GET"
    status: 404
    duration_ms: 4
[2026-09-28 01:27:32.811 -0300] INFO (13647): request completed
    route: "/v1/dashboard/alerts/00000000-0000-7000-8000-000081000102/incident"
    method: "GET"
    status: 403
    duration_ms: 1
[2026-09-28 01:27:32.811 -0300] INFO (13647): request completed
    route: "/v1/dashboard/alerts/00000000-0000-7000-8000-000081000102/incident"
    method: "GET"
    status: 403
    duration_ms: 0
[2026-09-28 01:27:32.812 -0300] INFO (13647): request completed
    route: "/v1/dashboard/alerts/00000000-0000-7000-8000-000081000102/incident"
    method: "GET"
    status: 403
    duration_ms: 0
[2026-09-28 01:27:32.816 -0300] INFO (13647): request completed
    route: "/v1/dashboard/alerts/00000000-0000-7000-8000-000081000102/incident"
    method: "GET"
    status: 403
    duration_ms: 3
[2026-09-28 01:27:32.817 -0300] INFO (13647): request completed
    route: "/v1/dashboard/alerts/00000000-0000-7000-8000-000081000102/incident"
    method: "GET"
    status: 403
    duration_ms: 0
[2026-09-28 01:27:32.818 -0300] INFO (13647): request completed
    route: "/v1/dashboard/alerts/00000000-0000-7000-8000-000081000102/incident"
    method: "GET"
    status: 403
    duration_ms: 0
[2026-09-28 01:27:32.819 -0300] INFO (13647): request completed
    route: "/v1/dashboard/alerts/00000000-0000-7000-8000-000081000102/incident"
    method: "GET"
    status: 403
    duration_ms: 0
[2026-09-28 01:27:32.820 -0300] INFO (13647): request completed
    route: "/v1/dashboard/alerts/00000000-0000-7000-8000-000081000102/incident"
    method: "GET"
    status: 403
    duration_ms: 0
[2026-09-28 01:27:32.825 -0300] INFO (13647): request completed
    route: "/v1/dashboard/alerts/00000000-0000-7000-8000-000081000102/incident"
    method: "GET"
    status: 404
    duration_ms: 4
[2026-09-28 01:27:32.830 -0300] INFO (13647): request completed
    route: "/v1/dashboard/alerts/00000000-0000-7000-8000-000081000102/incident"
    method: "GET"
    status: 404
    duration_ms: 4
[2026-09-28 01:27:32.836 -0300] INFO (13647): request completed
    route: "/v1/dashboard/alerts/00000000-0000-7000-8000-000081000102/incident"
    method: "GET"
    status: 404
    duration_ms: 5
[2026-09-28 01:27:32.837 -0300] INFO (13647): request completed
    route: "/v1/dashboard/alerts/00000000-0000-7000-8000-000081000102/incident"
    method: "GET"
    status: 403
    duration_ms: 0
[2026-09-28 01:27:32.838 -0300] INFO (13647): request completed
    route: "/v1/dashboard/alerts/00000000-0000-7000-8000-000081000102/incident"
    method: "GET"
    status: 403
    duration_ms: 0
[2026-09-28 01:27:32.839 -0300] INFO (13647): request completed
    route: "/v1/dashboard/alerts/00000000-0000-7000-8000-000081000102/incident"
    method: "GET"
    status: 403
    duration_ms: 0
[2026-09-28 01:27:32.845 -0300] INFO (13647): request completed
    route: "/v1/dashboard/alerts/00000000-0000-7000-8000-000081000102/incident"
    method: "GET"
    status: 404
    duration_ms: 5
[2026-09-28 01:27:32.847 -0300] INFO (13647): request completed
    route: "/v1/dashboard/alerts/00000000-0000-7000-8000-000081000102/incident"
    method: "GET"
    status: 403
    duration_ms: 1
[2026-09-28 01:27:32.848 -0300] INFO (13647): request completed
    route: "/v1/dashboard/alerts/00000000-0000-7000-8000-000081000102/incident"
    method: "GET"
    status: 403
    duration_ms: 1
[2026-09-28 01:27:32.848 -0300] INFO (13647): request completed
    route: "/v1/dashboard/alerts/00000000-0000-7000-8000-000081000102/incident"
    method: "GET"
    status: 403
    duration_ms: 0
[2026-09-28 01:27:32.850 -0300] INFO (13647): request completed
    route: "/v1/dashboard/alerts/00000000-0000-7000-8000-000081000102/incident"
    method: "GET"
    status: 403
    duration_ms: 1
[2026-09-28 01:27:32.855 -0300] INFO (13647): request completed
    route: "/v1/dashboard/alerts/00000000-0000-7000-8000-000081000102/incident"
    method: "GET"
    status: 404
    duration_ms: 5
[2026-09-28 01:27:32.860 -0300] INFO (13647): request completed
    route: "/v1/dashboard/alerts/00000000-0000-7000-8000-000081000102/incident"
    method: "GET"
    status: 404
    duration_ms: 4
[2026-09-28 01:27:32.861 -0300] INFO (13647): request completed
    route: "/v1/dashboard/alerts/00000000-0000-7000-8000-000081000102/incident"
    method: "GET"
    status: 403
    duration_ms: 0
[2026-09-28 01:27:32.862 -0300] INFO (13647): request completed
    route: "/v1/dashboard/alerts/00000000-0000-7000-8000-000081000102/incident"
    method: "GET"
    status: 403
    duration_ms: 0
[2026-09-28 01:27:32.863 -0300] INFO (13647): request completed
    route: "/v1/dashboard/alerts/00000000-0000-7000-8000-000081000102/incident"
    method: "GET"
    status: 403
    duration_ms: 0
[2026-09-28 01:27:32.864 -0300] INFO (13647): request completed
    route: "/v1/dashboard/alerts/00000000-0000-7000-8000-000081000102/incident"
    method: "GET"
    status: 403
    duration_ms: 0
[2026-09-28 01:27:32.865 -0300] INFO (13647): request completed
    route: "/v1/dashboard/alerts/00000000-0000-7000-8000-000081000102/incident"
    method: "GET"
    status: 403
    duration_ms: 1
[2026-09-28 01:27:32.876 -0300] INFO (13647): request completed
    route: "/v1/dashboard/duties"
    method: "GET"
    status: 200
    duration_ms: 11
[2026-09-28 01:27:32.883 -0300] INFO (13647): request completed
    route: "/v1/dashboard/duties"
    method: "GET"
    status: 200
    duration_ms: 6
[2026-09-28 01:27:32.890 -0300] INFO (13647): request completed
    route: "/v1/dashboard/duties"
    method: "GET"
    status: 200
    duration_ms: 6
[2026-09-28 01:27:32.895 -0300] INFO (13647): request completed
    route: "/v1/dashboard/duties"
    method: "GET"
    status: 200
    duration_ms: 5
[2026-09-28 01:27:32.901 -0300] INFO (13647): request completed
    route: "/v1/dashboard/duties"
    method: "GET"
    status: 200
    duration_ms: 5
[2026-09-28 01:27:32.906 -0300] INFO (13647): request completed
    route: "/v1/dashboard/duties"
    method: "GET"
    status: 200
    duration_ms: 5
[2026-09-28 01:27:32.912 -0300] INFO (13647): request completed
    route: "/v1/dashboard/duties"
    method: "GET"
    status: 200
    duration_ms: 5
[2026-09-28 01:27:32.918 -0300] INFO (13647): request completed
    route: "/v1/dashboard/duties"
    method: "GET"
    status: 200
    duration_ms: 5
[2026-09-28 01:27:32.923 -0300] INFO (13647): request completed
    route: "/v1/dashboard/duties"
    method: "GET"
    status: 200
    duration_ms: 4
[2026-09-28 01:27:32.929 -0300] INFO (13647): request completed
    route: "/v1/dashboard/duties"
    method: "GET"
    status: 200
    duration_ms: 5
[2026-09-28 01:27:32.934 -0300] INFO (13647): request completed
    route: "/v1/dashboard/duties"
    method: "GET"
    status: 200
    duration_ms: 5
[2026-09-28 01:27:32.940 -0300] INFO (13647): request completed
    route: "/v1/dashboard/duties"
    method: "GET"
    status: 200
    duration_ms: 5
[2026-09-28 01:27:32.946 -0300] INFO (13647): request completed
    route: "/v1/dashboard/duties"
    method: "GET"
    status: 200
    duration_ms: 5
[2026-09-28 01:27:32.952 -0300] INFO (13647): request completed
    route: "/v1/dashboard/duties"
    method: "GET"
    status: 200
    duration_ms: 5
[2026-09-28 01:27:32.953 -0300] INFO (13647): request completed
    route: "/v1/dashboard/duties"
    method: "GET"
    status: 403
    duration_ms: 1
[2026-09-28 01:27:32.958 -0300] INFO (13647): request completed
    route: "/v1/dashboard/duties"
    method: "GET"
    status: 200
    duration_ms: 5
[2026-09-28 01:27:32.963 -0300] INFO (13647): request completed
    route: "/v1/dashboard/duties"
    method: "GET"
    status: 200
    duration_ms: 4
[2026-09-28 01:27:32.969 -0300] INFO (13647): request completed
    route: "/v1/dashboard/duties"
    method: "GET"
    status: 200
    duration_ms: 5
[2026-09-28 01:27:32.975 -0300] INFO (13647): request completed
    route: "/v1/dashboard/duties"
    method: "GET"
    status: 200
    duration_ms: 5
[2026-09-28 01:27:32.981 -0300] INFO (13647): request completed
    route: "/v1/dashboard/duties"
    method: "GET"
    status: 200
    duration_ms: 5
[2026-09-28 01:27:32.986 -0300] INFO (13647): request completed
    route: "/v1/dashboard/duties"
    method: "GET"
    status: 200
    duration_ms: 4
[2026-09-28 01:27:32.992 -0300] INFO (13647): request completed
    route: "/v1/dashboard/duties"
    method: "GET"
    status: 200
    duration_ms: 5
[2026-09-28 01:27:32.999 -0300] INFO (13647): request completed
    route: "/v1/dashboard/duties"
    method: "GET"
    status: 200
    duration_ms: 6
[2026-09-28 01:27:33.005 -0300] INFO (13647): request completed
    route: "/v1/dashboard/duties"
    method: "GET"
    status: 200
    duration_ms: 6
[2026-09-28 01:27:33.012 -0300] INFO (13647): request completed
    route: "/v1/dashboard/duties"
    method: "GET"
    status: 200
    duration_ms: 6
[2026-09-28 01:27:33.018 -0300] INFO (13647): request completed
    route: "/v1/dashboard/duties"
    method: "GET"
    status: 200
    duration_ms: 5
[2026-09-28 01:27:33.025 -0300] INFO (13647): request completed
    route: "/v1/dashboard/duties"
    method: "GET"
    status: 200
    duration_ms: 6
[2026-09-28 01:27:33.032 -0300] INFO (13647): request completed
    route: "/v1/dashboard/duties"
    method: "GET"
    status: 200
    duration_ms: 6
[2026-09-28 01:27:33.037 -0300] INFO (13647): request completed
    route: "/v1/dashboard/duties"
    method: "GET"
    status: 200
    duration_ms: 5
[2026-09-28 01:27:33.043 -0300] INFO (13647): request completed
    route: "/v1/dashboard/duties"
    method: "GET"
    status: 200
    duration_ms: 5
[2026-09-28 01:27:33.049 -0300] INFO (13647): request completed
    route: "/v1/dashboard/duties"
    method: "GET"
    status: 200
    duration_ms: 5
[2026-09-28 01:27:33.055 -0300] INFO (13647): request completed
    route: "/v1/dashboard/duties"
    method: "GET"
    status: 200
    duration_ms: 5
[2026-09-28 01:27:33.061 -0300] INFO (13647): request completed
    route: "/v1/dashboard/duties"
    method: "GET"
    status: 200
    duration_ms: 5
[2026-09-28 01:27:33.069 -0300] INFO (13647): request completed
    route: "/v1/dashboard/duties"
    method: "GET"
    status: 200
    duration_ms: 5
[2026-09-28 01:27:33.076 -0300] INFO (13647): request completed
    route: "/v1/dashboard/duties"
    method: "GET"
    status: 200
    duration_ms: 6
[2026-09-28 01:27:33.077 -0300] INFO (13647): request completed
    route: "/v1/dashboard/duties"
    method: "GET"
    status: 403
    duration_ms: 1
[2026-09-28 01:27:33.083 -0300] INFO (13647): request completed
    route: "/v1/dashboard/duties/00000000-0000-7000-8000-000080001001/cycles"
    method: "GET"
    status: 200
    duration_ms: 6
[2026-09-28 01:27:33.089 -0300] INFO (13647): request completed
    route: "/v1/dashboard/duties/00000000-0000-7000-8000-000080001001/cycles/2026-09"
    method: "GET"
    status: 200
    duration_ms: 5
[2026-09-28 01:27:33.094 -0300] INFO (13647): request completed
    route: "/v1/dashboard/duties/00000000-0000-7000-8000-000080001001/cycles"
    method: "GET"
    status: 200
    duration_ms: 4
[2026-09-28 01:27:33.100 -0300] INFO (13647): request completed
    route: "/v1/dashboard/duties/00000000-0000-7000-8000-000080001001/cycles/2026-09"
    method: "GET"
    status: 200
    duration_ms: 5
[2026-09-28 01:27:33.106 -0300] INFO (13647): request completed
    route: "/v1/dashboard/duties/00000000-0000-7000-8000-000080001001/cycles"
    method: "GET"
    status: 200
    duration_ms: 5
[2026-09-28 01:27:33.112 -0300] INFO (13647): request completed
    route: "/v1/dashboard/duties/00000000-0000-7000-8000-000080001001/cycles/2026-09"
    method: "GET"
    status: 200
    duration_ms: 5
[2026-09-28 01:27:33.117 -0300] INFO (13647): request completed
    route: "/v1/dashboard/duties/00000000-0000-7000-8000-000080001001/cycles"
    method: "GET"
    status: 200
    duration_ms: 5
[2026-09-28 01:27:33.123 -0300] INFO (13647): request completed
    route: "/v1/dashboard/duties/00000000-0000-7000-8000-000080001001/cycles/2026-09"
    method: "GET"
    status: 200
    duration_ms: 5
[2026-09-28 01:27:33.128 -0300] INFO (13647): request completed
    route: "/v1/dashboard/duties/00000000-0000-7000-8000-000080001001/cycles"
    method: "GET"
    status: 200
    duration_ms: 5
[2026-09-28 01:27:33.133 -0300] INFO (13647): request completed
    route: "/v1/dashboard/duties/00000000-0000-7000-8000-000080001001/cycles/2026-09"
    method: "GET"
    status: 200
    duration_ms: 4
[2026-09-28 01:27:33.140 -0300] INFO (13647): request completed
    route: "/v1/dashboard/duties/00000000-0000-7000-8000-000080001001/cycles"
    method: "GET"
    status: 200
    duration_ms: 6
[2026-09-28 01:27:33.145 -0300] INFO (13647): request completed
    route: "/v1/dashboard/duties/00000000-0000-7000-8000-000080001001/cycles/2026-09"
    method: "GET"
    status: 200
    duration_ms: 4
[2026-09-28 01:27:33.151 -0300] INFO (13647): request completed
    route: "/v1/dashboard/duties/00000000-0000-7000-8000-000080001001/cycles"
    method: "GET"
    status: 200
    duration_ms: 5
[2026-09-28 01:27:33.156 -0300] INFO (13647): request completed
    route: "/v1/dashboard/duties/00000000-0000-7000-8000-000080001001/cycles/2026-09"
    method: "GET"
    status: 200
    duration_ms: 5
[2026-09-28 01:27:33.162 -0300] INFO (13647): request completed
    route: "/v1/dashboard/duties/00000000-0000-7000-8000-000080001001/cycles"
    method: "GET"
    status: 200
    duration_ms: 5
[2026-09-28 01:27:33.168 -0300] INFO (13647): request completed
    route: "/v1/dashboard/duties/00000000-0000-7000-8000-000080001001/cycles/2026-09"
    method: "GET"
    status: 200
    duration_ms: 5
[2026-09-28 01:27:33.174 -0300] INFO (13647): request completed
    route: "/v1/dashboard/duties/00000000-0000-7000-8000-000080001001/cycles"
    method: "GET"
    status: 200
    duration_ms: 5
[2026-09-28 01:27:33.179 -0300] INFO (13647): request completed
    route: "/v1/dashboard/duties/00000000-0000-7000-8000-000080001001/cycles/2026-09"
    method: "GET"
    status: 200
    duration_ms: 4
[2026-09-28 01:27:33.185 -0300] INFO (13647): request completed
    route: "/v1/dashboard/duties/00000000-0000-7000-8000-000080001001/cycles"
    method: "GET"
    status: 200
    duration_ms: 5
[2026-09-28 01:27:33.189 -0300] INFO (13647): request completed
    route: "/v1/dashboard/duties/00000000-0000-7000-8000-000080001001/cycles/2026-09"
    method: "GET"
    status: 200
    duration_ms: 4
[2026-09-28 01:27:33.194 -0300] INFO (13647): request completed
    route: "/v1/dashboard/duties/00000000-0000-7000-8000-000080001001/cycles"
    method: "GET"
    status: 200
    duration_ms: 4
[2026-09-28 01:27:33.199 -0300] INFO (13647): request completed
    route: "/v1/dashboard/duties/00000000-0000-7000-8000-000080001001/cycles/2026-09"
    method: "GET"
    status: 200
    duration_ms: 4
[2026-09-28 01:27:33.203 -0300] INFO (13647): request completed
    route: "/v1/dashboard/duties/00000000-0000-7000-8000-000080001001/cycles"
    method: "GET"
    status: 200
    duration_ms: 4
[2026-09-28 01:27:33.209 -0300] INFO (13647): request completed
    route: "/v1/dashboard/duties/00000000-0000-7000-8000-000080001001/cycles/2026-09"
    method: "GET"
    status: 200
    duration_ms: 5
[2026-09-28 01:27:33.214 -0300] INFO (13647): request completed
    route: "/v1/dashboard/duties/00000000-0000-7000-8000-000080001001/cycles"
    method: "GET"
    status: 200
    duration_ms: 5
[2026-09-28 01:27:33.219 -0300] INFO (13647): request completed
    route: "/v1/dashboard/duties/00000000-0000-7000-8000-000080001001/cycles/2026-09"
    method: "GET"
    status: 200
    duration_ms: 4
[2026-09-28 01:27:33.223 -0300] INFO (13647): request completed
    route: "/v1/dashboard/duties/00000000-0000-7000-8000-000080001001/cycles"
    method: "GET"
    status: 200
    duration_ms: 4
[2026-09-28 01:27:33.228 -0300] INFO (13647): request completed
    route: "/v1/dashboard/duties/00000000-0000-7000-8000-000080001001/cycles/2026-09"
    method: "GET"
    status: 200
    duration_ms: 4
[2026-09-28 01:27:33.229 -0300] INFO (13647): request completed
    route: "/v1/dashboard/duties/00000000-0000-7000-8000-000080001001/cycles"
    method: "GET"
    status: 403
    duration_ms: 0
[2026-09-28 01:27:33.230 -0300] INFO (13647): request completed
    route: "/v1/dashboard/duties/00000000-0000-7000-8000-000080001001/cycles/2026-09"
    method: "GET"
    status: 403
    duration_ms: 0
[2026-09-28 01:27:33.235 -0300] INFO (13647): request completed
    route: "/v1/dashboard/duties/00000000-0000-7000-8000-000080001001/cycles"
    method: "GET"
    status: 200
    duration_ms: 5
[2026-09-28 01:27:33.240 -0300] INFO (13647): request completed
    route: "/v1/dashboard/duties/00000000-0000-7000-8000-000080001001/cycles/2026-09"
    method: "GET"
    status: 200
    duration_ms: 5
[2026-09-28 01:27:33.245 -0300] INFO (13647): request completed
    route: "/v1/dashboard/duties/00000000-0000-7000-8000-000080001001/cycles"
    method: "GET"
    status: 200
    duration_ms: 4
[2026-09-28 01:27:33.251 -0300] INFO (13647): request completed
    route: "/v1/dashboard/duties/00000000-0000-7000-8000-000080001001/cycles/2026-09"
    method: "GET"
    status: 200
    duration_ms: 5
[2026-09-28 01:27:33.255 -0300] INFO (13647): request completed
    route: "/v1/dashboard/duties/00000000-0000-7000-8000-000080001001/cycles"
    method: "GET"
    status: 200
    duration_ms: 4
[2026-09-28 01:27:33.260 -0300] INFO (13647): request completed
    route: "/v1/dashboard/duties/00000000-0000-7000-8000-000080001001/cycles/2026-09"
    method: "GET"
    status: 200
    duration_ms: 4
[2026-09-28 01:27:33.265 -0300] INFO (13647): request completed
    route: "/v1/dashboard/duties/00000000-0000-7000-8000-000080001001/cycles"
    method: "GET"
    status: 200
    duration_ms: 5
[2026-09-28 01:27:33.270 -0300] INFO (13647): request completed
    route: "/v1/dashboard/duties/00000000-0000-7000-8000-000080001001/cycles/2026-09"
    method: "GET"
    status: 200
    duration_ms: 5
[2026-09-28 01:27:33.275 -0300] INFO (13647): request completed
    route: "/v1/dashboard/duties/00000000-0000-7000-8000-000080001001/cycles"
    method: "GET"
    status: 200
    duration_ms: 5
[2026-09-28 01:27:33.280 -0300] INFO (13647): request completed
    route: "/v1/dashboard/duties/00000000-0000-7000-8000-000080001001/cycles/2026-09"
    method: "GET"
    status: 200
    duration_ms: 4
[2026-09-28 01:27:33.285 -0300] INFO (13647): request completed
    route: "/v1/dashboard/duties/00000000-0000-7000-8000-000080001001/cycles"
    method: "GET"
    status: 200
    duration_ms: 4
[2026-09-28 01:27:33.290 -0300] INFO (13647): request completed
    route: "/v1/dashboard/duties/00000000-0000-7000-8000-000080001001/cycles/2026-09"
    method: "GET"
    status: 200
    duration_ms: 4
[2026-09-28 01:27:33.295 -0300] INFO (13647): request completed
    route: "/v1/dashboard/duties/00000000-0000-7000-8000-000080001001/cycles"
    method: "GET"
    status: 200
    duration_ms: 4
[2026-09-28 01:27:33.300 -0300] INFO (13647): request completed
    route: "/v1/dashboard/duties/00000000-0000-7000-8000-000080001001/cycles/2026-09"
    method: "GET"
    status: 200
    duration_ms: 4
[2026-09-28 01:27:33.306 -0300] INFO (13647): request completed
    route: "/v1/dashboard/duties/00000000-0000-7000-8000-000080001001/cycles"
    method: "GET"
    status: 200
    duration_ms: 5
[2026-09-28 01:27:33.313 -0300] INFO (13647): request completed
    route: "/v1/dashboard/duties/00000000-0000-7000-8000-000080001001/cycles/2026-09"
    method: "GET"
    status: 200
    duration_ms: 7
[2026-09-28 01:27:33.319 -0300] INFO (13647): request completed
    route: "/v1/dashboard/duties/00000000-0000-7000-8000-000080001001/cycles"
    method: "GET"
    status: 200
    duration_ms: 6
[2026-09-28 01:27:33.325 -0300] INFO (13647): request completed
    route: "/v1/dashboard/duties/00000000-0000-7000-8000-000080001001/cycles/2026-09"
    method: "GET"
    status: 200
    duration_ms: 5
[2026-09-28 01:27:33.330 -0300] INFO (13647): request completed
    route: "/v1/dashboard/duties/00000000-0000-7000-8000-000080001001/cycles"
    method: "GET"
    status: 200
    duration_ms: 4
[2026-09-28 01:27:33.336 -0300] INFO (13647): request completed
    route: "/v1/dashboard/duties/00000000-0000-7000-8000-000080001001/cycles/2026-09"
    method: "GET"
    status: 200
    duration_ms: 5
[2026-09-28 01:27:33.341 -0300] INFO (13647): request completed
    route: "/v1/dashboard/duties/00000000-0000-7000-8000-000080001001/cycles"
    method: "GET"
    status: 200
    duration_ms: 5
[2026-09-28 01:27:33.347 -0300] INFO (13647): request completed
    route: "/v1/dashboard/duties/00000000-0000-7000-8000-000080001001/cycles/2026-09"
    method: "GET"
    status: 200
    duration_ms: 5
[2026-09-28 01:27:33.353 -0300] INFO (13647): request completed
    route: "/v1/dashboard/duties/00000000-0000-7000-8000-000080001001/cycles"
    method: "GET"
    status: 200
    duration_ms: 6
[2026-09-28 01:27:33.359 -0300] INFO (13647): request completed
    route: "/v1/dashboard/duties/00000000-0000-7000-8000-000080001001/cycles/2026-09"
    method: "GET"
    status: 200
    duration_ms: 5
[2026-09-28 01:27:33.365 -0300] INFO (13647): request completed
    route: "/v1/dashboard/duties/00000000-0000-7000-8000-000080001001/cycles"
    method: "GET"
    status: 200
    duration_ms: 5
[2026-09-28 01:27:33.370 -0300] INFO (13647): request completed
    route: "/v1/dashboard/duties/00000000-0000-7000-8000-000080001001/cycles/2026-09"
    method: "GET"
    status: 200
    duration_ms: 5
[2026-09-28 01:27:33.374 -0300] INFO (13647): request completed
    route: "/v1/dashboard/duties/00000000-0000-7000-8000-000080001001/cycles"
    method: "GET"
    status: 200
    duration_ms: 4
[2026-09-28 01:27:33.380 -0300] INFO (13647): request completed
    route: "/v1/dashboard/duties/00000000-0000-7000-8000-000080001001/cycles/2026-09"
    method: "GET"
    status: 200
    duration_ms: 5
[2026-09-28 01:27:33.385 -0300] INFO (13647): request completed
    route: "/v1/dashboard/duties/00000000-0000-7000-8000-000080001001/cycles"
    method: "GET"
    status: 200
    duration_ms: 5
[2026-09-28 01:27:33.390 -0300] INFO (13647): request completed
    route: "/v1/dashboard/duties/00000000-0000-7000-8000-000080001001/cycles/2026-09"
    method: "GET"
    status: 200
    duration_ms: 4
[2026-09-28 01:27:33.395 -0300] INFO (13647): request completed
    route: "/v1/dashboard/duties/00000000-0000-7000-8000-000080001001/cycles"
    method: "GET"
    status: 200
    duration_ms: 4
[2026-09-28 01:27:33.400 -0300] INFO (13647): request completed
    route: "/v1/dashboard/duties/00000000-0000-7000-8000-000080001001/cycles/2026-09"
    method: "GET"
    status: 200
    duration_ms: 4
[2026-09-28 01:27:33.405 -0300] INFO (13647): request completed
    route: "/v1/dashboard/duties/00000000-0000-7000-8000-000080001001/cycles"
    method: "GET"
    status: 200
    duration_ms: 4
[2026-09-28 01:27:33.410 -0300] INFO (13647): request completed
    route: "/v1/dashboard/duties/00000000-0000-7000-8000-000080001001/cycles/2026-09"
    method: "GET"
    status: 200
    duration_ms: 4
[2026-09-28 01:27:33.415 -0300] INFO (13647): request completed
    route: "/v1/dashboard/duties/00000000-0000-7000-8000-000080001001/cycles"
    method: "GET"
    status: 200
    duration_ms: 4
[2026-09-28 01:27:33.420 -0300] INFO (13647): request completed
    route: "/v1/dashboard/duties/00000000-0000-7000-8000-000080001001/cycles/2026-09"
    method: "GET"
    status: 200
    duration_ms: 4
[2026-09-28 01:27:33.426 -0300] INFO (13647): request completed
    route: "/v1/dashboard/duties/00000000-0000-7000-8000-000080001001/cycles"
    method: "GET"
    status: 200
    duration_ms: 5
[2026-09-28 01:27:33.432 -0300] INFO (13647): request completed
    route: "/v1/dashboard/duties/00000000-0000-7000-8000-000080001001/cycles/2026-09"
    method: "GET"
    status: 200
    duration_ms: 5
[2026-09-28 01:27:33.438 -0300] INFO (13647): request completed
    route: "/v1/dashboard/duties/00000000-0000-7000-8000-000080001001/cycles"
    method: "GET"
    status: 200
    duration_ms: 5
[2026-09-28 01:27:33.445 -0300] INFO (13647): request completed
    route: "/v1/dashboard/duties/00000000-0000-7000-8000-000080001001/cycles/2026-09"
    method: "GET"
    status: 200
    duration_ms: 6
[2026-09-28 01:27:33.446 -0300] INFO (13647): request completed
    route: "/v1/dashboard/duties/00000000-0000-7000-8000-000080001001/cycles"
    method: "GET"
    status: 403
    duration_ms: 0
[2026-09-28 01:27:33.447 -0300] INFO (13647): request completed
    route: "/v1/dashboard/duties/00000000-0000-7000-8000-000080001001/cycles/2026-09"
    method: "GET"
    status: 403
    duration_ms: 1
[2026-09-28 01:27:33.467 -0300] INFO (13647): request completed
    route: "/v1/dashboard/duties/00000000-0000-7000-8000-000080001001/cycles/2026-09/start"
    method: "POST"
    status: 428
    duration_ms: 20
[2026-09-28 01:27:33.468 -0300] INFO (13647): request completed
    route: "/v1/dashboard/duties/00000000-0000-7000-8000-000080001001/cycles/2026-09/start"
    method: "POST"
    status: 403
    duration_ms: 0
[2026-09-28 01:27:33.469 -0300] INFO (13647): request completed
    route: "/v1/dashboard/duties/00000000-0000-7000-8000-000080001001/cycles/2026-09/start"
    method: "POST"
    status: 403
    duration_ms: 0
[2026-09-28 01:27:33.470 -0300] INFO (13647): request completed
    route: "/v1/dashboard/duties/00000000-0000-7000-8000-000080001001/cycles/2026-09/start"
    method: "POST"
    status: 403
    duration_ms: 0
[2026-09-28 01:27:33.471 -0300] INFO (13647): request completed
    route: "/v1/dashboard/duties/00000000-0000-7000-8000-000080001001/cycles/2026-09/start"
    method: "POST"
    status: 403
    duration_ms: 0
[2026-09-28 01:27:33.472 -0300] INFO (13647): request completed
    route: "/v1/dashboard/duties/00000000-0000-7000-8000-000080001001/cycles/2026-09/start"
    method: "POST"
    status: 403
    duration_ms: 1
[2026-09-28 01:27:33.472 -0300] INFO (13647): request completed
    route: "/v1/dashboard/duties/00000000-0000-7000-8000-000080001001/cycles/2026-09/start"
    method: "POST"
    status: 403
    duration_ms: 0
[2026-09-28 01:27:33.473 -0300] INFO (13647): request completed
    route: "/v1/dashboard/duties/00000000-0000-7000-8000-000080001001/cycles/2026-09/start"
    method: "POST"
    status: 403
    duration_ms: 0
[2026-09-28 01:27:33.474 -0300] INFO (13647): request completed
    route: "/v1/dashboard/duties/00000000-0000-7000-8000-000080001001/cycles/2026-09/start"
    method: "POST"
    status: 403
    duration_ms: 0
[2026-09-28 01:27:33.498 -0300] INFO (13647): request completed
    route: "/v1/dashboard/duties/00000000-0000-7000-8000-000080001001/cycles/2026-09/start"
    method: "POST"
    status: 428
    duration_ms: 23
[2026-09-28 01:27:33.499 -0300] INFO (13647): request completed
    route: "/v1/dashboard/duties/00000000-0000-7000-8000-000080001001/cycles/2026-09/start"
    method: "POST"
    status: 403
    duration_ms: 0
[2026-09-28 01:27:33.500 -0300] INFO (13647): request completed
    route: "/v1/dashboard/duties/00000000-0000-7000-8000-000080001001/cycles/2026-09/start"
    method: "POST"
    status: 403
    duration_ms: 0
[2026-09-28 01:27:33.501 -0300] INFO (13647): request completed
    route: "/v1/dashboard/duties/00000000-0000-7000-8000-000080001001/cycles/2026-09/start"
    method: "POST"
    status: 403
    duration_ms: 0
[2026-09-28 01:27:33.521 -0300] INFO (13647): request completed
    route: "/v1/dashboard/duties/00000000-0000-7000-8000-000080001001/cycles/2026-09/start"
    method: "POST"
    status: 428
    duration_ms: 20
[2026-09-28 01:27:33.522 -0300] INFO (13647): request completed
    route: "/v1/dashboard/duties/00000000-0000-7000-8000-000080001001/cycles/2026-09/start"
    method: "POST"
    status: 403
    duration_ms: 0
[2026-09-28 01:27:33.523 -0300] INFO (13647): request completed
    route: "/v1/dashboard/duties/00000000-0000-7000-8000-000080001001/cycles/2026-09/start"
    method: "POST"
    status: 403
    duration_ms: 0
[2026-09-28 01:27:33.524 -0300] INFO (13647): request completed
    route: "/v1/dashboard/duties/00000000-0000-7000-8000-000080001001/cycles/2026-09/start"
    method: "POST"
    status: 403
    duration_ms: 0
[2026-09-28 01:27:33.524 -0300] INFO (13647): request completed
    route: "/v1/dashboard/duties/00000000-0000-7000-8000-000080001001/cycles/2026-09/start"
    method: "POST"
    status: 403
    duration_ms: 0
[2026-09-28 01:27:33.525 -0300] INFO (13647): request completed
    route: "/v1/dashboard/duties/00000000-0000-7000-8000-000080001001/cycles/2026-09/start"
    method: "POST"
    status: 403
    duration_ms: 0
[2026-09-28 01:27:33.543 -0300] INFO (13647): request completed
    route: "/v1/dashboard/duties/00000000-0000-7000-8000-000080001001/cycles/2026-09/start"
    method: "POST"
    status: 428
    duration_ms: 18
[2026-09-28 01:27:33.560 -0300] INFO (13647): request completed
    route: "/v1/dashboard/duties/00000000-0000-7000-8000-000080001001/cycles/2026-09/start"
    method: "POST"
    status: 428
    duration_ms: 17
[2026-09-28 01:27:33.561 -0300] INFO (13647): request completed
    route: "/v1/dashboard/duties/00000000-0000-7000-8000-000080001001/cycles/2026-09/start"
    method: "POST"
    status: 403
    duration_ms: 0
[2026-09-28 01:27:33.562 -0300] INFO (13647): request completed
    route: "/v1/dashboard/duties/00000000-0000-7000-8000-000080001001/cycles/2026-09/start"
    method: "POST"
    status: 403
    duration_ms: 0
[2026-09-28 01:27:33.563 -0300] INFO (13647): request completed
    route: "/v1/dashboard/duties/00000000-0000-7000-8000-000080001001/cycles/2026-09/start"
    method: "POST"
    status: 403
    duration_ms: 0
[2026-09-28 01:27:33.564 -0300] INFO (13647): request completed
    route: "/v1/dashboard/duties/00000000-0000-7000-8000-000080001001/cycles/2026-09/start"
    method: "POST"
    status: 403
    duration_ms: 0
[2026-09-28 01:27:33.564 -0300] INFO (13647): request completed
    route: "/v1/dashboard/duties/00000000-0000-7000-8000-000080001001/cycles/2026-09/start"
    method: "POST"
    status: 403
    duration_ms: 0
[2026-09-28 01:27:33.565 -0300] INFO (13647): request completed
    route: "/v1/dashboard/duties/00000000-0000-7000-8000-000080001001/cycles/2026-09/start"
    method: "POST"
    status: 403
    duration_ms: 0
[2026-09-28 01:27:33.566 -0300] INFO (13647): request completed
    route: "/v1/dashboard/duties/00000000-0000-7000-8000-000080001001/cycles/2026-09/start"
    method: "POST"
    status: 403
    duration_ms: 0
[2026-09-28 01:27:33.566 -0300] INFO (13647): request completed
    route: "/v1/dashboard/duties/00000000-0000-7000-8000-000080001001/cycles/2026-09/start"
    method: "POST"
    status: 403
    duration_ms: 0
[2026-09-28 01:27:33.567 -0300] INFO (13647): request completed
    route: "/v1/dashboard/duties/00000000-0000-7000-8000-000080001001/cycles/2026-09/start"
    method: "POST"
    status: 403
    duration_ms: 0
[2026-09-28 01:27:33.567 -0300] INFO (13647): request completed
    route: "/v1/dashboard/duties/00000000-0000-7000-8000-000080001001/cycles/2026-09/start"
    method: "POST"
    status: 403
    duration_ms: 0
[2026-09-28 01:27:33.568 -0300] INFO (13647): request completed
    route: "/v1/dashboard/duties/00000000-0000-7000-8000-000080001001/cycles/2026-09/start"
    method: "POST"
    status: 403
    duration_ms: 0
[2026-09-28 01:27:33.568 -0300] INFO (13647): request completed
    route: "/v1/dashboard/duties/00000000-0000-7000-8000-000080001001/cycles/2026-09/start"
    method: "POST"
    status: 403
    duration_ms: 0
[2026-09-28 01:27:33.572 -0300] INFO (13647): request completed
    route: "/v1/dashboard/duties/00000000-0000-7000-8000-000080001001/cycles/2026-09/start"
    method: "POST"
    status: 403
    duration_ms: 0
[2026-09-28 01:27:33.591 -0300] INFO (13647): request completed
    route: "/v1/dashboard/duties/00000000-0000-7000-8000-000080001001/cycles/2026-09/start"
    method: "POST"
    status: 428
    duration_ms: 18
[2026-09-28 01:27:33.592 -0300] INFO (13647): request completed
    route: "/v1/dashboard/duties/00000000-0000-7000-8000-000080001001/cycles/2026-09/start"
    method: "POST"
    status: 403
    duration_ms: 0
[2026-09-28 01:27:33.610 -0300] INFO (13647): request completed
    route: "/v1/dashboard/duties/00000000-0000-7000-8000-000080001001/cycles/2026-09/prepare"
    method: "POST"
    status: 428
    duration_ms: 18
[2026-09-28 01:27:33.612 -0300] INFO (13647): request completed
    route: "/v1/dashboard/duties/00000000-0000-7000-8000-000080001001/cycles/2026-09/prepare"
    method: "POST"
    status: 403
    duration_ms: 1
[2026-09-28 01:27:33.613 -0300] INFO (13647): request completed
    route: "/v1/dashboard/duties/00000000-0000-7000-8000-000080001001/cycles/2026-09/prepare"
    method: "POST"
    status: 403
    duration_ms: 0
[2026-09-28 01:27:33.614 -0300] INFO (13647): request completed
    route: "/v1/dashboard/duties/00000000-0000-7000-8000-000080001001/cycles/2026-09/prepare"
    method: "POST"
    status: 403
    duration_ms: 0
[2026-09-28 01:27:33.614 -0300] INFO (13647): request completed
    route: "/v1/dashboard/duties/00000000-0000-7000-8000-000080001001/cycles/2026-09/prepare"
    method: "POST"
    status: 403
    duration_ms: 0
[2026-09-28 01:27:33.615 -0300] INFO (13647): request completed
    route: "/v1/dashboard/duties/00000000-0000-7000-8000-000080001001/cycles/2026-09/prepare"
    method: "POST"
    status: 403
    duration_ms: 0
[2026-09-28 01:27:33.616 -0300] INFO (13647): request completed
    route: "/v1/dashboard/duties/00000000-0000-7000-8000-000080001001/cycles/2026-09/prepare"
    method: "POST"
    status: 403
    duration_ms: 1
[2026-09-28 01:27:33.616 -0300] INFO (13647): request completed
    route: "/v1/dashboard/duties/00000000-0000-7000-8000-000080001001/cycles/2026-09/prepare"
    method: "POST"
    status: 403
    duration_ms: 0
[2026-09-28 01:27:33.617 -0300] INFO (13647): request completed
    route: "/v1/dashboard/duties/00000000-0000-7000-8000-000080001001/cycles/2026-09/prepare"
    method: "POST"
    status: 403
    duration_ms: 0
[2026-09-28 01:27:33.641 -0300] INFO (13647): request completed
    route: "/v1/dashboard/duties/00000000-0000-7000-8000-000080001001/cycles/2026-09/prepare"
    method: "POST"
    status: 428
    duration_ms: 24
[2026-09-28 01:27:33.642 -0300] INFO (13647): request completed
    route: "/v1/dashboard/duties/00000000-0000-7000-8000-000080001001/cycles/2026-09/prepare"
    method: "POST"
    status: 403
    duration_ms: 0
[2026-09-28 01:27:33.643 -0300] INFO (13647): request completed
    route: "/v1/dashboard/duties/00000000-0000-7000-8000-000080001001/cycles/2026-09/prepare"
    method: "POST"
    status: 403
    duration_ms: 0
[2026-09-28 01:27:33.644 -0300] INFO (13647): request completed
    route: "/v1/dashboard/duties/00000000-0000-7000-8000-000080001001/cycles/2026-09/prepare"
    method: "POST"
    status: 403
    duration_ms: 1
[2026-09-28 01:27:33.667 -0300] INFO (13647): request completed
    route: "/v1/dashboard/duties/00000000-0000-7000-8000-000080001001/cycles/2026-09/prepare"
    method: "POST"
    status: 428
    duration_ms: 23
[2026-09-28 01:27:33.668 -0300] INFO (13647): request completed
    route: "/v1/dashboard/duties/00000000-0000-7000-8000-000080001001/cycles/2026-09/prepare"
    method: "POST"
    status: 403
    duration_ms: 0
[2026-09-28 01:27:33.669 -0300] INFO (13647): request completed
    route: "/v1/dashboard/duties/00000000-0000-7000-8000-000080001001/cycles/2026-09/prepare"
    method: "POST"
    status: 403
    duration_ms: 0
[2026-09-28 01:27:33.669 -0300] INFO (13647): request completed
    route: "/v1/dashboard/duties/00000000-0000-7000-8000-000080001001/cycles/2026-09/prepare"
    method: "POST"
    status: 403
    duration_ms: 0
[2026-09-28 01:27:33.670 -0300] INFO (13647): request completed
    route: "/v1/dashboard/duties/00000000-0000-7000-8000-000080001001/cycles/2026-09/prepare"
    method: "POST"
    status: 403
    duration_ms: 0
[2026-09-28 01:27:33.671 -0300] INFO (13647): request completed
    route: "/v1/dashboard/duties/00000000-0000-7000-8000-000080001001/cycles/2026-09/prepare"
    method: "POST"
    status: 403
    duration_ms: 0
[2026-09-28 01:27:33.689 -0300] INFO (13647): request completed
    route: "/v1/dashboard/duties/00000000-0000-7000-8000-000080001001/cycles/2026-09/prepare"
    method: "POST"
    status: 428
    duration_ms: 17
[2026-09-28 01:27:33.706 -0300] INFO (13647): request completed
    route: "/v1/dashboard/duties/00000000-0000-7000-8000-000080001001/cycles/2026-09/prepare"
    method: "POST"
    status: 428
    duration_ms: 16
[2026-09-28 01:27:33.706 -0300] INFO (13647): request completed
    route: "/v1/dashboard/duties/00000000-0000-7000-8000-000080001001/cycles/2026-09/prepare"
    method: "POST"
    status: 403
    duration_ms: 0
[2026-09-28 01:27:33.707 -0300] INFO (13647): request completed
    route: "/v1/dashboard/duties/00000000-0000-7000-8000-000080001001/cycles/2026-09/prepare"
    method: "POST"
    status: 403
    duration_ms: 0
[2026-09-28 01:27:33.708 -0300] INFO (13647): request completed
    route: "/v1/dashboard/duties/00000000-0000-7000-8000-000080001001/cycles/2026-09/prepare"
    method: "POST"
    status: 403
    duration_ms: 1
[2026-09-28 01:27:33.708 -0300] INFO (13647): request completed
    route: "/v1/dashboard/duties/00000000-0000-7000-8000-000080001001/cycles/2026-09/prepare"
    method: "POST"
    status: 403
    duration_ms: 0
[2026-09-28 01:27:33.709 -0300] INFO (13647): request completed
    route: "/v1/dashboard/duties/00000000-0000-7000-8000-000080001001/cycles/2026-09/prepare"
    method: "POST"
    status: 403
    duration_ms: 1
[2026-09-28 01:27:33.709 -0300] INFO (13647): request completed
    route: "/v1/dashboard/duties/00000000-0000-7000-8000-000080001001/cycles/2026-09/prepare"
    method: "POST"
    status: 403
    duration_ms: 0
[2026-09-28 01:27:33.710 -0300] INFO (13647): request completed
    route: "/v1/dashboard/duties/00000000-0000-7000-8000-000080001001/cycles/2026-09/prepare"
    method: "POST"
    status: 403
    duration_ms: 0
[2026-09-28 01:27:33.710 -0300] INFO (13647): request completed
    route: "/v1/dashboard/duties/00000000-0000-7000-8000-000080001001/cycles/2026-09/prepare"
    method: "POST"
    status: 403
    duration_ms: 0
[2026-09-28 01:27:33.711 -0300] INFO (13647): request completed
    route: "/v1/dashboard/duties/00000000-0000-7000-8000-000080001001/cycles/2026-09/prepare"
    method: "POST"
    status: 403
    duration_ms: 1
[2026-09-28 01:27:33.711 -0300] INFO (13647): request completed
    route: "/v1/dashboard/duties/00000000-0000-7000-8000-000080001001/cycles/2026-09/prepare"
    method: "POST"
    status: 403
    duration_ms: 0
[2026-09-28 01:27:33.712 -0300] INFO (13647): request completed
    route: "/v1/dashboard/duties/00000000-0000-7000-8000-000080001001/cycles/2026-09/prepare"
    method: "POST"
    status: 403
    duration_ms: 0
[2026-09-28 01:27:33.712 -0300] INFO (13647): request completed
    route: "/v1/dashboard/duties/00000000-0000-7000-8000-000080001001/cycles/2026-09/prepare"
    method: "POST"
    status: 403
    duration_ms: 0
[2026-09-28 01:27:33.713 -0300] INFO (13647): request completed
    route: "/v1/dashboard/duties/00000000-0000-7000-8000-000080001001/cycles/2026-09/prepare"
    method: "POST"
    status: 403
    duration_ms: 0
[2026-09-28 01:27:33.730 -0300] INFO (13647): request completed
    route: "/v1/dashboard/duties/00000000-0000-7000-8000-000080001001/cycles/2026-09/prepare"
    method: "POST"
    status: 428
    duration_ms: 16
[2026-09-28 01:27:33.731 -0300] INFO (13647): request completed
    route: "/v1/dashboard/duties/00000000-0000-7000-8000-000080001001/cycles/2026-09/prepare"
    method: "POST"
    status: 403
    duration_ms: 0
[2026-09-28 01:27:33.749 -0300] INFO (13647): request completed
    route: "/v1/dashboard/duties/00000000-0000-7000-8000-000080001001/cycles/2026-09/submit"
    method: "POST"
    status: 428
    duration_ms: 17
[2026-09-28 01:27:33.750 -0300] INFO (13647): request completed
    route: "/v1/dashboard/duties/00000000-0000-7000-8000-000080001001/cycles/2026-09/submit"
    method: "POST"
    status: 403
    duration_ms: 0
[2026-09-28 01:27:33.751 -0300] INFO (13647): request completed
    route: "/v1/dashboard/duties/00000000-0000-7000-8000-000080001001/cycles/2026-09/submit"
    method: "POST"
    status: 403
    duration_ms: 0
[2026-09-28 01:27:33.752 -0300] INFO (13647): request completed
    route: "/v1/dashboard/duties/00000000-0000-7000-8000-000080001001/cycles/2026-09/submit"
    method: "POST"
    status: 403
    duration_ms: 0
[2026-09-28 01:27:33.753 -0300] INFO (13647): request completed
    route: "/v1/dashboard/duties/00000000-0000-7000-8000-000080001001/cycles/2026-09/submit"
    method: "POST"
    status: 403
    duration_ms: 1
[2026-09-28 01:27:33.753 -0300] INFO (13647): request completed
    route: "/v1/dashboard/duties/00000000-0000-7000-8000-000080001001/cycles/2026-09/submit"
    method: "POST"
    status: 403
    duration_ms: 0
[2026-09-28 01:27:33.754 -0300] INFO (13647): request completed
    route: "/v1/dashboard/duties/00000000-0000-7000-8000-000080001001/cycles/2026-09/submit"
    method: "POST"
    status: 403
    duration_ms: 0
[2026-09-28 01:27:33.754 -0300] INFO (13647): request completed
    route: "/v1/dashboard/duties/00000000-0000-7000-8000-000080001001/cycles/2026-09/submit"
    method: "POST"
    status: 403
    duration_ms: 0
[2026-09-28 01:27:33.755 -0300] INFO (13647): request completed
    route: "/v1/dashboard/duties/00000000-0000-7000-8000-000080001001/cycles/2026-09/submit"
    method: "POST"
    status: 403
    duration_ms: 0
[2026-09-28 01:27:33.772 -0300] INFO (13647): request completed
    route: "/v1/dashboard/duties/00000000-0000-7000-8000-000080001001/cycles/2026-09/submit"
    method: "POST"
    status: 428
    duration_ms: 16
[2026-09-28 01:27:33.773 -0300] INFO (13647): request completed
    route: "/v1/dashboard/duties/00000000-0000-7000-8000-000080001001/cycles/2026-09/submit"
    method: "POST"
    status: 403
    duration_ms: 0
[2026-09-28 01:27:33.774 -0300] INFO (13647): request completed
    route: "/v1/dashboard/duties/00000000-0000-7000-8000-000080001001/cycles/2026-09/submit"
    method: "POST"
    status: 403
    duration_ms: 0
[2026-09-28 01:27:33.775 -0300] INFO (13647): request completed
    route: "/v1/dashboard/duties/00000000-0000-7000-8000-000080001001/cycles/2026-09/submit"
    method: "POST"
    status: 403
    duration_ms: 0
[2026-09-28 01:27:33.792 -0300] INFO (13647): request completed
    route: "/v1/dashboard/duties/00000000-0000-7000-8000-000080001001/cycles/2026-09/submit"
    method: "POST"
    status: 428
    duration_ms: 16
[2026-09-28 01:27:33.792 -0300] INFO (13647): request completed
    route: "/v1/dashboard/duties/00000000-0000-7000-8000-000080001001/cycles/2026-09/submit"
    method: "POST"
    status: 403
    duration_ms: 0
[2026-09-28 01:27:33.793 -0300] INFO (13647): request completed
    route: "/v1/dashboard/duties/00000000-0000-7000-8000-000080001001/cycles/2026-09/submit"
    method: "POST"
    status: 403
    duration_ms: 0
[2026-09-28 01:27:33.794 -0300] INFO (13647): request completed
    route: "/v1/dashboard/duties/00000000-0000-7000-8000-000080001001/cycles/2026-09/submit"
    method: "POST"
    status: 403
    duration_ms: 0
[2026-09-28 01:27:33.794 -0300] INFO (13647): request completed
    route: "/v1/dashboard/duties/00000000-0000-7000-8000-000080001001/cycles/2026-09/submit"
    method: "POST"
    status: 403
    duration_ms: 0
[2026-09-28 01:27:33.795 -0300] INFO (13647): request completed
    route: "/v1/dashboard/duties/00000000-0000-7000-8000-000080001001/cycles/2026-09/submit"
    method: "POST"
    status: 403
    duration_ms: 0
[2026-09-28 01:27:33.812 -0300] INFO (13647): request completed
    route: "/v1/dashboard/duties/00000000-0000-7000-8000-000080001001/cycles/2026-09/submit"
    method: "POST"
    status: 428
    duration_ms: 17
[2026-09-28 01:27:33.827 -0300] INFO (13647): request completed
    route: "/v1/dashboard/duties/00000000-0000-7000-8000-000080001001/cycles/2026-09/submit"
    method: "POST"
    status: 428
    duration_ms: 14
[2026-09-28 01:27:33.828 -0300] INFO (13647): request completed
    route: "/v1/dashboard/duties/00000000-0000-7000-8000-000080001001/cycles/2026-09/submit"
    method: "POST"
    status: 403
    duration_ms: 0
[2026-09-28 01:27:33.829 -0300] INFO (13647): request completed
    route: "/v1/dashboard/duties/00000000-0000-7000-8000-000080001001/cycles/2026-09/submit"
    method: "POST"
    status: 403
    duration_ms: 0
[2026-09-28 01:27:33.830 -0300] INFO (13647): request completed
    route: "/v1/dashboard/duties/00000000-0000-7000-8000-000080001001/cycles/2026-09/submit"
    method: "POST"
    status: 403
    duration_ms: 1
[2026-09-28 01:27:33.830 -0300] INFO (13647): request completed
    route: "/v1/dashboard/duties/00000000-0000-7000-8000-000080001001/cycles/2026-09/submit"
    method: "POST"
    status: 403
    duration_ms: 0
[2026-09-28 01:27:33.831 -0300] INFO (13647): request completed
    route: "/v1/dashboard/duties/00000000-0000-7000-8000-000080001001/cycles/2026-09/submit"
    method: "POST"
    status: 403
    duration_ms: 0
[2026-09-28 01:27:33.831 -0300] INFO (13647): request completed
    route: "/v1/dashboard/duties/00000000-0000-7000-8000-000080001001/cycles/2026-09/submit"
    method: "POST"
    status: 403
    duration_ms: 0
[2026-09-28 01:27:33.832 -0300] INFO (13647): request completed
    route: "/v1/dashboard/duties/00000000-0000-7000-8000-000080001001/cycles/2026-09/submit"
    method: "POST"
    status: 403
    duration_ms: 0
[2026-09-28 01:27:33.833 -0300] INFO (13647): request completed
    route: "/v1/dashboard/duties/00000000-0000-7000-8000-000080001001/cycles/2026-09/submit"
    method: "POST"
    status: 403
    duration_ms: 0
[2026-09-28 01:27:33.833 -0300] INFO (13647): request completed
    route: "/v1/dashboard/duties/00000000-0000-7000-8000-000080001001/cycles/2026-09/submit"
    method: "POST"
    status: 403
    duration_ms: 0
[2026-09-28 01:27:33.834 -0300] INFO (13647): request completed
    route: "/v1/dashboard/duties/00000000-0000-7000-8000-000080001001/cycles/2026-09/submit"
    method: "POST"
    status: 403
    duration_ms: 0
[2026-09-28 01:27:33.835 -0300] INFO (13647): request completed
    route: "/v1/dashboard/duties/00000000-0000-7000-8000-000080001001/cycles/2026-09/submit"
    method: "POST"
    status: 403
    duration_ms: 1
[2026-09-28 01:27:33.835 -0300] INFO (13647): request completed
    route: "/v1/dashboard/duties/00000000-0000-7000-8000-000080001001/cycles/2026-09/submit"
    method: "POST"
    status: 403
    duration_ms: 0
[2026-09-28 01:27:33.836 -0300] INFO (13647): request completed
    route: "/v1/dashboard/duties/00000000-0000-7000-8000-000080001001/cycles/2026-09/submit"
    method: "POST"
    status: 403
    duration_ms: 1
[2026-09-28 01:27:33.852 -0300] INFO (13647): request completed
    route: "/v1/dashboard/duties/00000000-0000-7000-8000-000080001001/cycles/2026-09/submit"
    method: "POST"
    status: 428
    duration_ms: 16
[2026-09-28 01:27:33.853 -0300] INFO (13647): request completed
    route: "/v1/dashboard/duties/00000000-0000-7000-8000-000080001001/cycles/2026-09/submit"
    method: "POST"
    status: 403
    duration_ms: 0
[2026-09-28 01:27:33.870 -0300] INFO (13647): request completed
    route: "/v1/dashboard/duties/00000000-0000-7000-8000-000080001001/cycles/2026-09/prove"
    method: "POST"
    status: 428
    duration_ms: 16
[2026-09-28 01:27:33.871 -0300] INFO (13647): request completed
    route: "/v1/dashboard/duties/00000000-0000-7000-8000-000080001001/cycles/2026-09/prove"
    method: "POST"
    status: 403
    duration_ms: 1
[2026-09-28 01:27:33.871 -0300] INFO (13647): request completed
    route: "/v1/dashboard/duties/00000000-0000-7000-8000-000080001001/cycles/2026-09/prove"
    method: "POST"
    status: 403
    duration_ms: 0
[2026-09-28 01:27:33.872 -0300] INFO (13647): request completed
    route: "/v1/dashboard/duties/00000000-0000-7000-8000-000080001001/cycles/2026-09/prove"
    method: "POST"
    status: 403
    duration_ms: 0
[2026-09-28 01:27:33.873 -0300] INFO (13647): request completed
    route: "/v1/dashboard/duties/00000000-0000-7000-8000-000080001001/cycles/2026-09/prove"
    method: "POST"
    status: 403
    duration_ms: 0
[2026-09-28 01:27:33.873 -0300] INFO (13647): request completed
    route: "/v1/dashboard/duties/00000000-0000-7000-8000-000080001001/cycles/2026-09/prove"
    method: "POST"
    status: 403
    duration_ms: 0
[2026-09-28 01:27:33.874 -0300] INFO (13647): request completed
    route: "/v1/dashboard/duties/00000000-0000-7000-8000-000080001001/cycles/2026-09/prove"
    method: "POST"
    status: 403
    duration_ms: 0
[2026-09-28 01:27:33.875 -0300] INFO (13647): request completed
    route: "/v1/dashboard/duties/00000000-0000-7000-8000-000080001001/cycles/2026-09/prove"
    method: "POST"
    status: 403
    duration_ms: 0
[2026-09-28 01:27:33.876 -0300] INFO (13647): request completed
    route: "/v1/dashboard/duties/00000000-0000-7000-8000-000080001001/cycles/2026-09/prove"
    method: "POST"
    status: 403
    duration_ms: 1
[2026-09-28 01:27:33.893 -0300] INFO (13647): request completed
    route: "/v1/dashboard/duties/00000000-0000-7000-8000-000080001001/cycles/2026-09/prove"
    method: "POST"
    status: 428
    duration_ms: 17
[2026-09-28 01:27:33.894 -0300] INFO (13647): request completed
    route: "/v1/dashboard/duties/00000000-0000-7000-8000-000080001001/cycles/2026-09/prove"
    method: "POST"
    status: 403
    duration_ms: 0
[2026-09-28 01:27:33.894 -0300] INFO (13647): request completed
    route: "/v1/dashboard/duties/00000000-0000-7000-8000-000080001001/cycles/2026-09/prove"
    method: "POST"
    status: 403
    duration_ms: 0
[2026-09-28 01:27:33.895 -0300] INFO (13647): request completed
    route: "/v1/dashboard/duties/00000000-0000-7000-8000-000080001001/cycles/2026-09/prove"
    method: "POST"
    status: 403
    duration_ms: 0
[2026-09-28 01:27:33.912 -0300] INFO (13647): request completed
    route: "/v1/dashboard/duties/00000000-0000-7000-8000-000080001001/cycles/2026-09/prove"
    method: "POST"
    status: 428
    duration_ms: 16
[2026-09-28 01:27:33.913 -0300] INFO (13647): request completed
    route: "/v1/dashboard/duties/00000000-0000-7000-8000-000080001001/cycles/2026-09/prove"
    method: "POST"
    status: 403
    duration_ms: 0
[2026-09-28 01:27:33.914 -0300] INFO (13647): request completed
    route: "/v1/dashboard/duties/00000000-0000-7000-8000-000080001001/cycles/2026-09/prove"
    method: "POST"
    status: 403
    duration_ms: 0
[2026-09-28 01:27:33.914 -0300] INFO (13647): request completed
    route: "/v1/dashboard/duties/00000000-0000-7000-8000-000080001001/cycles/2026-09/prove"
    method: "POST"
    status: 403
    duration_ms: 0
[2026-09-28 01:27:33.915 -0300] INFO (13647): request completed
    route: "/v1/dashboard/duties/00000000-0000-7000-8000-000080001001/cycles/2026-09/prove"
    method: "POST"
    status: 403
    duration_ms: 0
[2026-09-28 01:27:33.916 -0300] INFO (13647): request completed
    route: "/v1/dashboard/duties/00000000-0000-7000-8000-000080001001/cycles/2026-09/prove"
    method: "POST"
    status: 403
    duration_ms: 0
[2026-09-28 01:27:33.933 -0300] INFO (13647): request completed
    route: "/v1/dashboard/duties/00000000-0000-7000-8000-000080001001/cycles/2026-09/prove"
    method: "POST"
    status: 428
    duration_ms: 17
[2026-09-28 01:27:33.949 -0300] INFO (13647): request completed
    route: "/v1/dashboard/duties/00000000-0000-7000-8000-000080001001/cycles/2026-09/prove"
    method: "POST"
    status: 428
    duration_ms: 16
[2026-09-28 01:27:33.951 -0300] INFO (13647): request completed
    route: "/v1/dashboard/duties/00000000-0000-7000-8000-000080001001/cycles/2026-09/prove"
    method: "POST"
    status: 403
    duration_ms: 1
[2026-09-28 01:27:33.951 -0300] INFO (13647): request completed
    route: "/v1/dashboard/duties/00000000-0000-7000-8000-000080001001/cycles/2026-09/prove"
    method: "POST"
    status: 403
    duration_ms: 0
[2026-09-28 01:27:33.952 -0300] INFO (13647): request completed
    route: "/v1/dashboard/duties/00000000-0000-7000-8000-000080001001/cycles/2026-09/prove"
    method: "POST"
    status: 403
    duration_ms: 0
[2026-09-28 01:27:33.952 -0300] INFO (13647): request completed
    route: "/v1/dashboard/duties/00000000-0000-7000-8000-000080001001/cycles/2026-09/prove"
    method: "POST"
    status: 403
    duration_ms: 0
[2026-09-28 01:27:33.953 -0300] INFO (13647): request completed
    route: "/v1/dashboard/duties/00000000-0000-7000-8000-000080001001/cycles/2026-09/prove"
    method: "POST"
    status: 403
    duration_ms: 0
[2026-09-28 01:27:33.954 -0300] INFO (13647): request completed
    route: "/v1/dashboard/duties/00000000-0000-7000-8000-000080001001/cycles/2026-09/prove"
    method: "POST"
    status: 403
    duration_ms: 0
[2026-09-28 01:27:33.955 -0300] INFO (13647): request completed
    route: "/v1/dashboard/duties/00000000-0000-7000-8000-000080001001/cycles/2026-09/prove"
    method: "POST"
    status: 403
    duration_ms: 0
[2026-09-28 01:27:33.955 -0300] INFO (13647): request completed
    route: "/v1/dashboard/duties/00000000-0000-7000-8000-000080001001/cycles/2026-09/prove"
    method: "POST"
    status: 403
    duration_ms: 0
[2026-09-28 01:27:33.956 -0300] INFO (13647): request completed
    route: "/v1/dashboard/duties/00000000-0000-7000-8000-000080001001/cycles/2026-09/prove"
    method: "POST"
    status: 403
    duration_ms: 0
[2026-09-28 01:27:33.957 -0300] INFO (13647): request completed
    route: "/v1/dashboard/duties/00000000-0000-7000-8000-000080001001/cycles/2026-09/prove"
    method: "POST"
    status: 403
    duration_ms: 1
[2026-09-28 01:27:33.957 -0300] INFO (13647): request completed
    route: "/v1/dashboard/duties/00000000-0000-7000-8000-000080001001/cycles/2026-09/prove"
    method: "POST"
    status: 403
    duration_ms: 0
[2026-09-28 01:27:33.958 -0300] INFO (13647): request completed
    route: "/v1/dashboard/duties/00000000-0000-7000-8000-000080001001/cycles/2026-09/prove"
    method: "POST"
    status: 403
    duration_ms: 0
[2026-09-28 01:27:33.959 -0300] INFO (13647): request completed
    route: "/v1/dashboard/duties/00000000-0000-7000-8000-000080001001/cycles/2026-09/prove"
    method: "POST"
    status: 403
    duration_ms: 1
[2026-09-28 01:27:33.975 -0300] INFO (13647): request completed
    route: "/v1/dashboard/duties/00000000-0000-7000-8000-000080001001/cycles/2026-09/prove"
    method: "POST"
    status: 428
    duration_ms: 16
[2026-09-28 01:27:33.976 -0300] INFO (13647): request completed
    route: "/v1/dashboard/duties/00000000-0000-7000-8000-000080001001/cycles/2026-09/prove"
    method: "POST"
    status: 403
    duration_ms: 0
[2026-09-28 01:27:33.993 -0300] INFO (13647): request completed
    route: "/v1/dashboard/duties/00000000-0000-7000-8000-000080001001/cycles/2026-09/archive"
    method: "POST"
    status: 428
    duration_ms: 16
[2026-09-28 01:27:33.994 -0300] INFO (13647): request completed
    route: "/v1/dashboard/duties/00000000-0000-7000-8000-000080001001/cycles/2026-09/archive"
    method: "POST"
    status: 403
    duration_ms: 0
[2026-09-28 01:27:33.995 -0300] INFO (13647): request completed
    route: "/v1/dashboard/duties/00000000-0000-7000-8000-000080001001/cycles/2026-09/archive"
    method: "POST"
    status: 403
    duration_ms: 0
[2026-09-28 01:27:33.996 -0300] INFO (13647): request completed
    route: "/v1/dashboard/duties/00000000-0000-7000-8000-000080001001/cycles/2026-09/archive"
    method: "POST"
    status: 403
    duration_ms: 0
[2026-09-28 01:27:33.997 -0300] INFO (13647): request completed
    route: "/v1/dashboard/duties/00000000-0000-7000-8000-000080001001/cycles/2026-09/archive"
    method: "POST"
    status: 403
    duration_ms: 0
[2026-09-28 01:27:33.998 -0300] INFO (13647): request completed
    route: "/v1/dashboard/duties/00000000-0000-7000-8000-000080001001/cycles/2026-09/archive"
    method: "POST"
    status: 403
    duration_ms: 0
[2026-09-28 01:27:33.999 -0300] INFO (13647): request completed
    route: "/v1/dashboard/duties/00000000-0000-7000-8000-000080001001/cycles/2026-09/archive"
    method: "POST"
    status: 403
    duration_ms: 0
[2026-09-28 01:27:34.000 -0300] INFO (13647): request completed
    route: "/v1/dashboard/duties/00000000-0000-7000-8000-000080001001/cycles/2026-09/archive"
    method: "POST"
    status: 403
    duration_ms: 0
[2026-09-28 01:27:34.001 -0300] INFO (13647): request completed
    route: "/v1/dashboard/duties/00000000-0000-7000-8000-000080001001/cycles/2026-09/archive"
    method: "POST"
    status: 403
    duration_ms: 0
[2026-09-28 01:27:34.020 -0300] INFO (13647): request completed
    route: "/v1/dashboard/duties/00000000-0000-7000-8000-000080001001/cycles/2026-09/archive"
    method: "POST"
    status: 428
    duration_ms: 19
[2026-09-28 01:27:34.021 -0300] INFO (13647): request completed
    route: "/v1/dashboard/duties/00000000-0000-7000-8000-000080001001/cycles/2026-09/archive"
    method: "POST"
    status: 403
    duration_ms: 0
[2026-09-28 01:27:34.022 -0300] INFO (13647): request completed
    route: "/v1/dashboard/duties/00000000-0000-7000-8000-000080001001/cycles/2026-09/archive"
    method: "POST"
    status: 403
    duration_ms: 0
[2026-09-28 01:27:34.023 -0300] INFO (13647): request completed
    route: "/v1/dashboard/duties/00000000-0000-7000-8000-000080001001/cycles/2026-09/archive"
    method: "POST"
    status: 403
    duration_ms: 0
[2026-09-28 01:27:34.039 -0300] INFO (13647): request completed
    route: "/v1/dashboard/duties/00000000-0000-7000-8000-000080001001/cycles/2026-09/archive"
    method: "POST"
    status: 428
    duration_ms: 16
[2026-09-28 01:27:34.040 -0300] INFO (13647): request completed
    route: "/v1/dashboard/duties/00000000-0000-7000-8000-000080001001/cycles/2026-09/archive"
    method: "POST"
    status: 403
    duration_ms: 0
[2026-09-28 01:27:34.041 -0300] INFO (13647): request completed
    route: "/v1/dashboard/duties/00000000-0000-7000-8000-000080001001/cycles/2026-09/archive"
    method: "POST"
    status: 403
    duration_ms: 0
[2026-09-28 01:27:34.041 -0300] INFO (13647): request completed
    route: "/v1/dashboard/duties/00000000-0000-7000-8000-000080001001/cycles/2026-09/archive"
    method: "POST"
    status: 403
    duration_ms: 0
[2026-09-28 01:27:34.042 -0300] INFO (13647): request completed
    route: "/v1/dashboard/duties/00000000-0000-7000-8000-000080001001/cycles/2026-09/archive"
    method: "POST"
    status: 403
    duration_ms: 0
[2026-09-28 01:27:34.043 -0300] INFO (13647): request completed
    route: "/v1/dashboard/duties/00000000-0000-7000-8000-000080001001/cycles/2026-09/archive"
    method: "POST"
    status: 403
    duration_ms: 1
[2026-09-28 01:27:34.065 -0300] INFO (13647): request completed
    route: "/v1/dashboard/duties/00000000-0000-7000-8000-000080001001/cycles/2026-09/archive"
    method: "POST"
    status: 428
    duration_ms: 22
[2026-09-28 01:27:34.087 -0300] INFO (13647): request completed
    route: "/v1/dashboard/duties/00000000-0000-7000-8000-000080001001/cycles/2026-09/archive"
    method: "POST"
    status: 428
    duration_ms: 21
[2026-09-28 01:27:34.088 -0300] INFO (13647): request completed
    route: "/v1/dashboard/duties/00000000-0000-7000-8000-000080001001/cycles/2026-09/archive"
    method: "POST"
    status: 403
    duration_ms: 0
[2026-09-28 01:27:34.089 -0300] INFO (13647): request completed
    route: "/v1/dashboard/duties/00000000-0000-7000-8000-000080001001/cycles/2026-09/archive"
    method: "POST"
    status: 403
    duration_ms: 0
[2026-09-28 01:27:34.089 -0300] INFO (13647): request completed
    route: "/v1/dashboard/duties/00000000-0000-7000-8000-000080001001/cycles/2026-09/archive"
    method: "POST"
    status: 403
    duration_ms: 0
[2026-09-28 01:27:34.090 -0300] INFO (13647): request completed
    route: "/v1/dashboard/duties/00000000-0000-7000-8000-000080001001/cycles/2026-09/archive"
    method: "POST"
    status: 403
    duration_ms: 0
[2026-09-28 01:27:34.091 -0300] INFO (13647): request completed
    route: "/v1/dashboard/duties/00000000-0000-7000-8000-000080001001/cycles/2026-09/archive"
    method: "POST"
    status: 403
    duration_ms: 1
[2026-09-28 01:27:34.091 -0300] INFO (13647): request completed
    route: "/v1/dashboard/duties/00000000-0000-7000-8000-000080001001/cycles/2026-09/archive"
    method: "POST"
    status: 403
    duration_ms: 0
[2026-09-28 01:27:34.092 -0300] INFO (13647): request completed
    route: "/v1/dashboard/duties/00000000-0000-7000-8000-000080001001/cycles/2026-09/archive"
    method: "POST"
    status: 403
    duration_ms: 0
[2026-09-28 01:27:34.092 -0300] INFO (13647): request completed
    route: "/v1/dashboard/duties/00000000-0000-7000-8000-000080001001/cycles/2026-09/archive"
    method: "POST"
    status: 403
    duration_ms: 0
[2026-09-28 01:27:34.093 -0300] INFO (13647): request completed
    route: "/v1/dashboard/duties/00000000-0000-7000-8000-000080001001/cycles/2026-09/archive"
    method: "POST"
    status: 403
    duration_ms: 0
[2026-09-28 01:27:34.093 -0300] INFO (13647): request completed
    route: "/v1/dashboard/duties/00000000-0000-7000-8000-000080001001/cycles/2026-09/archive"
    method: "POST"
    status: 403
    duration_ms: 0
[2026-09-28 01:27:34.094 -0300] INFO (13647): request completed
    route: "/v1/dashboard/duties/00000000-0000-7000-8000-000080001001/cycles/2026-09/archive"
    method: "POST"
    status: 403
    duration_ms: 0
[2026-09-28 01:27:34.094 -0300] INFO (13647): request completed
    route: "/v1/dashboard/duties/00000000-0000-7000-8000-000080001001/cycles/2026-09/archive"
    method: "POST"
    status: 403
    duration_ms: 0
[2026-09-28 01:27:34.115 -0300] INFO (13647): request completed
    route: "/v1/dashboard/duties/00000000-0000-7000-8000-000080001001/cycles/2026-09/archive"
    method: "POST"
    status: 428
    duration_ms: 20
[2026-09-28 01:27:34.116 -0300] INFO (13647): request completed
    route: "/v1/dashboard/duties/00000000-0000-7000-8000-000080001001/cycles/2026-09/archive"
    method: "POST"
    status: 403
    duration_ms: 0
[2026-09-28 01:27:34.117 -0300] INFO (13647): request completed
    route: "/v1/dashboard/duties/00000000-0000-7000-8000-000080001001/cycles/2026-09/archive"
    method: "POST"
    status: 403
    duration_ms: 1
[2026-09-28 01:27:34.122 -0300] INFO (13647): request completed
    route: "/v1/dashboard/indicators"
    method: "GET"
    status: 200
    duration_ms: 5
[2026-09-28 01:27:34.134 -0300] INFO (13647): request completed
    route: "/v1/dashboard/indicators/IND-DASH-101"
    method: "GET"
    status: 200
    duration_ms: 11
[2026-09-28 01:27:34.140 -0300] INFO (13647): request completed
    route: "/v1/dashboard/indicators"
    method: "GET"
    status: 200
    duration_ms: 5
[2026-09-28 01:27:34.148 -0300] INFO (13647): request completed
    route: "/v1/dashboard/indicators/IND-DASH-101"
    method: "GET"
    status: 200
    duration_ms: 7
[2026-09-28 01:27:34.153 -0300] INFO (13647): request completed
    route: "/v1/dashboard/indicators"
    method: "GET"
    status: 200
    duration_ms: 4
[2026-09-28 01:27:34.161 -0300] INFO (13647): request completed
    route: "/v1/dashboard/indicators/IND-DASH-101"
    method: "GET"
    status: 200
    duration_ms: 7
[2026-09-28 01:27:34.167 -0300] INFO (13647): request completed
    route: "/v1/dashboard/indicators"
    method: "GET"
    status: 200
    duration_ms: 5
[2026-09-28 01:27:34.173 -0300] INFO (13647): request completed
    route: "/v1/dashboard/indicators/IND-DASH-101"
    method: "GET"
    status: 200
    duration_ms: 6
[2026-09-28 01:27:34.178 -0300] INFO (13647): request completed
    route: "/v1/dashboard/indicators"
    method: "GET"
    status: 200
    duration_ms: 4
[2026-09-28 01:27:34.185 -0300] INFO (13647): request completed
    route: "/v1/dashboard/indicators/IND-DASH-101"
    method: "GET"
    status: 200
    duration_ms: 6
[2026-09-28 01:27:34.189 -0300] INFO (13647): request completed
    route: "/v1/dashboard/indicators"
    method: "GET"
    status: 200
    duration_ms: 4
[2026-09-28 01:27:34.195 -0300] INFO (13647): request completed
    route: "/v1/dashboard/indicators/IND-DASH-101"
    method: "GET"
    status: 200
    duration_ms: 5
[2026-09-28 01:27:34.200 -0300] INFO (13647): request completed
    route: "/v1/dashboard/indicators"
    method: "GET"
    status: 200
    duration_ms: 4
[2026-09-28 01:27:34.208 -0300] INFO (13647): request completed
    route: "/v1/dashboard/indicators/IND-DASH-101"
    method: "GET"
    status: 200
    duration_ms: 8
[2026-09-28 01:27:34.216 -0300] INFO (13647): request completed
    route: "/v1/dashboard/indicators"
    method: "GET"
    status: 200
    duration_ms: 8
[2026-09-28 01:27:34.225 -0300] INFO (13647): request completed
    route: "/v1/dashboard/indicators/IND-DASH-101"
    method: "GET"
    status: 200
    duration_ms: 8
[2026-09-28 01:27:34.231 -0300] INFO (13647): request completed
    route: "/v1/dashboard/indicators"
    method: "GET"
    status: 200
    duration_ms: 6
[2026-09-28 01:27:34.238 -0300] INFO (13647): request completed
    route: "/v1/dashboard/indicators/IND-DASH-101"
    method: "GET"
    status: 200
    duration_ms: 6
[2026-09-28 01:27:34.243 -0300] INFO (13647): request completed
    route: "/v1/dashboard/indicators"
    method: "GET"
    status: 200
    duration_ms: 5
[2026-09-28 01:27:34.249 -0300] INFO (13647): request completed
    route: "/v1/dashboard/indicators/IND-DASH-101"
    method: "GET"
    status: 200
    duration_ms: 6
[2026-09-28 01:27:34.254 -0300] INFO (13647): request completed
    route: "/v1/dashboard/indicators"
    method: "GET"
    status: 200
    duration_ms: 5
[2026-09-28 01:27:34.260 -0300] INFO (13647): request completed
    route: "/v1/dashboard/indicators/IND-DASH-101"
    method: "GET"
    status: 200
    duration_ms: 5
[2026-09-28 01:27:34.265 -0300] INFO (13647): request completed
    route: "/v1/dashboard/indicators"
    method: "GET"
    status: 200
    duration_ms: 5
[2026-09-28 01:27:34.271 -0300] INFO (13647): request completed
    route: "/v1/dashboard/indicators/IND-DASH-101"
    method: "GET"
    status: 200
    duration_ms: 5
[2026-09-28 01:27:34.277 -0300] INFO (13647): request completed
    route: "/v1/dashboard/indicators"
    method: "GET"
    status: 200
    duration_ms: 5
[2026-09-28 01:27:34.283 -0300] INFO (13647): request completed
    route: "/v1/dashboard/indicators/IND-DASH-101"
    method: "GET"
    status: 200
    duration_ms: 6
[2026-09-28 01:27:34.288 -0300] INFO (13647): request completed
    route: "/v1/dashboard/indicators"
    method: "GET"
    status: 200
    duration_ms: 3
[2026-09-28 01:27:34.294 -0300] INFO (13647): request completed
    route: "/v1/dashboard/indicators/IND-DASH-101"
    method: "GET"
    status: 200
    duration_ms: 6
[2026-09-28 01:27:34.295 -0300] INFO (13647): request completed
    route: "/v1/dashboard/indicators"
    method: "GET"
    status: 403
    duration_ms: 1
[2026-09-28 01:27:34.295 -0300] INFO (13647): request completed
    route: "/v1/dashboard/indicators/IND-DASH-101"
    method: "GET"
    status: 403
    duration_ms: 0
[2026-09-28 01:27:34.300 -0300] INFO (13647): request completed
    route: "/v1/dashboard/indicators"
    method: "GET"
    status: 200
    duration_ms: 4
[2026-09-28 01:27:34.307 -0300] INFO (13647): request completed
    route: "/v1/dashboard/indicators/IND-DASH-101"
    method: "GET"
    status: 200
    duration_ms: 6
[2026-09-28 01:27:34.312 -0300] INFO (13647): request completed
    route: "/v1/dashboard/indicators"
    method: "GET"
    status: 200
    duration_ms: 5
[2026-09-28 01:27:34.318 -0300] INFO (13647): request completed
    route: "/v1/dashboard/indicators/IND-DASH-101"
    method: "GET"
    status: 200
    duration_ms: 5
[2026-09-28 01:27:34.323 -0300] INFO (13647): request completed
    route: "/v1/dashboard/indicators"
    method: "GET"
    status: 200
    duration_ms: 4
[2026-09-28 01:27:34.329 -0300] INFO (13647): request completed
    route: "/v1/dashboard/indicators/IND-DASH-101"
    method: "GET"
    status: 200
    duration_ms: 5
[2026-09-28 01:27:34.333 -0300] INFO (13647): request completed
    route: "/v1/dashboard/indicators"
    method: "GET"
    status: 200
    duration_ms: 4
[2026-09-28 01:27:34.340 -0300] INFO (13647): request completed
    route: "/v1/dashboard/indicators/IND-DASH-101"
    method: "GET"
    status: 200
    duration_ms: 6
[2026-09-28 01:27:34.346 -0300] INFO (13647): request completed
    route: "/v1/dashboard/indicators"
    method: "GET"
    status: 200
    duration_ms: 5
[2026-09-28 01:27:34.352 -0300] INFO (13647): request completed
    route: "/v1/dashboard/indicators/IND-DASH-101"
    method: "GET"
    status: 200
    duration_ms: 5
[2026-09-28 01:27:34.357 -0300] INFO (13647): request completed
    route: "/v1/dashboard/indicators"
    method: "GET"
    status: 200
    duration_ms: 4
[2026-09-28 01:27:34.365 -0300] INFO (13647): request completed
    route: "/v1/dashboard/indicators/IND-DASH-101"
    method: "GET"
    status: 200
    duration_ms: 7
[2026-09-28 01:27:34.370 -0300] INFO (13647): request completed
    route: "/v1/dashboard/indicators"
    method: "GET"
    status: 200
    duration_ms: 4
[2026-09-28 01:27:34.377 -0300] INFO (13647): request completed
    route: "/v1/dashboard/indicators/IND-DASH-101"
    method: "GET"
    status: 200
    duration_ms: 6
[2026-09-28 01:27:34.382 -0300] INFO (13647): request completed
    route: "/v1/dashboard/indicators"
    method: "GET"
    status: 200
    duration_ms: 5
[2026-09-28 01:27:34.388 -0300] INFO (13647): request completed
    route: "/v1/dashboard/indicators/IND-DASH-101"
    method: "GET"
    status: 200
    duration_ms: 5
[2026-09-28 01:27:34.393 -0300] INFO (13647): request completed
    route: "/v1/dashboard/indicators"
    method: "GET"
    status: 200
    duration_ms: 4
[2026-09-28 01:27:34.399 -0300] INFO (13647): request completed
    route: "/v1/dashboard/indicators/IND-DASH-101"
    method: "GET"
    status: 200
    duration_ms: 5
[2026-09-28 01:27:34.404 -0300] INFO (13647): request completed
    route: "/v1/dashboard/indicators"
    method: "GET"
    status: 200
    duration_ms: 5
[2026-09-28 01:27:34.410 -0300] INFO (13647): request completed
    route: "/v1/dashboard/indicators/IND-DASH-101"
    method: "GET"
    status: 200
    duration_ms: 6
[2026-09-28 01:27:34.416 -0300] INFO (13647): request completed
    route: "/v1/dashboard/indicators"
    method: "GET"
    status: 200
    duration_ms: 5
[2026-09-28 01:27:34.422 -0300] INFO (13647): request completed
    route: "/v1/dashboard/indicators/IND-DASH-101"
    method: "GET"
    status: 200
    duration_ms: 5
[2026-09-28 01:27:34.427 -0300] INFO (13647): request completed
    route: "/v1/dashboard/indicators"
    method: "GET"
    status: 200
    duration_ms: 4
[2026-09-28 01:27:34.433 -0300] INFO (13647): request completed
    route: "/v1/dashboard/indicators/IND-DASH-101"
    method: "GET"
    status: 200
    duration_ms: 5
[2026-09-28 01:27:34.438 -0300] INFO (13647): request completed
    route: "/v1/dashboard/indicators"
    method: "GET"
    status: 200
    duration_ms: 5
[2026-09-28 01:27:34.444 -0300] INFO (13647): request completed
    route: "/v1/dashboard/indicators/IND-DASH-101"
    method: "GET"
    status: 200
    duration_ms: 6
[2026-09-28 01:27:34.449 -0300] INFO (13647): request completed
    route: "/v1/dashboard/indicators"
    method: "GET"
    status: 200
    duration_ms: 4
[2026-09-28 01:27:34.455 -0300] INFO (13647): request completed
    route: "/v1/dashboard/indicators/IND-DASH-101"
    method: "GET"
    status: 200
    duration_ms: 5
[2026-09-28 01:27:34.460 -0300] INFO (13647): request completed
    route: "/v1/dashboard/indicators"
    method: "GET"
    status: 200
    duration_ms: 4
[2026-09-28 01:27:34.466 -0300] INFO (13647): request completed
    route: "/v1/dashboard/indicators/IND-DASH-101"
    method: "GET"
    status: 200
    duration_ms: 5
[2026-09-28 01:27:34.471 -0300] INFO (13647): request completed
    route: "/v1/dashboard/indicators"
    method: "GET"
    status: 200
    duration_ms: 4
[2026-09-28 01:27:34.478 -0300] INFO (13647): request completed
    route: "/v1/dashboard/indicators/IND-DASH-101"
    method: "GET"
    status: 200
    duration_ms: 6
[2026-09-28 01:27:34.483 -0300] INFO (13647): request completed
    route: "/v1/dashboard/indicators"
    method: "GET"
    status: 200
    duration_ms: 4
[2026-09-28 01:27:34.489 -0300] INFO (13647): request completed
    route: "/v1/dashboard/indicators/IND-DASH-101"
    method: "GET"
    status: 200
    duration_ms: 5
[2026-09-28 01:27:34.494 -0300] INFO (13647): request completed
    route: "/v1/dashboard/indicators"
    method: "GET"
    status: 200
    duration_ms: 4
[2026-09-28 01:27:34.501 -0300] INFO (13647): request completed
    route: "/v1/dashboard/indicators/IND-DASH-101"
    method: "GET"
    status: 200
    duration_ms: 6
[2026-09-28 01:27:34.507 -0300] INFO (13647): request completed
    route: "/v1/dashboard/indicators"
    method: "GET"
    status: 200
    duration_ms: 5
[2026-09-28 01:27:34.514 -0300] INFO (13647): request completed
    route: "/v1/dashboard/indicators/IND-DASH-101"
    method: "GET"
    status: 200
    duration_ms: 6
[2026-09-28 01:27:34.520 -0300] INFO (13647): request completed
    route: "/v1/dashboard/indicators"
    method: "GET"
    status: 200
    duration_ms: 5
[2026-09-28 01:27:34.527 -0300] INFO (13647): request completed
    route: "/v1/dashboard/indicators/IND-DASH-101"
    method: "GET"
    status: 200
    duration_ms: 7
[2026-09-28 01:27:34.528 -0300] INFO (13647): request completed
    route: "/v1/dashboard/indicators"
    method: "GET"
    status: 403
    duration_ms: 0
[2026-09-28 01:27:34.529 -0300] INFO (13647): request completed
    route: "/v1/dashboard/indicators/IND-DASH-101"
    method: "GET"
    status: 403
    duration_ms: 0
[2026-09-28 01:27:34.538 -0300] INFO (13647): request completed
    route: "/v1/dashboard/indicator-configs"
    method: "GET"
    status: 200
    duration_ms: 6
[2026-09-28 01:27:34.543 -0300] INFO (13647): request completed
    route: "/v1/dashboard/indicator-configs/00000000-0000-7000-8000-000084000301"
    method: "GET"
    status: 200
    duration_ms: 4
[2026-09-28 01:27:34.544 -0300] INFO (13647): request completed
    route: "/v1/dashboard/indicator-configs"
    method: "GET"
    status: 403
    duration_ms: 0
[2026-09-28 01:27:34.544 -0300] INFO (13647): request completed
    route: "/v1/dashboard/indicator-configs/00000000-0000-7000-8000-000084000301"
    method: "GET"
    status: 403
    duration_ms: 0
[2026-09-28 01:27:34.545 -0300] INFO (13647): request completed
    route: "/v1/dashboard/indicator-configs"
    method: "GET"
    status: 403
    duration_ms: 0
[2026-09-28 01:27:34.546 -0300] INFO (13647): request completed
    route: "/v1/dashboard/indicator-configs/00000000-0000-7000-8000-000084000301"
    method: "GET"
    status: 403
    duration_ms: 0
[2026-09-28 01:27:34.547 -0300] INFO (13647): request completed
    route: "/v1/dashboard/indicator-configs"
    method: "GET"
    status: 403
    duration_ms: 0
[2026-09-28 01:27:34.547 -0300] INFO (13647): request completed
    route: "/v1/dashboard/indicator-configs/00000000-0000-7000-8000-000084000301"
    method: "GET"
    status: 403
    duration_ms: 0
[2026-09-28 01:27:34.548 -0300] INFO (13647): request completed
    route: "/v1/dashboard/indicator-configs"
    method: "GET"
    status: 403
    duration_ms: 0
[2026-09-28 01:27:34.549 -0300] INFO (13647): request completed
    route: "/v1/dashboard/indicator-configs/00000000-0000-7000-8000-000084000301"
    method: "GET"
    status: 403
    duration_ms: 0
[2026-09-28 01:27:34.549 -0300] INFO (13647): request completed
    route: "/v1/dashboard/indicator-configs"
    method: "GET"
    status: 403
    duration_ms: 0
[2026-09-28 01:27:34.550 -0300] INFO (13647): request completed
    route: "/v1/dashboard/indicator-configs/00000000-0000-7000-8000-000084000301"
    method: "GET"
    status: 403
    duration_ms: 0
[2026-09-28 01:27:34.555 -0300] INFO (13647): request completed
    route: "/v1/dashboard/indicator-configs"
    method: "GET"
    status: 200
    duration_ms: 5
[2026-09-28 01:27:34.559 -0300] INFO (13647): request completed
    route: "/v1/dashboard/indicator-configs/00000000-0000-7000-8000-000084000301"
    method: "GET"
    status: 200
    duration_ms: 4
[2026-09-28 01:27:34.560 -0300] INFO (13647): request completed
    route: "/v1/dashboard/indicator-configs"
    method: "GET"
    status: 403
    duration_ms: 0
[2026-09-28 01:27:34.561 -0300] INFO (13647): request completed
    route: "/v1/dashboard/indicator-configs/00000000-0000-7000-8000-000084000301"
    method: "GET"
    status: 403
    duration_ms: 1
[2026-09-28 01:27:34.561 -0300] INFO (13647): request completed
    route: "/v1/dashboard/indicator-configs"
    method: "GET"
    status: 403
    duration_ms: 0
[2026-09-28 01:27:34.562 -0300] INFO (13647): request completed
    route: "/v1/dashboard/indicator-configs/00000000-0000-7000-8000-000084000301"
    method: "GET"
    status: 403
    duration_ms: 0
[2026-09-28 01:27:34.567 -0300] INFO (13647): request completed
    route: "/v1/dashboard/indicator-configs"
    method: "GET"
    status: 200
    duration_ms: 4
[2026-09-28 01:27:34.571 -0300] INFO (13647): request completed
    route: "/v1/dashboard/indicator-configs/00000000-0000-7000-8000-000084000301"
    method: "GET"
    status: 200
    duration_ms: 4
[2026-09-28 01:27:34.572 -0300] INFO (13647): request completed
    route: "/v1/dashboard/indicator-configs"
    method: "GET"
    status: 403
    duration_ms: 0
[2026-09-28 01:27:34.573 -0300] INFO (13647): request completed
    route: "/v1/dashboard/indicator-configs/00000000-0000-7000-8000-000084000301"
    method: "GET"
    status: 403
    duration_ms: 0
[2026-09-28 01:27:34.573 -0300] INFO (13647): request completed
    route: "/v1/dashboard/indicator-configs"
    method: "GET"
    status: 403
    duration_ms: 0
[2026-09-28 01:27:34.574 -0300] INFO (13647): request completed
    route: "/v1/dashboard/indicator-configs/00000000-0000-7000-8000-000084000301"
    method: "GET"
    status: 403
    duration_ms: 0
[2026-09-28 01:27:34.574 -0300] INFO (13647): request completed
    route: "/v1/dashboard/indicator-configs"
    method: "GET"
    status: 403
    duration_ms: 0
[2026-09-28 01:27:34.575 -0300] INFO (13647): request completed
    route: "/v1/dashboard/indicator-configs/00000000-0000-7000-8000-000084000301"
    method: "GET"
    status: 403
    duration_ms: 0
[2026-09-28 01:27:34.579 -0300] INFO (13647): request completed
    route: "/v1/dashboard/indicator-configs"
    method: "GET"
    status: 200
    duration_ms: 4
[2026-09-28 01:27:34.584 -0300] INFO (13647): request completed
    route: "/v1/dashboard/indicator-configs/00000000-0000-7000-8000-000084000301"
    method: "GET"
    status: 200
    duration_ms: 4
[2026-09-28 01:27:34.585 -0300] INFO (13647): request completed
    route: "/v1/dashboard/indicator-configs"
    method: "GET"
    status: 403
    duration_ms: 0
[2026-09-28 01:27:34.585 -0300] INFO (13647): request completed
    route: "/v1/dashboard/indicator-configs/00000000-0000-7000-8000-000084000301"
    method: "GET"
    status: 403
    duration_ms: 0
[2026-09-28 01:27:34.586 -0300] INFO (13647): request completed
    route: "/v1/dashboard/indicator-configs"
    method: "GET"
    status: 403
    duration_ms: 0
[2026-09-28 01:27:34.586 -0300] INFO (13647): request completed
    route: "/v1/dashboard/indicator-configs/00000000-0000-7000-8000-000084000301"
    method: "GET"
    status: 403
    duration_ms: 0
[2026-09-28 01:27:34.587 -0300] INFO (13647): request completed
    route: "/v1/dashboard/indicator-configs"
    method: "GET"
    status: 403
    duration_ms: 0
[2026-09-28 01:27:34.587 -0300] INFO (13647): request completed
    route: "/v1/dashboard/indicator-configs/00000000-0000-7000-8000-000084000301"
    method: "GET"
    status: 403
    duration_ms: 0
[2026-09-28 01:27:34.588 -0300] INFO (13647): request completed
    route: "/v1/dashboard/indicator-configs"
    method: "GET"
    status: 403
    duration_ms: 0
[2026-09-28 01:27:34.589 -0300] INFO (13647): request completed
    route: "/v1/dashboard/indicator-configs/00000000-0000-7000-8000-000084000301"
    method: "GET"
    status: 403
    duration_ms: 0
[2026-09-28 01:27:34.589 -0300] INFO (13647): request completed
    route: "/v1/dashboard/indicator-configs"
    method: "GET"
    status: 403
    duration_ms: 0
[2026-09-28 01:27:34.590 -0300] INFO (13647): request completed
    route: "/v1/dashboard/indicator-configs/00000000-0000-7000-8000-000084000301"
    method: "GET"
    status: 403
    duration_ms: 0
[2026-09-28 01:27:34.595 -0300] INFO (13647): request completed
    route: "/v1/dashboard/indicator-configs"
    method: "GET"
    status: 200
    duration_ms: 5
[2026-09-28 01:27:34.600 -0300] INFO (13647): request completed
    route: "/v1/dashboard/indicator-configs/00000000-0000-7000-8000-000084000301"
    method: "GET"
    status: 200
    duration_ms: 4
[2026-09-28 01:27:34.605 -0300] INFO (13647): request completed
    route: "/v1/dashboard/indicator-configs"
    method: "GET"
    status: 200
    duration_ms: 5
[2026-09-28 01:27:34.610 -0300] INFO (13647): request completed
    route: "/v1/dashboard/indicator-configs/00000000-0000-7000-8000-000084000301"
    method: "GET"
    status: 200
    duration_ms: 5
[2026-09-28 01:27:34.615 -0300] INFO (13647): request completed
    route: "/v1/dashboard/indicator-configs"
    method: "GET"
    status: 200
    duration_ms: 4
[2026-09-28 01:27:34.621 -0300] INFO (13647): request completed
    route: "/v1/dashboard/indicator-configs/00000000-0000-7000-8000-000084000301"
    method: "GET"
    status: 200
    duration_ms: 5
[2026-09-28 01:27:34.622 -0300] INFO (13647): request completed
    route: "/v1/dashboard/indicator-configs"
    method: "GET"
    status: 403
    duration_ms: 1
[2026-09-28 01:27:34.622 -0300] INFO (13647): request completed
    route: "/v1/dashboard/indicator-configs/00000000-0000-7000-8000-000084000301"
    method: "GET"
    status: 403
    duration_ms: 0
[2026-09-28 01:27:34.623 -0300] INFO (13647): request completed
    route: "/v1/dashboard/indicator-configs"
    method: "GET"
    status: 403
    duration_ms: 0
[2026-09-28 01:27:34.624 -0300] INFO (13647): request completed
    route: "/v1/dashboard/indicator-configs/00000000-0000-7000-8000-000084000301"
    method: "GET"
    status: 403
    duration_ms: 1
[2026-09-28 01:27:34.624 -0300] INFO (13647): request completed
    route: "/v1/dashboard/indicator-configs"
    method: "GET"
    status: 403
    duration_ms: 0
[2026-09-28 01:27:34.625 -0300] INFO (13647): request completed
    route: "/v1/dashboard/indicator-configs/00000000-0000-7000-8000-000084000301"
    method: "GET"
    status: 403
    duration_ms: 0
[2026-09-28 01:27:34.625 -0300] INFO (13647): request completed
    route: "/v1/dashboard/indicator-configs"
    method: "GET"
    status: 403
    duration_ms: 0
[2026-09-28 01:27:34.626 -0300] INFO (13647): request completed
    route: "/v1/dashboard/indicator-configs/00000000-0000-7000-8000-000084000301"
    method: "GET"
    status: 403
    duration_ms: 0
[2026-09-28 01:27:34.626 -0300] INFO (13647): request completed
    route: "/v1/dashboard/indicator-configs"
    method: "GET"
    status: 403
    duration_ms: 0
[2026-09-28 01:27:34.627 -0300] INFO (13647): request completed
    route: "/v1/dashboard/indicator-configs/00000000-0000-7000-8000-000084000301"
    method: "GET"
    status: 403
    duration_ms: 0
[2026-09-28 01:27:34.627 -0300] INFO (13647): request completed
    route: "/v1/dashboard/indicator-configs"
    method: "GET"
    status: 403
    duration_ms: 0
[2026-09-28 01:27:34.628 -0300] INFO (13647): request completed
    route: "/v1/dashboard/indicator-configs/00000000-0000-7000-8000-000084000301"
    method: "GET"
    status: 403
    duration_ms: 0
[2026-09-28 01:27:34.629 -0300] INFO (13647): request completed
    route: "/v1/dashboard/indicator-configs"
    method: "GET"
    status: 403
    duration_ms: 0
[2026-09-28 01:27:34.629 -0300] INFO (13647): request completed
    route: "/v1/dashboard/indicator-configs/00000000-0000-7000-8000-000084000301"
    method: "GET"
    status: 403
    duration_ms: 0
[2026-09-28 01:27:34.630 -0300] INFO (13647): request completed
    route: "/v1/dashboard/indicator-configs"
    method: "GET"
    status: 403
    duration_ms: 0
[2026-09-28 01:27:34.630 -0300] INFO (13647): request completed
    route: "/v1/dashboard/indicator-configs/00000000-0000-7000-8000-000084000301"
    method: "GET"
    status: 403
    duration_ms: 0
[2026-09-28 01:27:34.631 -0300] INFO (13647): request completed
    route: "/v1/dashboard/indicator-configs"
    method: "GET"
    status: 403
    duration_ms: 0
[2026-09-28 01:27:34.631 -0300] INFO (13647): request completed
    route: "/v1/dashboard/indicator-configs/00000000-0000-7000-8000-000084000301"
    method: "GET"
    status: 403
    duration_ms: 0
[2026-09-28 01:27:34.632 -0300] INFO (13647): request completed
    route: "/v1/dashboard/indicator-configs"
    method: "GET"
    status: 403
    duration_ms: 0
[2026-09-28 01:27:34.632 -0300] INFO (13647): request completed
    route: "/v1/dashboard/indicator-configs/00000000-0000-7000-8000-000084000301"
    method: "GET"
    status: 403
    duration_ms: 0
[2026-09-28 01:27:34.633 -0300] INFO (13647): request completed
    route: "/v1/dashboard/indicator-configs"
    method: "GET"
    status: 403
    duration_ms: 1
[2026-09-28 01:27:34.633 -0300] INFO (13647): request completed
    route: "/v1/dashboard/indicator-configs/00000000-0000-7000-8000-000084000301"
    method: "GET"
    status: 403
    duration_ms: 0
[2026-09-28 01:27:34.633 -0300] INFO (13647): request completed
    route: "/v1/dashboard/indicator-configs"
    method: "GET"
    status: 403
    duration_ms: 0
[2026-09-28 01:27:34.634 -0300] INFO (13647): request completed
    route: "/v1/dashboard/indicator-configs/00000000-0000-7000-8000-000084000301"
    method: "GET"
    status: 403
    duration_ms: 0
[2026-09-28 01:27:34.634 -0300] INFO (13647): request completed
    route: "/v1/dashboard/indicator-configs"
    method: "GET"
    status: 403
    duration_ms: 0
[2026-09-28 01:27:34.635 -0300] INFO (13647): request completed
    route: "/v1/dashboard/indicator-configs/00000000-0000-7000-8000-000084000301"
    method: "GET"
    status: 403
    duration_ms: 0
[2026-09-28 01:27:34.635 -0300] INFO (13647): request completed
    route: "/v1/dashboard/indicator-configs"
    method: "GET"
    status: 403
    duration_ms: 0
[2026-09-28 01:27:34.636 -0300] INFO (13647): request completed
    route: "/v1/dashboard/indicator-configs/00000000-0000-7000-8000-000084000301"
    method: "GET"
    status: 403
    duration_ms: 0
[2026-09-28 01:27:34.655 -0300] INFO (13647): request completed
    route: "/v1/dashboard/indicator-configs/00000000-0000-7000-8000-000084000301"
    method: "PATCH"
    status: 428
    duration_ms: 18
[2026-09-28 01:27:34.656 -0300] INFO (13647): request completed
    route: "/v1/dashboard/indicator-configs/00000000-0000-7000-8000-000084000301"
    method: "PATCH"
    status: 403
    duration_ms: 0
[2026-09-28 01:27:34.657 -0300] INFO (13647): request completed
    route: "/v1/dashboard/indicator-configs/00000000-0000-7000-8000-000084000301"
    method: "PATCH"
    status: 403
    duration_ms: 1
[2026-09-28 01:27:34.657 -0300] INFO (13647): request completed
    route: "/v1/dashboard/indicator-configs/00000000-0000-7000-8000-000084000301"
    method: "PATCH"
    status: 403
    duration_ms: 0
[2026-09-28 01:27:34.658 -0300] INFO (13647): request completed
    route: "/v1/dashboard/indicator-configs/00000000-0000-7000-8000-000084000301"
    method: "PATCH"
    status: 403
    duration_ms: 1
[2026-09-28 01:27:34.658 -0300] INFO (13647): request completed
    route: "/v1/dashboard/indicator-configs/00000000-0000-7000-8000-000084000301"
    method: "PATCH"
    status: 403
    duration_ms: 0
[2026-09-28 01:27:34.659 -0300] INFO (13647): request completed
    route: "/v1/dashboard/indicator-configs/00000000-0000-7000-8000-000084000301"
    method: "PATCH"
    status: 403
    duration_ms: 0
[2026-09-28 01:27:34.659 -0300] INFO (13647): request completed
    route: "/v1/dashboard/indicator-configs/00000000-0000-7000-8000-000084000301"
    method: "PATCH"
    status: 403
    duration_ms: 0
[2026-09-28 01:27:34.660 -0300] INFO (13647): request completed
    route: "/v1/dashboard/indicator-configs/00000000-0000-7000-8000-000084000301"
    method: "PATCH"
    status: 403
    duration_ms: 0
[2026-09-28 01:27:34.677 -0300] INFO (13647): request completed
    route: "/v1/dashboard/indicator-configs/00000000-0000-7000-8000-000084000301"
    method: "PATCH"
    status: 428
    duration_ms: 17
[2026-09-28 01:27:34.678 -0300] INFO (13647): request completed
    route: "/v1/dashboard/indicator-configs/00000000-0000-7000-8000-000084000301"
    method: "PATCH"
    status: 403
    duration_ms: 0
[2026-09-28 01:27:34.679 -0300] INFO (13647): request completed
    route: "/v1/dashboard/indicator-configs/00000000-0000-7000-8000-000084000301"
    method: "PATCH"
    status: 403
    duration_ms: 0
[2026-09-28 01:27:34.679 -0300] INFO (13647): request completed
    route: "/v1/dashboard/indicator-configs/00000000-0000-7000-8000-000084000301"
    method: "PATCH"
    status: 403
    duration_ms: 0
[2026-09-28 01:27:34.693 -0300] INFO (13647): request completed
    route: "/v1/dashboard/indicator-configs/00000000-0000-7000-8000-000084000301"
    method: "PATCH"
    status: 428
    duration_ms: 13
[2026-09-28 01:27:34.694 -0300] INFO (13647): request completed
    route: "/v1/dashboard/indicator-configs/00000000-0000-7000-8000-000084000301"
    method: "PATCH"
    status: 403
    duration_ms: 0
[2026-09-28 01:27:34.695 -0300] INFO (13647): request completed
    route: "/v1/dashboard/indicator-configs/00000000-0000-7000-8000-000084000301"
    method: "PATCH"
    status: 403
    duration_ms: 1
[2026-09-28 01:27:34.695 -0300] INFO (13647): request completed
    route: "/v1/dashboard/indicator-configs/00000000-0000-7000-8000-000084000301"
    method: "PATCH"
    status: 403
    duration_ms: 0
[2026-09-28 01:27:34.696 -0300] INFO (13647): request completed
    route: "/v1/dashboard/indicator-configs/00000000-0000-7000-8000-000084000301"
    method: "PATCH"
    status: 403
    duration_ms: 1
[2026-09-28 01:27:34.696 -0300] INFO (13647): request completed
    route: "/v1/dashboard/indicator-configs/00000000-0000-7000-8000-000084000301"
    method: "PATCH"
    status: 403
    duration_ms: 0
[2026-09-28 01:27:34.710 -0300] INFO (13647): request completed
    route: "/v1/dashboard/indicator-configs/00000000-0000-7000-8000-000084000301"
    method: "PATCH"
    status: 428
    duration_ms: 14
[2026-09-28 01:27:34.725 -0300] INFO (13647): request completed
    route: "/v1/dashboard/indicator-configs/00000000-0000-7000-8000-000084000301"
    method: "PATCH"
    status: 428
    duration_ms: 14
[2026-09-28 01:27:34.740 -0300] INFO (13647): request completed
    route: "/v1/dashboard/indicator-configs/00000000-0000-7000-8000-000084000301"
    method: "PATCH"
    status: 428
    duration_ms: 14
[2026-09-28 01:27:34.741 -0300] INFO (13647): request completed
    route: "/v1/dashboard/indicator-configs/00000000-0000-7000-8000-000084000301"
    method: "PATCH"
    status: 403
    duration_ms: 0
[2026-09-28 01:27:34.742 -0300] INFO (13647): request completed
    route: "/v1/dashboard/indicator-configs/00000000-0000-7000-8000-000084000301"
    method: "PATCH"
    status: 403
    duration_ms: 0
[2026-09-28 01:27:34.743 -0300] INFO (13647): request completed
    route: "/v1/dashboard/indicator-configs/00000000-0000-7000-8000-000084000301"
    method: "PATCH"
    status: 403
    duration_ms: 1
[2026-09-28 01:27:34.744 -0300] INFO (13647): request completed
    route: "/v1/dashboard/indicator-configs/00000000-0000-7000-8000-000084000301"
    method: "PATCH"
    status: 403
    duration_ms: 1
[2026-09-28 01:27:34.744 -0300] INFO (13647): request completed
    route: "/v1/dashboard/indicator-configs/00000000-0000-7000-8000-000084000301"
    method: "PATCH"
    status: 403
    duration_ms: 0
[2026-09-28 01:27:34.745 -0300] INFO (13647): request completed
    route: "/v1/dashboard/indicator-configs/00000000-0000-7000-8000-000084000301"
    method: "PATCH"
    status: 403
    duration_ms: 0
[2026-09-28 01:27:34.745 -0300] INFO (13647): request completed
    route: "/v1/dashboard/indicator-configs/00000000-0000-7000-8000-000084000301"
    method: "PATCH"
    status: 403
    duration_ms: 0
[2026-09-28 01:27:34.746 -0300] INFO (13647): request completed
    route: "/v1/dashboard/indicator-configs/00000000-0000-7000-8000-000084000301"
    method: "PATCH"
    status: 403
    duration_ms: 0
[2026-09-28 01:27:34.747 -0300] INFO (13647): request completed
    route: "/v1/dashboard/indicator-configs/00000000-0000-7000-8000-000084000301"
    method: "PATCH"
    status: 403
    duration_ms: 1
[2026-09-28 01:27:34.747 -0300] INFO (13647): request completed
    route: "/v1/dashboard/indicator-configs/00000000-0000-7000-8000-000084000301"
    method: "PATCH"
    status: 403
    duration_ms: 0
[2026-09-28 01:27:34.748 -0300] INFO (13647): request completed
    route: "/v1/dashboard/indicator-configs/00000000-0000-7000-8000-000084000301"
    method: "PATCH"
    status: 403
    duration_ms: 0
[2026-09-28 01:27:34.748 -0300] INFO (13647): request completed
    route: "/v1/dashboard/indicator-configs/00000000-0000-7000-8000-000084000301"
    method: "PATCH"
    status: 403
    duration_ms: 0
[2026-09-28 01:27:34.749 -0300] INFO (13647): request completed
    route: "/v1/dashboard/indicator-configs/00000000-0000-7000-8000-000084000301"
    method: "PATCH"
    status: 403
    duration_ms: 0
[2026-09-28 01:27:34.749 -0300] INFO (13647): request completed
    route: "/v1/dashboard/indicator-configs/00000000-0000-7000-8000-000084000301"
    method: "PATCH"
    status: 403
    duration_ms: 0
[2026-09-28 01:27:34.764 -0300] INFO (13647): request completed
    route: "/v1/dashboard/indicator-configs/00000000-0000-7000-8000-000084000301/publish"
    method: "POST"
    status: 428
    duration_ms: 14
[2026-09-28 01:27:34.765 -0300] INFO (13647): request completed
    route: "/v1/dashboard/indicator-configs/00000000-0000-7000-8000-000084000301/publish"
    method: "POST"
    status: 403
    duration_ms: 0
[2026-09-28 01:27:34.766 -0300] INFO (13647): request completed
    route: "/v1/dashboard/indicator-configs/00000000-0000-7000-8000-000084000301/publish"
    method: "POST"
    status: 403
    duration_ms: 0
[2026-09-28 01:27:34.767 -0300] INFO (13647): request completed
    route: "/v1/dashboard/indicator-configs/00000000-0000-7000-8000-000084000301/publish"
    method: "POST"
    status: 403
    duration_ms: 0
[2026-09-28 01:27:34.767 -0300] INFO (13647): request completed
    route: "/v1/dashboard/indicator-configs/00000000-0000-7000-8000-000084000301/publish"
    method: "POST"
    status: 403
    duration_ms: 0
[2026-09-28 01:27:34.768 -0300] INFO (13647): request completed
    route: "/v1/dashboard/indicator-configs/00000000-0000-7000-8000-000084000301/publish"
    method: "POST"
    status: 403
    duration_ms: 0
[2026-09-28 01:27:34.768 -0300] INFO (13647): request completed
    route: "/v1/dashboard/indicator-configs/00000000-0000-7000-8000-000084000301/publish"
    method: "POST"
    status: 403
    duration_ms: 0
[2026-09-28 01:27:34.769 -0300] INFO (13647): request completed
    route: "/v1/dashboard/indicator-configs/00000000-0000-7000-8000-000084000301/publish"
    method: "POST"
    status: 403
    duration_ms: 0
[2026-09-28 01:27:34.769 -0300] INFO (13647): request completed
    route: "/v1/dashboard/indicator-configs/00000000-0000-7000-8000-000084000301/publish"
    method: "POST"
    status: 403
    duration_ms: 0
[2026-09-28 01:27:34.785 -0300] INFO (13647): request completed
    route: "/v1/dashboard/indicator-configs/00000000-0000-7000-8000-000084000301/publish"
    method: "POST"
    status: 428
    duration_ms: 15
[2026-09-28 01:27:34.786 -0300] INFO (13647): request completed
    route: "/v1/dashboard/indicator-configs/00000000-0000-7000-8000-000084000301/publish"
    method: "POST"
    status: 403
    duration_ms: 0
[2026-09-28 01:27:34.787 -0300] INFO (13647): request completed
    route: "/v1/dashboard/indicator-configs/00000000-0000-7000-8000-000084000301/publish"
    method: "POST"
    status: 403
    duration_ms: 0
[2026-09-28 01:27:34.787 -0300] INFO (13647): request completed
    route: "/v1/dashboard/indicator-configs/00000000-0000-7000-8000-000084000301/publish"
    method: "POST"
    status: 403
    duration_ms: 0
[2026-09-28 01:27:34.801 -0300] INFO (13647): request completed
    route: "/v1/dashboard/indicator-configs/00000000-0000-7000-8000-000084000301/publish"
    method: "POST"
    status: 428
    duration_ms: 13
[2026-09-28 01:27:34.801 -0300] INFO (13647): request completed
    route: "/v1/dashboard/indicator-configs/00000000-0000-7000-8000-000084000301/publish"
    method: "POST"
    status: 403
    duration_ms: 0
[2026-09-28 01:27:34.802 -0300] INFO (13647): request completed
    route: "/v1/dashboard/indicator-configs/00000000-0000-7000-8000-000084000301/publish"
    method: "POST"
    status: 403
    duration_ms: 0
[2026-09-28 01:27:34.803 -0300] INFO (13647): request completed
    route: "/v1/dashboard/indicator-configs/00000000-0000-7000-8000-000084000301/publish"
    method: "POST"
    status: 403
    duration_ms: 0
[2026-09-28 01:27:34.804 -0300] INFO (13647): request completed
    route: "/v1/dashboard/indicator-configs/00000000-0000-7000-8000-000084000301/publish"
    method: "POST"
    status: 403
    duration_ms: 1
[2026-09-28 01:27:34.805 -0300] INFO (13647): request completed
    route: "/v1/dashboard/indicator-configs/00000000-0000-7000-8000-000084000301/publish"
    method: "POST"
    status: 403
    duration_ms: 1
[2026-09-28 01:27:34.820 -0300] INFO (13647): request completed
    route: "/v1/dashboard/indicator-configs/00000000-0000-7000-8000-000084000301/publish"
    method: "POST"
    status: 428
    duration_ms: 15
[2026-09-28 01:27:34.834 -0300] INFO (13647): request completed
    route: "/v1/dashboard/indicator-configs/00000000-0000-7000-8000-000084000301/publish"
    method: "POST"
    status: 428
    duration_ms: 13
[2026-09-28 01:27:34.849 -0300] INFO (13647): request completed
    route: "/v1/dashboard/indicator-configs/00000000-0000-7000-8000-000084000301/publish"
    method: "POST"
    status: 428
    duration_ms: 14
[2026-09-28 01:27:34.850 -0300] INFO (13647): request completed
    route: "/v1/dashboard/indicator-configs/00000000-0000-7000-8000-000084000301/publish"
    method: "POST"
    status: 403
    duration_ms: 1
[2026-09-28 01:27:34.850 -0300] INFO (13647): request completed
    route: "/v1/dashboard/indicator-configs/00000000-0000-7000-8000-000084000301/publish"
    method: "POST"
    status: 403
    duration_ms: 0
[2026-09-28 01:27:34.851 -0300] INFO (13647): request completed
    route: "/v1/dashboard/indicator-configs/00000000-0000-7000-8000-000084000301/publish"
    method: "POST"
    status: 403
    duration_ms: 0
[2026-09-28 01:27:34.851 -0300] INFO (13647): request completed
    route: "/v1/dashboard/indicator-configs/00000000-0000-7000-8000-000084000301/publish"
    method: "POST"
    status: 403
    duration_ms: 0
[2026-09-28 01:27:34.852 -0300] INFO (13647): request completed
    route: "/v1/dashboard/indicator-configs/00000000-0000-7000-8000-000084000301/publish"
    method: "POST"
    status: 403
    duration_ms: 0
[2026-09-28 01:27:34.852 -0300] INFO (13647): request completed
    route: "/v1/dashboard/indicator-configs/00000000-0000-7000-8000-000084000301/publish"
    method: "POST"
    status: 403
    duration_ms: 0
[2026-09-28 01:27:34.853 -0300] INFO (13647): request completed
    route: "/v1/dashboard/indicator-configs/00000000-0000-7000-8000-000084000301/publish"
    method: "POST"
    status: 403
    duration_ms: 0
[2026-09-28 01:27:34.853 -0300] INFO (13647): request completed
    route: "/v1/dashboard/indicator-configs/00000000-0000-7000-8000-000084000301/publish"
    method: "POST"
    status: 403
    duration_ms: 0
[2026-09-28 01:27:34.854 -0300] INFO (13647): request completed
    route: "/v1/dashboard/indicator-configs/00000000-0000-7000-8000-000084000301/publish"
    method: "POST"
    status: 403
    duration_ms: 1
[2026-09-28 01:27:34.854 -0300] INFO (13647): request completed
    route: "/v1/dashboard/indicator-configs/00000000-0000-7000-8000-000084000301/publish"
    method: "POST"
    status: 403
    duration_ms: 0
[2026-09-28 01:27:34.854 -0300] INFO (13647): request completed
    route: "/v1/dashboard/indicator-configs/00000000-0000-7000-8000-000084000301/publish"
    method: "POST"
    status: 403
    duration_ms: 0
[2026-09-28 01:27:34.855 -0300] INFO (13647): request completed
    route: "/v1/dashboard/indicator-configs/00000000-0000-7000-8000-000084000301/publish"
    method: "POST"
    status: 403
    duration_ms: 0
[2026-09-28 01:27:34.855 -0300] INFO (13647): request completed
    route: "/v1/dashboard/indicator-configs/00000000-0000-7000-8000-000084000301/publish"
    method: "POST"
    status: 403
    duration_ms: 0
[2026-09-28 01:27:34.856 -0300] INFO (13647): request completed
    route: "/v1/dashboard/indicator-configs/00000000-0000-7000-8000-000084000301/publish"
    method: "POST"
    status: 403
    duration_ms: 0
[2026-09-28 01:27:34.863 -0300] INFO (13647): request completed
    route: "/v1/dashboard/bi-panels"
    method: "GET"
    status: 200
    duration_ms: 7
[2026-09-28 01:27:34.868 -0300] INFO (13647): request completed
    route: "/v1/dashboard/bi-panels/00000000-0000-7000-8000-000084000401"
    method: "GET"
    status: 200
    duration_ms: 4
[2026-09-28 01:27:34.868 -0300] INFO (13647): request completed
    route: "/v1/dashboard/bi-panels"
    method: "GET"
    status: 403
    duration_ms: 0
[2026-09-28 01:27:34.869 -0300] INFO (13647): request completed
    route: "/v1/dashboard/bi-panels/00000000-0000-7000-8000-000084000401"
    method: "GET"
    status: 403
    duration_ms: 0
[2026-09-28 01:27:34.869 -0300] INFO (13647): request completed
    route: "/v1/dashboard/bi-panels"
    method: "GET"
    status: 403
    duration_ms: 0
[2026-09-28 01:27:34.870 -0300] INFO (13647): request completed
    route: "/v1/dashboard/bi-panels/00000000-0000-7000-8000-000084000401"
    method: "GET"
    status: 403
    duration_ms: 0
[2026-09-28 01:27:34.871 -0300] INFO (13647): request completed
    route: "/v1/dashboard/bi-panels"
    method: "GET"
    status: 403
    duration_ms: 0
[2026-09-28 01:27:34.871 -0300] INFO (13647): request completed
    route: "/v1/dashboard/bi-panels/00000000-0000-7000-8000-000084000401"
    method: "GET"
    status: 403
    duration_ms: 0
[2026-09-28 01:27:34.872 -0300] INFO (13647): request completed
    route: "/v1/dashboard/bi-panels"
    method: "GET"
    status: 403
    duration_ms: 0
[2026-09-28 01:27:34.872 -0300] INFO (13647): request completed
    route: "/v1/dashboard/bi-panels/00000000-0000-7000-8000-000084000401"
    method: "GET"
    status: 403
    duration_ms: 0
[2026-09-28 01:27:34.873 -0300] INFO (13647): request completed
    route: "/v1/dashboard/bi-panels"
    method: "GET"
    status: 403
    duration_ms: 1
[2026-09-28 01:27:34.873 -0300] INFO (13647): request completed
    route: "/v1/dashboard/bi-panels/00000000-0000-7000-8000-000084000401"
    method: "GET"
    status: 403
    duration_ms: 0
[2026-09-28 01:27:34.877 -0300] INFO (13647): request completed
    route: "/v1/dashboard/bi-panels"
    method: "GET"
    status: 200
    duration_ms: 4
[2026-09-28 01:27:34.882 -0300] INFO (13647): request completed
    route: "/v1/dashboard/bi-panels/00000000-0000-7000-8000-000084000401"
    method: "GET"
    status: 200
    duration_ms: 4
[2026-09-28 01:27:34.883 -0300] INFO (13647): request completed
    route: "/v1/dashboard/bi-panels"
    method: "GET"
    status: 403
    duration_ms: 1
[2026-09-28 01:27:34.883 -0300] INFO (13647): request completed
    route: "/v1/dashboard/bi-panels/00000000-0000-7000-8000-000084000401"
    method: "GET"
    status: 403
    duration_ms: 0
[2026-09-28 01:27:34.884 -0300] INFO (13647): request completed
    route: "/v1/dashboard/bi-panels"
    method: "GET"
    status: 403
    duration_ms: 0
[2026-09-28 01:27:34.884 -0300] INFO (13647): request completed
    route: "/v1/dashboard/bi-panels/00000000-0000-7000-8000-000084000401"
    method: "GET"
    status: 403
    duration_ms: 0
[2026-09-28 01:27:34.889 -0300] INFO (13647): request completed
    route: "/v1/dashboard/bi-panels"
    method: "GET"
    status: 200
    duration_ms: 4
[2026-09-28 01:27:34.893 -0300] INFO (13647): request completed
    route: "/v1/dashboard/bi-panels/00000000-0000-7000-8000-000084000401"
    method: "GET"
    status: 200
    duration_ms: 4
[2026-09-28 01:27:34.894 -0300] INFO (13647): request completed
    route: "/v1/dashboard/bi-panels"
    method: "GET"
    status: 403
    duration_ms: 1
[2026-09-28 01:27:34.894 -0300] INFO (13647): request completed
    route: "/v1/dashboard/bi-panels/00000000-0000-7000-8000-000084000401"
    method: "GET"
    status: 403
    duration_ms: 0
[2026-09-28 01:27:34.895 -0300] INFO (13647): request completed
    route: "/v1/dashboard/bi-panels"
    method: "GET"
    status: 403
    duration_ms: 0
[2026-09-28 01:27:34.895 -0300] INFO (13647): request completed
    route: "/v1/dashboard/bi-panels/00000000-0000-7000-8000-000084000401"
    method: "GET"
    status: 403
    duration_ms: 0
[2026-09-28 01:27:34.896 -0300] INFO (13647): request completed
    route: "/v1/dashboard/bi-panels"
    method: "GET"
    status: 403
    duration_ms: 0
[2026-09-28 01:27:34.896 -0300] INFO (13647): request completed
    route: "/v1/dashboard/bi-panels/00000000-0000-7000-8000-000084000401"
    method: "GET"
    status: 403
    duration_ms: 0
[2026-09-28 01:27:34.901 -0300] INFO (13647): request completed
    route: "/v1/dashboard/bi-panels"
    method: "GET"
    status: 200
    duration_ms: 4
[2026-09-28 01:27:34.905 -0300] INFO (13647): request completed
    route: "/v1/dashboard/bi-panels/00000000-0000-7000-8000-000084000401"
    method: "GET"
    status: 200
    duration_ms: 4
[2026-09-28 01:27:34.906 -0300] INFO (13647): request completed
    route: "/v1/dashboard/bi-panels"
    method: "GET"
    status: 403
    duration_ms: 0
[2026-09-28 01:27:34.907 -0300] INFO (13647): request completed
    route: "/v1/dashboard/bi-panels/00000000-0000-7000-8000-000084000401"
    method: "GET"
    status: 403
    duration_ms: 1
[2026-09-28 01:27:34.907 -0300] INFO (13647): request completed
    route: "/v1/dashboard/bi-panels"
    method: "GET"
    status: 403
    duration_ms: 0
[2026-09-28 01:27:34.908 -0300] INFO (13647): request completed
    route: "/v1/dashboard/bi-panels/00000000-0000-7000-8000-000084000401"
    method: "GET"
    status: 403
    duration_ms: 0
[2026-09-28 01:27:34.909 -0300] INFO (13647): request completed
    route: "/v1/dashboard/bi-panels"
    method: "GET"
    status: 403
    duration_ms: 0
[2026-09-28 01:27:34.909 -0300] INFO (13647): request completed
    route: "/v1/dashboard/bi-panels/00000000-0000-7000-8000-000084000401"
    method: "GET"
    status: 403
    duration_ms: 0
[2026-09-28 01:27:34.910 -0300] INFO (13647): request completed
    route: "/v1/dashboard/bi-panels"
    method: "GET"
    status: 403
    duration_ms: 0
[2026-09-28 01:27:34.911 -0300] INFO (13647): request completed
    route: "/v1/dashboard/bi-panels/00000000-0000-7000-8000-000084000401"
    method: "GET"
    status: 403
    duration_ms: 1
[2026-09-28 01:27:34.911 -0300] INFO (13647): request completed
    route: "/v1/dashboard/bi-panels"
    method: "GET"
    status: 403
    duration_ms: 0
[2026-09-28 01:27:34.912 -0300] INFO (13647): request completed
    route: "/v1/dashboard/bi-panels/00000000-0000-7000-8000-000084000401"
    method: "GET"
    status: 403
    duration_ms: 1
[2026-09-28 01:27:34.916 -0300] INFO (13647): request completed
    route: "/v1/dashboard/bi-panels"
    method: "GET"
    status: 200
    duration_ms: 4
[2026-09-28 01:27:34.920 -0300] INFO (13647): request completed
    route: "/v1/dashboard/bi-panels/00000000-0000-7000-8000-000084000401"
    method: "GET"
    status: 200
    duration_ms: 3
[2026-09-28 01:27:34.924 -0300] INFO (13647): request completed
    route: "/v1/dashboard/bi-panels"
    method: "GET"
    status: 200
    duration_ms: 3
[2026-09-28 01:27:34.929 -0300] INFO (13647): request completed
    route: "/v1/dashboard/bi-panels/00000000-0000-7000-8000-000084000401"
    method: "GET"
    status: 200
    duration_ms: 4
[2026-09-28 01:27:34.933 -0300] INFO (13647): request completed
    route: "/v1/dashboard/bi-panels"
    method: "GET"
    status: 200
    duration_ms: 4
[2026-09-28 01:27:34.938 -0300] INFO (13647): request completed
    route: "/v1/dashboard/bi-panels/00000000-0000-7000-8000-000084000401"
    method: "GET"
    status: 200
    duration_ms: 4
[2026-09-28 01:27:34.938 -0300] INFO (13647): request completed
    route: "/v1/dashboard/bi-panels"
    method: "GET"
    status: 403
    duration_ms: 0
[2026-09-28 01:27:34.939 -0300] INFO (13647): request completed
    route: "/v1/dashboard/bi-panels/00000000-0000-7000-8000-000084000401"
    method: "GET"
    status: 403
    duration_ms: 0
[2026-09-28 01:27:34.940 -0300] INFO (13647): request completed
    route: "/v1/dashboard/bi-panels"
    method: "GET"
    status: 403
    duration_ms: 1
[2026-09-28 01:27:34.940 -0300] INFO (13647): request completed
    route: "/v1/dashboard/bi-panels/00000000-0000-7000-8000-000084000401"
    method: "GET"
    status: 403
    duration_ms: 0
[2026-09-28 01:27:34.941 -0300] INFO (13647): request completed
    route: "/v1/dashboard/bi-panels"
    method: "GET"
    status: 403
    duration_ms: 0
[2026-09-28 01:27:34.942 -0300] INFO (13647): request completed
    route: "/v1/dashboard/bi-panels/00000000-0000-7000-8000-000084000401"
    method: "GET"
    status: 403
    duration_ms: 1
[2026-09-28 01:27:34.942 -0300] INFO (13647): request completed
    route: "/v1/dashboard/bi-panels"
    method: "GET"
    status: 403
    duration_ms: 0
[2026-09-28 01:27:34.943 -0300] INFO (13647): request completed
    route: "/v1/dashboard/bi-panels/00000000-0000-7000-8000-000084000401"
    method: "GET"
    status: 403
    duration_ms: 0
[2026-09-28 01:27:34.944 -0300] INFO (13647): request completed
    route: "/v1/dashboard/bi-panels"
    method: "GET"
    status: 403
    duration_ms: 1
[2026-09-28 01:27:34.944 -0300] INFO (13647): request completed
    route: "/v1/dashboard/bi-panels/00000000-0000-7000-8000-000084000401"
    method: "GET"
    status: 403
    duration_ms: 0
[2026-09-28 01:27:34.945 -0300] INFO (13647): request completed
    route: "/v1/dashboard/bi-panels"
    method: "GET"
    status: 403
    duration_ms: 1
[2026-09-28 01:27:34.945 -0300] INFO (13647): request completed
    route: "/v1/dashboard/bi-panels/00000000-0000-7000-8000-000084000401"
    method: "GET"
    status: 403
    duration_ms: 0
[2026-09-28 01:27:34.946 -0300] INFO (13647): request completed
    route: "/v1/dashboard/bi-panels"
    method: "GET"
    status: 403
    duration_ms: 1
[2026-09-28 01:27:34.946 -0300] INFO (13647): request completed
    route: "/v1/dashboard/bi-panels/00000000-0000-7000-8000-000084000401"
    method: "GET"
    status: 403
    duration_ms: 0
[2026-09-28 01:27:34.946 -0300] INFO (13647): request completed
    route: "/v1/dashboard/bi-panels"
    method: "GET"
    status: 403
    duration_ms: 0
[2026-09-28 01:27:34.947 -0300] INFO (13647): request completed
    route: "/v1/dashboard/bi-panels/00000000-0000-7000-8000-000084000401"
    method: "GET"
    status: 403
    duration_ms: 0
[2026-09-28 01:27:34.947 -0300] INFO (13647): request completed
    route: "/v1/dashboard/bi-panels"
    method: "GET"
    status: 403
    duration_ms: 0
[2026-09-28 01:27:34.948 -0300] INFO (13647): request completed
    route: "/v1/dashboard/bi-panels/00000000-0000-7000-8000-000084000401"
    method: "GET"
    status: 403
    duration_ms: 0
[2026-09-28 01:27:34.948 -0300] INFO (13647): request completed
    route: "/v1/dashboard/bi-panels"
    method: "GET"
    status: 403
    duration_ms: 0
[2026-09-28 01:27:34.949 -0300] INFO (13647): request completed
    route: "/v1/dashboard/bi-panels/00000000-0000-7000-8000-000084000401"
    method: "GET"
    status: 403
    duration_ms: 0
[2026-09-28 01:27:34.949 -0300] INFO (13647): request completed
    route: "/v1/dashboard/bi-panels"
    method: "GET"
    status: 403
    duration_ms: 0
[2026-09-28 01:27:34.949 -0300] INFO (13647): request completed
    route: "/v1/dashboard/bi-panels/00000000-0000-7000-8000-000084000401"
    method: "GET"
    status: 403
    duration_ms: 0
[2026-09-28 01:27:34.950 -0300] INFO (13647): request completed
    route: "/v1/dashboard/bi-panels"
    method: "GET"
    status: 403
    duration_ms: 0
[2026-09-28 01:27:34.950 -0300] INFO (13647): request completed
    route: "/v1/dashboard/bi-panels/00000000-0000-7000-8000-000084000401"
    method: "GET"
    status: 403
    duration_ms: 0
[2026-09-28 01:27:34.951 -0300] INFO (13647): request completed
    route: "/v1/dashboard/bi-panels"
    method: "GET"
    status: 403
    duration_ms: 0
[2026-09-28 01:27:34.951 -0300] INFO (13647): request completed
    route: "/v1/dashboard/bi-panels/00000000-0000-7000-8000-000084000401"
    method: "GET"
    status: 403
    duration_ms: 0
[2026-09-28 01:27:34.952 -0300] INFO (13647): request completed
    route: "/v1/dashboard/bi-panels"
    method: "GET"
    status: 403
    duration_ms: 1
[2026-09-28 01:27:34.952 -0300] INFO (13647): request completed
    route: "/v1/dashboard/bi-panels/00000000-0000-7000-8000-000084000401"
    method: "GET"
    status: 403
    duration_ms: 0
[2026-09-28 01:27:34.965 -0300] INFO (13647): request completed
    route: "/v1/dashboard/bi-panels"
    method: "POST"
    status: 400
    duration_ms: 12
[2026-09-28 01:27:34.981 -0300] INFO (13647): request completed
    route: "/v1/dashboard/bi-panels/00000000-0000-7000-8000-000084000401"
    method: "PATCH"
    status: 428
    duration_ms: 15
[2026-09-28 01:27:34.996 -0300] INFO (13647): request completed
    route: "/v1/dashboard/bi-panels/00000000-0000-7000-8000-000084000401/publish"
    method: "POST"
    status: 428
    duration_ms: 14
[2026-09-28 01:27:34.997 -0300] INFO (13647): request completed
    route: "/v1/dashboard/bi-panels"
    method: "POST"
    status: 403
    duration_ms: 0
[2026-09-28 01:27:34.998 -0300] INFO (13647): request completed
    route: "/v1/dashboard/bi-panels/00000000-0000-7000-8000-000084000401"
    method: "PATCH"
    status: 403
    duration_ms: 0
[2026-09-28 01:27:34.998 -0300] INFO (13647): request completed
    route: "/v1/dashboard/bi-panels/00000000-0000-7000-8000-000084000401/publish"
    method: "POST"
    status: 403
    duration_ms: 0
[2026-09-28 01:27:34.999 -0300] INFO (13647): request completed
    route: "/v1/dashboard/bi-panels"
    method: "POST"
    status: 403
    duration_ms: 0
[2026-09-28 01:27:35.000 -0300] INFO (13647): request completed
    route: "/v1/dashboard/bi-panels/00000000-0000-7000-8000-000084000401"
    method: "PATCH"
    status: 403
    duration_ms: 1
[2026-09-28 01:27:35.000 -0300] INFO (13647): request completed
    route: "/v1/dashboard/bi-panels/00000000-0000-7000-8000-000084000401/publish"
    method: "POST"
    status: 403
    duration_ms: 0
[2026-09-28 01:27:35.001 -0300] INFO (13647): request completed
    route: "/v1/dashboard/bi-panels"
    method: "POST"
    status: 403
    duration_ms: 1
[2026-09-28 01:27:35.001 -0300] INFO (13647): request completed
    route: "/v1/dashboard/bi-panels/00000000-0000-7000-8000-000084000401"
    method: "PATCH"
    status: 403
    duration_ms: 0
[2026-09-28 01:27:35.002 -0300] INFO (13647): request completed
    route: "/v1/dashboard/bi-panels/00000000-0000-7000-8000-000084000401/publish"
    method: "POST"
    status: 403
    duration_ms: 0
[2026-09-28 01:27:35.002 -0300] INFO (13647): request completed
    route: "/v1/dashboard/bi-panels"
    method: "POST"
    status: 403
    duration_ms: 0
[2026-09-28 01:27:35.003 -0300] INFO (13647): request completed
    route: "/v1/dashboard/bi-panels/00000000-0000-7000-8000-000084000401"
    method: "PATCH"
    status: 403
    duration_ms: 0
[2026-09-28 01:27:35.004 -0300] INFO (13647): request completed
    route: "/v1/dashboard/bi-panels/00000000-0000-7000-8000-000084000401/publish"
    method: "POST"
    status: 403
    duration_ms: 1
[2026-09-28 01:27:35.004 -0300] INFO (13647): request completed
    route: "/v1/dashboard/bi-panels"
    method: "POST"
    status: 403
    duration_ms: 0
[2026-09-28 01:27:35.005 -0300] INFO (13647): request completed
    route: "/v1/dashboard/bi-panels/00000000-0000-7000-8000-000084000401"
    method: "PATCH"
    status: 403
    duration_ms: 0
[2026-09-28 01:27:35.006 -0300] INFO (13647): request completed
    route: "/v1/dashboard/bi-panels/00000000-0000-7000-8000-000084000401/publish"
    method: "POST"
    status: 403
    duration_ms: 0
[2026-09-28 01:27:35.006 -0300] INFO (13647): request completed
    route: "/v1/dashboard/bi-panels"
    method: "POST"
    status: 403
    duration_ms: 0
[2026-09-28 01:27:35.007 -0300] INFO (13647): request completed
    route: "/v1/dashboard/bi-panels/00000000-0000-7000-8000-000084000401"
    method: "PATCH"
    status: 403
    duration_ms: 0
[2026-09-28 01:27:35.007 -0300] INFO (13647): request completed
    route: "/v1/dashboard/bi-panels/00000000-0000-7000-8000-000084000401/publish"
    method: "POST"
    status: 403
    duration_ms: 0
[2026-09-28 01:27:35.008 -0300] INFO (13647): request completed
    route: "/v1/dashboard/bi-panels"
    method: "POST"
    status: 403
    duration_ms: 0
[2026-09-28 01:27:35.008 -0300] INFO (13647): request completed
    route: "/v1/dashboard/bi-panels/00000000-0000-7000-8000-000084000401"
    method: "PATCH"
    status: 403
    duration_ms: 0
[2026-09-28 01:27:35.009 -0300] INFO (13647): request completed
    route: "/v1/dashboard/bi-panels/00000000-0000-7000-8000-000084000401/publish"
    method: "POST"
    status: 403
    duration_ms: 0
[2026-09-28 01:27:35.010 -0300] INFO (13647): request completed
    route: "/v1/dashboard/bi-panels"
    method: "POST"
    status: 403
    duration_ms: 0
[2026-09-28 01:27:35.011 -0300] INFO (13647): request completed
    route: "/v1/dashboard/bi-panels/00000000-0000-7000-8000-000084000401"
    method: "PATCH"
    status: 403
    duration_ms: 1
[2026-09-28 01:27:35.011 -0300] INFO (13647): request completed
    route: "/v1/dashboard/bi-panels/00000000-0000-7000-8000-000084000401/publish"
    method: "POST"
    status: 403
    duration_ms: 0
[2026-09-28 01:27:35.026 -0300] INFO (13647): request completed
    route: "/v1/dashboard/bi-panels"
    method: "POST"
    status: 400
    duration_ms: 14
[2026-09-28 01:27:35.041 -0300] INFO (13647): request completed
    route: "/v1/dashboard/bi-panels/00000000-0000-7000-8000-000084000401"
    method: "PATCH"
    status: 428
    duration_ms: 14
[2026-09-28 01:27:35.057 -0300] INFO (13647): request completed
    route: "/v1/dashboard/bi-panels/00000000-0000-7000-8000-000084000401/publish"
    method: "POST"
    status: 428
    duration_ms: 15
[2026-09-28 01:27:35.058 -0300] INFO (13647): request completed
    route: "/v1/dashboard/bi-panels"
    method: "POST"
    status: 403
    duration_ms: 1
[2026-09-28 01:27:35.058 -0300] INFO (13647): request completed
    route: "/v1/dashboard/bi-panels/00000000-0000-7000-8000-000084000401"
    method: "PATCH"
    status: 403
    duration_ms: 0
[2026-09-28 01:27:35.059 -0300] INFO (13647): request completed
    route: "/v1/dashboard/bi-panels/00000000-0000-7000-8000-000084000401/publish"
    method: "POST"
    status: 403
    duration_ms: 1
[2026-09-28 01:27:35.059 -0300] INFO (13647): request completed
    route: "/v1/dashboard/bi-panels"
    method: "POST"
    status: 403
    duration_ms: 0
[2026-09-28 01:27:35.060 -0300] INFO (13647): request completed
    route: "/v1/dashboard/bi-panels/00000000-0000-7000-8000-000084000401"
    method: "PATCH"
    status: 403
    duration_ms: 1
[2026-09-28 01:27:35.060 -0300] INFO (13647): request completed
    route: "/v1/dashboard/bi-panels/00000000-0000-7000-8000-000084000401/publish"
    method: "POST"
    status: 403
    duration_ms: 0
[2026-09-28 01:27:35.060 -0300] INFO (13647): request completed
    route: "/v1/dashboard/bi-panels"
    method: "POST"
    status: 403
    duration_ms: 0
[2026-09-28 01:27:35.061 -0300] INFO (13647): request completed
    route: "/v1/dashboard/bi-panels/00000000-0000-7000-8000-000084000401"
    method: "PATCH"
    status: 403
    duration_ms: 0
[2026-09-28 01:27:35.061 -0300] INFO (13647): request completed
    route: "/v1/dashboard/bi-panels/00000000-0000-7000-8000-000084000401/publish"
    method: "POST"
    status: 403
    duration_ms: 0
[2026-09-28 01:27:35.074 -0300] INFO (13647): request completed
    route: "/v1/dashboard/bi-panels"
    method: "POST"
    status: 400
    duration_ms: 13
[2026-09-28 01:27:35.090 -0300] INFO (13647): request completed
    route: "/v1/dashboard/bi-panels/00000000-0000-7000-8000-000084000401"
    method: "PATCH"
    status: 428
    duration_ms: 16
[2026-09-28 01:27:35.107 -0300] INFO (13647): request completed
    route: "/v1/dashboard/bi-panels/00000000-0000-7000-8000-000084000401/publish"
    method: "POST"
    status: 428
    duration_ms: 16
[2026-09-28 01:27:35.108 -0300] INFO (13647): request completed
    route: "/v1/dashboard/bi-panels"
    method: "POST"
    status: 403
    duration_ms: 0
[2026-09-28 01:27:35.109 -0300] INFO (13647): request completed
    route: "/v1/dashboard/bi-panels/00000000-0000-7000-8000-000084000401"
    method: "PATCH"
    status: 403
    duration_ms: 0
[2026-09-28 01:27:35.109 -0300] INFO (13647): request completed
    route: "/v1/dashboard/bi-panels/00000000-0000-7000-8000-000084000401/publish"
    method: "POST"
    status: 403
    duration_ms: 0
[2026-09-28 01:27:35.110 -0300] INFO (13647): request completed
    route: "/v1/dashboard/bi-panels"
    method: "POST"
    status: 403
    duration_ms: 0
[2026-09-28 01:27:35.110 -0300] INFO (13647): request completed
    route: "/v1/dashboard/bi-panels/00000000-0000-7000-8000-000084000401"
    method: "PATCH"
    status: 403
    duration_ms: 0
[2026-09-28 01:27:35.111 -0300] INFO (13647): request completed
    route: "/v1/dashboard/bi-panels/00000000-0000-7000-8000-000084000401/publish"
    method: "POST"
    status: 403
    duration_ms: 0
[2026-09-28 01:27:35.112 -0300] INFO (13647): request completed
    route: "/v1/dashboard/bi-panels"
    method: "POST"
    status: 403
    duration_ms: 0
[2026-09-28 01:27:35.113 -0300] INFO (13647): request completed
    route: "/v1/dashboard/bi-panels/00000000-0000-7000-8000-000084000401"
    method: "PATCH"
    status: 403
    duration_ms: 1
[2026-09-28 01:27:35.113 -0300] INFO (13647): request completed
    route: "/v1/dashboard/bi-panels/00000000-0000-7000-8000-000084000401/publish"
    method: "POST"
    status: 403
    duration_ms: 0
[2026-09-28 01:27:35.114 -0300] INFO (13647): request completed
    route: "/v1/dashboard/bi-panels"
    method: "POST"
    status: 403
    duration_ms: 0
[2026-09-28 01:27:35.115 -0300] INFO (13647): request completed
    route: "/v1/dashboard/bi-panels/00000000-0000-7000-8000-000084000401"
    method: "PATCH"
    status: 403
    duration_ms: 1
[2026-09-28 01:27:35.115 -0300] INFO (13647): request completed
    route: "/v1/dashboard/bi-panels/00000000-0000-7000-8000-000084000401/publish"
    method: "POST"
    status: 403
    duration_ms: 0
[2026-09-28 01:27:35.116 -0300] INFO (13647): request completed
    route: "/v1/dashboard/bi-panels"
    method: "POST"
    status: 403
    duration_ms: 1
[2026-09-28 01:27:35.116 -0300] INFO (13647): request completed
    route: "/v1/dashboard/bi-panels/00000000-0000-7000-8000-000084000401"
    method: "PATCH"
    status: 403
    duration_ms: 0
[2026-09-28 01:27:35.117 -0300] INFO (13647): request completed
    route: "/v1/dashboard/bi-panels/00000000-0000-7000-8000-000084000401/publish"
    method: "POST"
    status: 403
    duration_ms: 0
[2026-09-28 01:27:35.130 -0300] INFO (13647): request completed
    route: "/v1/dashboard/bi-panels"
    method: "POST"
    status: 400
    duration_ms: 13
[2026-09-28 01:27:35.147 -0300] INFO (13647): request completed
    route: "/v1/dashboard/bi-panels/00000000-0000-7000-8000-000084000401"
    method: "PATCH"
    status: 428
    duration_ms: 16
[2026-09-28 01:27:35.163 -0300] INFO (13647): request completed
    route: "/v1/dashboard/bi-panels/00000000-0000-7000-8000-000084000401/publish"
    method: "POST"
    status: 428
    duration_ms: 15
[2026-09-28 01:27:35.176 -0300] INFO (13647): request completed
    route: "/v1/dashboard/bi-panels"
    method: "POST"
    status: 400
    duration_ms: 12
[2026-09-28 01:27:35.190 -0300] INFO (13647): request completed
    route: "/v1/dashboard/bi-panels/00000000-0000-7000-8000-000084000401"
    method: "PATCH"
    status: 428
    duration_ms: 13
[2026-09-28 01:27:35.204 -0300] INFO (13647): request completed
    route: "/v1/dashboard/bi-panels/00000000-0000-7000-8000-000084000401/publish"
    method: "POST"
    status: 428
    duration_ms: 13
[2026-09-28 01:27:35.216 -0300] INFO (13647): request completed
    route: "/v1/dashboard/bi-panels"
    method: "POST"
    status: 400
    duration_ms: 11
[2026-09-28 01:27:35.230 -0300] INFO (13647): request completed
    route: "/v1/dashboard/bi-panels/00000000-0000-7000-8000-000084000401"
    method: "PATCH"
    status: 428
    duration_ms: 13
[2026-09-28 01:27:35.245 -0300] INFO (13647): request completed
    route: "/v1/dashboard/bi-panels/00000000-0000-7000-8000-000084000401/publish"
    method: "POST"
    status: 428
    duration_ms: 14
[2026-09-28 01:27:35.246 -0300] INFO (13647): request completed
    route: "/v1/dashboard/bi-panels"
    method: "POST"
    status: 403
    duration_ms: 0
[2026-09-28 01:27:35.247 -0300] INFO (13647): request completed
    route: "/v1/dashboard/bi-panels/00000000-0000-7000-8000-000084000401"
    method: "PATCH"
    status: 403
    duration_ms: 1
[2026-09-28 01:27:35.247 -0300] INFO (13647): request completed
    route: "/v1/dashboard/bi-panels/00000000-0000-7000-8000-000084000401/publish"
    method: "POST"
    status: 403
    duration_ms: 0
[2026-09-28 01:27:35.248 -0300] INFO (13647): request completed
    route: "/v1/dashboard/bi-panels"
    method: "POST"
    status: 403
    duration_ms: 1
[2026-09-28 01:27:35.248 -0300] INFO (13647): request completed
    route: "/v1/dashboard/bi-panels/00000000-0000-7000-8000-000084000401"
    method: "PATCH"
    status: 403
    duration_ms: 0
[2026-09-28 01:27:35.248 -0300] INFO (13647): request completed
    route: "/v1/dashboard/bi-panels/00000000-0000-7000-8000-000084000401/publish"
    method: "POST"
    status: 403
    duration_ms: 0
[2026-09-28 01:27:35.249 -0300] INFO (13647): request completed
    route: "/v1/dashboard/bi-panels"
    method: "POST"
    status: 403
    duration_ms: 0
[2026-09-28 01:27:35.249 -0300] INFO (13647): request completed
    route: "/v1/dashboard/bi-panels/00000000-0000-7000-8000-000084000401"
    method: "PATCH"
    status: 403
    duration_ms: 0
[2026-09-28 01:27:35.250 -0300] INFO (13647): request completed
    route: "/v1/dashboard/bi-panels/00000000-0000-7000-8000-000084000401/publish"
    method: "POST"
    status: 403
    duration_ms: 0
[2026-09-28 01:27:35.250 -0300] INFO (13647): request completed
    route: "/v1/dashboard/bi-panels"
    method: "POST"
    status: 403
    duration_ms: 0
[2026-09-28 01:27:35.251 -0300] INFO (13647): request completed
    route: "/v1/dashboard/bi-panels/00000000-0000-7000-8000-000084000401"
    method: "PATCH"
    status: 403
    duration_ms: 0
[2026-09-28 01:27:35.251 -0300] INFO (13647): request completed
    route: "/v1/dashboard/bi-panels/00000000-0000-7000-8000-000084000401/publish"
    method: "POST"
    status: 403
    duration_ms: 0
[2026-09-28 01:27:35.252 -0300] INFO (13647): request completed
    route: "/v1/dashboard/bi-panels"
    method: "POST"
    status: 403
    duration_ms: 1
[2026-09-28 01:27:35.252 -0300] INFO (13647): request completed
    route: "/v1/dashboard/bi-panels/00000000-0000-7000-8000-000084000401"
    method: "PATCH"
    status: 403
    duration_ms: 0
[2026-09-28 01:27:35.252 -0300] INFO (13647): request completed
    route: "/v1/dashboard/bi-panels/00000000-0000-7000-8000-000084000401/publish"
    method: "POST"
    status: 403
    duration_ms: 0
[2026-09-28 01:27:35.253 -0300] INFO (13647): request completed
    route: "/v1/dashboard/bi-panels"
    method: "POST"
    status: 403
    duration_ms: 0
[2026-09-28 01:27:35.253 -0300] INFO (13647): request completed
    route: "/v1/dashboard/bi-panels/00000000-0000-7000-8000-000084000401"
    method: "PATCH"
    status: 403
    duration_ms: 0
[2026-09-28 01:27:35.254 -0300] INFO (13647): request completed
    route: "/v1/dashboard/bi-panels/00000000-0000-7000-8000-000084000401/publish"
    method: "POST"
    status: 403
    duration_ms: 0
[2026-09-28 01:27:35.254 -0300] INFO (13647): request completed
    route: "/v1/dashboard/bi-panels"
    method: "POST"
    status: 403
    duration_ms: 0
[2026-09-28 01:27:35.255 -0300] INFO (13647): request completed
    route: "/v1/dashboard/bi-panels/00000000-0000-7000-8000-000084000401"
    method: "PATCH"
    status: 403
    duration_ms: 0
[2026-09-28 01:27:35.255 -0300] INFO (13647): request completed
    route: "/v1/dashboard/bi-panels/00000000-0000-7000-8000-000084000401/publish"
    method: "POST"
    status: 403
    duration_ms: 0
[2026-09-28 01:27:35.256 -0300] INFO (13647): request completed
    route: "/v1/dashboard/bi-panels"
    method: "POST"
    status: 403
    duration_ms: 1
[2026-09-28 01:27:35.256 -0300] INFO (13647): request completed
    route: "/v1/dashboard/bi-panels/00000000-0000-7000-8000-000084000401"
    method: "PATCH"
    status: 403
    duration_ms: 0
[2026-09-28 01:27:35.256 -0300] INFO (13647): request completed
    route: "/v1/dashboard/bi-panels/00000000-0000-7000-8000-000084000401/publish"
    method: "POST"
    status: 403
    duration_ms: 0
[2026-09-28 01:27:35.257 -0300] INFO (13647): request completed
    route: "/v1/dashboard/bi-panels"
    method: "POST"
    status: 403
    duration_ms: 0
[2026-09-28 01:27:35.257 -0300] INFO (13647): request completed
    route: "/v1/dashboard/bi-panels/00000000-0000-7000-8000-000084000401"
    method: "PATCH"
    status: 403
    duration_ms: 0
[2026-09-28 01:27:35.258 -0300] INFO (13647): request completed
    route: "/v1/dashboard/bi-panels/00000000-0000-7000-8000-000084000401/publish"
    method: "POST"
    status: 403
    duration_ms: 0
[2026-09-28 01:27:35.258 -0300] INFO (13647): request completed
    route: "/v1/dashboard/bi-panels"
    method: "POST"
    status: 403
    duration_ms: 0
[2026-09-28 01:27:35.258 -0300] INFO (13647): request completed
    route: "/v1/dashboard/bi-panels/00000000-0000-7000-8000-000084000401"
    method: "PATCH"
    status: 403
    duration_ms: 0
[2026-09-28 01:27:35.261 -0300] INFO (13647): request completed
    route: "/v1/dashboard/bi-panels/00000000-0000-7000-8000-000084000401/publish"
    method: "POST"
    status: 403
    duration_ms: 0
[2026-09-28 01:27:35.262 -0300] INFO (13647): request completed
    route: "/v1/dashboard/bi-panels"
    method: "POST"
    status: 403
    duration_ms: 0
[2026-09-28 01:27:35.262 -0300] INFO (13647): request completed
    route: "/v1/dashboard/bi-panels/00000000-0000-7000-8000-000084000401"
    method: "PATCH"
    status: 403
    duration_ms: 0
[2026-09-28 01:27:35.263 -0300] INFO (13647): request completed
    route: "/v1/dashboard/bi-panels/00000000-0000-7000-8000-000084000401/publish"
    method: "POST"
    status: 403
    duration_ms: 0
[2026-09-28 01:27:35.263 -0300] INFO (13647): request completed
    route: "/v1/dashboard/bi-panels"
    method: "POST"
    status: 403
    duration_ms: 0
[2026-09-28 01:27:35.264 -0300] INFO (13647): request completed
    route: "/v1/dashboard/bi-panels/00000000-0000-7000-8000-000084000401"
    method: "PATCH"
    status: 403
    duration_ms: 0
[2026-09-28 01:27:35.264 -0300] INFO (13647): request completed
    route: "/v1/dashboard/bi-panels/00000000-0000-7000-8000-000084000401/publish"
    method: "POST"
    status: 403
    duration_ms: 0
[2026-09-28 01:27:35.265 -0300] INFO (13647): request completed
    route: "/v1/dashboard/bi-panels"
    method: "POST"
    status: 403
    duration_ms: 1
[2026-09-28 01:27:35.265 -0300] INFO (13647): request completed
    route: "/v1/dashboard/bi-panels/00000000-0000-7000-8000-000084000401"
    method: "PATCH"
    status: 403
    duration_ms: 0
[2026-09-28 01:27:35.265 -0300] INFO (13647): request completed
    route: "/v1/dashboard/bi-panels/00000000-0000-7000-8000-000084000401/publish"
    method: "POST"
    status: 403
    duration_ms: 0
[2026-09-28 01:27:35.266 -0300] INFO (13647): request completed
    route: "/v1/dashboard/bi-panels"
    method: "POST"
    status: 403
    duration_ms: 0
[2026-09-28 01:27:35.266 -0300] INFO (13647): request completed
    route: "/v1/dashboard/bi-panels/00000000-0000-7000-8000-000084000401"
    method: "PATCH"
    status: 403
    duration_ms: 0
[2026-09-28 01:27:35.267 -0300] INFO (13647): request completed
    route: "/v1/dashboard/bi-panels/00000000-0000-7000-8000-000084000401/publish"
    method: "POST"
    status: 403
    duration_ms: 1
[2026-09-28 01:27:35.273 -0300] INFO (13647): request completed
    route: "/v1/dashboard/generated-reports"
    method: "GET"
    status: 200
    duration_ms: 6
[2026-09-28 01:27:35.278 -0300] INFO (13647): request completed
    route: "/v1/dashboard/generated-reports/00000000-0000-7000-8000-000084000501"
    method: "GET"
    status: 200
    duration_ms: 5
[2026-09-28 01:27:35.279 -0300] INFO (13647): request completed
    route: "/v1/dashboard/generated-reports"
    method: "GET"
    status: 403
    duration_ms: 0
[2026-09-28 01:27:35.279 -0300] INFO (13647): request completed
    route: "/v1/dashboard/generated-reports/00000000-0000-7000-8000-000084000501"
    method: "GET"
    status: 403
    duration_ms: 0
[2026-09-28 01:27:35.280 -0300] INFO (13647): request completed
    route: "/v1/dashboard/generated-reports"
    method: "GET"
    status: 403
    duration_ms: 0
[2026-09-28 01:27:35.280 -0300] INFO (13647): request completed
    route: "/v1/dashboard/generated-reports/00000000-0000-7000-8000-000084000501"
    method: "GET"
    status: 403
    duration_ms: 0
[2026-09-28 01:27:35.281 -0300] INFO (13647): request completed
    route: "/v1/dashboard/generated-reports"
    method: "GET"
    status: 403
    duration_ms: 0
[2026-09-28 01:27:35.282 -0300] INFO (13647): request completed
    route: "/v1/dashboard/generated-reports/00000000-0000-7000-8000-000084000501"
    method: "GET"
    status: 403
    duration_ms: 1
[2026-09-28 01:27:35.282 -0300] INFO (13647): request completed
    route: "/v1/dashboard/generated-reports"
    method: "GET"
    status: 403
    duration_ms: 0
[2026-09-28 01:27:35.283 -0300] INFO (13647): request completed
    route: "/v1/dashboard/generated-reports/00000000-0000-7000-8000-000084000501"
    method: "GET"
    status: 403
    duration_ms: 1
[2026-09-28 01:27:35.283 -0300] INFO (13647): request completed
    route: "/v1/dashboard/generated-reports"
    method: "GET"
    status: 403
    duration_ms: 0
[2026-09-28 01:27:35.284 -0300] INFO (13647): request completed
    route: "/v1/dashboard/generated-reports/00000000-0000-7000-8000-000084000501"
    method: "GET"
    status: 403
    duration_ms: 0
[2026-09-28 01:27:35.288 -0300] INFO (13647): request completed
    route: "/v1/dashboard/generated-reports"
    method: "GET"
    status: 200
    duration_ms: 4
[2026-09-28 01:27:35.292 -0300] INFO (13647): request completed
    route: "/v1/dashboard/generated-reports/00000000-0000-7000-8000-000084000501"
    method: "GET"
    status: 200
    duration_ms: 3
[2026-09-28 01:27:35.293 -0300] INFO (13647): request completed
    route: "/v1/dashboard/generated-reports"
    method: "GET"
    status: 403
    duration_ms: 0
[2026-09-28 01:27:35.294 -0300] INFO (13647): request completed
    route: "/v1/dashboard/generated-reports/00000000-0000-7000-8000-000084000501"
    method: "GET"
    status: 403
    duration_ms: 0
[2026-09-28 01:27:35.294 -0300] INFO (13647): request completed
    route: "/v1/dashboard/generated-reports"
    method: "GET"
    status: 403
    duration_ms: 0
[2026-09-28 01:27:35.295 -0300] INFO (13647): request completed
    route: "/v1/dashboard/generated-reports/00000000-0000-7000-8000-000084000501"
    method: "GET"
    status: 403
    duration_ms: 0
[2026-09-28 01:27:35.299 -0300] INFO (13647): request completed
    route: "/v1/dashboard/generated-reports"
    method: "GET"
    status: 200
    duration_ms: 4
[2026-09-28 01:27:35.303 -0300] INFO (13647): request completed
    route: "/v1/dashboard/generated-reports/00000000-0000-7000-8000-000084000501"
    method: "GET"
    status: 200
    duration_ms: 3
[2026-09-28 01:27:35.304 -0300] INFO (13647): request completed
    route: "/v1/dashboard/generated-reports"
    method: "GET"
    status: 403
    duration_ms: 0
[2026-09-28 01:27:35.305 -0300] INFO (13647): request completed
    route: "/v1/dashboard/generated-reports/00000000-0000-7000-8000-000084000501"
    method: "GET"
    status: 403
    duration_ms: 0
[2026-09-28 01:27:35.306 -0300] INFO (13647): request completed
    route: "/v1/dashboard/generated-reports"
    method: "GET"
    status: 403
    duration_ms: 1
[2026-09-28 01:27:35.306 -0300] INFO (13647): request completed
    route: "/v1/dashboard/generated-reports/00000000-0000-7000-8000-000084000501"
    method: "GET"
    status: 403
    duration_ms: 0
[2026-09-28 01:27:35.307 -0300] INFO (13647): request completed
    route: "/v1/dashboard/generated-reports"
    method: "GET"
    status: 403
    duration_ms: 1
[2026-09-28 01:27:35.307 -0300] INFO (13647): request completed
    route: "/v1/dashboard/generated-reports/00000000-0000-7000-8000-000084000501"
    method: "GET"
    status: 403
    duration_ms: 0
[2026-09-28 01:27:35.312 -0300] INFO (13647): request completed
    route: "/v1/dashboard/generated-reports"
    method: "GET"
    status: 200
    duration_ms: 4
[2026-09-28 01:27:35.319 -0300] INFO (13647): request completed
    route: "/v1/dashboard/generated-reports/00000000-0000-7000-8000-000084000501"
    method: "GET"
    status: 200
    duration_ms: 7
[2026-09-28 01:27:35.323 -0300] INFO (13647): request completed
    route: "/v1/dashboard/generated-reports"
    method: "GET"
    status: 403
    duration_ms: 0
[2026-09-28 01:27:35.324 -0300] INFO (13647): request completed
    route: "/v1/dashboard/generated-reports/00000000-0000-7000-8000-000084000501"
    method: "GET"
    status: 403
    duration_ms: 0
[2026-09-28 01:27:35.325 -0300] INFO (13647): request completed
    route: "/v1/dashboard/generated-reports"
    method: "GET"
    status: 403
    duration_ms: 0
[2026-09-28 01:27:35.325 -0300] INFO (13647): request completed
    route: "/v1/dashboard/generated-reports/00000000-0000-7000-8000-000084000501"
    method: "GET"
    status: 403
    duration_ms: 0
[2026-09-28 01:27:35.326 -0300] INFO (13647): request completed
    route: "/v1/dashboard/generated-reports"
    method: "GET"
    status: 403
    duration_ms: 0
[2026-09-28 01:27:35.326 -0300] INFO (13647): request completed
    route: "/v1/dashboard/generated-reports/00000000-0000-7000-8000-000084000501"
    method: "GET"
    status: 403
    duration_ms: 0
[2026-09-28 01:27:35.327 -0300] INFO (13647): request completed
    route: "/v1/dashboard/generated-reports"
    method: "GET"
    status: 403
    duration_ms: 0
[2026-09-28 01:27:35.327 -0300] INFO (13647): request completed
    route: "/v1/dashboard/generated-reports/00000000-0000-7000-8000-000084000501"
    method: "GET"
    status: 403
    duration_ms: 0
[2026-09-28 01:27:35.328 -0300] INFO (13647): request completed
    route: "/v1/dashboard/generated-reports"
    method: "GET"
    status: 403
    duration_ms: 0
[2026-09-28 01:27:35.328 -0300] INFO (13647): request completed
    route: "/v1/dashboard/generated-reports/00000000-0000-7000-8000-000084000501"
    method: "GET"
    status: 403
    duration_ms: 0
[2026-09-28 01:27:35.334 -0300] INFO (13647): request completed
    route: "/v1/dashboard/generated-reports"
    method: "GET"
    status: 200
    duration_ms: 5
[2026-09-28 01:27:35.339 -0300] INFO (13647): request completed
    route: "/v1/dashboard/generated-reports/00000000-0000-7000-8000-000084000501"
    method: "GET"
    status: 200
    duration_ms: 5
[2026-09-28 01:27:35.343 -0300] INFO (13647): request completed
    route: "/v1/dashboard/generated-reports"
    method: "GET"
    status: 200
    duration_ms: 4
[2026-09-28 01:27:35.348 -0300] INFO (13647): request completed
    route: "/v1/dashboard/generated-reports/00000000-0000-7000-8000-000084000501"
    method: "GET"
    status: 200
    duration_ms: 4
[2026-09-28 01:27:35.352 -0300] INFO (13647): request completed
    route: "/v1/dashboard/generated-reports"
    method: "GET"
    status: 200
    duration_ms: 3
[2026-09-28 01:27:35.356 -0300] INFO (13647): request completed
    route: "/v1/dashboard/generated-reports/00000000-0000-7000-8000-000084000501"
    method: "GET"
    status: 200
    duration_ms: 3
[2026-09-28 01:27:35.357 -0300] INFO (13647): request completed
    route: "/v1/dashboard/generated-reports"
    method: "GET"
    status: 403
    duration_ms: 0
[2026-09-28 01:27:35.358 -0300] INFO (13647): request completed
    route: "/v1/dashboard/generated-reports/00000000-0000-7000-8000-000084000501"
    method: "GET"
    status: 403
    duration_ms: 0
[2026-09-28 01:27:35.358 -0300] INFO (13647): request completed
    route: "/v1/dashboard/generated-reports"
    method: "GET"
    status: 403
    duration_ms: 0
[2026-09-28 01:27:35.359 -0300] INFO (13647): request completed
    route: "/v1/dashboard/generated-reports/00000000-0000-7000-8000-000084000501"
    method: "GET"
    status: 403
    duration_ms: 0
[2026-09-28 01:27:35.360 -0300] INFO (13647): request completed
    route: "/v1/dashboard/generated-reports"
    method: "GET"
    status: 403
    duration_ms: 1
[2026-09-28 01:27:35.360 -0300] INFO (13647): request completed
    route: "/v1/dashboard/generated-reports/00000000-0000-7000-8000-000084000501"
    method: "GET"
    status: 403
    duration_ms: 0
[2026-09-28 01:27:35.361 -0300] INFO (13647): request completed
    route: "/v1/dashboard/generated-reports"
    method: "GET"
    status: 403
    duration_ms: 1
[2026-09-28 01:27:35.361 -0300] INFO (13647): request completed
    route: "/v1/dashboard/generated-reports/00000000-0000-7000-8000-000084000501"
    method: "GET"
    status: 403
    duration_ms: 0
[2026-09-28 01:27:35.362 -0300] INFO (13647): request completed
    route: "/v1/dashboard/generated-reports"
    method: "GET"
    status: 403
    duration_ms: 0
[2026-09-28 01:27:35.362 -0300] INFO (13647): request completed
    route: "/v1/dashboard/generated-reports/00000000-0000-7000-8000-000084000501"
    method: "GET"
    status: 403
    duration_ms: 0
[2026-09-28 01:27:35.363 -0300] INFO (13647): request completed
    route: "/v1/dashboard/generated-reports"
    method: "GET"
    status: 403
    duration_ms: 1
[2026-09-28 01:27:35.363 -0300] INFO (13647): request completed
    route: "/v1/dashboard/generated-reports/00000000-0000-7000-8000-000084000501"
    method: "GET"
    status: 403
    duration_ms: 0
[2026-09-28 01:27:35.363 -0300] INFO (13647): request completed
    route: "/v1/dashboard/generated-reports"
    method: "GET"
    status: 403
    duration_ms: 0
[2026-09-28 01:27:35.364 -0300] INFO (13647): request completed
    route: "/v1/dashboard/generated-reports/00000000-0000-7000-8000-000084000501"
    method: "GET"
    status: 403
    duration_ms: 0
[2026-09-28 01:27:35.364 -0300] INFO (13647): request completed
    route: "/v1/dashboard/generated-reports"
    method: "GET"
    status: 403
    duration_ms: 0
[2026-09-28 01:27:35.365 -0300] INFO (13647): request completed
    route: "/v1/dashboard/generated-reports/00000000-0000-7000-8000-000084000501"
    method: "GET"
    status: 403
    duration_ms: 0
[2026-09-28 01:27:35.365 -0300] INFO (13647): request completed
    route: "/v1/dashboard/generated-reports"
    method: "GET"
    status: 403
    duration_ms: 0
[2026-09-28 01:27:35.366 -0300] INFO (13647): request completed
    route: "/v1/dashboard/generated-reports/00000000-0000-7000-8000-000084000501"
    method: "GET"
    status: 403
    duration_ms: 0
[2026-09-28 01:27:35.368 -0300] INFO (13647): request completed
    route: "/v1/dashboard/generated-reports"
    method: "GET"
    status: 403
    duration_ms: 1
[2026-09-28 01:27:35.368 -0300] INFO (13647): request completed
    route: "/v1/dashboard/generated-reports/00000000-0000-7000-8000-000084000501"
    method: "GET"
    status: 403
    duration_ms: 0
[2026-09-28 01:27:35.368 -0300] INFO (13647): request completed
    route: "/v1/dashboard/generated-reports"
    method: "GET"
    status: 403
    duration_ms: 0
[2026-09-28 01:27:35.369 -0300] INFO (13647): request completed
    route: "/v1/dashboard/generated-reports/00000000-0000-7000-8000-000084000501"
    method: "GET"
    status: 403
    duration_ms: 0
[2026-09-28 01:27:35.369 -0300] INFO (13647): request completed
    route: "/v1/dashboard/generated-reports"
    method: "GET"
    status: 403
    duration_ms: 0
[2026-09-28 01:27:35.370 -0300] INFO (13647): request completed
    route: "/v1/dashboard/generated-reports/00000000-0000-7000-8000-000084000501"
    method: "GET"
    status: 403
    duration_ms: 0
[2026-09-28 01:27:35.370 -0300] INFO (13647): request completed
    route: "/v1/dashboard/generated-reports"
    method: "GET"
    status: 403
    duration_ms: 0
[2026-09-28 01:27:35.371 -0300] INFO (13647): request completed
    route: "/v1/dashboard/generated-reports/00000000-0000-7000-8000-000084000501"
    method: "GET"
    status: 403
    duration_ms: 0
[2026-09-28 01:27:35.371 -0300] INFO (13647): request completed
    route: "/v1/dashboard/generated-reports"
    method: "GET"
    status: 403
    duration_ms: 0
[2026-09-28 01:27:35.371 -0300] INFO (13647): request completed
    route: "/v1/dashboard/generated-reports/00000000-0000-7000-8000-000084000501"
    method: "GET"
    status: 403
    duration_ms: 0
[2026-09-28 01:27:35.385 -0300] INFO (13647): request completed
    route: "/v1/dashboard/generated-reports"
    method: "POST"
    status: 400
    duration_ms: 13
[2026-09-28 01:27:35.386 -0300] INFO (13647): request completed
    route: "/v1/dashboard/generated-reports"
    method: "POST"
    status: 403
    duration_ms: 0
[2026-09-28 01:27:35.387 -0300] INFO (13647): request completed
    route: "/v1/dashboard/generated-reports"
    method: "POST"
    status: 403
    duration_ms: 0
[2026-09-28 01:27:35.387 -0300] INFO (13647): request completed
    route: "/v1/dashboard/generated-reports"
    method: "POST"
    status: 403
    duration_ms: 0
[2026-09-28 01:27:35.388 -0300] INFO (13647): request completed
    route: "/v1/dashboard/generated-reports"
    method: "POST"
    status: 403
    duration_ms: 0
[2026-09-28 01:27:35.388 -0300] INFO (13647): request completed
    route: "/v1/dashboard/generated-reports"
    method: "POST"
    status: 403
    duration_ms: 0
[2026-09-28 01:27:35.389 -0300] INFO (13647): request completed
    route: "/v1/dashboard/generated-reports"
    method: "POST"
    status: 403
    duration_ms: 0
[2026-09-28 01:27:35.390 -0300] INFO (13647): request completed
    route: "/v1/dashboard/generated-reports"
    method: "POST"
    status: 403
    duration_ms: 1
[2026-09-28 01:27:35.390 -0300] INFO (13647): request completed
    route: "/v1/dashboard/generated-reports"
    method: "POST"
    status: 403
    duration_ms: 0
[2026-09-28 01:27:35.401 -0300] INFO (13647): request completed
    route: "/v1/dashboard/generated-reports"
    method: "POST"
    status: 400
    duration_ms: 10
[2026-09-28 01:27:35.402 -0300] INFO (13647): request completed
    route: "/v1/dashboard/generated-reports"
    method: "POST"
    status: 403
    duration_ms: 0
[2026-09-28 01:27:35.403 -0300] INFO (13647): request completed
    route: "/v1/dashboard/generated-reports"
    method: "POST"
    status: 403
    duration_ms: 0
[2026-09-28 01:27:35.404 -0300] INFO (13647): request completed
    route: "/v1/dashboard/generated-reports"
    method: "POST"
    status: 403
    duration_ms: 1
[2026-09-28 01:27:35.416 -0300] INFO (13647): request completed
    route: "/v1/dashboard/generated-reports"
    method: "POST"
    status: 400
    duration_ms: 12
[2026-09-28 01:27:35.417 -0300] INFO (13647): request completed
    route: "/v1/dashboard/generated-reports"
    method: "POST"
    status: 403
    duration_ms: 1
[2026-09-28 01:27:35.417 -0300] INFO (13647): request completed
    route: "/v1/dashboard/generated-reports"
    method: "POST"
    status: 403
    duration_ms: 0
[2026-09-28 01:27:35.418 -0300] INFO (13647): request completed
    route: "/v1/dashboard/generated-reports"
    method: "POST"
    status: 403
    duration_ms: 0
[2026-09-28 01:27:35.419 -0300] INFO (13647): request completed
    route: "/v1/dashboard/generated-reports"
    method: "POST"
    status: 403
    duration_ms: 1
[2026-09-28 01:27:35.419 -0300] INFO (13647): request completed
    route: "/v1/dashboard/generated-reports"
    method: "POST"
    status: 403
    duration_ms: 0
[2026-09-28 01:27:35.431 -0300] INFO (13647): request completed
    route: "/v1/dashboard/generated-reports"
    method: "POST"
    status: 400
    duration_ms: 11
[2026-09-28 01:27:35.444 -0300] INFO (13647): request completed
    route: "/v1/dashboard/generated-reports"
    method: "POST"
    status: 400
    duration_ms: 13
[2026-09-28 01:27:35.455 -0300] INFO (13647): request completed
    route: "/v1/dashboard/generated-reports"
    method: "POST"
    status: 400
    duration_ms: 11
[2026-09-28 01:27:35.456 -0300] INFO (13647): request completed
    route: "/v1/dashboard/generated-reports"
    method: "POST"
    status: 403
    duration_ms: 0
[2026-09-28 01:27:35.457 -0300] INFO (13647): request completed
    route: "/v1/dashboard/generated-reports"
    method: "POST"
    status: 403
    duration_ms: 0
[2026-09-28 01:27:35.457 -0300] INFO (13647): request completed
    route: "/v1/dashboard/generated-reports"
    method: "POST"
    status: 403
    duration_ms: 0
[2026-09-28 01:27:35.458 -0300] INFO (13647): request completed
    route: "/v1/dashboard/generated-reports"
    method: "POST"
    status: 403
    duration_ms: 0
[2026-09-28 01:27:35.458 -0300] INFO (13647): request completed
    route: "/v1/dashboard/generated-reports"
    method: "POST"
    status: 403
    duration_ms: 0
[2026-09-28 01:27:35.459 -0300] INFO (13647): request completed
    route: "/v1/dashboard/generated-reports"
    method: "POST"
    status: 403
    duration_ms: 0
[2026-09-28 01:27:35.459 -0300] INFO (13647): request completed
    route: "/v1/dashboard/generated-reports"
    method: "POST"
    status: 403
    duration_ms: 0
[2026-09-28 01:27:35.460 -0300] INFO (13647): request completed
    route: "/v1/dashboard/generated-reports"
    method: "POST"
    status: 403
    duration_ms: 0
[2026-09-28 01:27:35.460 -0300] INFO (13647): request completed
    route: "/v1/dashboard/generated-reports"
    method: "POST"
    status: 403
    duration_ms: 0
[2026-09-28 01:27:35.461 -0300] INFO (13647): request completed
    route: "/v1/dashboard/generated-reports"
    method: "POST"
    status: 403
    duration_ms: 0
[2026-09-28 01:27:35.462 -0300] INFO (13647): request completed
    route: "/v1/dashboard/generated-reports"
    method: "POST"
    status: 403
    duration_ms: 0
[2026-09-28 01:27:35.462 -0300] INFO (13647): request completed
    route: "/v1/dashboard/generated-reports"
    method: "POST"
    status: 403
    duration_ms: 0
[2026-09-28 01:27:35.463 -0300] INFO (13647): request completed
    route: "/v1/dashboard/generated-reports"
    method: "POST"
    status: 403
    duration_ms: 0
[2026-09-28 01:27:35.463 -0300] INFO (13647): request completed
    route: "/v1/dashboard/generated-reports"
    method: "POST"
    status: 403
    duration_ms: 0
[2026-09-28 01:27:35.480 -0300] INFO (13647): request completed
    route: "/v1/dashboard/generated-reports/00000000-0000-7000-8000-000084000501/complete"
    method: "POST"
    status: 428
    duration_ms: 16
[2026-09-28 01:27:35.481 -0300] INFO (13647): request completed
    route: "/v1/dashboard/generated-reports/00000000-0000-7000-8000-000084000501/complete"
    method: "POST"
    status: 403
    duration_ms: 1
[2026-09-28 01:27:35.481 -0300] INFO (13647): request completed
    route: "/v1/dashboard/generated-reports/00000000-0000-7000-8000-000084000501/complete"
    method: "POST"
    status: 403
    duration_ms: 0
[2026-09-28 01:27:35.482 -0300] INFO (13647): request completed
    route: "/v1/dashboard/generated-reports/00000000-0000-7000-8000-000084000501/complete"
    method: "POST"
    status: 403
    duration_ms: 0
[2026-09-28 01:27:35.482 -0300] INFO (13647): request completed
    route: "/v1/dashboard/generated-reports/00000000-0000-7000-8000-000084000501/complete"
    method: "POST"
    status: 403
    duration_ms: 0
[2026-09-28 01:27:35.483 -0300] INFO (13647): request completed
    route: "/v1/dashboard/generated-reports/00000000-0000-7000-8000-000084000501/complete"
    method: "POST"
    status: 403
    duration_ms: 0
[2026-09-28 01:27:35.484 -0300] INFO (13647): request completed
    route: "/v1/dashboard/generated-reports/00000000-0000-7000-8000-000084000501/complete"
    method: "POST"
    status: 403
    duration_ms: 1
[2026-09-28 01:27:35.484 -0300] INFO (13647): request completed
    route: "/v1/dashboard/generated-reports/00000000-0000-7000-8000-000084000501/complete"
    method: "POST"
    status: 403
    duration_ms: 0
[2026-09-28 01:27:35.485 -0300] INFO (13647): request completed
    route: "/v1/dashboard/generated-reports/00000000-0000-7000-8000-000084000501/complete"
    method: "POST"
    status: 403
    duration_ms: 0
[2026-09-28 01:27:35.500 -0300] INFO (13647): request completed
    route: "/v1/dashboard/generated-reports/00000000-0000-7000-8000-000084000501/complete"
    method: "POST"
    status: 428
    duration_ms: 15
[2026-09-28 01:27:35.501 -0300] INFO (13647): request completed
    route: "/v1/dashboard/generated-reports/00000000-0000-7000-8000-000084000501/complete"
    method: "POST"
    status: 403
    duration_ms: 1
[2026-09-28 01:27:35.501 -0300] INFO (13647): request completed
    route: "/v1/dashboard/generated-reports/00000000-0000-7000-8000-000084000501/complete"
    method: "POST"
    status: 403
    duration_ms: 0
[2026-09-28 01:27:35.502 -0300] INFO (13647): request completed
    route: "/v1/dashboard/generated-reports/00000000-0000-7000-8000-000084000501/complete"
    method: "POST"
    status: 403
    duration_ms: 0
[2026-09-28 01:27:35.519 -0300] INFO (13647): request completed
    route: "/v1/dashboard/generated-reports/00000000-0000-7000-8000-000084000501/complete"
    method: "POST"
    status: 428
    duration_ms: 17
[2026-09-28 01:27:35.521 -0300] INFO (13647): request completed
    route: "/v1/dashboard/generated-reports/00000000-0000-7000-8000-000084000501/complete"
    method: "POST"
    status: 403
    duration_ms: 1
[2026-09-28 01:27:35.521 -0300] INFO (13647): request completed
    route: "/v1/dashboard/generated-reports/00000000-0000-7000-8000-000084000501/complete"
    method: "POST"
    status: 403
    duration_ms: 0
[2026-09-28 01:27:35.522 -0300] INFO (13647): request completed
    route: "/v1/dashboard/generated-reports/00000000-0000-7000-8000-000084000501/complete"
    method: "POST"
    status: 403
    duration_ms: 0
[2026-09-28 01:27:35.522 -0300] INFO (13647): request completed
    route: "/v1/dashboard/generated-reports/00000000-0000-7000-8000-000084000501/complete"
    method: "POST"
    status: 403
    duration_ms: 0
[2026-09-28 01:27:35.523 -0300] INFO (13647): request completed
    route: "/v1/dashboard/generated-reports/00000000-0000-7000-8000-000084000501/complete"
    method: "POST"
    status: 403
    duration_ms: 0
[2026-09-28 01:27:35.523 -0300] INFO (13647): request completed
    route: "/v1/dashboard/generated-reports/00000000-0000-7000-8000-000084000501/complete"
    method: "POST"
    status: 403
    duration_ms: 0
[2026-09-28 01:27:35.539 -0300] INFO (13647): request completed
    route: "/v1/dashboard/generated-reports/00000000-0000-7000-8000-000084000501/complete"
    method: "POST"
    status: 428
    duration_ms: 15
[2026-09-28 01:27:35.553 -0300] INFO (13647): request completed
    route: "/v1/dashboard/generated-reports/00000000-0000-7000-8000-000084000501/complete"
    method: "POST"
    status: 428
    duration_ms: 14
[2026-09-28 01:27:35.555 -0300] INFO (13647): request completed
    route: "/v1/dashboard/generated-reports/00000000-0000-7000-8000-000084000501/complete"
    method: "POST"
    status: 403
    duration_ms: 1
[2026-09-28 01:27:35.555 -0300] INFO (13647): request completed
    route: "/v1/dashboard/generated-reports/00000000-0000-7000-8000-000084000501/complete"
    method: "POST"
    status: 403
    duration_ms: 0
[2026-09-28 01:27:35.556 -0300] INFO (13647): request completed
    route: "/v1/dashboard/generated-reports/00000000-0000-7000-8000-000084000501/complete"
    method: "POST"
    status: 403
    duration_ms: 0
[2026-09-28 01:27:35.556 -0300] INFO (13647): request completed
    route: "/v1/dashboard/generated-reports/00000000-0000-7000-8000-000084000501/complete"
    method: "POST"
    status: 403
    duration_ms: 0
[2026-09-28 01:27:35.557 -0300] INFO (13647): request completed
    route: "/v1/dashboard/generated-reports/00000000-0000-7000-8000-000084000501/complete"
    method: "POST"
    status: 403
    duration_ms: 0
[2026-09-28 01:27:35.557 -0300] INFO (13647): request completed
    route: "/v1/dashboard/generated-reports/00000000-0000-7000-8000-000084000501/complete"
    method: "POST"
    status: 403
    duration_ms: 0
[2026-09-28 01:27:35.558 -0300] INFO (13647): request completed
    route: "/v1/dashboard/generated-reports/00000000-0000-7000-8000-000084000501/complete"
    method: "POST"
    status: 403
    duration_ms: 0
[2026-09-28 01:27:35.558 -0300] INFO (13647): request completed
    route: "/v1/dashboard/generated-reports/00000000-0000-7000-8000-000084000501/complete"
    method: "POST"
    status: 403
    duration_ms: 0
[2026-09-28 01:27:35.559 -0300] INFO (13647): request completed
    route: "/v1/dashboard/generated-reports/00000000-0000-7000-8000-000084000501/complete"
    method: "POST"
    status: 403
    duration_ms: 0
[2026-09-28 01:27:35.559 -0300] INFO (13647): request completed
    route: "/v1/dashboard/generated-reports/00000000-0000-7000-8000-000084000501/complete"
    method: "POST"
    status: 403
    duration_ms: 0
[2026-09-28 01:27:35.560 -0300] INFO (13647): request completed
    route: "/v1/dashboard/generated-reports/00000000-0000-7000-8000-000084000501/complete"
    method: "POST"
    status: 403
    duration_ms: 1
[2026-09-28 01:27:35.560 -0300] INFO (13647): request completed
    route: "/v1/dashboard/generated-reports/00000000-0000-7000-8000-000084000501/complete"
    method: "POST"
    status: 403
    duration_ms: 0
[2026-09-28 01:27:35.561 -0300] INFO (13647): request completed
    route: "/v1/dashboard/generated-reports/00000000-0000-7000-8000-000084000501/complete"
    method: "POST"
    status: 403
    duration_ms: 0
[2026-09-28 01:27:35.561 -0300] INFO (13647): request completed
    route: "/v1/dashboard/generated-reports/00000000-0000-7000-8000-000084000501/complete"
    method: "POST"
    status: 403
    duration_ms: 0
[2026-09-28 01:27:35.577 -0300] INFO (13647): request completed
    route: "/v1/dashboard/generated-reports/00000000-0000-7000-8000-000084000501/fail"
    method: "POST"
    status: 428
    duration_ms: 16
[2026-09-28 01:27:35.578 -0300] INFO (13647): request completed
    route: "/v1/dashboard/generated-reports/00000000-0000-7000-8000-000084000501/fail"
    method: "POST"
    status: 403
    duration_ms: 1
[2026-09-28 01:27:35.578 -0300] INFO (13647): request completed
    route: "/v1/dashboard/generated-reports/00000000-0000-7000-8000-000084000501/fail"
    method: "POST"
    status: 403
    duration_ms: 0
[2026-09-28 01:27:35.579 -0300] INFO (13647): request completed
    route: "/v1/dashboard/generated-reports/00000000-0000-7000-8000-000084000501/fail"
    method: "POST"
    status: 403
    duration_ms: 0
[2026-09-28 01:27:35.580 -0300] INFO (13647): request completed
    route: "/v1/dashboard/generated-reports/00000000-0000-7000-8000-000084000501/fail"
    method: "POST"
    status: 403
    duration_ms: 1
[2026-09-28 01:27:35.580 -0300] INFO (13647): request completed
    route: "/v1/dashboard/generated-reports/00000000-0000-7000-8000-000084000501/fail"
    method: "POST"
    status: 403
    duration_ms: 0
[2026-09-28 01:27:35.581 -0300] INFO (13647): request completed
    route: "/v1/dashboard/generated-reports/00000000-0000-7000-8000-000084000501/fail"
    method: "POST"
    status: 403
    duration_ms: 0
[2026-09-28 01:27:35.581 -0300] INFO (13647): request completed
    route: "/v1/dashboard/generated-reports/00000000-0000-7000-8000-000084000501/fail"
    method: "POST"
    status: 403
    duration_ms: 0
[2026-09-28 01:27:35.582 -0300] INFO (13647): request completed
    route: "/v1/dashboard/generated-reports/00000000-0000-7000-8000-000084000501/fail"
    method: "POST"
    status: 403
    duration_ms: 0
[2026-09-28 01:27:35.598 -0300] INFO (13647): request completed
    route: "/v1/dashboard/generated-reports/00000000-0000-7000-8000-000084000501/fail"
    method: "POST"
    status: 428
    duration_ms: 16
[2026-09-28 01:27:35.599 -0300] INFO (13647): request completed
    route: "/v1/dashboard/generated-reports/00000000-0000-7000-8000-000084000501/fail"
    method: "POST"
    status: 403
    duration_ms: 0
[2026-09-28 01:27:35.600 -0300] INFO (13647): request completed
    route: "/v1/dashboard/generated-reports/00000000-0000-7000-8000-000084000501/fail"
    method: "POST"
    status: 403
    duration_ms: 1
[2026-09-28 01:27:35.600 -0300] INFO (13647): request completed
    route: "/v1/dashboard/generated-reports/00000000-0000-7000-8000-000084000501/fail"
    method: "POST"
    status: 403
    duration_ms: 0
[2026-09-28 01:27:35.618 -0300] INFO (13647): request completed
    route: "/v1/dashboard/generated-reports/00000000-0000-7000-8000-000084000501/fail"
    method: "POST"
    status: 428
    duration_ms: 18
[2026-09-28 01:27:35.620 -0300] INFO (13647): request completed
    route: "/v1/dashboard/generated-reports/00000000-0000-7000-8000-000084000501/fail"
    method: "POST"
    status: 403
    duration_ms: 1
[2026-09-28 01:27:35.620 -0300] INFO (13647): request completed
    route: "/v1/dashboard/generated-reports/00000000-0000-7000-8000-000084000501/fail"
    method: "POST"
    status: 403
    duration_ms: 0
[2026-09-28 01:27:35.621 -0300] INFO (13647): request completed
    route: "/v1/dashboard/generated-reports/00000000-0000-7000-8000-000084000501/fail"
    method: "POST"
    status: 403
    duration_ms: 0
[2026-09-28 01:27:35.622 -0300] INFO (13647): request completed
    route: "/v1/dashboard/generated-reports/00000000-0000-7000-8000-000084000501/fail"
    method: "POST"
    status: 403
    duration_ms: 0
[2026-09-28 01:27:35.622 -0300] INFO (13647): request completed
    route: "/v1/dashboard/generated-reports/00000000-0000-7000-8000-000084000501/fail"
    method: "POST"
    status: 403
    duration_ms: 0
[2026-09-28 01:27:35.623 -0300] INFO (13647): request completed
    route: "/v1/dashboard/generated-reports/00000000-0000-7000-8000-000084000501/fail"
    method: "POST"
    status: 403
    duration_ms: 0
[2026-09-28 01:27:35.639 -0300] INFO (13647): request completed
    route: "/v1/dashboard/generated-reports/00000000-0000-7000-8000-000084000501/fail"
    method: "POST"
    status: 428
    duration_ms: 16
[2026-09-28 01:27:35.655 -0300] INFO (13647): request completed
    route: "/v1/dashboard/generated-reports/00000000-0000-7000-8000-000084000501/fail"
    method: "POST"
    status: 428
    duration_ms: 16
[2026-09-28 01:27:35.656 -0300] INFO (13647): request completed
    route: "/v1/dashboard/generated-reports/00000000-0000-7000-8000-000084000501/fail"
    method: "POST"
    status: 403
    duration_ms: 0
[2026-09-28 01:27:35.657 -0300] INFO (13647): request completed
    route: "/v1/dashboard/generated-reports/00000000-0000-7000-8000-000084000501/fail"
    method: "POST"
    status: 403
    duration_ms: 1
[2026-09-28 01:27:35.657 -0300] INFO (13647): request completed
    route: "/v1/dashboard/generated-reports/00000000-0000-7000-8000-000084000501/fail"
    method: "POST"
    status: 403
    duration_ms: 0
[2026-09-28 01:27:35.658 -0300] INFO (13647): request completed
    route: "/v1/dashboard/generated-reports/00000000-0000-7000-8000-000084000501/fail"
    method: "POST"
    status: 403
    duration_ms: 0
[2026-09-28 01:27:35.658 -0300] INFO (13647): request completed
    route: "/v1/dashboard/generated-reports/00000000-0000-7000-8000-000084000501/fail"
    method: "POST"
    status: 403
    duration_ms: 0
[2026-09-28 01:27:35.659 -0300] INFO (13647): request completed
    route: "/v1/dashboard/generated-reports/00000000-0000-7000-8000-000084000501/fail"
    method: "POST"
    status: 403
    duration_ms: 0
[2026-09-28 01:27:35.659 -0300] INFO (13647): request completed
    route: "/v1/dashboard/generated-reports/00000000-0000-7000-8000-000084000501/fail"
    method: "POST"
    status: 403
    duration_ms: 0
[2026-09-28 01:27:35.660 -0300] INFO (13647): request completed
    route: "/v1/dashboard/generated-reports/00000000-0000-7000-8000-000084000501/fail"
    method: "POST"
    status: 403
    duration_ms: 0
[2026-09-28 01:27:35.660 -0300] INFO (13647): request completed
    route: "/v1/dashboard/generated-reports/00000000-0000-7000-8000-000084000501/fail"
    method: "POST"
    status: 403
    duration_ms: 0
[2026-09-28 01:27:35.661 -0300] INFO (13647): request completed
    route: "/v1/dashboard/generated-reports/00000000-0000-7000-8000-000084000501/fail"
    method: "POST"
    status: 403
    duration_ms: 0
[2026-09-28 01:27:35.662 -0300] INFO (13647): request completed
    route: "/v1/dashboard/generated-reports/00000000-0000-7000-8000-000084000501/fail"
    method: "POST"
    status: 403
    duration_ms: 1
[2026-09-28 01:27:35.662 -0300] INFO (13647): request completed
    route: "/v1/dashboard/generated-reports/00000000-0000-7000-8000-000084000501/fail"
    method: "POST"
    status: 403
    duration_ms: 0
[2026-09-28 01:27:35.663 -0300] INFO (13647): request completed
    route: "/v1/dashboard/generated-reports/00000000-0000-7000-8000-000084000501/fail"
    method: "POST"
    status: 403
    duration_ms: 0
[2026-09-28 01:27:35.664 -0300] INFO (13647): request completed
    route: "/v1/dashboard/generated-reports/00000000-0000-7000-8000-000084000501/fail"
    method: "POST"
    status: 403
    duration_ms: 1
[2026-09-28 01:27:35.667 -0300] INFO (13647): request completed
    route: "/v1/dashboard/sources"
    method: "GET"
    status: 403
    duration_ms: 3
[2026-09-28 01:27:35.672 -0300] INFO (13647): request completed
    route: "/v1/dashboard/sources/00000000-0000-7000-8000-000081000401"
    method: "GET"
    status: 403
    duration_ms: 4
[2026-09-28 01:27:35.673 -0300] INFO (13647): request completed
    route: "/v1/dashboard/sources"
    method: "GET"
    status: 403
    duration_ms: 0
[2026-09-28 01:27:35.674 -0300] INFO (13647): request completed
    route: "/v1/dashboard/sources/00000000-0000-7000-8000-000081000401"
    method: "GET"
    status: 403
    duration_ms: 0
[2026-09-28 01:27:35.675 -0300] INFO (13647): request completed
    route: "/v1/dashboard/sources"
    method: "GET"
    status: 403
    duration_ms: 1
[2026-09-28 01:27:35.675 -0300] INFO (13647): request completed
    route: "/v1/dashboard/sources/00000000-0000-7000-8000-000081000401"
    method: "GET"
    status: 403
    duration_ms: 0
[2026-09-28 01:27:35.676 -0300] INFO (13647): request completed
    route: "/v1/dashboard/sources"
    method: "GET"
    status: 403
    duration_ms: 0
[2026-09-28 01:27:35.677 -0300] INFO (13647): request completed
    route: "/v1/dashboard/sources/00000000-0000-7000-8000-000081000401"
    method: "GET"
    status: 403
    duration_ms: 1
[2026-09-28 01:27:35.677 -0300] INFO (13647): request completed
    route: "/v1/dashboard/sources"
    method: "GET"
    status: 403
    duration_ms: 0
[2026-09-28 01:27:35.678 -0300] INFO (13647): request completed
    route: "/v1/dashboard/sources/00000000-0000-7000-8000-000081000401"
    method: "GET"
    status: 403
    duration_ms: 1
[2026-09-28 01:27:35.678 -0300] INFO (13647): request completed
    route: "/v1/dashboard/sources"
    method: "GET"
    status: 403
    duration_ms: 0
[2026-09-28 01:27:35.679 -0300] INFO (13647): request completed
    route: "/v1/dashboard/sources/00000000-0000-7000-8000-000081000401"
    method: "GET"
    status: 403
    duration_ms: 0
[2026-09-28 01:27:35.684 -0300] INFO (13647): request completed
    route: "/v1/dashboard/sources"
    method: "GET"
    status: 200
    duration_ms: 5
[2026-09-28 01:27:35.689 -0300] INFO (13647): request completed
    route: "/v1/dashboard/sources/00000000-0000-7000-8000-000081000401"
    method: "GET"
    status: 200
    duration_ms: 4
[2026-09-28 01:27:35.690 -0300] INFO (13647): request completed
    route: "/v1/dashboard/sources"
    method: "GET"
    status: 403
    duration_ms: 0
[2026-09-28 01:27:35.691 -0300] INFO (13647): request completed
    route: "/v1/dashboard/sources/00000000-0000-7000-8000-000081000401"
    method: "GET"
    status: 403
    duration_ms: 1
[2026-09-28 01:27:35.691 -0300] INFO (13647): request completed
    route: "/v1/dashboard/sources"
    method: "GET"
    status: 403
    duration_ms: 0
[2026-09-28 01:27:35.692 -0300] INFO (13647): request completed
    route: "/v1/dashboard/sources/00000000-0000-7000-8000-000081000401"
    method: "GET"
    status: 403
    duration_ms: 1
[2026-09-28 01:27:35.696 -0300] INFO (13647): request completed
    route: "/v1/dashboard/sources"
    method: "GET"
    status: 200
    duration_ms: 4
[2026-09-28 01:27:35.700 -0300] INFO (13647): request completed
    route: "/v1/dashboard/sources/00000000-0000-7000-8000-000081000401"
    method: "GET"
    status: 200
    duration_ms: 4
[2026-09-28 01:27:35.701 -0300] INFO (13647): request completed
    route: "/v1/dashboard/sources"
    method: "GET"
    status: 403
    duration_ms: 0
[2026-09-28 01:27:35.701 -0300] INFO (13647): request completed
    route: "/v1/dashboard/sources/00000000-0000-7000-8000-000081000401"
    method: "GET"
    status: 403
    duration_ms: 0
[2026-09-28 01:27:35.702 -0300] INFO (13647): request completed
    route: "/v1/dashboard/sources"
    method: "GET"
    status: 403
    duration_ms: 0
[2026-09-28 01:27:35.702 -0300] INFO (13647): request completed
    route: "/v1/dashboard/sources/00000000-0000-7000-8000-000081000401"
    method: "GET"
    status: 403
    duration_ms: 0
[2026-09-28 01:27:35.703 -0300] INFO (13647): request completed
    route: "/v1/dashboard/sources"
    method: "GET"
    status: 403
    duration_ms: 1
[2026-09-28 01:27:35.703 -0300] INFO (13647): request completed
    route: "/v1/dashboard/sources/00000000-0000-7000-8000-000081000401"
    method: "GET"
    status: 403
    duration_ms: 0
[2026-09-28 01:27:35.706 -0300] INFO (13647): request completed
    route: "/v1/dashboard/sources"
    method: "GET"
    status: 403
    duration_ms: 2
[2026-09-28 01:27:35.709 -0300] INFO (13647): request completed
    route: "/v1/dashboard/sources/00000000-0000-7000-8000-000081000401"
    method: "GET"
    status: 403
    duration_ms: 2
[2026-09-28 01:27:35.710 -0300] INFO (13647): request completed
    route: "/v1/dashboard/sources"
    method: "GET"
    status: 403
    duration_ms: 0
[2026-09-28 01:27:35.710 -0300] INFO (13647): request completed
    route: "/v1/dashboard/sources/00000000-0000-7000-8000-000081000401"
    method: "GET"
    status: 403
    duration_ms: 0
[2026-09-28 01:27:35.711 -0300] INFO (13647): request completed
    route: "/v1/dashboard/sources"
    method: "GET"
    status: 403
    duration_ms: 0
[2026-09-28 01:27:35.711 -0300] INFO (13647): request completed
    route: "/v1/dashboard/sources/00000000-0000-7000-8000-000081000401"
    method: "GET"
    status: 403
    duration_ms: 0
[2026-09-28 01:27:35.712 -0300] INFO (13647): request completed
    route: "/v1/dashboard/sources"
    method: "GET"
    status: 403
    duration_ms: 0
[2026-09-28 01:27:35.712 -0300] INFO (13647): request completed
    route: "/v1/dashboard/sources/00000000-0000-7000-8000-000081000401"
    method: "GET"
    status: 403
    duration_ms: 0
[2026-09-28 01:27:35.713 -0300] INFO (13647): request completed
    route: "/v1/dashboard/sources"
    method: "GET"
    status: 403
    duration_ms: 0
[2026-09-28 01:27:35.713 -0300] INFO (13647): request completed
    route: "/v1/dashboard/sources/00000000-0000-7000-8000-000081000401"
    method: "GET"
    status: 403
    duration_ms: 0
[2026-09-28 01:27:35.714 -0300] INFO (13647): request completed
    route: "/v1/dashboard/sources"
    method: "GET"
    status: 403
    duration_ms: 0
[2026-09-28 01:27:35.714 -0300] INFO (13647): request completed
    route: "/v1/dashboard/sources/00000000-0000-7000-8000-000081000401"
    method: "GET"
    status: 403
    duration_ms: 0
[2026-09-28 01:27:35.715 -0300] INFO (13647): request completed
    route: "/v1/dashboard/sources"
    method: "GET"
    status: 403
    duration_ms: 0
[2026-09-28 01:27:35.715 -0300] INFO (13647): request completed
    route: "/v1/dashboard/sources/00000000-0000-7000-8000-000081000401"
    method: "GET"
    status: 403
    duration_ms: 0
[2026-09-28 01:27:35.720 -0300] INFO (13647): request completed
    route: "/v1/dashboard/sources"
    method: "GET"
    status: 200
    duration_ms: 5
[2026-09-28 01:27:35.725 -0300] INFO (13647): request completed
    route: "/v1/dashboard/sources/00000000-0000-7000-8000-000081000401"
    method: "GET"
    status: 200
    duration_ms: 5
[2026-09-28 01:27:35.725 -0300] INFO (13647): request completed
    route: "/v1/dashboard/sources"
    method: "GET"
    status: 403
    duration_ms: 0
[2026-09-28 01:27:35.726 -0300] INFO (13647): request completed
    route: "/v1/dashboard/sources/00000000-0000-7000-8000-000081000401"
    method: "GET"
    status: 403
    duration_ms: 0
[2026-09-28 01:27:35.730 -0300] INFO (13647): request completed
    route: "/v1/dashboard/sources"
    method: "GET"
    status: 200
    duration_ms: 3
[2026-09-28 01:27:35.735 -0300] INFO (13647): request completed
    route: "/v1/dashboard/sources/00000000-0000-7000-8000-000081000401"
    method: "GET"
    status: 200
    duration_ms: 4
[2026-09-28 01:27:35.736 -0300] INFO (13647): request completed
    route: "/v1/dashboard/sources"
    method: "GET"
    status: 403
    duration_ms: 1
[2026-09-28 01:27:35.736 -0300] INFO (13647): request completed
    route: "/v1/dashboard/sources/00000000-0000-7000-8000-000081000401"
    method: "GET"
    status: 403
    duration_ms: 0
[2026-09-28 01:27:35.737 -0300] INFO (13647): request completed
    route: "/v1/dashboard/sources"
    method: "GET"
    status: 403
    duration_ms: 0
[2026-09-28 01:27:35.738 -0300] INFO (13647): request completed
    route: "/v1/dashboard/sources/00000000-0000-7000-8000-000081000401"
    method: "GET"
    status: 403
    duration_ms: 0
[2026-09-28 01:27:35.738 -0300] INFO (13647): request completed
    route: "/v1/dashboard/sources"
    method: "GET"
    status: 403
    duration_ms: 0
[2026-09-28 01:27:35.739 -0300] INFO (13647): request completed
    route: "/v1/dashboard/sources/00000000-0000-7000-8000-000081000401"
    method: "GET"
    status: 403
    duration_ms: 1
[2026-09-28 01:27:35.739 -0300] INFO (13647): request completed
    route: "/v1/dashboard/sources"
    method: "GET"
    status: 403
    duration_ms: 0
[2026-09-28 01:27:35.739 -0300] INFO (13647): request completed
    route: "/v1/dashboard/sources/00000000-0000-7000-8000-000081000401"
    method: "GET"
    status: 403
    duration_ms: 0
[2026-09-28 01:27:35.740 -0300] INFO (13647): request completed
    route: "/v1/dashboard/sources"
    method: "GET"
    status: 403
    duration_ms: 0
[2026-09-28 01:27:35.740 -0300] INFO (13647): request completed
    route: "/v1/dashboard/sources/00000000-0000-7000-8000-000081000401"
    method: "GET"
    status: 403
    duration_ms: 0
[2026-09-28 01:27:35.741 -0300] INFO (13647): request completed
    route: "/v1/dashboard/sources"
    method: "GET"
    status: 403
    duration_ms: 0
[2026-09-28 01:27:35.741 -0300] INFO (13647): request completed
    route: "/v1/dashboard/sources/00000000-0000-7000-8000-000081000401"
    method: "GET"
    status: 403
    duration_ms: 0
[2026-09-28 01:27:35.742 -0300] INFO (13647): request completed
    route: "/v1/dashboard/sources"
    method: "GET"
    status: 403
    duration_ms: 0
[2026-09-28 01:27:35.742 -0300] INFO (13647): request completed
    route: "/v1/dashboard/sources/00000000-0000-7000-8000-000081000401"
    method: "GET"
    status: 403
    duration_ms: 0
[2026-09-28 01:27:35.743 -0300] INFO (13647): request completed
    route: "/v1/dashboard/sources"
    method: "GET"
    status: 403
    duration_ms: 0
[2026-09-28 01:27:35.744 -0300] INFO (13647): request completed
    route: "/v1/dashboard/sources/00000000-0000-7000-8000-000081000401"
    method: "GET"
    status: 403
    duration_ms: 1
[2026-09-28 01:27:35.744 -0300] INFO (13647): request completed
    route: "/v1/dashboard/sources"
    method: "GET"
    status: 403
    duration_ms: 0
[2026-09-28 01:27:35.745 -0300] INFO (13647): request completed
    route: "/v1/dashboard/sources/00000000-0000-7000-8000-000081000401"
    method: "GET"
    status: 403
    duration_ms: 1
[2026-09-28 01:27:35.745 -0300] INFO (13647): request completed
    route: "/v1/dashboard/sources"
    method: "GET"
    status: 403
    duration_ms: 0
[2026-09-28 01:27:35.745 -0300] INFO (13647): request completed
    route: "/v1/dashboard/sources/00000000-0000-7000-8000-000081000401"
    method: "GET"
    status: 403
    duration_ms: 0
[2026-09-28 01:27:35.751 -0300] INFO (13647): request completed
    route: "/v1/dashboard/sources"
    method: "GET"
    status: 200
    duration_ms: 5
[2026-09-28 01:27:35.755 -0300] INFO (13647): request completed
    route: "/v1/dashboard/sources/00000000-0000-7000-8000-000081000401"
    method: "GET"
    status: 200
    duration_ms: 4
[2026-09-28 01:27:35.756 -0300] INFO (13647): request completed
    route: "/v1/dashboard/sources"
    method: "GET"
    status: 403
    duration_ms: 0
[2026-09-28 01:27:35.756 -0300] INFO (13647): request completed
    route: "/v1/dashboard/sources/00000000-0000-7000-8000-000081000401"
    method: "GET"
    status: 403
    duration_ms: 0
[2026-09-28 01:27:35.757 -0300] INFO (13647): request completed
    route: "/v1/dashboard/sources"
    method: "GET"
    status: 403
    duration_ms: 0
[2026-09-28 01:27:35.757 -0300] INFO (13647): request completed
    route: "/v1/dashboard/sources/00000000-0000-7000-8000-000081000401"
    method: "GET"
    status: 403
    duration_ms: 0
[2026-09-28 01:27:35.774 -0300] INFO (13647): request completed
    route: "/v1/dashboard/exports"
    method: "POST"
    status: 403
    duration_ms: 16
[2026-09-28 01:27:35.775 -0300] INFO (13647): request completed
    route: "/v1/dashboard/exports"
    method: "POST"
    status: 403
    duration_ms: 0
[2026-09-28 01:27:35.776 -0300] INFO (13647): request completed
    route: "/v1/dashboard/exports"
    method: "POST"
    status: 403
    duration_ms: 0
[2026-09-28 01:27:35.777 -0300] INFO (13647): request completed
    route: "/v1/dashboard/exports"
    method: "POST"
    status: 403
    duration_ms: 0
[2026-09-28 01:27:35.778 -0300] INFO (13647): request completed
    route: "/v1/dashboard/exports"
    method: "POST"
    status: 403
    duration_ms: 0
[2026-09-28 01:27:35.778 -0300] INFO (13647): request completed
    route: "/v1/dashboard/exports"
    method: "POST"
    status: 403
    duration_ms: 0
[2026-09-28 01:27:35.779 -0300] INFO (13647): request completed
    route: "/v1/dashboard/exports"
    method: "POST"
    status: 403
    duration_ms: 0
[2026-09-28 01:27:35.795 -0300] INFO (13647): request completed
    route: "/v1/dashboard/exports"
    method: "POST"
    status: 400
    duration_ms: 16
[2026-09-28 01:27:35.796 -0300] INFO (13647): request completed
    route: "/v1/dashboard/exports"
    method: "POST"
    status: 403
    duration_ms: 1
[2026-09-28 01:27:35.811 -0300] INFO (13647): request completed
    route: "/v1/dashboard/exports"
    method: "POST"
    status: 400
    duration_ms: 15
[2026-09-28 01:27:35.812 -0300] INFO (13647): request completed
    route: "/v1/dashboard/exports"
    method: "POST"
    status: 403
    duration_ms: 0
[2026-09-28 01:27:35.813 -0300] INFO (13647): request completed
    route: "/v1/dashboard/exports"
    method: "POST"
    status: 403
    duration_ms: 0
[2026-09-28 01:27:35.814 -0300] INFO (13647): request completed
    route: "/v1/dashboard/exports"
    method: "POST"
    status: 403
    duration_ms: 0
[2026-09-28 01:27:35.828 -0300] INFO (13647): request completed
    route: "/v1/dashboard/exports"
    method: "POST"
    status: 403
    duration_ms: 14
[2026-09-28 01:27:35.829 -0300] INFO (13647): request completed
    route: "/v1/dashboard/exports"
    method: "POST"
    status: 403
    duration_ms: 0
[2026-09-28 01:27:35.829 -0300] INFO (13647): request completed
    route: "/v1/dashboard/exports"
    method: "POST"
    status: 403
    duration_ms: 0
[2026-09-28 01:27:35.830 -0300] INFO (13647): request completed
    route: "/v1/dashboard/exports"
    method: "POST"
    status: 403
    duration_ms: 0
[2026-09-28 01:27:35.830 -0300] INFO (13647): request completed
    route: "/v1/dashboard/exports"
    method: "POST"
    status: 403
    duration_ms: 0
[2026-09-28 01:27:35.846 -0300] INFO (13647): request completed
    route: "/v1/dashboard/exports"
    method: "POST"
    status: 400
    duration_ms: 15
[2026-09-28 01:27:35.862 -0300] INFO (13647): request completed
    route: "/v1/dashboard/exports"
    method: "POST"
    status: 400
    duration_ms: 15
[2026-09-28 01:27:35.877 -0300] INFO (13647): request completed
    route: "/v1/dashboard/exports"
    method: "POST"
    status: 400
    duration_ms: 14
[2026-09-28 01:27:35.892 -0300] INFO (13647): request completed
    route: "/v1/dashboard/exports"
    method: "POST"
    status: 400
    duration_ms: 14
[2026-09-28 01:27:35.907 -0300] INFO (13647): request completed
    route: "/v1/dashboard/exports"
    method: "POST"
    status: 400
    duration_ms: 15
[2026-09-28 01:27:35.908 -0300] INFO (13647): request completed
    route: "/v1/dashboard/exports"
    method: "POST"
    status: 403
    duration_ms: 1
[2026-09-28 01:27:35.923 -0300] INFO (13647): request completed
    route: "/v1/dashboard/exports"
    method: "POST"
    status: 400
    duration_ms: 15
[2026-09-28 01:27:35.924 -0300] INFO (13647): request completed
    route: "/v1/dashboard/exports"
    method: "POST"
    status: 403
    duration_ms: 0
[2026-09-28 01:27:35.925 -0300] INFO (13647): request completed
    route: "/v1/dashboard/exports"
    method: "POST"
    status: 403
    duration_ms: 0
[2026-09-28 01:27:35.925 -0300] INFO (13647): request completed
    route: "/v1/dashboard/exports"
    method: "POST"
    status: 403
    duration_ms: 0
[2026-09-28 01:27:35.926 -0300] INFO (13647): request completed
    route: "/v1/dashboard/exports"
    method: "POST"
    status: 403
    duration_ms: 0
[2026-09-28 01:27:35.941 -0300] INFO (13647): request completed
    route: "/v1/dashboard/exports"
    method: "POST"
    status: 400
    duration_ms: 15
[2026-09-28 01:27:35.956 -0300] INFO (13647): request completed
    route: "/v1/dashboard/exports"
    method: "POST"
    status: 400
    duration_ms: 14
[2026-09-28 01:27:35.958 -0300] INFO (13647): request completed
    route: "/v1/dashboard/exports"
    method: "POST"
    status: 403
    duration_ms: 1
[2026-09-28 01:27:35.958 -0300] INFO (13647): request completed
    route: "/v1/dashboard/exports"
    method: "POST"
    status: 403
    duration_ms: 0
[2026-09-28 01:27:35.974 -0300] INFO (13647): request completed
    route: "/v1/dashboard/exports"
    method: "POST"
    status: 400
    duration_ms: 15
[2026-09-28 01:27:35.988 -0300] INFO (13647): request completed
    route: "/v1/dashboard/exports"
    method: "POST"
    status: 400
    duration_ms: 14
[2026-09-28 01:27:35.989 -0300] INFO (13647): request completed
    route: "/v1/dashboard/exports"
    method: "POST"
    status: 403
    duration_ms: 0
[2026-09-28 01:27:36.003 -0300] INFO (13647): request completed
    route: "/v1/dashboard/exports/00000000-0000-7000-8000-000081000501/approve"
    method: "POST"
    status: 400
    duration_ms: 13
[2026-09-28 01:27:36.004 -0300] INFO (13647): request completed
    route: "/v1/dashboard/exports/00000000-0000-7000-8000-000081000501/approve"
    method: "POST"
    status: 403
    duration_ms: 1
[2026-09-28 01:27:36.005 -0300] INFO (13647): request completed
    route: "/v1/dashboard/exports/00000000-0000-7000-8000-000081000501/approve"
    method: "POST"
    status: 403
    duration_ms: 1
[2026-09-28 01:27:36.005 -0300] INFO (13647): request completed
    route: "/v1/dashboard/exports/00000000-0000-7000-8000-000081000501/approve"
    method: "POST"
    status: 403
    duration_ms: 0
[2026-09-28 01:27:36.006 -0300] INFO (13647): request completed
    route: "/v1/dashboard/exports/00000000-0000-7000-8000-000081000501/approve"
    method: "POST"
    status: 403
    duration_ms: 0
[2026-09-28 01:27:36.007 -0300] INFO (13647): request completed
    route: "/v1/dashboard/exports/00000000-0000-7000-8000-000081000501/approve"
    method: "POST"
    status: 403
    duration_ms: 1
[2026-09-28 01:27:36.007 -0300] INFO (13647): request completed
    route: "/v1/dashboard/exports/00000000-0000-7000-8000-000081000501/approve"
    method: "POST"
    status: 403
    duration_ms: 0
[2026-09-28 01:27:36.008 -0300] INFO (13647): request completed
    route: "/v1/dashboard/exports/00000000-0000-7000-8000-000081000501/approve"
    method: "POST"
    status: 403
    duration_ms: 0
[2026-09-28 01:27:36.008 -0300] INFO (13647): request completed
    route: "/v1/dashboard/exports/00000000-0000-7000-8000-000081000501/approve"
    method: "POST"
    status: 403
    duration_ms: 0
[2026-09-28 01:27:36.022 -0300] INFO (13647): request completed
    route: "/v1/dashboard/exports/00000000-0000-7000-8000-000081000501/approve"
    method: "POST"
    status: 400
    duration_ms: 13
[2026-09-28 01:27:36.023 -0300] INFO (13647): request completed
    route: "/v1/dashboard/exports/00000000-0000-7000-8000-000081000501/approve"
    method: "POST"
    status: 403
    duration_ms: 0
[2026-09-28 01:27:36.023 -0300] INFO (13647): request completed
    route: "/v1/dashboard/exports/00000000-0000-7000-8000-000081000501/approve"
    method: "POST"
    status: 403
    duration_ms: 0
[2026-09-28 01:27:36.024 -0300] INFO (13647): request completed
    route: "/v1/dashboard/exports/00000000-0000-7000-8000-000081000501/approve"
    method: "POST"
    status: 403
    duration_ms: 0
[2026-09-28 01:27:36.035 -0300] INFO (13647): request completed
    route: "/v1/dashboard/exports/00000000-0000-7000-8000-000081000501/approve"
    method: "POST"
    status: 400
    duration_ms: 11
[2026-09-28 01:27:36.036 -0300] INFO (13647): request completed
    route: "/v1/dashboard/exports/00000000-0000-7000-8000-000081000501/approve"
    method: "POST"
    status: 403
    duration_ms: 0
[2026-09-28 01:27:36.037 -0300] INFO (13647): request completed
    route: "/v1/dashboard/exports/00000000-0000-7000-8000-000081000501/approve"
    method: "POST"
    status: 403
    duration_ms: 1
[2026-09-28 01:27:36.037 -0300] INFO (13647): request completed
    route: "/v1/dashboard/exports/00000000-0000-7000-8000-000081000501/approve"
    method: "POST"
    status: 403
    duration_ms: 0
[2026-09-28 01:27:36.038 -0300] INFO (13647): request completed
    route: "/v1/dashboard/exports/00000000-0000-7000-8000-000081000501/approve"
    method: "POST"
    status: 403
    duration_ms: 0
[2026-09-28 01:27:36.041 -0300] INFO (13647): request completed
    route: "/v1/dashboard/exports/00000000-0000-7000-8000-000081000501/approve"
    method: "POST"
    status: 403
    duration_ms: 0
[2026-09-28 01:27:36.053 -0300] INFO (13647): request completed
    route: "/v1/dashboard/exports/00000000-0000-7000-8000-000081000501/approve"
    method: "POST"
    status: 400
    duration_ms: 12
[2026-09-28 01:27:36.066 -0300] INFO (13647): request completed
    route: "/v1/dashboard/exports/00000000-0000-7000-8000-000081000501/approve"
    method: "POST"
    status: 400
    duration_ms: 12
[2026-09-28 01:27:36.067 -0300] INFO (13647): request completed
    route: "/v1/dashboard/exports/00000000-0000-7000-8000-000081000501/approve"
    method: "POST"
    status: 403
    duration_ms: 1
[2026-09-28 01:27:36.067 -0300] INFO (13647): request completed
    route: "/v1/dashboard/exports/00000000-0000-7000-8000-000081000501/approve"
    method: "POST"
    status: 403
    duration_ms: 0
[2026-09-28 01:27:36.068 -0300] INFO (13647): request completed
    route: "/v1/dashboard/exports/00000000-0000-7000-8000-000081000501/approve"
    method: "POST"
    status: 403
    duration_ms: 0
[2026-09-28 01:27:36.068 -0300] INFO (13647): request completed
    route: "/v1/dashboard/exports/00000000-0000-7000-8000-000081000501/approve"
    method: "POST"
    status: 403
    duration_ms: 0
[2026-09-28 01:27:36.069 -0300] INFO (13647): request completed
    route: "/v1/dashboard/exports/00000000-0000-7000-8000-000081000501/approve"
    method: "POST"
    status: 403
    duration_ms: 0
[2026-09-28 01:27:36.069 -0300] INFO (13647): request completed
    route: "/v1/dashboard/exports/00000000-0000-7000-8000-000081000501/approve"
    method: "POST"
    status: 403
    duration_ms: 0
[2026-09-28 01:27:36.070 -0300] INFO (13647): request completed
    route: "/v1/dashboard/exports/00000000-0000-7000-8000-000081000501/approve"
    method: "POST"
    status: 403
    duration_ms: 0
[2026-09-28 01:27:36.070 -0300] INFO (13647): request completed
    route: "/v1/dashboard/exports/00000000-0000-7000-8000-000081000501/approve"
    method: "POST"
    status: 403
    duration_ms: 0
[2026-09-28 01:27:36.071 -0300] INFO (13647): request completed
    route: "/v1/dashboard/exports/00000000-0000-7000-8000-000081000501/approve"
    method: "POST"
    status: 403
    duration_ms: 0
[2026-09-28 01:27:36.071 -0300] INFO (13647): request completed
    route: "/v1/dashboard/exports/00000000-0000-7000-8000-000081000501/approve"
    method: "POST"
    status: 403
    duration_ms: 0
[2026-09-28 01:27:36.072 -0300] INFO (13647): request completed
    route: "/v1/dashboard/exports/00000000-0000-7000-8000-000081000501/approve"
    method: "POST"
    status: 403
    duration_ms: 0
[2026-09-28 01:27:36.072 -0300] INFO (13647): request completed
    route: "/v1/dashboard/exports/00000000-0000-7000-8000-000081000501/approve"
    method: "POST"
    status: 403
    duration_ms: 0
[2026-09-28 01:27:36.073 -0300] INFO (13647): request completed
    route: "/v1/dashboard/exports/00000000-0000-7000-8000-000081000501/approve"
    method: "POST"
    status: 403
    duration_ms: 0
[2026-09-28 01:27:36.073 -0300] INFO (13647): request completed
    route: "/v1/dashboard/exports/00000000-0000-7000-8000-000081000501/approve"
    method: "POST"
    status: 403
    duration_ms: 0
[2026-09-28 01:27:36.074 -0300] INFO (13647): request completed
    route: "/v1/dashboard/exports/00000000-0000-7000-8000-000081000501/approve"
    method: "POST"
    status: 403
    duration_ms: 1
[2026-09-28 01:27:36.077 -0300] INFO (13647): request completed
    route: "/v1/dashboard/audit-trail"
    method: "GET"
    status: 403
    duration_ms: 3
[2026-09-28 01:27:36.078 -0300] INFO (13647): request completed
    route: "/v1/dashboard/audit-trail"
    method: "GET"
    status: 403
    duration_ms: 0
[2026-09-28 01:27:36.079 -0300] INFO (13647): request completed
    route: "/v1/dashboard/audit-trail"
    method: "GET"
    status: 403
    duration_ms: 0
[2026-09-28 01:27:36.080 -0300] INFO (13647): request completed
    route: "/v1/dashboard/audit-trail"
    method: "GET"
    status: 403
    duration_ms: 1
[2026-09-28 01:27:36.080 -0300] INFO (13647): request completed
    route: "/v1/dashboard/audit-trail"
    method: "GET"
    status: 403
    duration_ms: 0
[2026-09-28 01:27:36.081 -0300] INFO (13647): request completed
    route: "/v1/dashboard/audit-trail"
    method: "GET"
    status: 403
    duration_ms: 1
[2026-09-28 01:27:36.091 -0300] INFO (13647): request completed
    route: "/v1/dashboard/audit-trail"
    method: "GET"
    status: 200
    duration_ms: 10
[2026-09-28 01:27:36.098 -0300] INFO (13647): request completed
    route: "/v1/dashboard/audit-trail"
    method: "GET"
    status: 200
    duration_ms: 6
[2026-09-28 01:27:36.100 -0300] INFO (13647): request completed
    route: "/v1/dashboard/audit-trail"
    method: "GET"
    status: 403
    duration_ms: 1
[2026-09-28 01:27:36.108 -0300] INFO (13647): request completed
    route: "/v1/dashboard/audit-trail"
    method: "GET"
    status: 200
    duration_ms: 8
[2026-09-28 01:27:36.110 -0300] INFO (13647): request completed
    route: "/v1/dashboard/audit-trail"
    method: "GET"
    status: 403
    duration_ms: 1
[2026-09-28 01:27:36.110 -0300] INFO (13647): request completed
    route: "/v1/dashboard/audit-trail"
    method: "GET"
    status: 403
    duration_ms: 0
[2026-09-28 01:27:36.125 -0300] INFO (13647): request completed
    route: "/v1/dashboard/audit-trail"
    method: "GET"
    status: 200
    duration_ms: 14
[2026-09-28 01:27:36.129 -0300] INFO (13647): request completed
    route: "/v1/dashboard/audit-trail"
    method: "GET"
    status: 403
    duration_ms: 3
[2026-09-28 01:27:36.130 -0300] INFO (13647): request completed
    route: "/v1/dashboard/audit-trail"
    method: "GET"
    status: 403
    duration_ms: 0
[2026-09-28 01:27:36.131 -0300] INFO (13647): request completed
    route: "/v1/dashboard/audit-trail"
    method: "GET"
    status: 403
    duration_ms: 1
[2026-09-28 01:27:36.131 -0300] INFO (13647): request completed
    route: "/v1/dashboard/audit-trail"
    method: "GET"
    status: 403
    duration_ms: 0
[2026-09-28 01:27:36.132 -0300] INFO (13647): request completed
    route: "/v1/dashboard/audit-trail"
    method: "GET"
    status: 403
    duration_ms: 1
[2026-09-28 01:27:36.139 -0300] INFO (13647): request completed
    route: "/v1/dashboard/audit-trail"
    method: "GET"
    status: 200
    duration_ms: 7
[2026-09-28 01:27:36.145 -0300] INFO (13647): request completed
    route: "/v1/dashboard/audit-trail"
    method: "GET"
    status: 200
    duration_ms: 5
[2026-09-28 01:27:36.151 -0300] INFO (13647): request completed
    route: "/v1/dashboard/audit-trail"
    method: "GET"
    status: 200
    duration_ms: 5
[2026-09-28 01:27:36.152 -0300] INFO (13647): request completed
    route: "/v1/dashboard/audit-trail"
    method: "GET"
    status: 403
    duration_ms: 0
[2026-09-28 01:27:36.153 -0300] INFO (13647): request completed
    route: "/v1/dashboard/audit-trail"
    method: "GET"
    status: 403
    duration_ms: 1
[2026-09-28 01:27:36.153 -0300] INFO (13647): request completed
    route: "/v1/dashboard/audit-trail"
    method: "GET"
    status: 403
    duration_ms: 0
[2026-09-28 01:27:36.160 -0300] INFO (13647): request completed
    route: "/v1/dashboard/audit-trail"
    method: "GET"
    status: 200
    duration_ms: 6
[2026-09-28 01:27:36.161 -0300] INFO (13647): request completed
    route: "/v1/dashboard/audit-trail"
    method: "GET"
    status: 403
    duration_ms: 0
[2026-09-28 01:27:36.162 -0300] INFO (13647): request completed
    route: "/v1/dashboard/audit-trail"
    method: "GET"
    status: 403
    duration_ms: 0
[2026-09-28 01:27:36.163 -0300] INFO (13647): request completed
    route: "/v1/dashboard/audit-trail"
    method: "GET"
    status: 403
    duration_ms: 0
[2026-09-28 01:27:36.164 -0300] INFO (13647): request completed
    route: "/v1/dashboard/audit-trail"
    method: "GET"
    status: 403
    duration_ms: 0
[2026-09-28 01:27:36.170 -0300] INFO (13647): request completed
    route: "/v1/dashboard/audit-trail"
    method: "GET"
    status: 200
    duration_ms: 6
[2026-09-28 01:27:36.177 -0300] INFO (13647): request completed
    route: "/v1/dashboard/audit-trail"
    method: "GET"
    status: 200
    duration_ms: 6
[2026-09-28 01:27:36.177 -0300] INFO (13647): request completed
    route: "/v1/dashboard/audit-trail"
    method: "GET"
    status: 403
    duration_ms: 0
[2026-09-28 01:27:36.178 -0300] INFO (13647): request completed
    route: "/v1/dashboard/audit-trail"
    method: "GET"
    status: 403
    duration_ms: 0
[2026-09-28 01:27:36.179 -0300] INFO (13647): request completed
    route: "/v1/dashboard/audit-trail"
    method: "GET"
    status: 403
    duration_ms: 0
[2026-09-28 01:27:36.180 -0300] INFO (13647): request completed
    route: "/v1/dashboard/audit-trail"
    method: "GET"
    status: 403
    duration_ms: 0
[2026-09-28 01:27:36.180 -0300] INFO (13647): request completed
    route: "/v1/dashboard/audit-trail"
    method: "GET"
    status: 403
    duration_ms: 0
[2026-09-28 01:27:36.185 -0300] INFO (13647): request completed
    route: "/v1/dashboard/comparisons?dimension=pool"
    method: "GET"
    status: 403
    duration_ms: 4
[2026-09-28 01:27:36.186 -0300] INFO (13647): request completed
    route: "/v1/dashboard/comparisons?dimension=pool"
    method: "GET"
    status: 403
    duration_ms: 1
[2026-09-28 01:27:36.186 -0300] INFO (13647): request completed
    route: "/v1/dashboard/comparisons?dimension=pool"
    method: "GET"
    status: 403
    duration_ms: 0
[2026-09-28 01:27:36.187 -0300] INFO (13647): request completed
    route: "/v1/dashboard/comparisons?dimension=pool"
    method: "GET"
    status: 403
    duration_ms: 0
[2026-09-28 01:27:36.188 -0300] INFO (13647): request completed
    route: "/v1/dashboard/comparisons?dimension=pool"
    method: "GET"
    status: 403
    duration_ms: 1
[2026-09-28 01:27:36.188 -0300] INFO (13647): request completed
    route: "/v1/dashboard/comparisons?dimension=pool"
    method: "GET"
    status: 403
    duration_ms: 0
[2026-09-28 01:27:36.198 -0300] INFO (13647): request completed
    route: "/v1/dashboard/comparisons?dimension=pool"
    method: "GET"
    status: 200
    duration_ms: 9
[2026-09-28 01:27:36.204 -0300] INFO (13647): request completed
    route: "/v1/dashboard/comparisons?dimension=pool"
    method: "GET"
    status: 200
    duration_ms: 5
[2026-09-28 01:27:36.205 -0300] INFO (13647): request completed
    route: "/v1/dashboard/comparisons?dimension=pool"
    method: "GET"
    status: 403
    duration_ms: 0
[2026-09-28 01:27:36.210 -0300] INFO (13647): request completed
    route: "/v1/dashboard/comparisons?dimension=pool"
    method: "GET"
    status: 200
    duration_ms: 5
[2026-09-28 01:27:36.211 -0300] INFO (13647): request completed
    route: "/v1/dashboard/comparisons?dimension=pool"
    method: "GET"
    status: 403
    duration_ms: 0
[2026-09-28 01:27:36.212 -0300] INFO (13647): request completed
    route: "/v1/dashboard/comparisons?dimension=pool"
    method: "GET"
    status: 403
    duration_ms: 1
[2026-09-28 01:27:36.212 -0300] INFO (13647): request completed
    route: "/v1/dashboard/comparisons?dimension=pool"
    method: "GET"
    status: 403
    duration_ms: 0
[2026-09-28 01:27:36.215 -0300] INFO (13647): request completed
    route: "/v1/dashboard/comparisons?dimension=pool"
    method: "GET"
    status: 403
    duration_ms: 3
[2026-09-28 01:27:36.216 -0300] INFO (13647): request completed
    route: "/v1/dashboard/comparisons?dimension=pool"
    method: "GET"
    status: 403
    duration_ms: 0
[2026-09-28 01:27:36.216 -0300] INFO (13647): request completed
    route: "/v1/dashboard/comparisons?dimension=pool"
    method: "GET"
    status: 403
    duration_ms: 0
[2026-09-28 01:27:36.217 -0300] INFO (13647): request completed
    route: "/v1/dashboard/comparisons?dimension=pool"
    method: "GET"
    status: 403
    duration_ms: 0
[2026-09-28 01:27:36.217 -0300] INFO (13647): request completed
    route: "/v1/dashboard/comparisons?dimension=pool"
    method: "GET"
    status: 403
    duration_ms: 0
[2026-09-28 01:27:36.223 -0300] INFO (13647): request completed
    route: "/v1/dashboard/comparisons?dimension=pool"
    method: "GET"
    status: 200
    duration_ms: 5
[2026-09-28 01:27:36.230 -0300] INFO (13647): request completed
    route: "/v1/dashboard/comparisons?dimension=pool"
    method: "GET"
    status: 200
    duration_ms: 6
[2026-09-28 01:27:36.236 -0300] INFO (13647): request completed
    route: "/v1/dashboard/comparisons?dimension=pool"
    method: "GET"
    status: 200
    duration_ms: 6
[2026-09-28 01:27:36.241 -0300] INFO (13647): request completed
    route: "/v1/dashboard/comparisons?dimension=pool"
    method: "GET"
    status: 200
    duration_ms: 5
[2026-09-28 01:27:36.242 -0300] INFO (13647): request completed
    route: "/v1/dashboard/comparisons?dimension=pool"
    method: "GET"
    status: 403
    duration_ms: 0
[2026-09-28 01:27:36.243 -0300] INFO (13647): request completed
    route: "/v1/dashboard/comparisons?dimension=pool"
    method: "GET"
    status: 403
    duration_ms: 0
[2026-09-28 01:27:36.250 -0300] INFO (13647): request completed
    route: "/v1/dashboard/comparisons?dimension=pool"
    method: "GET"
    status: 200
    duration_ms: 6
[2026-09-28 01:27:36.251 -0300] INFO (13647): request completed
    route: "/v1/dashboard/comparisons?dimension=pool"
    method: "GET"
    status: 403
    duration_ms: 1
[2026-09-28 01:27:36.252 -0300] INFO (13647): request completed
    route: "/v1/dashboard/comparisons?dimension=pool"
    method: "GET"
    status: 403
    duration_ms: 1
[2026-09-28 01:27:36.252 -0300] INFO (13647): request completed
    route: "/v1/dashboard/comparisons?dimension=pool"
    method: "GET"
    status: 403
    duration_ms: 0
[2026-09-28 01:27:36.253 -0300] INFO (13647): request completed
    route: "/v1/dashboard/comparisons?dimension=pool"
    method: "GET"
    status: 403
    duration_ms: 0
[2026-09-28 01:27:36.259 -0300] INFO (13647): request completed
    route: "/v1/dashboard/comparisons?dimension=pool"
    method: "GET"
    status: 200
    duration_ms: 6
[2026-09-28 01:27:36.265 -0300] INFO (13647): request completed
    route: "/v1/dashboard/comparisons?dimension=pool"
    method: "GET"
    status: 200
    duration_ms: 6
[2026-09-28 01:27:36.265 -0300] INFO (13647): request completed
    route: "/v1/dashboard/comparisons?dimension=pool"
    method: "GET"
    status: 403
    duration_ms: 0
[2026-09-28 01:27:36.266 -0300] INFO (13647): request completed
    route: "/v1/dashboard/comparisons?dimension=pool"
    method: "GET"
    status: 403
    duration_ms: 0
[2026-09-28 01:27:36.267 -0300] INFO (13647): request completed
    route: "/v1/dashboard/comparisons?dimension=pool"
    method: "GET"
    status: 403
    duration_ms: 0
[2026-09-28 01:27:36.267 -0300] INFO (13647): request completed
    route: "/v1/dashboard/comparisons?dimension=pool"
    method: "GET"
    status: 403
    duration_ms: 0
[2026-09-28 01:27:36.268 -0300] INFO (13647): request completed
    route: "/v1/dashboard/comparisons?dimension=pool"
    method: "GET"
    status: 403
    duration_ms: 0
[2026-09-28 01:27:36.276 -0300] INFO (13647): request completed
    route: "/v1/dashboard/transparency/checklist"
    method: "GET"
    status: 200
    duration_ms: 8
[2026-09-28 01:27:36.277 -0300] INFO (13647): request completed
    route: "/v1/dashboard/transparency/checklist"
    method: "GET"
    status: 403
    duration_ms: 0
[2026-09-28 01:27:36.278 -0300] INFO (13647): request completed
    route: "/v1/dashboard/transparency/checklist"
    method: "GET"
    status: 403
    duration_ms: 0
[2026-09-28 01:27:36.278 -0300] INFO (13647): request completed
    route: "/v1/dashboard/transparency/checklist"
    method: "GET"
    status: 403
    duration_ms: 0
[2026-09-28 01:27:36.279 -0300] INFO (13647): request completed
    route: "/v1/dashboard/transparency/checklist"
    method: "GET"
    status: 403
    duration_ms: 0
[2026-09-28 01:27:36.280 -0300] INFO (13647): request completed
    route: "/v1/dashboard/transparency/checklist"
    method: "GET"
    status: 403
    duration_ms: 0
[2026-09-28 01:27:36.285 -0300] INFO (13647): request completed
    route: "/v1/dashboard/transparency/checklist"
    method: "GET"
    status: 200
    duration_ms: 5
[2026-09-28 01:27:36.286 -0300] INFO (13647): request completed
    route: "/v1/dashboard/transparency/checklist"
    method: "GET"
    status: 403
    duration_ms: 0
[2026-09-28 01:27:36.287 -0300] INFO (13647): request completed
    route: "/v1/dashboard/transparency/checklist"
    method: "GET"
    status: 403
    duration_ms: 0
[2026-09-28 01:27:36.293 -0300] INFO (13647): request completed
    route: "/v1/dashboard/transparency/checklist"
    method: "GET"
    status: 200
    duration_ms: 5
[2026-09-28 01:27:36.294 -0300] INFO (13647): request completed
    route: "/v1/dashboard/transparency/checklist"
    method: "GET"
    status: 403
    duration_ms: 0
[2026-09-28 01:27:36.295 -0300] INFO (13647): request completed
    route: "/v1/dashboard/transparency/checklist"
    method: "GET"
    status: 403
    duration_ms: 0
[2026-09-28 01:27:36.295 -0300] INFO (13647): request completed
    route: "/v1/dashboard/transparency/checklist"
    method: "GET"
    status: 403
    duration_ms: 0
[2026-09-28 01:27:36.304 -0300] INFO (13647): request completed
    route: "/v1/dashboard/transparency/checklist"
    method: "GET"
    status: 200
    duration_ms: 8
[2026-09-28 01:27:36.305 -0300] INFO (13647): request completed
    route: "/v1/dashboard/transparency/checklist"
    method: "GET"
    status: 403
    duration_ms: 0
[2026-09-28 01:27:36.306 -0300] INFO (13647): request completed
    route: "/v1/dashboard/transparency/checklist"
    method: "GET"
    status: 403
    duration_ms: 1
[2026-09-28 01:27:36.306 -0300] INFO (13647): request completed
    route: "/v1/dashboard/transparency/checklist"
    method: "GET"
    status: 403
    duration_ms: 0
[2026-09-28 01:27:36.307 -0300] INFO (13647): request completed
    route: "/v1/dashboard/transparency/checklist"
    method: "GET"
    status: 403
    duration_ms: 0
[2026-09-28 01:27:36.308 -0300] INFO (13647): request completed
    route: "/v1/dashboard/transparency/checklist"
    method: "GET"
    status: 403
    duration_ms: 1
[2026-09-28 01:27:36.314 -0300] INFO (13647): request completed
    route: "/v1/dashboard/transparency/checklist"
    method: "GET"
    status: 200
    duration_ms: 6
[2026-09-28 01:27:36.319 -0300] INFO (13647): request completed
    route: "/v1/dashboard/transparency/checklist"
    method: "GET"
    status: 200
    duration_ms: 5
[2026-09-28 01:27:36.320 -0300] INFO (13647): request completed
    route: "/v1/dashboard/transparency/checklist"
    method: "GET"
    status: 403
    duration_ms: 0
[2026-09-28 01:27:36.321 -0300] INFO (13647): request completed
    route: "/v1/dashboard/transparency/checklist"
    method: "GET"
    status: 403
    duration_ms: 0
[2026-09-28 01:27:36.322 -0300] INFO (13647): request completed
    route: "/v1/dashboard/transparency/checklist"
    method: "GET"
    status: 403
    duration_ms: 1
[2026-09-28 01:27:36.322 -0300] INFO (13647): request completed
    route: "/v1/dashboard/transparency/checklist"
    method: "GET"
    status: 403
    duration_ms: 0
[2026-09-28 01:27:36.323 -0300] INFO (13647): request completed
    route: "/v1/dashboard/transparency/checklist"
    method: "GET"
    status: 403
    duration_ms: 0
[2026-09-28 01:27:36.323 -0300] INFO (13647): request completed
    route: "/v1/dashboard/transparency/checklist"
    method: "GET"
    status: 403
    duration_ms: 0
[2026-09-28 01:27:36.324 -0300] INFO (13647): request completed
    route: "/v1/dashboard/transparency/checklist"
    method: "GET"
    status: 403
    duration_ms: 0
[2026-09-28 01:27:36.324 -0300] INFO (13647): request completed
    route: "/v1/dashboard/transparency/checklist"
    method: "GET"
    status: 403
    duration_ms: 0
[2026-09-28 01:27:36.325 -0300] INFO (13647): request completed
    route: "/v1/dashboard/transparency/checklist"
    method: "GET"
    status: 403
    duration_ms: 0
[2026-09-28 01:27:36.326 -0300] INFO (13647): request completed
    route: "/v1/dashboard/transparency/checklist"
    method: "GET"
    status: 403
    duration_ms: 1
[2026-09-28 01:27:36.326 -0300] INFO (13647): request completed
    route: "/v1/dashboard/transparency/checklist"
    method: "GET"
    status: 403
    duration_ms: 0
[2026-09-28 01:27:36.327 -0300] INFO (13647): request completed
    route: "/v1/dashboard/transparency/checklist"
    method: "GET"
    status: 403
    duration_ms: 1
[2026-09-28 01:27:36.327 -0300] INFO (13647): request completed
    route: "/v1/dashboard/transparency/checklist"
    method: "GET"
    status: 403
    duration_ms: 0
[2026-09-28 01:27:36.328 -0300] INFO (13647): request completed
    route: "/v1/dashboard/transparency/checklist"
    method: "GET"
    status: 403
    duration_ms: 1
[2026-09-28 01:27:36.328 -0300] INFO (13647): request completed
    route: "/v1/dashboard/transparency/checklist"
    method: "GET"
    status: 403
    duration_ms: 0
[2026-09-28 01:27:36.345 -0300] INFO (13647): request completed
    route: "/v1/dashboard/transparency/audits"
    method: "POST"
    status: 400
    duration_ms: 16
[2026-09-28 01:27:36.347 -0300] INFO (13647): request completed
    route: "/v1/dashboard/transparency/audits"
    method: "POST"
    status: 403
    duration_ms: 1
[2026-09-28 01:27:36.347 -0300] INFO (13647): request completed
    route: "/v1/dashboard/transparency/audits"
    method: "POST"
    status: 403
    duration_ms: 0
[2026-09-28 01:27:36.348 -0300] INFO (13647): request completed
    route: "/v1/dashboard/transparency/audits"
    method: "POST"
    status: 403
    duration_ms: 0
[2026-09-28 01:27:36.348 -0300] INFO (13647): request completed
    route: "/v1/dashboard/transparency/audits"
    method: "POST"
    status: 403
    duration_ms: 0
[2026-09-28 01:27:36.349 -0300] INFO (13647): request completed
    route: "/v1/dashboard/transparency/audits"
    method: "POST"
    status: 403
    duration_ms: 0
[2026-09-28 01:27:36.350 -0300] INFO (13647): request completed
    route: "/v1/dashboard/transparency/audits"
    method: "POST"
    status: 403
    duration_ms: 1
[2026-09-28 01:27:36.350 -0300] INFO (13647): request completed
    route: "/v1/dashboard/transparency/audits"
    method: "POST"
    status: 403
    duration_ms: 0
[2026-09-28 01:27:36.351 -0300] INFO (13647): request completed
    route: "/v1/dashboard/transparency/audits"
    method: "POST"
    status: 403
    duration_ms: 0
[2026-09-28 01:27:36.366 -0300] INFO (13647): request completed
    route: "/v1/dashboard/transparency/audits"
    method: "POST"
    status: 400
    duration_ms: 15
[2026-09-28 01:27:36.367 -0300] INFO (13647): request completed
    route: "/v1/dashboard/transparency/audits"
    method: "POST"
    status: 403
    duration_ms: 0
[2026-09-28 01:27:36.367 -0300] INFO (13647): request completed
    route: "/v1/dashboard/transparency/audits"
    method: "POST"
    status: 403
    duration_ms: 0
[2026-09-28 01:27:36.368 -0300] INFO (13647): request completed
    route: "/v1/dashboard/transparency/audits"
    method: "POST"
    status: 403
    duration_ms: 0
[2026-09-28 01:27:36.385 -0300] INFO (13647): request completed
    route: "/v1/dashboard/transparency/audits"
    method: "POST"
    status: 400
    duration_ms: 17
[2026-09-28 01:27:36.386 -0300] INFO (13647): request completed
    route: "/v1/dashboard/transparency/audits"
    method: "POST"
    status: 403
    duration_ms: 0
[2026-09-28 01:27:36.387 -0300] INFO (13647): request completed
    route: "/v1/dashboard/transparency/audits"
    method: "POST"
    status: 403
    duration_ms: 0
[2026-09-28 01:27:36.388 -0300] INFO (13647): request completed
    route: "/v1/dashboard/transparency/audits"
    method: "POST"
    status: 403
    duration_ms: 0
[2026-09-28 01:27:36.388 -0300] INFO (13647): request completed
    route: "/v1/dashboard/transparency/audits"
    method: "POST"
    status: 403
    duration_ms: 0
[2026-09-28 01:27:36.389 -0300] INFO (13647): request completed
    route: "/v1/dashboard/transparency/audits"
    method: "POST"
    status: 403
    duration_ms: 0
[2026-09-28 01:27:36.404 -0300] INFO (13647): request completed
    route: "/v1/dashboard/transparency/audits"
    method: "POST"
    status: 400
    duration_ms: 15
[2026-09-28 01:27:36.420 -0300] INFO (13647): request completed
    route: "/v1/dashboard/transparency/audits"
    method: "POST"
    status: 400
    duration_ms: 15
[2026-09-28 01:27:36.421 -0300] INFO (13647): request completed
    route: "/v1/dashboard/transparency/audits"
    method: "POST"
    status: 403
    duration_ms: 0
[2026-09-28 01:27:36.422 -0300] INFO (13647): request completed
    route: "/v1/dashboard/transparency/audits"
    method: "POST"
    status: 403
    duration_ms: 0
[2026-09-28 01:27:36.422 -0300] INFO (13647): request completed
    route: "/v1/dashboard/transparency/audits"
    method: "POST"
    status: 403
    duration_ms: 0
[2026-09-28 01:27:36.423 -0300] INFO (13647): request completed
    route: "/v1/dashboard/transparency/audits"
    method: "POST"
    status: 403
    duration_ms: 1
[2026-09-28 01:27:36.423 -0300] INFO (13647): request completed
    route: "/v1/dashboard/transparency/audits"
    method: "POST"
    status: 403
    duration_ms: 0
[2026-09-28 01:27:36.424 -0300] INFO (13647): request completed
    route: "/v1/dashboard/transparency/audits"
    method: "POST"
    status: 403
    duration_ms: 1
[2026-09-28 01:27:36.424 -0300] INFO (13647): request completed
    route: "/v1/dashboard/transparency/audits"
    method: "POST"
    status: 403
    duration_ms: 0
[2026-09-28 01:27:36.425 -0300] INFO (13647): request completed
    route: "/v1/dashboard/transparency/audits"
    method: "POST"
    status: 403
    duration_ms: 0
[2026-09-28 01:27:36.425 -0300] INFO (13647): request completed
    route: "/v1/dashboard/transparency/audits"
    method: "POST"
    status: 403
    duration_ms: 0
[2026-09-28 01:27:36.426 -0300] INFO (13647): request completed
    route: "/v1/dashboard/transparency/audits"
    method: "POST"
    status: 403
    duration_ms: 0
[2026-09-28 01:27:36.429 -0300] INFO (13647): request completed
    route: "/v1/dashboard/transparency/audits"
    method: "POST"
    status: 403
    duration_ms: 1
[2026-09-28 01:27:36.429 -0300] INFO (13647): request completed
    route: "/v1/dashboard/transparency/audits"
    method: "POST"
    status: 403
    duration_ms: 0
[2026-09-28 01:27:36.430 -0300] INFO (13647): request completed
    route: "/v1/dashboard/transparency/audits"
    method: "POST"
    status: 403
    duration_ms: 0
[2026-09-28 01:27:36.431 -0300] INFO (13647): request completed
    route: "/v1/dashboard/transparency/audits"
    method: "POST"
    status: 403
    duration_ms: 1
[2026-09-28 01:27:36.431 -0300] INFO (13647): request completed
    route: "/v1/dashboard/transparency/audits"
    method: "POST"
    status: 403
    duration_ms: 0
[2026-09-28 01:27:36.437 -0300] INFO (13647): request completed
    route: "/v1/dashboard/datasets"
    method: "GET"
    status: 200
    duration_ms: 6
[2026-09-28 01:27:36.448 -0300] INFO (13647): request completed
    route: "/v1/dashboard/open-data/alerts-by-severity-month"
    method: "GET"
    status: 200
    duration_ms: 10
[2026-09-28 01:27:36.453 -0300] INFO (13647): request completed
    route: "/v1/dashboard/datasets"
    method: "GET"
    status: 200
    duration_ms: 5
[2026-09-28 01:27:36.461 -0300] INFO (13647): request completed
    route: "/v1/dashboard/open-data/alerts-by-severity-month"
    method: "GET"
    status: 200
    duration_ms: 8
[2026-09-28 01:27:36.466 -0300] INFO (13647): request completed
    route: "/v1/dashboard/datasets"
    method: "GET"
    status: 200
    duration_ms: 4
[2026-09-28 01:27:36.473 -0300] INFO (13647): request completed
    route: "/v1/dashboard/open-data/alerts-by-severity-month"
    method: "GET"
    status: 200
    duration_ms: 7
[2026-09-28 01:27:36.478 -0300] INFO (13647): request completed
    route: "/v1/dashboard/datasets"
    method: "GET"
    status: 200
    duration_ms: 5
[2026-09-28 01:27:36.485 -0300] INFO (13647): request completed
    route: "/v1/dashboard/open-data/alerts-by-severity-month"
    method: "GET"
    status: 200
    duration_ms: 7
[2026-09-28 01:27:36.489 -0300] INFO (13647): request completed
    route: "/v1/dashboard/datasets"
    method: "GET"
    status: 200
    duration_ms: 4
[2026-09-28 01:27:36.495 -0300] INFO (13647): request completed
    route: "/v1/dashboard/open-data/alerts-by-severity-month"
    method: "GET"
    status: 200
    duration_ms: 6
[2026-09-28 01:27:36.501 -0300] INFO (13647): request completed
    route: "/v1/dashboard/datasets"
    method: "GET"
    status: 200
    duration_ms: 5
[2026-09-28 01:27:36.508 -0300] INFO (13647): request completed
    route: "/v1/dashboard/open-data/alerts-by-severity-month"
    method: "GET"
    status: 200
    duration_ms: 7
[2026-09-28 01:27:36.514 -0300] INFO (13647): request completed
    route: "/v1/dashboard/datasets"
    method: "GET"
    status: 200
    duration_ms: 5
[2026-09-28 01:27:36.522 -0300] INFO (13647): request completed
    route: "/v1/dashboard/open-data/alerts-by-severity-month"
    method: "GET"
    status: 200
    duration_ms: 7
[2026-09-28 01:27:36.526 -0300] INFO (13647): request completed
    route: "/v1/dashboard/datasets"
    method: "GET"
    status: 200
    duration_ms: 4
[2026-09-28 01:27:36.533 -0300] INFO (13647): request completed
    route: "/v1/dashboard/open-data/alerts-by-severity-month"
    method: "GET"
    status: 200
    duration_ms: 6
[2026-09-28 01:27:36.538 -0300] INFO (13647): request completed
    route: "/v1/dashboard/datasets"
    method: "GET"
    status: 200
    duration_ms: 4
[2026-09-28 01:27:36.545 -0300] INFO (13647): request completed
    route: "/v1/dashboard/open-data/alerts-by-severity-month"
    method: "GET"
    status: 200
    duration_ms: 6
[2026-09-28 01:27:36.550 -0300] INFO (13647): request completed
    route: "/v1/dashboard/datasets"
    method: "GET"
    status: 200
    duration_ms: 4
[2026-09-28 01:27:36.557 -0300] INFO (13647): request completed
    route: "/v1/dashboard/open-data/alerts-by-severity-month"
    method: "GET"
    status: 200
    duration_ms: 6
[2026-09-28 01:27:36.562 -0300] INFO (13647): request completed
    route: "/v1/dashboard/datasets"
    method: "GET"
    status: 200
    duration_ms: 4
[2026-09-28 01:27:36.569 -0300] INFO (13647): request completed
    route: "/v1/dashboard/open-data/alerts-by-severity-month"
    method: "GET"
    status: 200
    duration_ms: 6
[2026-09-28 01:27:36.573 -0300] INFO (13647): request completed
    route: "/v1/dashboard/datasets"
    method: "GET"
    status: 200
    duration_ms: 4
[2026-09-28 01:27:36.580 -0300] INFO (13647): request completed
    route: "/v1/dashboard/open-data/alerts-by-severity-month"
    method: "GET"
    status: 200
    duration_ms: 6
[2026-09-28 01:27:36.585 -0300] INFO (13647): request completed
    route: "/v1/dashboard/datasets"
    method: "GET"
    status: 200
    duration_ms: 4
[2026-09-28 01:27:36.592 -0300] INFO (13647): request completed
    route: "/v1/dashboard/open-data/alerts-by-severity-month"
    method: "GET"
    status: 200
    duration_ms: 7
[2026-09-28 01:27:36.597 -0300] INFO (13647): request completed
    route: "/v1/dashboard/datasets"
    method: "GET"
    status: 200
    duration_ms: 4
[2026-09-28 01:27:36.604 -0300] INFO (13647): request completed
    route: "/v1/dashboard/open-data/alerts-by-severity-month"
    method: "GET"
    status: 200
    duration_ms: 7
[2026-09-28 01:27:36.605 -0300] INFO (13647): request completed
    route: "/v1/dashboard/datasets"
    method: "GET"
    status: 403
    duration_ms: 0
[2026-09-28 01:27:36.606 -0300] INFO (13647): request completed
    route: "/v1/dashboard/open-data/alerts-by-severity-month"
    method: "GET"
    status: 403
    duration_ms: 0
[2026-09-28 01:27:36.611 -0300] INFO (13647): request completed
    route: "/v1/dashboard/datasets"
    method: "GET"
    status: 200
    duration_ms: 5
[2026-09-28 01:27:36.618 -0300] INFO (13647): request completed
    route: "/v1/dashboard/open-data/alerts-by-severity-month"
    method: "GET"
    status: 200
    duration_ms: 6
[2026-09-28 01:27:36.623 -0300] INFO (13647): request completed
    route: "/v1/dashboard/datasets"
    method: "GET"
    status: 200
    duration_ms: 4
[2026-09-28 01:27:36.631 -0300] INFO (13647): request completed
    route: "/v1/dashboard/open-data/alerts-by-severity-month"
    method: "GET"
    status: 200
    duration_ms: 7
[2026-09-28 01:27:36.635 -0300] INFO (13647): request completed
    route: "/v1/dashboard/datasets"
    method: "GET"
    status: 200
    duration_ms: 4
[2026-09-28 01:27:36.642 -0300] INFO (13647): request completed
    route: "/v1/dashboard/open-data/alerts-by-severity-month"
    method: "GET"
    status: 200
    duration_ms: 6
[2026-09-28 01:27:36.647 -0300] INFO (13647): request completed
    route: "/v1/dashboard/datasets"
    method: "GET"
    status: 200
    duration_ms: 4
[2026-09-28 01:27:36.654 -0300] INFO (13647): request completed
    route: "/v1/dashboard/open-data/alerts-by-severity-month"
    method: "GET"
    status: 200
    duration_ms: 7
[2026-09-28 01:27:36.659 -0300] INFO (13647): request completed
    route: "/v1/dashboard/datasets"
    method: "GET"
    status: 200
    duration_ms: 4
[2026-09-28 01:27:36.667 -0300] INFO (13647): request completed
    route: "/v1/dashboard/open-data/alerts-by-severity-month"
    method: "GET"
    status: 200
    duration_ms: 7
[2026-09-28 01:27:36.671 -0300] INFO (13647): request completed
    route: "/v1/dashboard/datasets"
    method: "GET"
    status: 200
    duration_ms: 4
[2026-09-28 01:27:36.678 -0300] INFO (13647): request completed
    route: "/v1/dashboard/open-data/alerts-by-severity-month"
    method: "GET"
    status: 200
    duration_ms: 6
[2026-09-28 01:27:36.683 -0300] INFO (13647): request completed
    route: "/v1/dashboard/datasets"
    method: "GET"
    status: 200
    duration_ms: 4
[2026-09-28 01:27:36.689 -0300] INFO (13647): request completed
    route: "/v1/dashboard/open-data/alerts-by-severity-month"
    method: "GET"
    status: 200
    duration_ms: 5
[2026-09-28 01:27:36.693 -0300] INFO (13647): request completed
    route: "/v1/dashboard/datasets"
    method: "GET"
    status: 200
    duration_ms: 3
[2026-09-28 01:27:36.699 -0300] INFO (13647): request completed
    route: "/v1/dashboard/open-data/alerts-by-severity-month"
    method: "GET"
    status: 200
    duration_ms: 5
[2026-09-28 01:27:36.703 -0300] INFO (13647): request completed
    route: "/v1/dashboard/datasets"
    method: "GET"
    status: 200
    duration_ms: 3
[2026-09-28 01:27:36.710 -0300] INFO (13647): request completed
    route: "/v1/dashboard/open-data/alerts-by-severity-month"
    method: "GET"
    status: 200
    duration_ms: 6
[2026-09-28 01:27:36.714 -0300] INFO (13647): request completed
    route: "/v1/dashboard/datasets"
    method: "GET"
    status: 200
    duration_ms: 4
[2026-09-28 01:27:36.720 -0300] INFO (13647): request completed
    route: "/v1/dashboard/open-data/alerts-by-severity-month"
    method: "GET"
    status: 200
    duration_ms: 5
[2026-09-28 01:27:36.724 -0300] INFO (13647): request completed
    route: "/v1/dashboard/datasets"
    method: "GET"
    status: 200
    duration_ms: 3
[2026-09-28 01:27:36.731 -0300] INFO (13647): request completed
    route: "/v1/dashboard/open-data/alerts-by-severity-month"
    method: "GET"
    status: 200
    duration_ms: 6
[2026-09-28 01:27:36.735 -0300] INFO (13647): request completed
    route: "/v1/dashboard/datasets"
    method: "GET"
    status: 200
    duration_ms: 4
[2026-09-28 01:27:36.742 -0300] INFO (13647): request completed
    route: "/v1/dashboard/open-data/alerts-by-severity-month"
    method: "GET"
    status: 200
    duration_ms: 6
[2026-09-28 01:27:36.747 -0300] INFO (13647): request completed
    route: "/v1/dashboard/datasets"
    method: "GET"
    status: 200
    duration_ms: 4
[2026-09-28 01:27:36.754 -0300] INFO (13647): request completed
    route: "/v1/dashboard/open-data/alerts-by-severity-month"
    method: "GET"
    status: 200
    duration_ms: 6
[2026-09-28 01:27:36.758 -0300] INFO (13647): request completed
    route: "/v1/dashboard/datasets"
    method: "GET"
    status: 200
    duration_ms: 4
[2026-09-28 01:27:36.765 -0300] INFO (13647): request completed
    route: "/v1/dashboard/open-data/alerts-by-severity-month"
    method: "GET"
    status: 200
    duration_ms: 7
[2026-09-28 01:27:36.771 -0300] INFO (13647): request completed
    route: "/v1/dashboard/datasets"
    method: "GET"
    status: 200
    duration_ms: 5
[2026-09-28 01:27:36.778 -0300] INFO (13647): request completed
    route: "/v1/dashboard/open-data/alerts-by-severity-month"
    method: "GET"
    status: 200
    duration_ms: 6
[2026-09-28 01:27:36.783 -0300] INFO (13647): request completed
    route: "/v1/dashboard/datasets"
    method: "GET"
    status: 200
    duration_ms: 4
[2026-09-28 01:27:36.790 -0300] INFO (13647): request completed
    route: "/v1/dashboard/open-data/alerts-by-severity-month"
    method: "GET"
    status: 200
    duration_ms: 6
[2026-09-28 01:27:36.794 -0300] INFO (13647): request completed
    route: "/v1/dashboard/datasets"
    method: "GET"
    status: 200
    duration_ms: 4
[2026-09-28 01:27:36.800 -0300] INFO (13647): request completed
    route: "/v1/dashboard/open-data/alerts-by-severity-month"
    method: "GET"
    status: 200
    duration_ms: 6
[2026-09-28 01:27:36.804 -0300] INFO (13647): request completed
    route: "/v1/dashboard/datasets"
    method: "GET"
    status: 200
    duration_ms: 3
[2026-09-28 01:27:36.811 -0300] INFO (13647): request completed
    route: "/v1/dashboard/open-data/alerts-by-severity-month"
    method: "GET"
    status: 200
    duration_ms: 6
[2026-09-28 01:27:36.816 -0300] INFO (13647): request completed
    route: "/v1/dashboard/datasets"
    method: "GET"
    status: 200
    duration_ms: 4
[2026-09-28 01:27:36.822 -0300] INFO (13647): request completed
    route: "/v1/dashboard/open-data/alerts-by-severity-month"
    method: "GET"
    status: 200
    duration_ms: 6
[2026-09-28 01:27:36.826 -0300] INFO (13647): request completed
    route: "/v1/dashboard/datasets"
    method: "GET"
    status: 200
    duration_ms: 4
[2026-09-28 01:27:36.832 -0300] INFO (13647): request completed
    route: "/v1/dashboard/open-data/alerts-by-severity-month"
    method: "GET"
    status: 200
    duration_ms: 6
[2026-09-28 01:27:36.833 -0300] INFO (13647): request completed
    route: "/v1/dashboard/datasets"
    method: "GET"
    status: 403
    duration_ms: 1
[2026-09-28 01:27:36.833 -0300] INFO (13647): request completed
    route: "/v1/dashboard/open-data/alerts-by-severity-month"
    method: "GET"
    status: 403
    duration_ms: 0
(node:13647) DeprecationWarning: Calling client.query() when the client is already executing a query is deprecated and will be removed in pg@9.0. Use async/await or an external async flow control mechanism instead.
(Use `node --trace-deprecation ...` to show where the warning was created)
[2026-09-28 01:27:36.846 -0300] INFO (13647): request completed
    route: "/v1/dashboard/kpis"
    method: "GET"
    status: 200
    duration_ms: 12
[2026-09-28 01:27:36.847 -0300] INFO (13647): request completed
    route: "/v1/dashboard/kpis"
    method: "GET"
    status: 403
    duration_ms: 0
[2026-09-28 01:27:36.848 -0300] INFO (13647): request completed
    route: "/v1/dashboard/kpis"
    method: "GET"
    status: 403
    duration_ms: 0
[2026-09-28 01:27:36.848 -0300] INFO (13647): request completed
    route: "/v1/dashboard/kpis"
    method: "GET"
    status: 403
    duration_ms: 0
[2026-09-28 01:27:36.849 -0300] INFO (13647): request completed
    route: "/v1/dashboard/kpis"
    method: "GET"
    status: 403
    duration_ms: 1
[2026-09-28 01:27:36.849 -0300] INFO (13647): request completed
    route: "/v1/dashboard/kpis"
    method: "GET"
    status: 403
    duration_ms: 0
[2026-09-28 01:27:36.858 -0300] INFO (13647): request completed
    route: "/v1/dashboard/kpis"
    method: "GET"
    status: 200
    duration_ms: 9
[2026-09-28 01:27:36.859 -0300] INFO (13647): request completed
    route: "/v1/dashboard/kpis"
    method: "GET"
    status: 403
    duration_ms: 0
[2026-09-28 01:27:36.860 -0300] INFO (13647): request completed
    route: "/v1/dashboard/kpis"
    method: "GET"
    status: 403
    duration_ms: 0
[2026-09-28 01:27:36.869 -0300] INFO (13647): request completed
    route: "/v1/dashboard/kpis"
    method: "GET"
    status: 200
    duration_ms: 9
[2026-09-28 01:27:36.870 -0300] INFO (13647): request completed
    route: "/v1/dashboard/kpis"
    method: "GET"
    status: 403
    duration_ms: 0
[2026-09-28 01:27:36.871 -0300] INFO (13647): request completed
    route: "/v1/dashboard/kpis"
    method: "GET"
    status: 403
    duration_ms: 0
[2026-09-28 01:27:36.872 -0300] INFO (13647): request completed
    route: "/v1/dashboard/kpis"
    method: "GET"
    status: 403
    duration_ms: 1
[2026-09-28 01:27:36.881 -0300] INFO (13647): request completed
    route: "/v1/dashboard/kpis"
    method: "GET"
    status: 200
    duration_ms: 9
[2026-09-28 01:27:36.882 -0300] INFO (13647): request completed
    route: "/v1/dashboard/kpis"
    method: "GET"
    status: 403
    duration_ms: 1
[2026-09-28 01:27:36.882 -0300] INFO (13647): request completed
    route: "/v1/dashboard/kpis"
    method: "GET"
    status: 403
    duration_ms: 0
[2026-09-28 01:27:36.883 -0300] INFO (13647): request completed
    route: "/v1/dashboard/kpis"
    method: "GET"
    status: 403
    duration_ms: 0
[2026-09-28 01:27:36.884 -0300] INFO (13647): request completed
    route: "/v1/dashboard/kpis"
    method: "GET"
    status: 403
    duration_ms: 1
[2026-09-28 01:27:36.884 -0300] INFO (13647): request completed
    route: "/v1/dashboard/kpis"
    method: "GET"
    status: 403
    duration_ms: 0
[2026-09-28 01:27:36.893 -0300] INFO (13647): request completed
    route: "/v1/dashboard/kpis"
    method: "GET"
    status: 200
    duration_ms: 9
[2026-09-28 01:27:36.901 -0300] INFO (13647): request completed
    route: "/v1/dashboard/kpis"
    method: "GET"
    status: 200
    duration_ms: 8
[2026-09-28 01:27:36.902 -0300] INFO (13647): request completed
    route: "/v1/dashboard/kpis"
    method: "GET"
    status: 403
    duration_ms: 0
[2026-09-28 01:27:36.903 -0300] INFO (13647): request completed
    route: "/v1/dashboard/kpis"
    method: "GET"
    status: 403
    duration_ms: 0
[2026-09-28 01:27:36.903 -0300] INFO (13647): request completed
    route: "/v1/dashboard/kpis"
    method: "GET"
    status: 403
    duration_ms: 0
[2026-09-28 01:27:36.904 -0300] INFO (13647): request completed
    route: "/v1/dashboard/kpis"
    method: "GET"
    status: 403
    duration_ms: 0
[2026-09-28 01:27:36.905 -0300] INFO (13647): request completed
    route: "/v1/dashboard/kpis"
    method: "GET"
    status: 403
    duration_ms: 1
[2026-09-28 01:27:36.905 -0300] INFO (13647): request completed
    route: "/v1/dashboard/kpis"
    method: "GET"
    status: 403
    duration_ms: 0
[2026-09-28 01:27:36.906 -0300] INFO (13647): request completed
    route: "/v1/dashboard/kpis"
    method: "GET"
    status: 403
    duration_ms: 1
[2026-09-28 01:27:36.906 -0300] INFO (13647): request completed
    route: "/v1/dashboard/kpis"
    method: "GET"
    status: 403
    duration_ms: 0
[2026-09-28 01:27:36.906 -0300] INFO (13647): request completed
    route: "/v1/dashboard/kpis"
    method: "GET"
    status: 403
    duration_ms: 0
[2026-09-28 01:27:36.907 -0300] INFO (13647): request completed
    route: "/v1/dashboard/kpis"
    method: "GET"
    status: 403
    duration_ms: 0
[2026-09-28 01:27:36.907 -0300] INFO (13647): request completed
    route: "/v1/dashboard/kpis"
    method: "GET"
    status: 403
    duration_ms: 0
[2026-09-28 01:27:36.908 -0300] INFO (13647): request completed
    route: "/v1/dashboard/kpis"
    method: "GET"
    status: 403
    duration_ms: 0
[2026-09-28 01:27:36.918 -0300] INFO (13647): request completed
    route: "/v1/dashboard/kpis"
    method: "GET"
    status: 200
    duration_ms: 10
[2026-09-28 01:27:36.919 -0300] INFO (13647): request completed
    route: "/v1/dashboard/kpis"
    method: "GET"
    status: 403
    duration_ms: 0
[2026-09-28 01:27:36.920 -0300] INFO (13647): request completed
    route: "/v1/dashboard/kpis"
    method: "GET"
    status: 403
    duration_ms: 0
[2026-09-28 01:27:38.976 -0300] INFO (13731): request completed
    route: "/v1/inf/rait/cases"
    method: "POST"
    status: 200
    duration_ms: 232
[2026-09-28 01:27:39.005 -0300] INFO (13731): request completed
    route: "/v1/inf/rait/cases"
    method: "POST"
    status: 403
    duration_ms: 5
[2026-09-28 01:27:39.032 -0300] INFO (13731): request completed
    route: "/v1/inf/rait/cases"
    method: "POST"
    status: 403
    duration_ms: 0
[2026-09-28 01:27:39.053 -0300] INFO (13731): request completed
    route: "/v1/inf/rait/cases"
    method: "POST"
    status: 403
    duration_ms: 1
[2026-09-28 01:27:39.073 -0300] INFO (13731): request completed
    route: "/v1/inf/rait/cases"
    method: "POST"
    status: 403
    duration_ms: 1
[2026-09-28 01:27:39.092 -0300] INFO (13731): request completed
    route: "/v1/inf/rait/cases"
    method: "POST"
    status: 403
    duration_ms: 0
[2026-09-28 01:27:39.115 -0300] INFO (13731): request completed
    route: "/v1/inf/rait/cases"
    method: "POST"
    status: 403
    duration_ms: 1
[2026-09-28 01:27:39.135 -0300] INFO (13731): request completed
    route: "/v1/inf/rait/cases"
    method: "POST"
    status: 403
    duration_ms: 1
[2026-09-28 01:27:39.156 -0300] INFO (13731): request completed
    route: "/v1/inf/rait/cases"
    method: "POST"
    status: 403
    duration_ms: 1
[2026-09-28 01:27:39.177 -0300] INFO (13731): request completed
    route: "/v1/inf/rait/cases"
    method: "POST"
    status: 403
    duration_ms: 1
[2026-09-28 01:27:39.196 -0300] INFO (13731): request completed
    route: "/v1/inf/rait/cases"
    method: "POST"
    status: 403
    duration_ms: 1
[2026-09-28 01:27:39.218 -0300] INFO (13731): request completed
    route: "/v1/inf/rait/cases"
    method: "POST"
    status: 403
    duration_ms: 2
[2026-09-28 01:27:39.238 -0300] INFO (13731): request completed
    route: "/v1/inf/rait/cases"
    method: "POST"
    status: 403
    duration_ms: 0
[2026-09-28 01:27:39.260 -0300] INFO (13731): request completed
    route: "/v1/inf/rait/cases"
    method: "POST"
    status: 403
    duration_ms: 2
[2026-09-28 01:27:39.281 -0300] INFO (13731): request completed
    route: "/v1/inf/rait/cases"
    method: "POST"
    status: 403
    duration_ms: 1
[2026-09-28 01:27:39.301 -0300] INFO (13731): request completed
    route: "/v1/inf/rait/cases"
    method: "POST"
    status: 403
    duration_ms: 1
[2026-09-28 01:27:39.322 -0300] INFO (13731): request completed
    route: "/v1/inf/rait/cases"
    method: "POST"
    status: 403
    duration_ms: 2
[2026-09-28 01:27:39.342 -0300] INFO (13731): request completed
    route: "/v1/inf/rait/cases"
    method: "POST"
    status: 403
    duration_ms: 1
[2026-09-28 01:27:39.361 -0300] INFO (13731): request completed
    route: "/v1/inf/rait/cases"
    method: "POST"
    status: 403
    duration_ms: 1
[2026-09-28 01:27:39.383 -0300] INFO (13731): request completed
    route: "/v1/inf/rait/cases"
    method: "POST"
    status: 403
    duration_ms: 2
[2026-09-28 01:27:39.402 -0300] INFO (13731): request completed
    route: "/v1/inf/rait/cases"
    method: "POST"
    status: 403
    duration_ms: 1
[2026-09-28 01:27:39.424 -0300] INFO (13731): request completed
    route: "/v1/inf/rait/cases"
    method: "POST"
    status: 403
    duration_ms: 2
[2026-09-28 01:27:39.444 -0300] INFO (13731): request completed
    route: "/v1/inf/rait/cases"
    method: "POST"
    status: 403
    duration_ms: 2
[2026-09-28 01:27:39.466 -0300] INFO (13731): request completed
    route: "/v1/inf/rait/cases"
    method: "POST"
    status: 403
    duration_ms: 1
[2026-09-28 01:27:39.484 -0300] INFO (13731): request completed
    route: "/v1/inf/rait/cases"
    method: "POST"
    status: 403
    duration_ms: 0
[2026-09-28 01:27:39.503 -0300] INFO (13731): request completed
    route: "/v1/inf/rait/cases"
    method: "POST"
    status: 403
    duration_ms: 0
[2026-09-28 01:27:39.525 -0300] INFO (13731): request completed
    route: "/v1/inf/rait/cases"
    method: "POST"
    status: 403
    duration_ms: 1
[2026-09-28 01:27:39.546 -0300] INFO (13731): request completed
    route: "/v1/inf/rait/cases"
    method: "POST"
    status: 403
    duration_ms: 0
[2026-09-28 01:27:39.566 -0300] INFO (13731): request completed
    route: "/v1/inf/rait/cases"
    method: "POST"
    status: 403
    duration_ms: 0
[2026-09-28 01:27:39.588 -0300] INFO (13731): request completed
    route: "/v1/inf/rait/cases"
    method: "POST"
    status: 403
    duration_ms: 1
[2026-09-28 01:27:39.607 -0300] INFO (13731): request completed
    route: "/v1/inf/rait/cases"
    method: "POST"
    status: 403
    duration_ms: 1
[2026-09-28 01:27:39.625 -0300] INFO (13731): request completed
    route: "/v1/inf/rait/cases"
    method: "POST"
    status: 403
    duration_ms: 0
[2026-09-28 01:27:39.645 -0300] INFO (13731): request completed
    route: "/v1/inf/rait/cases"
    method: "POST"
    status: 403
    duration_ms: 0
[2026-09-28 01:27:39.668 -0300] INFO (13731): request completed
    route: "/v1/inf/rait/cases"
    method: "POST"
    status: 403
    duration_ms: 0
[2026-09-28 01:27:39.690 -0300] INFO (13731): request completed
    route: "/v1/inf/rait/cases"
    method: "POST"
    status: 403
    duration_ms: 1
[2026-09-28 01:27:39.708 -0300] INFO (13731): request completed
    route: "/v1/inf/rait/cases"
    method: "POST"
    status: 403
    duration_ms: 0
[2026-09-28 01:27:39.741 -0300] INFO (13731): request completed
    route: "/v1/inf/rait/cases"
    method: "POST"
    status: 400
    duration_ms: 15
[2026-09-28 01:27:39.775 -0300] INFO (13731): request completed
    route: "/v1/inf/rait/cases"
    method: "POST"
    status: 400
    duration_ms: 14
[2026-09-28 01:27:39.809 -0300] INFO (13731): request completed
    route: "/v1/inf/rait/cases"
    method: "POST"
    status: 400
    duration_ms: 15
[2026-09-28 01:27:39.844 -0300] INFO (13731): request completed
    route: "/v1/inf/rait/cases"
    method: "POST"
    status: 400
    duration_ms: 15
[2026-09-28 01:27:39.874 -0300] INFO (13731): request completed
    route: "/v1/inf/rait/cases"
    method: "POST"
    status: 400
    duration_ms: 13
[2026-09-28 01:27:39.910 -0300] INFO (13731): request completed
    route: "/v1/inf/rait/cases"
    method: "POST"
    status: 400
    duration_ms: 15
[2026-09-28 01:27:39.944 -0300] INFO (13731): request completed
    route: "/v1/inf/rait/cases"
    method: "POST"
    status: 400
    duration_ms: 15
[2026-09-28 01:27:39.990 -0300] INFO (13731): request completed
    route: "/v1/inf/rait/cases"
    method: "POST"
    status: 403
    duration_ms: 24
[2026-09-28 01:27:40.068 -0300] INFO (13731): request completed
    route: "/v1/inf/rait/cases/00000000-0000-7000-8000-000010000002/commands/admit"
    method: "POST"
    status: 200
    duration_ms: 34
[2026-09-28 01:27:40.112 -0300] INFO (13731): request completed
    route: "/v1/inf/rait/cases/00000000-0000-7000-8000-000010000002/commands/admit"
    method: "POST"
    status: 403
    duration_ms: 0
[2026-09-28 01:27:40.170 -0300] INFO (13731): request completed
    route: "/v1/inf/rait/cases/00000000-0000-7000-8000-000010000002/commands/non-admission"
    method: "POST"
    status: 200
    duration_ms: 22
[2026-09-28 01:27:40.211 -0300] INFO (13731): request completed
    route: "/v1/inf/rait/cases/00000000-0000-7000-8000-000010000002/commands/non-admission"
    method: "POST"
    status: 403
    duration_ms: 2
[2026-09-28 01:27:40.323 -0300] INFO (13731): request completed
    route: "/v1/inf/rait/cases/00000000-0000-7000-8000-000010000005/commands/remit"
    method: "POST"
    status: 200
    duration_ms: 45
[2026-09-28 01:27:40.376 -0300] INFO (13731): request completed
    route: "/v1/inf/rait/cases/00000000-0000-7000-8000-000010000005/commands/remit"
    method: "POST"
    status: 403
    duration_ms: 1
[2026-09-28 01:27:40.434 -0300] INFO (13731): request completed
    route: "/v1/inf/rait/cases/00000000-0000-7000-8000-000010000005/commands/receive"
    method: "POST"
    status: 200
    duration_ms: 21
[2026-09-28 01:27:40.473 -0300] INFO (13731): request completed
    route: "/v1/inf/rait/cases/00000000-0000-7000-8000-000010000005/commands/receive"
    method: "POST"
    status: 403
    duration_ms: 1
[2026-09-28 01:27:40.550 -0300] INFO (13731): request completed
    route: "/v1/inf/rait/cases/00000000-0000-7000-8000-000010000007/commands/ready"
    method: "POST"
    status: 200
    duration_ms: 37
[2026-09-28 01:27:40.585 -0300] INFO (13731): request completed
    route: "/v1/inf/rait/cases/00000000-0000-7000-8000-000010000007/commands/ready"
    method: "POST"
    status: 403
    duration_ms: 0
[2026-09-28 01:27:40.664 -0300] INFO (13731): request completed
    route: "/v1/inf/rait/cases/00000000-0000-7000-8000-000010000009/commands/decide"
    method: "POST"
    status: 200
    duration_ms: 37
[2026-09-28 01:27:40.711 -0300] INFO (13731): request completed
    route: "/v1/inf/rait/cases/00000000-0000-7000-8000-000010000009/commands/decide"
    method: "POST"
    status: 403
    duration_ms: 1
[2026-09-28 01:27:40.768 -0300] INFO (13731): request completed
    route: "/v1/inf/rait/cases/00000000-0000-7000-8000-000010000009/commands/return-draft"
    method: "POST"
    status: 200
    duration_ms: 21
[2026-09-28 01:27:40.802 -0300] INFO (13731): request completed
    route: "/v1/inf/rait/cases/00000000-0000-7000-8000-000010000009/commands/return-draft"
    method: "POST"
    status: 403
    duration_ms: 1
[2026-09-28 01:27:40.865 -0300] INFO (13731): request completed
    route: "/v1/inf/rait/cases/00000000-0000-7000-8000-000010000007/commands/withdraw"
    method: "POST"
    status: 200
    duration_ms: 30
[2026-09-28 01:27:40.902 -0300] INFO (13731): request completed
    route: "/v1/inf/rait/cases/00000000-0000-7000-8000-000010000007/commands/withdraw"
    method: "POST"
    status: 403
    duration_ms: 2
[2026-09-28 01:27:40.968 -0300] INFO (13731): request completed
    route: "/v1/inf/rait/cases/00000000-0000-7000-8000-000010000002/commands/redirect"
    method: "POST"
    status: 200
    duration_ms: 31
[2026-09-28 01:27:41.017 -0300] INFO (13731): request completed
    route: "/v1/inf/rait/cases/00000000-0000-7000-8000-000010000002/commands/redirect"
    method: "POST"
    status: 403
    duration_ms: 1
[2026-09-28 01:27:41.087 -0300] INFO (13731): request completed
    route: "/v1/inf/rait/cases/00000000-0000-7000-8000-000010000001/commands/resolve-pending"
    method: "POST"
    status: 200
    duration_ms: 28
[2026-09-28 01:27:41.131 -0300] INFO (13731): request completed
    route: "/v1/inf/rait/cases/00000000-0000-7000-8000-000010000001/commands/resolve-pending"
    method: "POST"
    status: 403
    duration_ms: 0
[2026-09-28 01:27:41.209 -0300] INFO (13731): request completed
    route: "/v1/inf/rait/pools/00000000-0000-7000-8000-000020000001/claim-next"
    method: "POST"
    status: 200
    duration_ms: 35
[2026-09-28 01:27:41.266 -0300] INFO (13731): request completed
    route: "/v1/inf/rait/pools/00000000-0000-7000-8000-000020000001/claim-next"
    method: "POST"
    status: 403
    duration_ms: 1
[2026-09-28 01:27:41.324 -0300] INFO (13731): request completed
    route: "/v1/inf/rait/inquiries/00000000-0000-7000-8000-000015000001/commands/answer"
    method: "POST"
    status: 200
    duration_ms: 23
[2026-09-28 01:27:41.381 -0300] INFO (13731): request completed
    route: "/v1/inf/rait/inquiries/00000000-0000-7000-8000-000015000001/commands/answer"
    method: "POST"
    status: 200
    duration_ms: 24
[2026-09-28 01:27:41.413 -0300] INFO (13731): request completed
    route: "/v1/inf/rait/inquiries/00000000-0000-7000-8000-000015000001/commands/answer"
    method: "POST"
    status: 403
    duration_ms: 0
[2026-09-28 01:27:41.474 -0300] INFO (13731): request completed
    route: "/v1/inf/rait/inquiries/00000000-0000-7000-8000-000015000001/commands/extend"
    method: "POST"
    status: 200
    duration_ms: 29
[2026-09-28 01:27:41.548 -0300] INFO (13731): request completed
    route: "/v1/inf/rait/inquiries/00000000-0000-7000-8000-000015000001/commands/extend"
    method: "POST"
    status: 200
    duration_ms: 32
[2026-09-28 01:27:41.583 -0300] INFO (13731): request completed
    route: "/v1/inf/rait/inquiries/00000000-0000-7000-8000-000015000001/commands/extend"
    method: "POST"
    status: 403
    duration_ms: 1
[2026-09-28 01:27:41.601 -0300] INFO (13731): request completed
    route: "/v1/inf/rait/inquiries/00000000-0000-7000-8000-000015000001/commands/expire"
    method: "POST"
    status: 403
    duration_ms: 1
[2026-09-28 01:27:41.684 -0300] INFO (13731): request completed
    route: "/v1/inf/rait/cases"
    method: "POST"
    status: 200
    duration_ms: 64
[2026-09-28 01:27:41.730 -0300] INFO (13731): request completed
    route: "/v1/inf/rait/cases/2e5287f2-4987-48ab-9436-8419717ccaaa/commands/admit"
    method: "POST"
    status: 200
    duration_ms: 23
[2026-09-28 01:27:41.816 -0300] INFO (13731): request completed
    route: "/v1/inf/rait/cases"
    method: "POST"
    status: 200
    duration_ms: 64
[2026-09-28 01:27:41.858 -0300] INFO (13731): request completed
    route: "/v1/inf/rait/cases/58bbbe82-cbc8-4a91-8247-76ada8b61a6c/commands/admit"
    method: "POST"
    status: 200
    duration_ms: 22
[2026-09-28 01:27:41.947 -0300] INFO (13731): request completed
    route: "/v1/inf/rait/cases"
    method: "POST"
    status: 200
    duration_ms: 67
[2026-09-28 01:27:41.995 -0300] INFO (13731): request completed
    route: "/v1/inf/rait/cases/ab847080-5805-47a0-90db-cd7a1dd3dd1c/commands/admit"
    method: "POST"
    status: 200
    duration_ms: 25
[2026-09-28 01:27:42.082 -0300] INFO (13731): request completed
    route: "/v1/inf/rait/cases"
    method: "POST"
    status: 200
    duration_ms: 61
[2026-09-28 01:27:42.130 -0300] INFO (13731): request completed
    route: "/v1/inf/rait/cases/75d01407-d5a1-4de4-a26a-33f44f7051a7/commands/admit"
    method: "POST"
    status: 200
    duration_ms: 26
[2026-09-28 01:27:42.212 -0300] INFO (13731): request completed
    route: "/v1/inf/rait/cases"
    method: "POST"
    status: 200
    duration_ms: 61
[2026-09-28 01:27:42.253 -0300] INFO (13731): request completed
    route: "/v1/inf/rait/cases/032f6389-771e-4707-a64e-fdd973fb7365/commands/admit"
    method: "POST"
    status: 422
    duration_ms: 21
[2026-09-28 01:27:42.333 -0300] INFO (13731): request completed
    route: "/v1/inf/rait/cases"
    method: "POST"
    status: 200
    duration_ms: 60
[2026-09-28 01:27:42.377 -0300] INFO (13731): request completed
    route: "/v1/inf/rait/cases/70e9ae3f-d880-4c39-8711-96033a49008f/commands/admit"
    method: "POST"
    status: 422
    duration_ms: 21
[2026-09-28 01:27:42.452 -0300] INFO (13731): request completed
    route: "/v1/inf/rait/cases"
    method: "POST"
    status: 200
    duration_ms: 58
[2026-09-28 01:27:42.494 -0300] INFO (13731): request completed
    route: "/v1/inf/rait/cases/1e1395ac-3b2c-4922-94a0-6f0f10fb0f22/commands/admit"
    method: "POST"
    status: 422
    duration_ms: 19
[2026-09-28 01:27:42.579 -0300] INFO (13731): request completed
    route: "/v1/inf/rait/cases"
    method: "POST"
    status: 200
    duration_ms: 62
[2026-09-28 01:27:42.623 -0300] INFO (13731): request completed
    route: "/v1/inf/rait/cases/349ed4eb-5ea9-4321-840c-c5030d405a85/commands/admit"
    method: "POST"
    status: 422
    duration_ms: 18
[2026-09-28 01:27:42.706 -0300] INFO (13731): request completed
    route: "/v1/inf/rait/cases"
    method: "POST"
    status: 200
    duration_ms: 63
[2026-09-28 01:27:42.747 -0300] INFO (13731): request completed
    route: "/v1/inf/rait/cases/15c71f34-ac7c-4d7c-81bc-d6238be10072/commands/admit"
    method: "POST"
    status: 422
    duration_ms: 18
[2026-09-28 01:27:42.827 -0300] INFO (13731): request completed
    route: "/v1/inf/rait/cases"
    method: "POST"
    status: 200
    duration_ms: 61
[2026-09-28 01:27:42.869 -0300] INFO (13731): request completed
    route: "/v1/inf/rait/cases/0431c6cc-a576-4ea7-bb67-4f61b1d799cd/commands/admit"
    method: "POST"
    status: 422
    duration_ms: 18
[2026-09-28 01:27:42.949 -0300] INFO (13731): request completed
    route: "/v1/inf/rait/cases"
    method: "POST"
    status: 200
    duration_ms: 61
[2026-09-28 01:27:42.992 -0300] INFO (13731): request completed
    route: "/v1/inf/rait/cases/5dbdf4d4-4de3-4d4b-939a-f4543ee7f44e/commands/admit"
    method: "POST"
    status: 422
    duration_ms: 19
[2026-09-28 01:27:43.052 -0300] INFO (13731): request completed
    route: "/v1/inf/rait/cases/00000000-0000-7000-8000-000010000002/commands/non-admission"
    method: "POST"
    status: 200
    duration_ms: 21
[2026-09-28 01:27:43.057 -0300] INFO (13731): request completed
    route: "/v1/inf/rait/cases/00000000-0000-7000-8000-000010000002/commands/non-admission"
    method: "POST"
    status: 200
    duration_ms: 4
[2026-09-28 01:27:43.127 -0300] INFO (13731): request completed
    route: "/v1/inf/rait/cases/00000000-0000-7000-8000-000010000002/commands/non-admission"
    method: "POST"
    status: 200
    duration_ms: 22
[2026-09-28 01:27:43.178 -0300] INFO (13731): request completed
    route: "/v1/inf/rait/cases/00000000-0000-7000-8000-000010000002/commands/non-admission"
    method: "POST"
    status: 200
    duration_ms: 72
[2026-09-28 01:27:43.310 -0300] INFO (13731): request completed
    route: "/v1/inf/rait/cases/00000000-0000-7000-8000-000010000002/commands/non-admission"
    method: "POST"
    status: 500
    duration_ms: 82
[2026-09-28 01:27:43.401 -0300] INFO (13731): request completed
    route: "/v1/inf/rait/cases/00000000-0000-7000-8000-000010000005/commands/remit"
    method: "POST"
    status: 422
    duration_ms: 39
[2026-09-28 01:27:43.499 -0300] INFO (13731): request completed
    route: "/v1/inf/rait/cases/00000000-0000-7000-8000-000010000005/commands/remit"
    method: "POST"
    status: 200
    duration_ms: 41
[2026-09-28 01:27:43.574 -0300] INFO (13731): request completed
    route: "/v1/inf/rait/cases/00000000-0000-7000-8000-000010000005/commands/remit"
    method: "POST"
    status: 422
    duration_ms: 26
[2026-09-28 01:27:43.661 -0300] INFO (13731): request completed
    route: "/v1/inf/rait/cases/00000000-0000-7000-8000-000010000005/commands/remit"
    method: "POST"
    status: 422
    duration_ms: 25
[2026-09-28 01:27:43.750 -0300] INFO (13731): request completed
    route: "/v1/inf/rait/cases/00000000-0000-7000-8000-000010000005/commands/remit"
    method: "POST"
    status: 422
    duration_ms: 28
[2026-09-28 01:27:43.831 -0300] INFO (13731): request completed
    route: "/v1/inf/rait/cases/00000000-0000-7000-8000-000010000005/commands/remit"
    method: "POST"
    status: 200
    duration_ms: 31
[2026-09-28 01:27:43.903 -0300] INFO (13731): request completed
    route: "/v1/inf/rait/cases/00000000-0000-7000-8000-000010000005/commands/remit"
    method: "POST"
    status: 422
    duration_ms: 24
[2026-09-28 01:27:43.970 -0300] INFO (13731): request completed
    route: "/v1/inf/rait/cases/00000000-0000-7000-8000-000010000005/commands/remit"
    method: "POST"
    status: 422
    duration_ms: 22
[2026-09-28 01:27:44.044 -0300] INFO (13731): request completed
    route: "/v1/inf/rait/cases/00000000-0000-7000-8000-000010000005/commands/remit"
    method: "POST"
    status: 422
    duration_ms: 24
[2026-09-28 01:27:44.119 -0300] INFO (13731): request completed
    route: "/v1/inf/rait/cases/00000000-0000-7000-8000-000010000005/commands/remit"
    method: "POST"
    status: 200
    duration_ms: 27
[2026-09-28 01:27:45.941 -0300] INFO (13745): request completed
    route: "/v1/ops/provisioning/devices/1c480cd9-1240-4dad-8c30-a7c3266861c0/key-challenges"
    method: "POST"
    status: 428
    duration_ms: 13
[2026-09-28 01:27:46.159 -0300] INFO (13745): request completed
    route: "/v1/ops/provisioning/devices/da35eed2-b76c-49bc-98ba-c2278a5e821a/keys"
    method: "POST"
    status: 428
    duration_ms: 8
[2026-09-28 01:27:46.374 -0300] INFO (13745): request completed
    route: "/v1/ops/provisioning/packages"
    method: "POST"
    status: 428
    duration_ms: 5
[2026-09-28 01:27:46.593 -0300] INFO (13745): request completed
    route: "/v1/ops/provisioning/packages/729a596f-e95c-4692-af18-0b7aa4bd2474/receipts"
    method: "POST"
    status: 428
    duration_ms: 1
[2026-09-28 01:27:46.804 -0300] INFO (13745): request completed
    route: "/v1/ops/provisioning/grants/9fee8181-36d6-4cc6-b4fc-bf75da4ab96f/revoke"
    method: "POST"
    status: 428
    duration_ms: 2
[2026-09-28 01:27:47.026 -0300] INFO (13745): request completed
    route: "/v1/ops/provisioning/grants/0664798a-cf02-4279-b04f-4008e98b3b83/reconcile"
    method: "POST"
    status: 428
    duration_ms: 2
[2026-09-28 01:27:47.407 -0300] INFO (13745): request completed
    route: "/v1/ops/provisioning/devices/bfd885db-108a-4536-ad3d-e0d0d7894f47/readiness"
    method: "GET"
    status: 200
    duration_ms: 181
[2026-09-28 01:27:47.450 -0300] INFO (13745): request completed
    route: "/v1/ops/provisioning/devices/bfd885db-108a-4536-ad3d-e0d0d7894f47/key-challenges"
    method: "POST"
    status: 400
    duration_ms: 11
[2026-09-28 01:27:47.666 -0300] INFO (13745): request completed
    route: "/v1/ops/provisioning/devices/b6f30a7a-e236-4e35-ab67-2c336aa365b9/readiness"
    method: "GET"
    status: 200
    duration_ms: 24
[2026-09-28 01:27:47.712 -0300] INFO (13745): request completed
    route: "/v1/ops/provisioning/devices/b6f30a7a-e236-4e35-ab67-2c336aa365b9/key-challenges"
    method: "POST"
    status: 201
    duration_ms: 44
[2026-09-28 01:27:47.758 -0300] INFO (13745): request completed
    route: "/v1/ops/provisioning/devices/b6f30a7a-e236-4e35-ab67-2c336aa365b9/key-challenges"
    method: "POST"
    status: 201
    duration_ms: 25
[2026-09-28 01:27:47.981 -0300] INFO (13745): request completed
    route: "/v1/ops/provisioning/devices/dafbfd68-a339-443c-add0-6269bcef9021/readiness"
    method: "GET"
    status: 200
    duration_ms: 24
[2026-09-28 01:27:48.003 -0300] INFO (13745): request completed
    route: "/v1/ops/provisioning/devices/dafbfd68-a339-443c-add0-6269bcef9021/readiness"
    method: "GET"
    status: 200
    duration_ms: 17
[2026-09-28 01:27:48.043 -0300] INFO (13745): request completed
    route: "/v1/ops/provisioning/devices/dafbfd68-a339-443c-add0-6269bcef9021/key-challenges"
    method: "POST"
    status: 412
    duration_ms: 19
[2026-09-28 01:27:48.272 -0300] INFO (13745): request completed
    route: "/v1/ops/provisioning/grants/e0a07c91-4be7-49cd-9015-e33160c92481/revoke"
    method: "POST"
    status: 200
    duration_ms: 37
[2026-09-28 01:27:48.316 -0300] INFO (13745): request completed
    route: "/v1/ops/provisioning/grants/e0a07c91-4be7-49cd-9015-e33160c92481/revoke"
    method: "POST"
    status: 200
    duration_ms: 35
[2026-09-28 01:27:48.530 -0300] INFO (13745): request completed
    route: "/v1/ops/provisioning/devices/ad0c2c80-0151-4960-8542-7a61f3f39ae7/readiness"
    method: "GET"
    status: 200
    duration_ms: 21
[2026-09-28 01:27:48.761 -0300] INFO (13745): request completed
    route: "/v1/ops/provisioning/devices/bcee7d08-8dfa-45df-89da-2f2c3bd06b6f/readiness"
    method: "GET"
    status: 200
    duration_ms: 27
[2026-09-28 01:27:48.790 -0300] INFO (13745): request completed
    route: "/v1/ops/provisioning/devices/bcee7d08-8dfa-45df-89da-2f2c3bd06b6f/key-challenges"
    method: "POST"
    status: 403
    duration_ms: 1
[2026-09-28 01:27:49.008 -0300] INFO (13745): request completed
    route: "/v1/ops/provisioning/devices/ba854548-fe17-4e97-8c14-9cbbd8e29231/readiness"
    method: "GET"
    status: 200
    duration_ms: 28
[2026-09-28 01:27:49.034 -0300] INFO (13745): request completed
    route: "/v1/ops/provisioning/devices/ba854548-fe17-4e97-8c14-9cbbd8e29231/key-challenges"
    method: "POST"
    status: 403
    duration_ms: 2
[2026-09-28 01:27:49.266 -0300] INFO (13745): request completed
    route: "/v1/ops/provisioning/devices/3d9f4886-4a7d-4d46-8dbf-8af3a6cd030e/readiness"
    method: "GET"
    status: 200
    duration_ms: 34
[2026-09-28 01:27:49.289 -0300] INFO (13745): request completed
    route: "/v1/ops/provisioning/devices/3d9f4886-4a7d-4d46-8dbf-8af3a6cd030e/key-challenges"
    method: "POST"
    status: 403
    duration_ms: 2
[2026-09-28 01:27:51.066 -0300] INFO (13913): request completed
    route: "/v1/dashboard/stream"
    method: "GET"
    status: 403
    duration_ms: 2
[2026-09-28 01:27:51.200 -0300] INFO (13913): request completed
    request_id: "01a0e644-ea19-7890-a00e-77aef95e963d"
    tenant_id: "00000000-0000-7000-8000-00000000a001"
    actor_id: "00000000-0000-4000-8000-0000b0000001"
    route: "/v1/dashboard/stream"
    method: "GET"
    status: 204
    duration_ms: 8
[2026-09-28 01:27:53.684 -0300] INFO (13913): request completed
    request_id: "01a0e644-f3d0-796d-87eb-5c492b5095ba"
    tenant_id: "00000000-0000-7000-8000-00000000a001"
    actor_id: "00000000-0000-4000-8000-0000b0000001"
    route: "/v1/dashboard/stream"
    method: "GET"
    status: 429
    duration_ms: 5
[2026-09-28 01:27:55.956 -0300] INFO (14132): request completed
    route: "/v1/dashboard/alerts/00000000-0000-7000-8000-000084000121/ack"
    method: "POST"
    status: 200
    duration_ms: 196
[2026-09-28 01:27:56.010 -0300] INFO (14132): request completed
    route: "/v1/dashboard/alerts/00000000-0000-7000-8000-000084000122/treating"
    method: "POST"
    status: 200
    duration_ms: 48
[2026-09-28 01:27:56.057 -0300] INFO (14132): request completed
    route: "/v1/dashboard/alerts/00000000-0000-7000-8000-000084000123/close"
    method: "POST"
    status: 200
    duration_ms: 44
[2026-09-28 01:27:56.095 -0300] INFO (14132): request completed
    route: "/v1/dashboard/alerts/00000000-0000-7000-8000-000084000124/root-cause"
    method: "POST"
    status: 200
    duration_ms: 36
[2026-09-28 01:27:56.138 -0300] INFO (14132): request completed
    route: "/v1/dashboard/duties/00000000-0000-7000-8000-000080001001/cycles/2026-09/start"
    method: "POST"
    status: 200
    duration_ms: 40
[2026-09-28 01:27:56.175 -0300] INFO (14132): request completed
    route: "/v1/dashboard/duties/00000000-0000-7000-8000-000080001001/cycles/2026-09/prepare"
    method: "POST"
    status: 200
    duration_ms: 35
[2026-09-28 01:27:56.210 -0300] INFO (14132): request completed
    route: "/v1/dashboard/duties/00000000-0000-7000-8000-000080001001/cycles/2026-09/submit"
    method: "POST"
    status: 200
    duration_ms: 32
[2026-09-28 01:27:56.246 -0300] INFO (14132): request completed
    route: "/v1/dashboard/duties/00000000-0000-7000-8000-000080001001/cycles/2026-09/prove"
    method: "POST"
    status: 200
    duration_ms: 34
[2026-09-28 01:27:56.279 -0300] INFO (14132): request completed
    route: "/v1/dashboard/duties/00000000-0000-7000-8000-000080001001/cycles/2026-09/archive"
    method: "POST"
    status: 200
    duration_ms: 31
[2026-09-28 01:27:56.305 -0300] INFO (14132): request completed
    route: "/v1/dashboard/indicator-configs/00000000-0000-7000-8000-000084000331"
    method: "PATCH"
    status: 200
    duration_ms: 24
[2026-09-28 01:27:56.330 -0300] INFO (14132): request completed
    route: "/v1/dashboard/indicator-configs/00000000-0000-7000-8000-000084000331/publish"
    method: "POST"
    status: 200
    duration_ms: 23
[2026-09-28 01:27:56.354 -0300] INFO (14132): request completed
    route: "/v1/dashboard/bi-panels"
    method: "POST"
    status: 201
    duration_ms: 23
[2026-09-28 01:27:56.376 -0300] INFO (14132): request completed
    route: "/v1/dashboard/bi-panels/a840efe6-bbeb-4f13-854b-1616eda31497"
    method: "PATCH"
    status: 200
    duration_ms: 20
[2026-09-28 01:27:56.397 -0300] INFO (14132): request completed
    route: "/v1/dashboard/bi-panels/a840efe6-bbeb-4f13-854b-1616eda31497/publish"
    method: "POST"
    status: 200
    duration_ms: 20
[2026-09-28 01:27:56.423 -0300] INFO (14132): request completed
    route: "/v1/dashboard/generated-reports/00000000-0000-7000-8000-000084000531/complete"
    method: "POST"
    status: 200
    duration_ms: 25
[2026-09-28 01:27:56.446 -0300] INFO (14132): request completed
    route: "/v1/dashboard/generated-reports"
    method: "POST"
    status: 201
    duration_ms: 22
[2026-09-28 01:27:56.468 -0300] INFO (14132): request completed
    route: "/v1/dashboard/generated-reports/66929fd9-22ae-47ff-a621-559efed2a41a/fail"
    method: "POST"
    status: 200
    duration_ms: 21
[2026-09-28 01:27:56.510 -0300] INFO (14132): request completed
    route: "/v1/dashboard/exports"
    method: "POST"
    status: 201
    duration_ms: 40
[2026-09-28 01:27:56.537 -0300] INFO (14132): request completed
    route: "/v1/dashboard/exports"
    method: "POST"
    status: 202
    duration_ms: 25
[2026-09-28 01:27:56.561 -0300] INFO (14132): request completed
    route: "/v1/dashboard/exports/4738981b-cc51-4213-91ee-cd59b50f385d/approve"
    method: "POST"
    status: 200
    duration_ms: 23
[2026-09-28 01:27:56.586 -0300] INFO (14132): request completed
    route: "/v1/dashboard/transparency/audits"
    method: "POST"
    status: 201
    duration_ms: 23
[2026-09-28 01:27:56.602 -0300] INFO (14132): request completed
    route: "/v1/dashboard/alerts/00000000-0000-7000-8000-000081000105/ack"
    method: "POST"
    status: 400
    duration_ms: 15
[2026-09-28 01:27:56.617 -0300] INFO (14132): request completed
    route: "/v1/dashboard/alerts/00000000-0000-7000-8000-000081000105/ack"
    method: "POST"
    status: 400
    duration_ms: 13
[2026-09-28 01:27:56.626 -0300] INFO (14132): request completed
    route: "/v1/dashboard/alerts/00000000-0000-7000-8000-000081000105/object/archive"
    method: "POST"
    status: 404
    duration_ms: 7
[2026-09-28 01:27:56.631 -0300] INFO (14132): request completed
    route: "/v1/dashboard/cases/00000000-0000-7000-8000-000010000002/archive"
    method: "POST"
    status: 404
    duration_ms: 4
[2026-09-28 01:27:56.632 -0300] INFO (14132): request completed
    route: "/v1/dashboard/alerts/00000000-0000-7000-8000-000081000105/case-state"
    method: "POST"
    status: 404
    duration_ms: 0
[2026-09-28 01:27:58.441 -0300] INFO (14343): request completed
    request_id: "01a0e645-0654-7c72-ab78-0e92cc88a2fe"
    tenant_id: "00000000-0000-7000-8000-00000000a001"
    actor_id: "00000000-0000-4000-8000-0000b0000001"
    route: "/v1/est/crash/records/00000000-0000-7000-8000-0000a1000001/start"
    method: "POST"
    status: 200
    duration_ms: 145
[2026-09-28 01:27:58.490 -0300] INFO (14343): request completed
    route: "/v1/est/crash/records/00000000-0000-7000-8000-0000a1000001/start"
    method: "POST"
    status: 428
    duration_ms: 23
[2026-09-28 01:27:58.511 -0300] INFO (14343): request completed
    route: "/v1/est/crash/records/00000000-0000-7000-8000-0000a1000001/start"
    method: "POST"
    status: 412
    duration_ms: 20
[2026-09-28 01:27:58.533 -0300] INFO (14343): request completed
    route: "/v1/est/crash/records/00000000-0000-7000-8000-0000a1000003/start"
    method: "POST"
    status: 409
    duration_ms: 21
[2026-09-28 01:27:58.535 -0300] INFO (14343): request completed
    route: "/v1/est/crash/records/00000000-0000-7000-8000-0000a1000001/start"
    method: "POST"
    status: 403
    duration_ms: 1
[2026-09-28 01:27:58.558 -0300] INFO (14343): request completed
    route: "/v1/est/crash/records/00000000-0000-7000-8000-0000a1000005/transmit"
    method: "POST"
    status: 409
    duration_ms: 21
[2026-09-28 01:27:58.585 -0300] INFO (14343): request completed
    route: "/v1/est/crash/records/00000000-0000-7000-8000-0000a1000011/renaest/correct"
    method: "POST"
    status: 409
    duration_ms: 25
[2026-09-28 01:27:58.609 -0300] INFO (14343): request completed
    route: "/v1/est/crash/records/00000000-0000-7000-8000-0000a1000010/renaest/correct"
    method: "POST"
    status: 422
    duration_ms: 23
[2026-09-28 01:27:58.620 -0300] INFO (14343): request completed
    route: "/v1/est/crash/records/00000000-0000-7000-8000-0000a1000007/renaest"
    method: "GET"
    status: 200
    duration_ms: 10
[2026-09-28 01:27:58.656 -0300] INFO (14343): request completed
    route: "/v1/est/crash/records/00000000-0000-7000-8000-0000a1000001/scene-duties"
    method: "POST"
    status: 422
    duration_ms: 32
[2026-09-28 01:27:58.682 -0300] INFO (14343): request completed
    route: "/v1/est/crash/records/00000000-0000-7000-8000-0000a1000004/scene-duties"
    method: "POST"
    status: 422
    duration_ms: 25
[2026-09-28 01:27:58.697 -0300] INFO (14343): request completed
    request_id: "01a0e645-0765-76d1-9188-5635a433d376"
    tenant_id: "00000000-0000-7000-8000-00000000a001"
    actor_id: "00000000-0000-4000-8000-0000b0000001"
    route: "/v1/est/crash/records/00000000-0000-7000-8000-0000a1000003/report"
    method: "GET"
    status: 200
    duration_ms: 14
[2026-09-28 01:27:58.817 -0300] INFO (14343): request completed
    request_id: "01a0e645-07d8-714b-9ac1-e31f81dd1a79"
    tenant_id: "00000000-0000-7000-8000-00000000a001"
    actor_id: "00000000-0000-4000-8000-0000b0000001"
    route: "/v1/est/crash/records/00000000-0000-7000-8000-0000a1000003/report"
    method: "GET"
    status: 200
    duration_ms: 119
[2026-09-28 01:27:58.818 -0300] INFO (14343): request completed
    route: "/v1/est/crash/records/00000000-0000-7000-8000-0000a1000003/report"
    method: "GET"
    status: 403
    duration_ms: 1
[2026-09-28 01:27:58.820 -0300] INFO (14343): request completed
    route: "/v1/est/crash/records/00000000-0000-7000-8000-0000a1000003/report"
    method: "GET"
    status: 403
    duration_ms: 1
[2026-09-28 01:27:58.821 -0300] INFO (14343): request completed
    route: "/v1/est/crash/records/00000000-0000-7000-8000-0000a1000003/report"
    method: "GET"
    status: 403
    duration_ms: 1
[2026-09-28 01:27:58.822 -0300] INFO (14343): request completed
    route: "/v1/est/crash/records/00000000-0000-7000-8000-0000a1000003/report"
    method: "GET"
    status: 403
    duration_ms: 0
[2026-09-28 01:27:58.824 -0300] INFO (14343): request completed
    route: "/v1/est/crash/records/00000000-0000-7000-8000-0000a1000003/report"
    method: "GET"
    status: 403
    duration_ms: 1
[2026-09-28 01:27:58.825 -0300] INFO (14343): request completed
    route: "/v1/est/crash/records/00000000-0000-7000-8000-0000a1000003/report"
    method: "GET"
    status: 403
    duration_ms: 1
[2026-09-28 01:27:58.826 -0300] INFO (14343): request completed
    route: "/v1/est/crash/records/00000000-0000-7000-8000-0000a1000003/report"
    method: "GET"
    status: 403
    duration_ms: 1
[2026-09-28 01:27:58.828 -0300] INFO (14343): request completed
    route: "/v1/est/crash/records/00000000-0000-7000-8000-0000a1000003/report"
    method: "GET"
    status: 403
    duration_ms: 1
[2026-09-28 01:27:58.847 -0300] INFO (14343): request completed
    request_id: "01a0e645-07fb-7324-8818-ed70138f98fa"
    tenant_id: "00000000-0000-7000-8000-00000000a001"
    actor_id: "00000000-0000-4000-8000-0000b0000001"
    route: "/v1/est/crash/records/00000000-0000-7000-8000-0000a1000003/report"
    method: "GET"
    status: 200
    duration_ms: 19
[2026-09-28 01:27:58.849 -0300] INFO (14343): request completed
    route: "/v1/est/crash/records/00000000-0000-7000-8000-0000a1000003/report"
    method: "GET"
    status: 403
    duration_ms: 1
[2026-09-28 01:27:58.850 -0300] INFO (14343): request completed
    route: "/v1/est/crash/records/00000000-0000-7000-8000-0000a1000003/report"
    method: "GET"
    status: 403
    duration_ms: 0
[2026-09-28 01:27:58.852 -0300] INFO (14343): request completed
    route: "/v1/est/crash/records/00000000-0000-7000-8000-0000a1000003/report"
    method: "GET"
    status: 403
    duration_ms: 1
[2026-09-28 01:27:58.874 -0300] INFO (14343): request completed
    request_id: "01a0e645-0816-7af2-adcf-be4d75324eba"
    tenant_id: "00000000-0000-7000-8000-00000000a001"
    actor_id: "00000000-0000-4000-8000-0000b0000001"
    route: "/v1/est/crash/records/00000000-0000-7000-8000-0000a1000003/report"
    method: "GET"
    status: 200
    duration_ms: 17
[2026-09-28 01:27:58.876 -0300] INFO (14343): request completed
    route: "/v1/est/crash/records/00000000-0000-7000-8000-0000a1000003/report"
    method: "GET"
    status: 403
    duration_ms: 1
[2026-09-28 01:27:58.893 -0300] INFO (14343): request completed
    request_id: "01a0e645-0829-7216-81f9-824bce262772"
    tenant_id: "00000000-0000-7000-8000-00000000a001"
    actor_id: "00000000-0000-4000-8000-0000b0000001"
    route: "/v1/est/crash/records/00000000-0000-7000-8000-0000a1000003/report"
    method: "GET"
    status: 200
    duration_ms: 16
[2026-09-28 01:27:58.895 -0300] INFO (14343): request completed
    route: "/v1/est/crash/records/00000000-0000-7000-8000-0000a1000003/report"
    method: "GET"
    status: 403
    duration_ms: 1
[2026-09-28 01:27:58.913 -0300] INFO (14343): request completed
    request_id: "01a0e645-083d-7d69-8252-e425d4ee49fa"
    tenant_id: "00000000-0000-7000-8000-00000000a001"
    actor_id: "00000000-0000-4000-8000-0000b0000001"
    route: "/v1/est/crash/records/00000000-0000-7000-8000-0000a1000003/report"
    method: "GET"
    status: 200
    duration_ms: 17
[2026-09-28 01:27:58.929 -0300] INFO (14343): request completed
    request_id: "01a0e645-084d-7be9-8b6e-88ea668ce501"
    tenant_id: "00000000-0000-7000-8000-00000000a001"
    actor_id: "00000000-0000-4000-8000-0000b0000001"
    route: "/v1/est/crash/records/00000000-0000-7000-8000-0000a1000003/report"
    method: "GET"
    status: 200
    duration_ms: 16
[2026-09-28 01:27:58.930 -0300] INFO (14343): request completed
    route: "/v1/est/crash/records/00000000-0000-7000-8000-0000a1000003/report"
    method: "GET"
    status: 403
    duration_ms: 0
[2026-09-28 01:27:58.949 -0300] INFO (14343): request completed
    request_id: "01a0e645-0861-71e7-92cd-26aeb46163d4"
    tenant_id: "00000000-0000-7000-8000-00000000a001"
    actor_id: "00000000-0000-4000-8000-0000b0000001"
    route: "/v1/est/crash/records/00000000-0000-7000-8000-0000a1000003/report"
    method: "GET"
    status: 200
    duration_ms: 18
[2026-09-28 01:27:58.950 -0300] INFO (14343): request completed
    route: "/v1/est/crash/records/00000000-0000-7000-8000-0000a1000003/report"
    method: "GET"
    status: 403
    duration_ms: 0
[2026-09-28 01:27:58.951 -0300] INFO (14343): request completed
    route: "/v1/est/crash/records/00000000-0000-7000-8000-0000a1000003/report"
    method: "GET"
    status: 403
    duration_ms: 0
[2026-09-28 01:27:58.953 -0300] INFO (14343): request completed
    route: "/v1/est/crash/records/00000000-0000-7000-8000-0000a1000003/report"
    method: "GET"
    status: 403
    duration_ms: 1
[2026-09-28 01:27:58.954 -0300] INFO (14343): request completed
    route: "/v1/est/crash/records/00000000-0000-7000-8000-0000a1000003/report"
    method: "GET"
    status: 403
    duration_ms: 1
[2026-09-28 01:27:58.955 -0300] INFO (14343): request completed
    route: "/v1/est/crash/records/00000000-0000-7000-8000-0000a1000003/report"
    method: "GET"
    status: 403
    duration_ms: 0
[2026-09-28 01:27:58.956 -0300] INFO (14343): request completed
    route: "/v1/est/crash/records/00000000-0000-7000-8000-0000a1000003/report"
    method: "GET"
    status: 403
    duration_ms: 0
[2026-09-28 01:27:58.957 -0300] INFO (14343): request completed
    route: "/v1/est/crash/records/00000000-0000-7000-8000-0000a1000003/report"
    method: "GET"
    status: 403
    duration_ms: 0
[2026-09-28 01:27:58.958 -0300] INFO (14343): request completed
    route: "/v1/est/crash/records/00000000-0000-7000-8000-0000a1000003/report"
    method: "GET"
    status: 403
    duration_ms: 1
[2026-09-28 01:27:58.959 -0300] INFO (14343): request completed
    route: "/v1/est/crash/records/00000000-0000-7000-8000-0000a1000003/report"
    method: "GET"
    status: 403
    duration_ms: 1
[2026-09-28 01:27:58.959 -0300] INFO (14343): request completed
    route: "/v1/est/crash/records/00000000-0000-7000-8000-0000a1000003/report"
    method: "GET"
    status: 403
    duration_ms: 0
[2026-09-28 01:27:58.960 -0300] INFO (14343): request completed
    route: "/v1/est/crash/records/00000000-0000-7000-8000-0000a1000003/report"
    method: "GET"
    status: 403
    duration_ms: 0
[2026-09-28 01:27:58.961 -0300] INFO (14343): request completed
    route: "/v1/est/crash/records/00000000-0000-7000-8000-0000a1000003/report"
    method: "GET"
    status: 403
    duration_ms: 0
[2026-09-28 01:27:58.962 -0300] INFO (14343): request completed
    route: "/v1/est/crash/records/00000000-0000-7000-8000-0000a1000003/report"
    method: "GET"
    status: 403
    duration_ms: 0
[2026-09-28 01:27:58.963 -0300] INFO (14343): request completed
    route: "/v1/est/crash/records/00000000-0000-7000-8000-0000a1000003/report"
    method: "GET"
    status: 403
    duration_ms: 0
[2026-09-28 01:27:58.964 -0300] INFO (14343): request completed
    route: "/v1/est/crash/records/00000000-0000-7000-8000-0000a1000003/report"
    method: "GET"
    status: 403
    duration_ms: 0
[2026-09-28 01:27:58.965 -0300] INFO (14343): request completed
    route: "/v1/est/crash/records/00000000-0000-7000-8000-0000a1000003/report"
    method: "GET"
    status: 403
    duration_ms: 0
[2026-09-28 01:27:59.050 -0300] INFO (14343): request completed
    route: "/v1/ops/offline-sync/sync-batches"
    method: "POST"
    status: 200
    duration_ms: 83
(node:14343) DeprecationWarning: Calling client.query() when the client is already executing a query is deprecated and will be removed in pg@9.0. Use async/await or an external async flow control mechanism instead.
(Use `node --trace-deprecation ...` to show where the warning was created)
[2026-09-28 01:27:59.133 -0300] INFO (14343): request completed
    route: "/v1/ops/offline-sync/sync-batches"
    method: "POST"
    status: 200
    duration_ms: 52
[2026-09-28 01:27:59.191 -0300] INFO (14343): request completed
    route: "/v1/ops/offline-sync/sync-batches"
    method: "POST"
    status: 200
    duration_ms: 51
[2026-09-28 01:27:59.239 -0300] INFO (14343): request completed
    route: "/v1/ops/offline-sync/sync-batches"
    method: "POST"
    status: 200
    duration_ms: 43
[2026-09-28 01:27:59.289 -0300] INFO (14343): request completed
    route: "/v1/ops/offline-sync/sync-batches"
    method: "POST"
    status: 200
    duration_ms: 44
[2026-09-28 01:27:59.335 -0300] INFO (14343): request completed
    route: "/v1/ops/offline-sync/sync-batches"
    method: "POST"
    status: 200
    duration_ms: 40
[2026-09-28 01:27:59.382 -0300] INFO (14343): request completed
    route: "/v1/ops/offline-sync/sync-batches"
    method: "POST"
    status: 200
    duration_ms: 46
[2026-09-28 01:28:01.332 -0300] INFO (14763): request completed
    route: "/v1/ops/evidence/upload-intents"
    method: "POST"
    status: 200
    duration_ms: 189
[2026-09-28 01:28:01.342 -0300] INFO (14763): request completed
    route: "/v1/ops/evidence/upload-intents"
    method: "POST"
    status: 403
    duration_ms: 6
[2026-09-28 01:28:01.367 -0300] INFO (14763): request completed
    route: "/v1/ops/evidence/00000000-0000-7000-8000-0000ef000001/validate"
    method: "POST"
    status: 200
    duration_ms: 23
[2026-09-28 01:28:01.369 -0300] INFO (14763): request completed
    route: "/v1/ops/evidence/00000000-0000-7000-8000-0000ef000001/validate"
    method: "POST"
    status: 403
    duration_ms: 1
[2026-09-28 01:28:01.402 -0300] INFO (14763): request completed
    route: "/v1/ops/evidence/maintenance/purge-expired-unverified"
    method: "POST"
    status: 200
    duration_ms: 32
[2026-09-28 01:28:01.404 -0300] INFO (14763): request completed
    route: "/v1/ops/evidence/maintenance/purge-expired-unverified"
    method: "POST"
    status: 403
    duration_ms: 1
[2026-09-28 01:28:01.427 -0300] INFO (14763): request completed
    route: "/v1/ops/evidence-access-requests/00000000-0000-7000-8000-0000ef400002/approve"
    method: "POST"
    status: 409
    duration_ms: 22
[2026-09-28 01:28:01.430 -0300] INFO (14763): request completed
    route: "/v1/ops/evidence-access-requests/00000000-0000-7000-8000-0000ef400002/approve"
    method: "POST"
    status: 403
    duration_ms: 1
[2026-09-28 01:28:01.436 -0300] INFO (14763): request completed
    route: "/v1/inf/normative/mobile-packages/sync-metadata"
    method: "GET"
    status: 200
    duration_ms: 5
[2026-09-28 01:28:01.583 -0300] INFO (14763): request completed
    route: "/v1/inf/normative/mobile-packages/generate"
    method: "POST"
    status: 201
    duration_ms: 146
[2026-09-28 01:28:01.624 -0300] INFO (14763): request completed
    route: "/v1/inf/normative/mobile-packages/bdead80d-b864-466e-a8f5-2d9eebf282f3/publish"
    method: "POST"
    status: 200
    duration_ms: 40
[2026-09-28 01:28:01.639 -0300] INFO (14763): request completed
    route: "/v1/inf/normative/mobile-packages/bdead80d-b864-466e-a8f5-2d9eebf282f3/content"
    method: "GET"
    status: 200
    duration_ms: 14
[2026-09-28 01:28:01.766 -0300] INFO (14763): request completed
    route: "/v1/inf/normative/mobile-packages/generate"
    method: "POST"
    status: 201
    duration_ms: 125
[2026-09-28 01:28:01.814 -0300] INFO (14763): request completed
    route: "/v1/inf/normative/mobile-packages/7e6ffd56-791f-418a-b567-6d33c6d1c57b/publish"
    method: "POST"
    status: 200
    duration_ms: 44
[2026-09-28 01:28:01.866 -0300] INFO (14763): request completed
    route: "/v1/inf/normative/mobile-packages/7e6ffd56-791f-418a-b567-6d33c6d1c57b/content"
    method: "GET"
    status: 422
    duration_ms: 15
[2026-09-28 01:28:01.930 -0300] INFO (14763): request completed
    route: "/v1/inf/normative/mobile-packages/generate"
    method: "POST"
    status: 201
    duration_ms: 62
[2026-09-28 01:28:01.966 -0300] INFO (14763): request completed
    route: "/v1/inf/normative/mobile-packages/748ff389-4c88-4fee-aeb3-74de808c2e59/publish"
    method: "POST"
    status: 200
    duration_ms: 35
[2026-09-28 01:28:01.977 -0300] INFO (14763): request completed
    route: "/v1/inf/normative/mobile-packages/748ff389-4c88-4fee-aeb3-74de808c2e59/content"
    method: "GET"
    status: 200
    duration_ms: 10
[2026-09-28 01:28:01.989 -0300] INFO (14763): request completed
    route: "/v1/inf/normative/mobile-packages/748ff389-4c88-4fee-aeb3-74de808c2e59/content"
    method: "GET"
    status: 304
    duration_ms: 11
[2026-09-28 01:28:02.005 -0300] INFO (14763): request completed
    route: "/v1/inf/normative/mobile-packages/748ff389-4c88-4fee-aeb3-74de808c2e59/content"
    method: "GET"
    status: 200
    duration_ms: 15
[2026-09-28 01:28:02.045 -0300] INFO (14763): request completed
    route: "/v1/inf/normative/mobile-packages/generate"
    method: "POST"
    status: 201
    duration_ms: 39
[2026-09-28 01:28:02.047 -0300] INFO (14763): request completed
    route: "/v1/inf/normative/mobile-packages/generate"
    method: "POST"
    status: 403
    duration_ms: 1
[2026-09-28 01:28:03.934 -0300] INFO (14979): request completed
    route: "/v1/dashboard/generated-reports"
    method: "POST"
    status: 400
    duration_ms: 138
[2026-09-28 01:28:03.967 -0300] INFO (14979): request completed
    route: "/v1/dashboard/generated-reports"
    method: "POST"
    status: 403
    duration_ms: 29
[2026-09-28 01:28:03.986 -0300] INFO (14979): request completed
    route: "/v1/dashboard/generated-reports"
    method: "POST"
    status: 400
    duration_ms: 18
[2026-09-28 01:28:04.044 -0300] INFO (14979): request completed
    route: "/v1/dashboard/generated-reports"
    method: "POST"
    status: 201
    duration_ms: 57
[2026-09-28 01:28:04.077 -0300] INFO (14979): request completed
    route: "/v1/dashboard/generated-reports/5ef8c85f-430b-434c-9060-673cf185a394/complete"
    method: "POST"
    status: 422
    duration_ms: 24
[2026-09-28 01:28:04.109 -0300] INFO (14979): request completed
    route: "/v1/dashboard/generated-reports/5ef8c85f-430b-434c-9060-673cf185a394/complete"
    method: "POST"
    status: 200
    duration_ms: 31
[2026-09-28 01:28:04.137 -0300] INFO (14979): request completed
    route: "/v1/dashboard/generated-reports/5ef8c85f-430b-434c-9060-673cf185a394/complete"
    method: "POST"
    status: 409
    duration_ms: 23
[2026-09-28 01:28:04.161 -0300] INFO (14979): request completed
    route: "/v1/dashboard/generated-reports/5ef8c85f-430b-434c-9060-673cf185a394/fail"
    method: "POST"
    status: 409
    duration_ms: 22
[2026-09-28 01:28:04.190 -0300] INFO (14979): request completed
    route: "/v1/dashboard/generated-reports"
    method: "POST"
    status: 201
    duration_ms: 28
[2026-09-28 01:28:04.216 -0300] INFO (14979): request completed
    route: "/v1/dashboard/generated-reports/79f586a6-cc5c-4f6c-9b3a-d77721f0fa75/fail"
    method: "POST"
    status: 200
    duration_ms: 24
[2026-09-28 01:28:04.243 -0300] INFO (14979): request completed
    route: "/v1/dashboard/indicator-configs/00000000-0000-7000-8000-000084000321"
    method: "PATCH"
    status: 400
    duration_ms: 22
[2026-09-28 01:28:04.266 -0300] INFO (14979): request completed
    route: "/v1/dashboard/indicator-configs/00000000-0000-7000-8000-000084000321"
    method: "PATCH"
    status: 422
    duration_ms: 21
[2026-09-28 01:28:04.288 -0300] INFO (14979): request completed
    route: "/v1/dashboard/indicator-configs/00000000-0000-7000-8000-000084000321/publish"
    method: "POST"
    status: 422
    duration_ms: 21
[2026-09-28 01:28:04.318 -0300] INFO (14979): request completed
    route: "/v1/dashboard/indicator-configs/00000000-0000-7000-8000-000084000322/publish"
    method: "POST"
    status: 200
    duration_ms: 29
[2026-09-28 01:28:04.340 -0300] INFO (14979): request completed
    route: "/v1/dashboard/indicator-configs/00000000-0000-7000-8000-000084000322/publish"
    method: "POST"
    status: 400
    duration_ms: 18
[2026-09-28 01:28:04.367 -0300] INFO (14979): request completed
    route: "/v1/dashboard/indicator-configs/00000000-0000-7000-8000-000084000322"
    method: "PATCH"
    status: 200
    duration_ms: 26
[2026-09-28 01:28:04.385 -0300] INFO (14979): request completed
    route: "/v1/dashboard/indicator-configs/00000000-0000-7000-8000-000084000321"
    method: "PATCH"
    status: 400
    duration_ms: 16
[2026-09-28 01:28:04.400 -0300] INFO (14979): request completed
    route: "/v1/dashboard/bi-panels"
    method: "POST"
    status: 403
    duration_ms: 14
[2026-09-28 01:28:04.417 -0300] INFO (14979): request completed
    route: "/v1/dashboard/bi-panels"
    method: "POST"
    status: 403
    duration_ms: 16
[2026-09-28 01:28:04.440 -0300] INFO (14979): request completed
    route: "/v1/dashboard/bi-panels"
    method: "POST"
    status: 201
    duration_ms: 22
[2026-09-28 01:28:04.462 -0300] INFO (14979): request completed
    route: "/v1/dashboard/bi-panels/9234728a-068c-4368-bc15-daf1778895ea/publish"
    method: "POST"
    status: 200
    duration_ms: 21
[2026-09-28 01:28:04.470 -0300] INFO (14979): request completed
    route: "/v1/dashboard/bi-panels"
    method: "GET"
    status: 200
    duration_ms: 7
[2026-09-28 01:28:04.477 -0300] INFO (14979): request completed
    route: "/v1/dashboard/bi-panels/00000000-0000-7000-8000-000084000421"
    method: "GET"
    status: 403
    duration_ms: 4
[2026-09-28 01:28:04.483 -0300] INFO (14979): request completed
    route: "/v1/dashboard/bi-panels"
    method: "GET"
    status: 200
    duration_ms: 5
[2026-09-28 01:28:04.502 -0300] INFO (14979): request completed
    route: "/v1/dashboard/bi-panels"
    method: "POST"
    status: 400
    duration_ms: 17
[2026-09-28 01:28:04.509 -0300] INFO (14979): request completed
    route: "/v1/dashboard/indicators/IND-DASH-999"
    method: "GET"
    status: 404
    duration_ms: 6
[2026-09-28 01:28:04.517 -0300] INFO (14979): request completed
    route: "/v1/dashboard/indicators?pageSize=200"
    method: "GET"
    status: 200
    duration_ms: 7
[2026-09-28 01:28:04.528 -0300] INFO (14979): request completed
    route: "/v1/dashboard/indicators/IND-DASH-203"
    method: "GET"
    status: 423
    duration_ms: 7
[2026-09-28 01:28:04.552 -0300] INFO (14979): request completed
    route: "/v1/dashboard/indicators/IND-DASH-101"
    method: "GET"
    status: 200
    duration_ms: 22
[2026-09-28 01:28:04.567 -0300] INFO (14979): request completed
    route: "/v1/dashboard/indicators/IND-DASH-304"
    method: "GET"
    status: 200
    duration_ms: 13
[2026-09-28 01:28:04.574 -0300] INFO (14979): request completed
    route: "/v1/dashboard/indicator-configs/00000000-0000-7000-8000-000084000321"
    method: "GET"
    status: 200
    duration_ms: 6
[2026-09-28 01:28:06.372 -0300] INFO (15431): request completed
    route: "/v1/dashboard/alerts?layer=N2"
    method: "GET"
    status: 403
    duration_ms: 75
[2026-09-28 01:28:06.408 -0300] INFO (15431): request completed
    route: "/v1/dashboard/alerts?layer=N2"
    method: "GET"
    status: 400
    duration_ms: 33
[2026-09-28 01:28:06.416 -0300] INFO (15431): request completed
    route: "/v1/dashboard/alerts?layer=N2"
    method: "GET"
    status: 400
    duration_ms: 6
[2026-09-28 01:28:06.459 -0300] INFO (15431): request completed
    route: "/v1/dashboard/alerts?layer=N2&pageSize=200"
    method: "GET"
    status: 200
    duration_ms: 41
[2026-09-28 01:28:06.510 -0300] INFO (15431): request completed
    route: "/v1/dashboard/alerts/00000000-0000-7000-8000-000081000105"
    method: "GET"
    status: 200
    duration_ms: 42
[2026-09-28 01:28:06.518 -0300] INFO (15431): request completed
    route: "/v1/dashboard/alerts/00000000-0000-7000-8000-000081000105"
    method: "GET"
    status: 403
    duration_ms: 7
[2026-09-28 01:28:06.536 -0300] INFO (15431): request completed
    route: "/v1/dashboard/alerts/00000000-0000-7000-8000-000081000105"
    method: "GET"
    status: 200
    duration_ms: 17
[2026-09-28 01:28:06.550 -0300] INFO (15431): request completed
    route: "/v1/dashboard/alerts/00000000-0000-7000-8000-000081000105"
    method: "GET"
    status: 200
    duration_ms: 13
[2026-09-28 01:28:06.552 -0300] INFO (15431): request completed
    route: "/v1/dashboard/alerts?layer=N3"
    method: "GET"
    status: 403
    duration_ms: 1
[2026-09-28 01:28:06.554 -0300] INFO (15431): request completed
    route: "/v1/dashboard/alerts?layer=N3"
    method: "GET"
    status: 403
    duration_ms: 1
[2026-09-28 01:28:06.556 -0300] INFO (15431): request completed
    route: "/v1/dashboard/alerts?layer=N3"
    method: "GET"
    status: 403
    duration_ms: 1
[2026-09-28 01:28:06.590 -0300] INFO (15431): request completed
    route: "/v1/dashboard/bi-panels"
    method: "POST"
    status: 403
    duration_ms: 29
[2026-09-28 01:28:06.606 -0300] INFO (15431): request completed
    route: "/v1/dashboard/exports"
    method: "POST"
    status: 403
    duration_ms: 15
[2026-09-28 01:28:06.621 -0300] INFO (15431): request completed
    route: "/v1/dashboard/generated-reports"
    method: "POST"
    status: 403
    duration_ms: 14
[2026-09-28 01:28:06.631 -0300] INFO (15431): request completed
    route: "/v1/dashboard/alerts"
    method: "GET"
    status: 200
    duration_ms: 9
[2026-09-28 01:28:06.645 -0300] INFO (15431): request completed
    route: "/v1/dashboard/alerts/00000000-0000-7000-8000-000081000102"
    method: "GET"
    status: 200
    duration_ms: 13
[2026-09-28 01:28:06.657 -0300] INFO (15431): request completed
    route: "/v1/dashboard/alerts/00000000-0000-7000-8000-000081000118/incident"
    method: "GET"
    status: 200
    duration_ms: 11
[2026-09-28 01:28:06.667 -0300] INFO (15431): request completed
    route: "/v1/dashboard/duties"
    method: "GET"
    status: 200
    duration_ms: 9
[2026-09-28 01:28:06.675 -0300] INFO (15431): request completed
    route: "/v1/dashboard/duties/00000000-0000-7000-8000-000080001001/cycles"
    method: "GET"
    status: 200
    duration_ms: 7
[2026-09-28 01:28:06.681 -0300] INFO (15431): request completed
    route: "/v1/dashboard/duties/00000000-0000-7000-8000-000080001001/cycles/2026-09"
    method: "GET"
    status: 200
    duration_ms: 5
[2026-09-28 01:28:06.688 -0300] INFO (15431): request completed
    route: "/v1/dashboard/indicators"
    method: "GET"
    status: 200
    duration_ms: 5
[2026-09-28 01:28:06.700 -0300] INFO (15431): request completed
    route: "/v1/dashboard/indicators/IND-DASH-101"
    method: "GET"
    status: 200
    duration_ms: 11
[2026-09-28 01:28:06.707 -0300] INFO (15431): request completed
    route: "/v1/dashboard/indicator-configs"
    method: "GET"
    status: 200
    duration_ms: 6
[2026-09-28 01:28:06.713 -0300] INFO (15431): request completed
    route: "/v1/dashboard/indicator-configs/00000000-0000-7000-8000-000084000311"
    method: "GET"
    status: 200
    duration_ms: 5
[2026-09-28 01:28:06.719 -0300] INFO (15431): request completed
    route: "/v1/dashboard/bi-panels"
    method: "GET"
    status: 200
    duration_ms: 5
[2026-09-28 01:28:06.724 -0300] INFO (15431): request completed
    route: "/v1/dashboard/bi-panels/00000000-0000-7000-8000-000084000411"
    method: "GET"
    status: 200
    duration_ms: 4
[2026-09-28 01:28:06.730 -0300] INFO (15431): request completed
    route: "/v1/dashboard/generated-reports"
    method: "GET"
    status: 200
    duration_ms: 5
[2026-09-28 01:28:06.736 -0300] INFO (15431): request completed
    route: "/v1/dashboard/generated-reports/00000000-0000-7000-8000-000084000511"
    method: "GET"
    status: 200
    duration_ms: 6
[2026-09-28 01:28:06.742 -0300] INFO (15431): request completed
    route: "/v1/dashboard/sources"
    method: "GET"
    status: 200
    duration_ms: 5
[2026-09-28 01:28:06.747 -0300] INFO (15431): request completed
    route: "/v1/dashboard/sources/00000000-0000-7000-8000-000081000401"
    method: "GET"
    status: 200
    duration_ms: 4
[2026-09-28 01:28:06.760 -0300] INFO (15431): request completed
    route: "/v1/dashboard/audit-trail"
    method: "GET"
    status: 200
    duration_ms: 12
[2026-09-28 01:28:06.768 -0300] INFO (15431): request completed
    route: "/v1/dashboard/comparisons?dimension=pool"
    method: "GET"
    status: 200
    duration_ms: 7
[2026-09-28 01:28:06.778 -0300] INFO (15431): request completed
    route: "/v1/dashboard/transparency/checklist"
    method: "GET"
    status: 200
    duration_ms: 9
(node:15431) DeprecationWarning: Calling client.query() when the client is already executing a query is deprecated and will be removed in pg@9.0. Use async/await or an external async flow control mechanism instead.
(Use `node --trace-deprecation ...` to show where the warning was created)
[2026-09-28 01:28:06.792 -0300] INFO (15431): request completed
    route: "/v1/dashboard/kpis"
    method: "GET"
    status: 200
    duration_ms: 13
[2026-09-28 01:28:06.798 -0300] INFO (15431): request completed
    route: "/v1/dashboard/datasets"
    method: "GET"
    status: 200
    duration_ms: 5
[2026-09-28 01:28:06.809 -0300] INFO (15431): request completed
    route: "/v1/dashboard/open-data/alerts-by-severity-month"
    method: "GET"
    status: 200
    duration_ms: 10
[2026-09-28 01:28:06.817 -0300] INFO (15431): request completed
    route: "/v1/dashboard/indicators/IND-DASH-106"
    method: "GET"
    status: 200
    duration_ms: 7
[2026-09-28 01:28:06.826 -0300] INFO (15431): request completed
    route: "/v1/dashboard/duties"
    method: "GET"
    status: 200
    duration_ms: 8
[2026-09-28 01:28:06.832 -0300] INFO (15431): request completed
    route: "/v1/dashboard/alerts/00000000-0000-7000-8000-000084000111/ack"
    method: "POST"
    status: 400
    duration_ms: 5
[2026-09-28 01:28:06.852 -0300] INFO (15431): request completed
    route: "/v1/dashboard/alerts/00000000-0000-7000-8000-000084000111/ack"
    method: "POST"
    status: 428
    duration_ms: 19
[2026-09-28 01:28:06.889 -0300] INFO (15431): request completed
    route: "/v1/dashboard/alerts/00000000-0000-7000-8000-000084000111/ack"
    method: "POST"
    status: 200
    duration_ms: 36
[2026-09-28 01:28:06.897 -0300] INFO (15431): request completed
    route: "/v1/dashboard/alerts/00000000-0000-7000-8000-000084000111/ack"
    method: "POST"
    status: 200
    duration_ms: 7
[2026-09-28 01:28:06.915 -0300] INFO (15431): request completed
    route: "/v1/dashboard/alerts/00000000-0000-7000-8000-000084000111/ack"
    method: "POST"
    status: 412
    duration_ms: 17
[2026-09-28 01:28:06.921 -0300] INFO (15431): request completed
    route: "/v1/dashboard/alerts/00000000-0000-7000-8000-000084000111/ack"
    method: "POST"
    status: 422
    duration_ms: 5
[2026-09-28 01:28:06.934 -0300] INFO (15431): request completed
    route: "/v1/dashboard/alerts/00000000-0000-7000-8000-000081000102"
    method: "GET"
    status: 200
    duration_ms: 11
[2026-09-28 01:28:08.756 -0300] INFO (15641): request completed
    route: "/v1/ops/mobile-bootstrap?device_id=00000000-0000-7000-8000-0000e4000002&app_version=1.0.0"
    method: "GET"
    status: 200
    duration_ms: 190
[2026-09-28 01:28:08.767 -0300] INFO (15641): request completed
    route: "/v1/ops/mobile-bootstrap?device_id=00000000-0000-7000-8000-0000e4000002&app_version=1.0.0"
    method: "GET"
    status: 403
    duration_ms: 6
[2026-09-28 01:28:08.883 -0300] INFO (15641): request completed
    route: "/v1/ops/offline-sync/sync-batches"
    method: "POST"
    status: 200
    duration_ms: 110
(node:15641) DeprecationWarning: Calling client.query() when the client is already executing a query is deprecated and will be removed in pg@9.0. Use async/await or an external async flow control mechanism instead.
(Use `node --trace-deprecation ...` to show where the warning was created)
[2026-09-28 01:28:08.910 -0300] INFO (15641): request completed
    route: "/v1/ops/offline-sync/sync-batches"
    method: "POST"
    status: 403
    duration_ms: 2
[2026-09-28 01:28:08.913 -0300] INFO (15641): request completed
    route: "/v1/ops/offline-sync/receipts/00000000-0000-7000-8000-00000000a002"
    method: "GET"
    status: 404
    duration_ms: 2
[2026-09-28 01:28:08.920 -0300] INFO (15641): request completed
    route: "/v1/ops/offline-sync/receipts/00000000-0000-7000-8000-00000000a001/by-idempotency/item-inexistente"
    method: "GET"
    status: 404
    duration_ms: 6
[2026-09-28 01:28:08.926 -0300] INFO (15641): request completed
    route: "/v1/ops/offline-sync/receipts/00000000-0000-7000-8000-00000000a001/by-idempotency/item-001"
    method: "GET"
    status: 200
    duration_ms: 5
[2026-09-28 01:28:08.946 -0300] INFO (15641): request completed
    route: "/v1/ops/offline-sync/sync-batches"
    method: "POST"
    status: 400
    duration_ms: 18
[2026-09-28 01:28:08.968 -0300] INFO (15641): request completed
    route: "/v1/ops/offline-sync/sync-batches"
    method: "POST"
    status: 400
    duration_ms: 18
[2026-09-28 01:28:08.989 -0300] INFO (15641): request completed
    route: "/v1/ops/offline-sync/sync-batches"
    method: "POST"
    status: 400
    duration_ms: 17
[2026-09-28 01:28:09.008 -0300] INFO (15641): request completed
    route: "/v1/ops/offline-sync/sync-batches"
    method: "POST"
    status: 400
    duration_ms: 15
[2026-09-28 01:28:09.026 -0300] INFO (15641): request completed
    route: "/v1/ops/offline-sync/sync-batches"
    method: "POST"
    status: 400
    duration_ms: 14
[2026-09-28 01:28:09.052 -0300] INFO (15641): request completed
    route: "/v1/ops/offline-sync/sync-conflicts/00000000-0000-7000-8000-0000eb100001/resolve"
    method: "POST"
    status: 200
    duration_ms: 24
[2026-09-28 01:28:09.075 -0300] INFO (15641): request completed
    route: "/v1/ops/offline-sync/sync-conflicts/00000000-0000-7000-8000-0000eb100001/resolve"
    method: "POST"
    status: 409
    duration_ms: 21
[2026-09-28 01:28:09.077 -0300] INFO (15641): request completed
    route: "/v1/ops/offline-sync/sync-conflicts/00000000-0000-7000-8000-0000eb100001/resolve"
    method: "POST"
    status: 403
    duration_ms: 1
[2026-09-28 01:28:09.111 -0300] INFO (15641): request completed
    route: "/v1/ops/field/devices/00000000-0000-7000-8000-0000e4000004/block"
    method: "POST"
    status: 200
    duration_ms: 33
[2026-09-28 01:28:09.113 -0300] INFO (15641): request completed
    route: "/v1/ops/field/devices/00000000-0000-7000-8000-0000e4000004/block"
    method: "POST"
    status: 403
    duration_ms: 1
[2026-09-28 01:28:09.140 -0300] INFO (15641): request completed
    route: "/v1/ops/field/homologations/00000000-0000-7000-8000-0000e2200002/renew"
    method: "POST"
    status: 200
    duration_ms: 26
[2026-09-28 01:28:09.144 -0300] INFO (15641): request completed
    route: "/v1/ops/field/homologations/00000000-0000-7000-8000-0000e2200002/renew"
    method: "POST"
    status: 403
    duration_ms: 1
[2026-09-28 01:28:09.169 -0300] INFO (15641): request completed
    route: "/v1/ops/field/homologations/00000000-0000-7000-8000-0000e2200001/cancel-by-audit"
    method: "POST"
    status: 200
    duration_ms: 24
[2026-09-28 01:28:09.172 -0300] INFO (15641): request completed
    route: "/v1/ops/field/homologations/00000000-0000-7000-8000-0000e2200001/cancel-by-audit"
    method: "POST"
    status: 403
    duration_ms: 1
[2026-09-28 01:28:09.173 -0300] INFO (15641): request completed
    route: "/v1/ops/mobile-bootstrap/sessions/handoff"
    method: "POST"
    status: 403
    duration_ms: 0
[2026-09-28 01:28:09.212 -0300] INFO (15641): request completed
    route: "/v1/ops/mobile-bootstrap/sessions/handoff"
    method: "POST"
    status: 200
    duration_ms: 38
[2026-09-28 01:28:09.215 -0300] INFO (15641): request completed
    route: "/ops/agents"
    method: "GET"
    status: 404
    duration_ms: 1
[2026-09-28 01:28:09.216 -0300] INFO (15641): request completed
    route: "/ops/devices"
    method: "GET"
    status: 404
    duration_ms: 1
[2026-09-28 01:28:09.217 -0300] INFO (15641): request completed
    route: "/ops/teams"
    method: "GET"
    status: 404
    duration_ms: 0
[2026-09-28 01:28:09.218 -0300] INFO (15641): request completed
    route: "/ops/homologations"
    method: "GET"
    status: 404
    duration_ms: 0
[2026-09-28 01:28:09.219 -0300] INFO (15641): request completed
    route: "/ops/app-versions"
    method: "GET"
    status: 404
    duration_ms: 1
[2026-09-28 01:28:09.220 -0300] INFO (15641): request completed
    route: "/ops/evidence/evidence"
    method: "GET"
    status: 404
    duration_ms: 1
[2026-09-28 01:28:09.220 -0300] INFO (15641): request completed
    route: "/ops/snapshots/people"
    method: "GET"
    status: 404
    duration_ms: 0
[2026-09-28 01:28:09.225 -0300] INFO (15641): request completed
    route: "/v1/ops/field/agents"
    method: "GET"
    status: 200
    duration_ms: 4
[2026-09-28 01:28:11.129 -0300] INFO (15800): request completed
    route: "/v1/dashboard/alerts"
    method: "GET"
    status: 200
    duration_ms: 128
[2026-09-28 01:28:11.154 -0300] INFO (15800): request completed
    route: "/v1/dashboard/audit-trail?pageSize=200"
    method: "GET"
    status: 200
    duration_ms: 21
[2026-09-28 01:28:11.179 -0300] INFO (15800): request completed
    route: "/v1/dashboard/audit-trail?object=00000000-0000-7000-8000-000010000002"
    method: "GET"
    status: 200
    duration_ms: 16
[2026-09-28 01:28:11.190 -0300] INFO (15800): request completed
    route: "/v1/dashboard/audit-trail?object=00000000-0000-7000-8000-000010000002"
    method: "GET"
    status: 400
    duration_ms: 7
[2026-09-28 01:28:11.197 -0300] INFO (15800): request completed
    route: "/v1/dashboard/audit-trail?app=pec"
    method: "GET"
    status: 403
    duration_ms: 6
[2026-09-28 01:28:11.203 -0300] INFO (15800): request completed
    route: "/v1/dashboard/comparisons?dimension=pool&person=true"
    method: "GET"
    status: 403
    duration_ms: 5
[2026-09-28 01:28:11.212 -0300] INFO (15800): request completed
    route: "/v1/dashboard/comparisons?dimension=unit"
    method: "GET"
    status: 200
    duration_ms: 8
[2026-09-28 01:28:11.215 -0300] INFO (15800): request completed
    route: "/v1/dashboard/comparisons"
    method: "GET"
    status: 400
    duration_ms: 2
[2026-09-28 01:28:11.217 -0300] INFO (15800): request completed
    route: "/v1/dashboard/comparisons?dimension=pessoa"
    method: "GET"
    status: 400
    duration_ms: 1
[2026-09-28 01:28:11.219 -0300] INFO (15800): request completed
    route: "/v1/dashboard/open-data/alerts-by-severity-month?from=2026-01"
    method: "GET"
    status: 400
    duration_ms: 1
[2026-09-28 01:28:11.226 -0300] INFO (15800): request completed
    route: "/v1/dashboard/open-data/duties-compliance-year"
    method: "GET"
    status: 404
    duration_ms: 6
[2026-09-28 01:28:11.231 -0300] INFO (15800): request completed
    route: "/v1/dashboard/open-data/inexistente"
    method: "GET"
    status: 404
    duration_ms: 4
[2026-09-28 01:28:11.248 -0300] INFO (15800): request completed
    route: "/v1/dashboard/open-data/alerts-by-severity-month"
    method: "GET"
    status: 200
    duration_ms: 16
[2026-09-28 01:28:11.255 -0300] INFO (15800): request completed
    route: "/v1/dashboard/datasets"
    method: "GET"
    status: 200
    duration_ms: 6
[2026-09-28 01:28:11.299 -0300] INFO (15800): request completed
    route: "/v1/dashboard/transparency/audits"
    method: "POST"
    status: 400
    duration_ms: 38
[2026-09-28 01:28:11.342 -0300] INFO (15800): request completed
    route: "/v1/dashboard/transparency/audits"
    method: "POST"
    status: 201
    duration_ms: 42
[2026-09-28 01:28:11.351 -0300] INFO (15800): request completed
    route: "/v1/dashboard/transparency/checklist?period=2026-08"
    method: "GET"
    status: 200
    duration_ms: 7
[2026-09-28 01:28:11.372 -0300] INFO (15800): request completed
    route: "/v1/dashboard/transparency/audits"
    method: "POST"
    status: 400
    duration_ms: 20
[2026-09-28 01:28:11.374 -0300] INFO (15800): request completed
    route: "/v1/dashboard/transparency/checklist?period=2026-9"
    method: "GET"
    status: 400
    duration_ms: 1
(node:15800) DeprecationWarning: Calling client.query() when the client is already executing a query is deprecated and will be removed in pg@9.0. Use async/await or an external async flow control mechanism instead.
(Use `node --trace-deprecation ...` to show where the warning was created)
[2026-09-28 01:28:11.391 -0300] INFO (15800): request completed
    route: "/v1/dashboard/kpis"
    method: "GET"
    status: 200
    duration_ms: 16
[2026-09-28 01:28:11.394 -0300] INFO (15800): request completed
    route: "/v1/dashboard/kpis?from=2026-13"
    method: "GET"
    status: 400
    duration_ms: 1
[2026-09-28 01:28:13.299 -0300] INFO (16072): request completed
    route: "/v1/dashboard/exports"
    method: "POST"
    status: 400
    duration_ms: 143
[2026-09-28 01:28:13.326 -0300] INFO (16072): request completed
    route: "/v1/dashboard/exports"
    method: "POST"
    status: 403
    duration_ms: 23
[2026-09-28 01:28:13.343 -0300] INFO (16072): request completed
    route: "/v1/dashboard/exports"
    method: "POST"
    status: 400
    duration_ms: 16
[2026-09-28 01:28:13.369 -0300] INFO (16072): request completed
    route: "/v1/dashboard/exports"
    method: "POST"
    status: 400
    duration_ms: 24
[2026-09-28 01:28:13.384 -0300] INFO (16072): request completed
    route: "/v1/dashboard/exports"
    method: "POST"
    status: 403
    duration_ms: 14
[2026-09-28 01:28:13.405 -0300] INFO (16072): request completed
    route: "/v1/dashboard/exports"
    method: "POST"
    status: 403
    duration_ms: 19
[2026-09-28 01:28:13.462 -0300] INFO (16072): request completed
    route: "/v1/dashboard/exports"
    method: "POST"
    status: 201
    duration_ms: 55
[2026-09-28 01:28:13.473 -0300] INFO (16072): request completed
    route: "/v1/dashboard/comparisons?dimension=pool"
    method: "GET"
    status: 200
    duration_ms: 7
[2026-09-28 01:28:13.515 -0300] INFO (16072): request completed
    route: "/v1/dashboard/exports"
    method: "POST"
    status: 202
    duration_ms: 40
[2026-09-28 01:28:13.519 -0300] INFO (16072): request completed
    route: "/v1/dashboard/exports/3de9ea24-68cb-47a8-b1fb-85eb814200c0/approve"
    method: "POST"
    status: 403
    duration_ms: 1
[2026-09-28 01:28:13.548 -0300] INFO (16072): request completed
    route: "/v1/dashboard/exports/3de9ea24-68cb-47a8-b1fb-85eb814200c0/approve"
    method: "POST"
    status: 200
    duration_ms: 28
[2026-09-28 01:28:13.569 -0300] INFO (16072): request completed
    route: "/v1/dashboard/exports/3de9ea24-68cb-47a8-b1fb-85eb814200c0/approve"
    method: "POST"
    status: 400
    duration_ms: 16
[2026-09-28 01:28:13.597 -0300] INFO (16072): request completed
    route: "/v1/dashboard/exports"
    method: "POST"
    status: 201
    duration_ms: 26
[2026-09-28 01:28:13.629 -0300] INFO (16072): request completed
    route: "/v1/dashboard/exports"
    method: "POST"
    status: 201
    duration_ms: 27
[2026-09-28 01:28:13.656 -0300] INFO (16072): request completed
    route: "/v1/dashboard/exports"
    method: "POST"
    status: 422
    duration_ms: 18
[2026-09-28 01:28:15.593 -0300] INFO (16084): request completed
    route: "/v1/portal/identity/me"
    method: "GET"
    status: 200
    duration_ms: 149
[2026-09-28 01:28:15.611 -0300] INFO (16084): request completed
    route: "/v1/portal/identity/me"
    method: "GET"
    status: 200
    duration_ms: 15
[2026-09-28 01:28:15.625 -0300] INFO (16084): request completed
    route: "/v1/portal/identity/me"
    method: "GET"
    status: 200
    duration_ms: 12
[2026-09-28 01:28:15.665 -0300] INFO (16084): request completed
    route: "/v1/portal/identity/assurance/elevations"
    method: "POST"
    status: 422
    duration_ms: 24
[2026-09-28 01:28:15.683 -0300] INFO (16084): request completed
    route: "/v1/portal/identity/assurance/elevations/ec031e14-9a46-4ec0-be96-98767bf2f4fe/complete"
    method: "POST"
    status: 422
    duration_ms: 16
[2026-09-28 01:28:15.698 -0300] INFO (16084): request completed
    route: "/v1/portal/identity/assurance/elevations"
    method: "POST"
    status: 400
    duration_ms: 13
[2026-09-28 01:28:15.714 -0300] INFO (16084): request completed
    route: "/v1/portal/identity/assurance/elevations/nao-uuid/complete"
    method: "POST"
    status: 400
    duration_ms: 15
[2026-09-28 01:28:15.745 -0300] INFO (16084): request completed
    route: "/v1/portal/identity/representations"
    method: "POST"
    status: 201
    duration_ms: 29
[2026-09-28 01:28:15.765 -0300] INFO (16084): request completed
    route: "/v1/portal/identity/representations"
    method: "POST"
    status: 400
    duration_ms: 19
[2026-09-28 01:28:15.783 -0300] INFO (16084): request completed
    route: "/v1/portal/identity/representations"
    method: "POST"
    status: 403
    duration_ms: 16
[2026-09-28 01:28:15.789 -0300] INFO (16084): request completed
    route: "/v1/portal/identity/representations"
    method: "GET"
    status: 200
    duration_ms: 5
[2026-09-28 01:28:15.811 -0300] INFO (16084): request completed
    route: "/v1/portal/identity/representations/52d0da53-c474-4b1e-8746-dff542bb9590"
    method: "DELETE"
    status: 200
    duration_ms: 21
[2026-09-28 01:28:15.821 -0300] INFO (16084): request completed
    route: "/v1/portal/identity/me"
    method: "GET"
    status: 200
    duration_ms: 9
[2026-09-28 01:28:15.838 -0300] INFO (16084): request completed
    route: "/v1/portal/identity/representations/0d190643-cbe2-4feb-b22a-475dfc03203c"
    method: "DELETE"
    status: 404
    duration_ms: 16
[2026-09-28 01:28:15.853 -0300] INFO (16084): request completed
    route: "/v1/portal/identity/preferences"
    method: "PUT"
    status: 428
    duration_ms: 14
[2026-09-28 01:28:15.866 -0300] INFO (16084): request completed
    route: "/v1/portal/identity/preferences"
    method: "PUT"
    status: 422
    duration_ms: 12
[2026-09-28 01:28:15.876 -0300] INFO (16084): request completed
    route: "/v1/portal/requests"
    method: "POST"
    status: 400
    duration_ms: 8
[2026-09-28 01:28:15.901 -0300] INFO (16084): request completed
    route: "/v1/portal/requests"
    method: "POST"
    status: 201
    duration_ms: 24
[2026-09-28 01:28:15.914 -0300] INFO (16084): request completed
    route: "/v1/portal/requests"
    method: "POST"
    status: 201
    duration_ms: 12
[2026-09-28 01:28:15.927 -0300] INFO (16084): request completed
    route: "/v1/portal/requests"
    method: "POST"
    status: 409
    duration_ms: 8
[2026-09-28 01:28:15.952 -0300] INFO (16084): request completed
    route: "/v1/portal/requests/6e41cee7-eee5-41db-920a-b25e3acd97c4/withdraw"
    method: "POST"
    status: 200
    duration_ms: 24
[2026-09-28 01:28:15.962 -0300] INFO (16084): request completed
    route: "/v1/portal/requests"
    method: "POST"
    status: 422
    duration_ms: 9
[2026-09-28 01:28:15.971 -0300] INFO (16084): request completed
    route: "/v1/portal/requests"
    method: "POST"
    status: 422
    duration_ms: 8
[2026-09-28 01:28:15.982 -0300] INFO (16084): request completed
    route: "/v1/portal/requests"
    method: "POST"
    status: 404
    duration_ms: 10
[2026-09-28 01:28:15.991 -0300] INFO (16084): request completed
    route: "/v1/portal/requests"
    method: "POST"
    status: 404
    duration_ms: 8
[2026-09-28 01:28:16.009 -0300] INFO (16084): request completed
    route: "/v1/portal/requests"
    method: "POST"
    status: 201
    duration_ms: 16
[2026-09-28 01:28:16.028 -0300] INFO (16084): request completed
    route: "/v1/portal/requests/ce96c121-5e05-4f48-9504-d4939791a1fa/draft"
    method: "PUT"
    status: 428
    duration_ms: 17
[2026-09-28 01:28:16.050 -0300] INFO (16084): request completed
    route: "/v1/portal/requests/ce96c121-5e05-4f48-9504-d4939791a1fa/draft"
    method: "PUT"
    status: 200
    duration_ms: 21
[2026-09-28 01:28:16.074 -0300] INFO (16084): request completed
    route: "/v1/portal/requests/ce96c121-5e05-4f48-9504-d4939791a1fa/submit"
    method: "POST"
    status: 200
    duration_ms: 23
[2026-09-28 01:28:16.094 -0300] INFO (16084): request completed
    route: "/v1/portal/requests"
    method: "GET"
    status: 200
    duration_ms: 19
[2026-09-28 01:28:16.100 -0300] INFO (16084): request completed
    route: "/v1/portal/requests?state=INVENTADO"
    method: "GET"
    status: 400
    duration_ms: 5
[2026-09-28 01:28:16.115 -0300] INFO (16084): request completed
    route: "/v1/portal/requests/ce96c121-5e05-4f48-9504-d4939791a1fa"
    method: "GET"
    status: 200
    duration_ms: 14
[2026-09-28 01:28:16.141 -0300] INFO (16084): request completed
    route: "/v1/portal/requests/ce96c121-5e05-4f48-9504-d4939791a1fa/evaluation"
    method: "POST"
    status: 201
    duration_ms: 25
[2026-09-28 01:28:16.152 -0300] INFO (16084): request completed
    route: "/v1/portal/requests/ce96c121-5e05-4f48-9504-d4939791a1fa/evaluation"
    method: "POST"
    status: 409
    duration_ms: 10
[2026-09-28 01:28:16.170 -0300] INFO (16084): request completed
    route: "/v1/portal/requests"
    method: "POST"
    status: 201
    duration_ms: 16
[2026-09-28 01:28:16.193 -0300] INFO (16084): request completed
    route: "/v1/portal/requests/757fb9d9-68ab-4c2d-816a-5e9b6ab612cf/draft"
    method: "PUT"
    status: 200
    duration_ms: 22
[2026-09-28 01:28:16.204 -0300] INFO (16084): request completed
    route: "/v1/portal/requests/757fb9d9-68ab-4c2d-816a-5e9b6ab612cf/submit"
    method: "POST"
    status: 403
    duration_ms: 10
[2026-09-28 01:28:16.211 -0300] INFO (16084): request completed
    route: "/v1/portal/requests/757fb9d9-68ab-4c2d-816a-5e9b6ab612cf"
    method: "GET"
    status: 200
    duration_ms: 6
[2026-09-28 01:28:16.294 -0300] INFO (16084): request completed
    route: "/v1/portal/requests/757fb9d9-68ab-4c2d-816a-5e9b6ab612cf/submit"
    method: "POST"
    status: 200
    duration_ms: 82
[2026-09-28 01:28:16.301 -0300] INFO (16084): request completed
    route: "/v1/portal/sne/enrollment"
    method: "GET"
    status: 200
    duration_ms: 6
[2026-09-28 01:28:16.307 -0300] INFO (16084): request completed
    route: "/v1/portal/requests/757fb9d9-68ab-4c2d-816a-5e9b6ab612cf"
    method: "GET"
    status: 404
    duration_ms: 6
[2026-09-28 01:28:16.592 -0300] INFO (16084): request completed
    route: "/v1/portal/requests"
    method: "POST"
    status: 201
    duration_ms: 157
[2026-09-28 01:28:16.617 -0300] INFO (16084): request completed
    route: "/v1/portal/requests/60f7bd7a-c3fe-4fd4-876f-8fd832caeb24/submit"
    method: "POST"
    status: 502
    duration_ms: 24
[2026-09-28 01:28:16.627 -0300] INFO (16084): request completed
    route: "/v1/portal/requests/60f7bd7a-c3fe-4fd4-876f-8fd832caeb24"
    method: "GET"
    status: 200
    duration_ms: 9
[2026-09-28 01:28:16.641 -0300] INFO (16084): request completed
    route: "/v1/portal/requests/60f7bd7a-c3fe-4fd4-876f-8fd832caeb24/submit"
    method: "POST"
    status: 502
    duration_ms: 13
[2026-09-28 01:28:16.652 -0300] INFO (16084): request completed
    route: "/v1/portal/requests/60f7bd7a-c3fe-4fd4-876f-8fd832caeb24/submit"
    method: "POST"
    status: 409
    duration_ms: 10
[2026-09-28 01:28:16.680 -0300] INFO (16084): request completed
    route: "/v1/portal/requests"
    method: "POST"
    status: 201
    duration_ms: 21
[2026-09-28 01:28:16.703 -0300] INFO (16084): request completed
    route: "/v1/portal/requests/8a178214-ea64-4906-ba10-d39b43fe39dc/withdraw"
    method: "POST"
    status: 200
    duration_ms: 22
[2026-09-28 01:28:16.710 -0300] INFO (16084): request completed
    route: "/v1/portal/requests/757fb9d9-68ab-4c2d-816a-5e9b6ab612cf"
    method: "GET"
    status: 200
    duration_ms: 6
[2026-09-28 01:28:16.728 -0300] INFO (16084): request completed
    route: "/v1/portal/requests/757fb9d9-68ab-4c2d-816a-5e9b6ab612cf/withdraw"
    method: "POST"
    status: 409
    duration_ms: 17
[2026-09-28 01:28:16.748 -0300] INFO (16084): request completed
    route: "/v1/portal/requests"
    method: "POST"
    status: 201
    duration_ms: 19
[2026-09-28 01:28:16.766 -0300] INFO (16084): request completed
    route: "/v1/portal/requests/317da2ed-153f-40d5-91a6-dfaddf0d7261/withdraw"
    method: "POST"
    status: 400
    duration_ms: 16
[2026-09-28 01:28:16.789 -0300] INFO (16084): request completed
    route: "/v1/portal/requests/317da2ed-153f-40d5-91a6-dfaddf0d7261/withdraw"
    method: "POST"
    status: 200
    duration_ms: 22
[2026-09-28 01:28:16.795 -0300] INFO (16084): request completed
    route: "/v1/portal/requests/ce96c121-5e05-4f48-9504-d4939791a1fa"
    method: "GET"
    status: 404
    duration_ms: 4
[2026-09-28 01:28:16.801 -0300] INFO (16084): request completed
    route: "/v1/portal/requests/ce96c121-5e05-4f48-9504-d4939791a1fa/receipt"
    method: "GET"
    status: 422
    duration_ms: 5
[2026-09-28 01:28:16.822 -0300] INFO (16084): request completed
    route: "/v1/portal/requests"
    method: "POST"
    status: 201
    duration_ms: 20
[2026-09-28 01:28:16.829 -0300] INFO (16084): request completed
    route: "/v1/portal/requests/fe3bdc22-5be5-4275-864e-5e8d78e5cc24/receipt"
    method: "GET"
    status: 404
    duration_ms: 6
[2026-09-28 01:28:16.834 -0300] INFO (16084): request completed
    route: "/v1/portal/requests/ce96c121-5e05-4f48-9504-d4939791a1fa/decision"
    method: "GET"
    status: 404
    duration_ms: 5
[2026-09-28 01:28:16.854 -0300] INFO (16084): request completed
    route: "/v1/portal/requests/fe3bdc22-5be5-4275-864e-5e8d78e5cc24/attachments"
    method: "POST"
    status: 422
    duration_ms: 19
[2026-09-28 01:28:16.879 -0300] INFO (16084): request completed
    route: "/v1/portal/requests/fe3bdc22-5be5-4275-864e-5e8d78e5cc24/withdraw"
    method: "POST"
    status: 200
    duration_ms: 24
[2026-09-28 01:28:16.889 -0300] INFO (16084): request completed
    route: "/v1/portal/requests/757fb9d9-68ab-4c2d-816a-5e9b6ab612cf/diligences/4f3cd793-273a-4154-b25c-cddacc3439d7/responses"
    method: "POST"
    status: 422
    duration_ms: 9
[2026-09-28 01:28:16.897 -0300] INFO (16084): request completed
    route: "/v1/portal/requests/757fb9d9-68ab-4c2d-816a-5e9b6ab612cf/diligences/4510b555-7a47-480b-9e64-5ead3a767d70/responses"
    method: "POST"
    status: 400
    duration_ms: 7
[2026-09-28 01:28:16.899 -0300] INFO (16084): request completed
    route: "/v1/portal/requests"
    method: "POST"
    status: 403
    duration_ms: 1
[2026-09-28 01:28:16.900 -0300] INFO (16084): request completed
    route: "/v1/portal/requests"
    method: "GET"
    status: 403
    duration_ms: 1
[2026-09-28 01:28:18.736 -0300] INFO (16514): request completed
    route: "/v1/inf/measures/administrative-measures/00000000-0000-7000-8000-0000ed000001/start"
    method: "POST"
    status: 200
    duration_ms: 191
[2026-09-28 01:28:18.745 -0300] INFO (16514): request completed
    route: "/v1/inf/measures/administrative-measures/00000000-0000-7000-8000-0000ed000001/start"
    method: "POST"
    status: 403
    duration_ms: 5
[2026-09-28 01:28:18.774 -0300] INFO (16514): request completed
    route: "/v1/inf/measures/administrative-measures/00000000-0000-7000-8000-0000ed000003/conclude"
    method: "POST"
    status: 200
    duration_ms: 28
[2026-09-28 01:28:18.777 -0300] INFO (16514): request completed
    route: "/v1/inf/measures/administrative-measures/00000000-0000-7000-8000-0000ed000003/conclude"
    method: "POST"
    status: 403
    duration_ms: 1
[2026-09-28 01:28:18.868 -0300] INFO (16514): request completed
    route: "/v1/inf/measures/retentions/e0525435-82da-419a-a7dc-e31c4e4ba35a/release"
    method: "POST"
    status: 200
    duration_ms: 28
[2026-09-28 01:28:18.870 -0300] INFO (16514): request completed
    route: "/v1/inf/measures/retentions/e0525435-82da-419a-a7dc-e31c4e4ba35a/release"
    method: "POST"
    status: 403
    duration_ms: 1
[2026-09-28 01:28:18.915 -0300] INFO (16514): request completed
    route: "/v1/inf/alcohol/procedures/00000000-0000-7000-8000-0000ee000002/tests"
    method: "POST"
    status: 201
    duration_ms: 36
[2026-09-28 01:28:18.917 -0300] INFO (16514): request completed
    route: "/v1/inf/alcohol/procedures/00000000-0000-7000-8000-0000ee000002/tests"
    method: "POST"
    status: 403
    duration_ms: 0
[2026-09-28 01:28:18.942 -0300] INFO (16514): request completed
    route: "/v1/inf/alcohol/procedures/00000000-0000-7000-8000-0000ee000006/close"
    method: "POST"
    status: 200
    duration_ms: 23
[2026-09-28 01:28:18.944 -0300] INFO (16514): request completed
    route: "/v1/inf/alcohol/procedures/00000000-0000-7000-8000-0000ee000006/close"
    method: "POST"
    status: 403
    duration_ms: 1
[2026-09-28 01:28:18.952 -0300] INFO (16514): request completed
    route: "/v1/inf/speed/measurements"
    method: "POST"
    status: 404
    duration_ms: 7
[2026-09-28 01:28:18.960 -0300] INFO (16514): request completed
    route: "/v1/ops/integrations/outbox"
    method: "GET"
    status: 200
    duration_ms: 7
[2026-09-28 01:28:18.961 -0300] INFO (16514): request completed
    route: "/v1/ops/integrations/outbox"
    method: "GET"
    status: 403
    duration_ms: 0
[2026-09-28 01:28:18.988 -0300] INFO (16514): request completed
    route: "/v1/ops/integrations/outbox/620cc604-b01e-4703-8472-fb8b1b291c9f/retry"
    method: "POST"
    status: 409
    duration_ms: 21
[2026-09-28 01:28:20.875 -0300] INFO (16519): request completed
    route: "/v1/inf/ait/aits"
    method: "POST"
    status: 201
    duration_ms: 184
[2026-09-28 01:28:20.918 -0300] INFO (16519): request completed
    route: "/v1/inf/ait/aits/3dbfac28-3e47-4740-acd0-2b5ca3533592/vehicles"
    method: "POST"
    status: 201
    duration_ms: 40
[2026-09-28 01:28:20.949 -0300] INFO (16519): request completed
    route: "/v1/inf/ait/aits/3dbfac28-3e47-4740-acd0-2b5ca3533592/people"
    method: "POST"
    status: 201
    duration_ms: 30
[2026-09-28 01:28:20.980 -0300] INFO (16519): request completed
    route: "/v1/inf/ait/aits/3dbfac28-3e47-4740-acd0-2b5ca3533592/science"
    method: "POST"
    status: 201
    duration_ms: 30
[2026-09-28 01:28:21.019 -0300] INFO (16519): request completed
    route: "/v1/inf/ait/aits/3dbfac28-3e47-4740-acd0-2b5ca3533592/finalize"
    method: "POST"
    status: 200
    duration_ms: 37
[2026-09-28 01:28:21.022 -0300] INFO (16519): request completed
    route: "/v1/inf/ait/aits/fb88d265-6ecf-4c15-9754-bbf1628e5a4f/finalize"
    method: "POST"
    status: 403
    duration_ms: 1
[2026-09-28 01:28:21.049 -0300] INFO (16519): request completed
    route: "/v1/inf/ait/aits"
    method: "POST"
    status: 201
    duration_ms: 25
[2026-09-28 01:28:21.072 -0300] INFO (16519): request completed
    route: "/v1/inf/ait/aits/610e7c12-e3ac-47a2-bdcf-2af251054c01/finalize"
    method: "POST"
    status: 428
    duration_ms: 22
[2026-09-28 01:28:21.100 -0300] INFO (16519): request completed
    route: "/v1/inf/ait/aits"
    method: "POST"
    status: 201
    duration_ms: 26
[2026-09-28 01:28:21.122 -0300] INFO (16519): request completed
    route: "/v1/inf/ait/aits/294a64e2-6c08-4a31-b1af-7786c39a06f6/finalize"
    method: "POST"
    status: 412
    duration_ms: 20
[2026-09-28 01:28:21.150 -0300] INFO (16519): request completed
    route: "/v1/inf/ait/aits"
    method: "POST"
    status: 201
    duration_ms: 26
[2026-09-28 01:28:21.183 -0300] INFO (16519): request completed
    route: "/v1/inf/ait/aits/a80941a6-c4bc-42c1-9a3a-6d19aba9ca3d/finalize"
    method: "POST"
    status: 200
    duration_ms: 32
[2026-09-28 01:28:21.205 -0300] INFO (16519): request completed
    route: "/v1/inf/ait/aits"
    method: "POST"
    status: 201
    duration_ms: 20
[2026-09-28 01:28:21.207 -0300] INFO (16519): request completed
    route: "/v1/inf/ait/aits/ccd22d73-291d-4de9-80be-2c847ebe6d80/finalize"
    method: "POST"
    status: 403
    duration_ms: 1
[2026-09-28 01:28:21.225 -0300] INFO (16519): request completed
    route: "/v1/inf/ait/aits"
    method: "POST"
    status: 201
    duration_ms: 18
[2026-09-28 01:28:21.249 -0300] INFO (16519): request completed
    route: "/v1/inf/ait/aits/21819652-e2f3-451d-9d49-202137912e4d/finalize"
    method: "POST"
    status: 200
    duration_ms: 23
[2026-09-28 01:28:21.268 -0300] INFO (16519): request completed
    route: "/v1/inf/ait/aits"
    method: "POST"
    status: 201
    duration_ms: 18
[2026-09-28 01:28:21.292 -0300] INFO (16519): request completed
    route: "/v1/inf/ait/aits/8934823a-45cc-4829-bab1-e3a9a9d73cd7/archive"
    method: "POST"
    status: 200
    duration_ms: 23
[2026-09-28 01:28:21.309 -0300] INFO (16519): request completed
    route: "/v1/inf/ait/aits"
    method: "POST"
    status: 201
    duration_ms: 17
[2026-09-28 01:28:21.311 -0300] INFO (16519): request completed
    route: "/v1/inf/ait/aits/e3f3e7be-e58c-4cb9-be09-b9ff7ec54bdc/archive"
    method: "POST"
    status: 403
    duration_ms: 1
[2026-09-28 01:28:21.328 -0300] INFO (16519): request completed
    route: "/v1/inf/ait/cancel-requests/e678c353-0d36-4a33-aa1f-25ee5678b681/decide"
    method: "POST"
    status: 404
    duration_ms: 16
[2026-09-28 01:28:21.351 -0300] INFO (16519): request completed
    route: "/v1/inf/ait/aits"
    method: "POST"
    status: 201
    duration_ms: 22
[2026-09-28 01:28:21.377 -0300] INFO (16519): request completed
    route: "/v1/inf/ait/cancel-requests"
    method: "POST"
    status: 201
    duration_ms: 25
[2026-09-28 01:28:21.393 -0300] INFO (16519): request completed
    route: "/v1/inf/ait/cancel-requests/af325c7e-8c68-42c8-ac9e-23ea803ab3b7/decide"
    method: "POST"
    status: 412
    duration_ms: 15
[2026-09-28 01:28:21.411 -0300] INFO (16519): request completed
    route: "/v1/inf/ait/aits"
    method: "POST"
    status: 201
    duration_ms: 17
[2026-09-28 01:28:21.434 -0300] INFO (16519): request completed
    route: "/v1/inf/ait/cancel-requests"
    method: "POST"
    status: 201
    duration_ms: 22
[2026-09-28 01:28:21.452 -0300] INFO (16519): request completed
    route: "/v1/inf/ait/cancel-requests/3d77190a-d887-4193-9a63-2c5c6418895e/decide"
    method: "POST"
    status: 403
    duration_ms: 17
[2026-09-28 01:28:21.472 -0300] INFO (16519): request completed
    route: "/v1/inf/ait/aits"
    method: "POST"
    status: 201
    duration_ms: 18
[2026-09-28 01:28:21.497 -0300] INFO (16519): request completed
    route: "/v1/inf/ait/cancel-requests"
    method: "POST"
    status: 201
    duration_ms: 24
[2026-09-28 01:28:21.526 -0300] INFO (16519): request completed
    route: "/v1/inf/ait/cancel-requests/8afc4684-26f7-4057-88a2-35d896cfc099/decide"
    method: "POST"
    status: 200
    duration_ms: 28
[2026-09-28 01:28:21.544 -0300] INFO (16519): request completed
    route: "/v1/inf/ait/aits"
    method: "POST"
    status: 201
    duration_ms: 17
[2026-09-28 01:28:21.568 -0300] INFO (16519): request completed
    route: "/v1/inf/ait/cancel-requests"
    method: "POST"
    status: 201
    duration_ms: 23
[2026-09-28 01:28:21.588 -0300] INFO (16519): request completed
    route: "/v1/inf/ait/cancel-requests/6e227b3c-0eb1-4263-9cb8-21606f60af19/decide"
    method: "POST"
    status: 403
    duration_ms: 19
[2026-09-28 01:28:21.609 -0300] INFO (16519): request completed
    route: "/v1/inf/ait/cancel-requests"
    method: "POST"
    status: 202
    duration_ms: 20
[2026-09-28 01:28:21.634 -0300] INFO (16519): request completed
    route: "/v1/inf/ait/cancel-requests/9fbd2089-ec9a-4d59-916a-423ac9cdd416/decide"
    method: "POST"
    status: 200
    duration_ms: 24
[2026-09-28 01:28:21.655 -0300] INFO (16519): request completed
    route: "/v1/inf/ait/cancel-requests"
    method: "POST"
    status: 202
    duration_ms: 20
[2026-09-28 01:28:21.675 -0300] INFO (16519): request completed
    route: "/v1/inf/ait/cancel-requests/c24c538d-2854-4960-813e-ffa0ec9f4eec/review"
    method: "POST"
    status: 428
    duration_ms: 19
[2026-09-28 01:28:21.691 -0300] INFO (16519): request completed
    route: "/v1/inf/ait/cancel-requests/c24c538d-2854-4960-813e-ffa0ec9f4eec/review"
    method: "POST"
    status: 412
    duration_ms: 15
[2026-09-28 01:28:21.713 -0300] INFO (16519): request completed
    route: "/v1/inf/ait/cancel-requests/c24c538d-2854-4960-813e-ffa0ec9f4eec/review"
    method: "POST"
    status: 200
    duration_ms: 21
[2026-09-28 01:28:21.734 -0300] INFO (16519): request completed
    route: "/v1/inf/ait/cancel-requests"
    method: "POST"
    status: 202
    duration_ms: 20
[2026-09-28 01:28:21.749 -0300] INFO (16519): request completed
    route: "/v1/inf/ait/cancel-requests/22ba6fb8-6d3a-4e54-ada1-15ca9a1cc098/decide"
    method: "POST"
    status: 428
    duration_ms: 14
[2026-09-28 01:28:21.763 -0300] INFO (16519): request completed
    route: "/v1/inf/ait/cancel-requests/22ba6fb8-6d3a-4e54-ada1-15ca9a1cc098/decide"
    method: "POST"
    status: 412
    duration_ms: 13
[2026-09-28 01:28:21.784 -0300] INFO (16519): request completed
    route: "/v1/inf/ait/cancel-requests/22ba6fb8-6d3a-4e54-ada1-15ca9a1cc098/decide"
    method: "POST"
    status: 200
    duration_ms: 20
[2026-09-28 01:28:21.801 -0300] INFO (16519): request completed
    route: "/v1/inf/ait/aits"
    method: "POST"
    status: 201
    duration_ms: 16
[2026-09-28 01:28:21.841 -0300] INFO (16519): request completed
    route: "/v1/inf/ait/aits/b7cf2fdb-254a-4b70-8027-5847ccb07fad/concurrency-review"
    method: "POST"
    status: 200
    duration_ms: 34
[2026-09-28 01:28:21.861 -0300] INFO (16519): request completed
    route: "/v1/inf/ait/aits"
    method: "POST"
    status: 201
    duration_ms: 18
[2026-09-28 01:28:21.864 -0300] INFO (16519): request completed
    route: "/v1/inf/ait/aits/9f804c0e-94a6-4c48-b8ef-05d1741b8288/concurrency-review"
    method: "POST"
    status: 403
    duration_ms: 0
[2026-09-28 01:28:21.883 -0300] INFO (16519): request completed
    route: "/v1/inf/ait/aits"
    method: "POST"
    status: 201
    duration_ms: 18
[2026-09-28 01:28:21.900 -0300] INFO (16519): request completed
    route: "/v1/inf/ait/aits/34f94f72-df83-4d42-a13f-d6e72b481366/concurrency-review"
    method: "POST"
    status: 409
    duration_ms: 16
[2026-09-28 01:28:21.918 -0300] INFO (16519): request completed
    route: "/v1/inf/ait/aits"
    method: "POST"
    status: 201
    duration_ms: 17
[2026-09-28 01:28:21.942 -0300] INFO (16519): request completed
    route: "/v1/inf/ait/aits/a065e6fb-f825-432c-9684-f454c7feff33/receive-protocol"
    method: "POST"
    status: 200
    duration_ms: 23
[2026-09-28 01:28:21.960 -0300] INFO (16519): request completed
    route: "/v1/inf/ait/aits"
    method: "POST"
    status: 201
    duration_ms: 17
[2026-09-28 01:28:21.961 -0300] INFO (16519): request completed
    route: "/v1/inf/ait/aits/ed9a1f50-9e13-4968-acb8-73a3ef1e290e/receive-protocol"
    method: "POST"
    status: 403
    duration_ms: 0
[2026-09-28 01:28:21.967 -0300] INFO (16519): request completed
    route: "/v1/inf/ait/cancel-requests/outcomes/local-8c33bbef-41e2-4447-ab98-3fc874437cef"
    method: "GET"
    status: 404
    duration_ms: 5
[2026-09-28 01:28:21.993 -0300] INFO (16519): request completed
    route: "/v1/inf/ait/aits"
    method: "POST"
    status: 201
    duration_ms: 25
[2026-09-28 01:28:22.015 -0300] INFO (16519): request completed
    route: "/v1/inf/ait/cancel-requests"
    method: "POST"
    status: 201
    duration_ms: 21
[2026-09-28 01:28:22.020 -0300] INFO (16519): request completed
    route: "/v1/inf/ait/cancel-requests/outcomes/local-c63f2408-ed05-409b-b51a-004108a74716"
    method: "GET"
    status: 200
    duration_ms: 5
[2026-09-28 01:28:22.040 -0300] INFO (16519): request completed
    route: "/v1/inf/ait/aits"
    method: "POST"
    status: 201
    duration_ms: 18
[2026-09-28 01:28:22.072 -0300] INFO (16519): request completed
    route: "/v1/inf/ait/aits/83f65ea8-0b72-46e2-86cf-e10fa73e78c3/vehicles"
    method: "POST"
    status: 201
    duration_ms: 31
[2026-09-28 01:28:22.102 -0300] INFO (16519): request completed
    route: "/v1/inf/ait/aits/83f65ea8-0b72-46e2-86cf-e10fa73e78c3/people"
    method: "POST"
    status: 201
    duration_ms: 29
[2026-09-28 01:28:22.130 -0300] INFO (16519): request completed
    route: "/v1/inf/ait/aits/83f65ea8-0b72-46e2-86cf-e10fa73e78c3/science"
    method: "POST"
    status: 201
    duration_ms: 27
[2026-09-28 01:28:22.157 -0300] INFO (16519): request completed
    route: "/v1/inf/ait/aits/83f65ea8-0b72-46e2-86cf-e10fa73e78c3/finalize"
    method: "POST"
    status: 200
    duration_ms: 26
[2026-09-28 01:28:22.166 -0300] INFO (16519): request completed
    route: "/v1/inf/ait/aits/83f65ea8-0b72-46e2-86cf-e10fa73e78c3/finalize"
    method: "POST"
    status: 200
    duration_ms: 8
[2026-09-28 01:28:22.173 -0300] INFO (16519): request completed
    route: "/v1/inf/ait/aits/83f65ea8-0b72-46e2-86cf-e10fa73e78c3/finalize"
    method: "POST"
    status: 422
    duration_ms: 5
[2026-09-28 01:28:22.192 -0300] INFO (16519): request completed
    route: "/v1/inf/ait/aits"
    method: "POST"
    status: 201
    duration_ms: 18
[2026-09-28 01:28:22.216 -0300] INFO (16519): request completed
    route: "/v1/inf/ait/cancel-requests"
    method: "POST"
    status: 201
    duration_ms: 23
[2026-09-28 01:28:22.226 -0300] INFO (16519): request completed
    route: "/v1/inf/ait/cancel-requests"
    method: "POST"
    status: 201
    duration_ms: 9
[2026-09-28 01:28:22.231 -0300] INFO (16519): request completed
    route: "/v1/inf/ait/cancel-requests"
    method: "POST"
    status: 422
    duration_ms: 4
[2026-09-28 01:28:24.012 -0300] INFO (16805): request completed
    route: "/v1/est/crash/victims/00000000-0000-7000-8000-0000a3000001"
    method: "GET"
    status: 400
    duration_ms: 10
[2026-09-28 01:28:24.198 -0300] INFO (16805): request completed
    route: "/v1/est/crash/victims/00000000-0000-7000-8000-0000a3000001?purpose=revisao%20do%20atendimento%20de%20sinistro"
    method: "GET"
    status: 200
    duration_ms: 182
[2026-09-28 01:28:24.226 -0300] INFO (16805): request completed
    route: "/v1/est/crash/victims"
    method: "GET"
    status: 400
    duration_ms: 1
[2026-09-28 01:28:24.240 -0300] INFO (16805): request completed
    route: "/v1/est/crash/victims?purpose=consulta%20de%20vitimas%20do%20sinistro"
    method: "GET"
    status: 200
    duration_ms: 13
[2026-09-28 01:28:26.151 -0300] INFO (16950): request completed
    route: "/v1/ops/offline-sync/sync-batches"
    method: "POST"
    status: 200
    duration_ms: 225
[2026-09-28 01:28:26.171 -0300] INFO (16950): request completed
    route: "/v1/ops/offline-sync/sync-batches"
    method: "POST"
    status: 200
    duration_ms: 17
[2026-09-28 01:28:26.207 -0300] INFO (16950): request completed
    route: "/v1/ops/offline-sync/sync-batches"
    method: "POST"
    status: 200
    duration_ms: 34
[2026-09-28 01:28:26.222 -0300] INFO (16950): request completed
    route: "/v1/ops/offline-sync/sync-batches"
    method: "POST"
    status: 422
    duration_ms: 5
[2026-09-28 01:28:26.245 -0300] INFO (16950): request completed
    route: "/v1/ops/offline-sync/numbering-reservations/bd5da99c-e42f-4865-9713-92b6ebc333d2/cancel"
    method: "POST"
    status: 404
    duration_ms: 21
[2026-09-28 01:28:26.263 -0300] INFO (16950): request completed
    route: "/v1/ops/offline-sync/sync-conflicts/298bff64-7d8a-4e0b-bf99-9fa3050ce243/resolve"
    method: "POST"
    status: 404
    duration_ms: 17
[2026-09-28 01:28:28.173 -0300] INFO (17164): request completed
    route: "/v1/portal/identity/me"
    method: "GET"
    status: 200
    duration_ms: 151
[2026-09-28 01:28:28.190 -0300] INFO (17164): request completed
    route: "/v1/portal/identity/me"
    method: "GET"
    status: 200
    duration_ms: 14
[2026-09-28 01:28:28.210 -0300] INFO (17164): request completed
    route: "/v1/portal/stream"
    method: "GET"
    status: 403
    duration_ms: 1
[2026-09-28 01:28:28.211 -0300] INFO (17164): request completed
    route: "/v1/portal/stream"
    method: "GET"
    status: 403
    duration_ms: 0
[2026-09-28 01:28:29.173 -0300] INFO (17164): request completed
    request_id: "01a0e645-7e65-7322-b5c9-c48dd72d66d8"
    tenant_id: "00000000-0000-7000-8000-000000000001"
    actor_id: "00000000-0000-4000-8000-000000000002"
    route: "/v1/portal/stream"
    method: "GET"
    status: 204
    duration_ms: 17
[2026-09-28 01:28:31.328 -0300] INFO (17171): request completed
    route: "/v1/portal/identity/me"
    method: "GET"
    status: 200
    duration_ms: 147
[2026-09-28 01:28:31.345 -0300] INFO (17171): request completed
    route: "/v1/portal/identity/me"
    method: "GET"
    status: 200
    duration_ms: 14
[2026-09-28 01:28:31.356 -0300] INFO (17171): request completed
    route: "/v1/portal/identity/me"
    method: "GET"
    status: 200
    duration_ms: 9
[2026-09-28 01:28:31.389 -0300] INFO (17171): request completed
    route: "/v1/portal/aits"
    method: "GET"
    status: 200
    duration_ms: 16
[2026-09-28 01:28:31.399 -0300] INFO (17171): request completed
    route: "/v1/portal/aits?status=em_recurso"
    method: "GET"
    status: 200
    duration_ms: 7
[2026-09-28 01:28:31.408 -0300] INFO (17171): request completed
    route: "/v1/portal/aits?vehicle=FIX2E02"
    method: "GET"
    status: 200
    duration_ms: 7
[2026-09-28 01:28:31.411 -0300] INFO (17171): request completed
    route: "/v1/portal/aits?status=xyz"
    method: "GET"
    status: 400
    duration_ms: 2
[2026-09-28 01:28:31.419 -0300] INFO (17171): request completed
    route: "/v1/portal/aits?page=2&pageSize=5"
    method: "GET"
    status: 200
    duration_ms: 6
[2026-09-28 01:28:31.428 -0300] INFO (17171): request completed
    route: "/v1/portal/aits"
    method: "GET"
    status: 200
    duration_ms: 8
[2026-09-28 01:28:31.436 -0300] INFO (17171): request completed
    route: "/v1/portal/aits/00000000-0000-7000-8000-0000f0000002"
    method: "GET"
    status: 404
    duration_ms: 7
[2026-09-28 01:28:31.438 -0300] INFO (17171): request completed
    route: "/v1/portal/aits/nao-uuid"
    method: "GET"
    status: 400
    duration_ms: 1
[2026-09-28 01:28:31.450 -0300] INFO (17171): request completed
    route: "/v1/portal/aits/00000000-0000-7000-8000-0000f0000002"
    method: "GET"
    status: 200
    duration_ms: 8
[2026-09-28 01:28:31.458 -0300] INFO (17171): request completed
    route: "/v1/portal/aits/00000000-0000-7000-8000-0000f0000001"
    method: "GET"
    status: 404
    duration_ms: 5
[2026-09-28 01:28:31.464 -0300] INFO (17171): request completed
    route: "/v1/portal/aits/00000000-0000-7000-8000-0000f0000002/points"
    method: "GET"
    status: 200
    duration_ms: 5
[2026-09-28 01:28:31.469 -0300] INFO (17171): request completed
    route: "/v1/portal/points-summary"
    method: "GET"
    status: 200
    duration_ms: 4
[2026-09-28 01:28:31.478 -0300] INFO (17171): request completed
    route: "/v1/portal/points-summary"
    method: "GET"
    status: 200
    duration_ms: 5
[2026-09-28 01:28:31.488 -0300] INFO (17171): request completed
    route: "/v1/portal/inbox"
    method: "GET"
    status: 200
    duration_ms: 8
[2026-09-28 01:28:31.494 -0300] INFO (17171): request completed
    route: "/v1/portal/inbox?kind=informativo"
    method: "GET"
    status: 200
    duration_ms: 5
[2026-09-28 01:28:31.501 -0300] INFO (17171): request completed
    route: "/v1/portal/inbox?read=false"
    method: "GET"
    status: 200
    duration_ms: 6
[2026-09-28 01:28:31.507 -0300] INFO (17171): request completed
    route: "/v1/portal/inbox?kind=xyz"
    method: "GET"
    status: 400
    duration_ms: 5
[2026-09-28 01:28:31.552 -0300] INFO (17171): request completed
    route: "/v1/portal/inbox/00000000-0000-7000-8000-000070c000e1/read"
    method: "POST"
    status: 200
    duration_ms: 40
[2026-09-28 01:28:31.577 -0300] INFO (17171): request completed
    route: "/v1/portal/inbox/00000000-0000-7000-8000-000070c000e1/read"
    method: "POST"
    status: 200
    duration_ms: 23
[2026-09-28 01:28:31.608 -0300] INFO (17171): request completed
    route: "/v1/portal/inbox/00000000-0000-7000-8000-000070c000e3/read"
    method: "POST"
    status: 404
    duration_ms: 20
[2026-09-28 01:28:31.615 -0300] INFO (17171): request completed
    route: "/v1/portal/sne/enrollment"
    method: "GET"
    status: 200
    duration_ms: 5
[2026-09-28 01:28:31.626 -0300] INFO (17171): request completed
    route: "/v1/portal/sne/enrollment"
    method: "POST"
    status: 422
    duration_ms: 10
[2026-09-28 01:28:31.698 -0300] INFO (17171): request completed
    route: "/v1/portal/sne/enrollment"
    method: "POST"
    status: 201
    duration_ms: 71
[2026-09-28 01:28:31.716 -0300] INFO (17171): request completed
    route: "/v1/portal/sne/enrollment"
    method: "POST"
    status: 409
    duration_ms: 17
[2026-09-28 01:28:31.741 -0300] INFO (17171): request completed
    route: "/v1/portal/sne/enrollment"
    method: "DELETE"
    status: 200
    duration_ms: 24
[2026-09-28 01:28:31.759 -0300] INFO (17171): request completed
    route: "/v1/portal/sne/enrollment"
    method: "DELETE"
    status: 409
    duration_ms: 17
[2026-09-28 01:28:31.767 -0300] INFO (17171): request completed
    route: "/v1/portal/sne/enrollment"
    method: "POST"
    status: 403
    duration_ms: 7
[2026-09-28 01:28:31.775 -0300] INFO (17171): request completed
    route: "/v1/portal/sne/enrollment"
    method: "POST"
    status: 400
    duration_ms: 7
[2026-09-28 01:28:31.793 -0300] INFO (17171): request completed
    route: "/v1/portal/push-subscriptions"
    method: "POST"
    status: 201
    duration_ms: 14
[2026-09-28 01:28:31.806 -0300] INFO (17171): request completed
    route: "/v1/portal/push-subscriptions"
    method: "POST"
    status: 201
    duration_ms: 12
[2026-09-28 01:28:31.817 -0300] INFO (17171): request completed
    route: "/v1/portal/push-subscriptions"
    method: "POST"
    status: 400
    duration_ms: 9
[2026-09-28 01:28:31.832 -0300] INFO (17171): request completed
    route: "/v1/portal/documents/cnh"
    method: "GET"
    status: 200
    duration_ms: 14
[2026-09-28 01:28:31.843 -0300] INFO (17171): request completed
    route: "/v1/portal/documents/cnh"
    method: "GET"
    status: 200
    duration_ms: 10
[2026-09-28 01:28:31.849 -0300] INFO (17171): request completed
    route: "/v1/portal/documents/cnh?documentBytes=true"
    method: "GET"
    status: 422
    duration_ms: 5
[2026-09-28 01:28:31.858 -0300] INFO (17171): request completed
    route: "/v1/portal/vehicles"
    method: "GET"
    status: 200
    duration_ms: 9
[2026-09-28 01:28:31.864 -0300] INFO (17171): request completed
    route: "/v1/portal/vehicles/cdc257f8-0f28-47ca-a9a6-e510499eea08/clearance"
    method: "GET"
    status: 404
    duration_ms: 5
[2026-09-28 01:28:31.875 -0300] INFO (17171): request completed
    route: "/v1/portal/vehicles/00000000-0000-7000-8000-00007ff00001/clearance"
    method: "GET"
    status: 503
    duration_ms: 8
[2026-09-28 01:28:31.894 -0300] INFO (17171): request completed
    route: "/v1/portal/vehicles/00000000-0000-7000-8000-00007ff00001/crlv-e"
    method: "POST"
    status: 422
    duration_ms: 18
[2026-09-28 01:28:31.912 -0300] INFO (17171): request completed
    route: "/v1/portal/crashes"
    method: "GET"
    status: 200
    duration_ms: 9
[2026-09-28 01:28:31.921 -0300] INFO (17171): request completed
    route: "/v1/portal/exams"
    method: "GET"
    status: 200
    duration_ms: 8
[2026-09-28 01:28:31.927 -0300] INFO (17171): request completed
    route: "/v1/portal/crashes/00000000-0000-7000-8000-00007ff00003"
    method: "GET"
    status: 404
    duration_ms: 5
[2026-09-28 01:28:31.932 -0300] INFO (17171): request completed
    route: "/v1/portal/exams/00000000-0000-7000-8000-00007ff00002"
    method: "GET"
    status: 404
    duration_ms: 4
[2026-09-28 01:28:31.945 -0300] INFO (17171): request completed
    route: "/v1/portal/crashes/00000000-0000-7000-8000-00007ff00003"
    method: "GET"
    status: 200
    duration_ms: 8
[2026-09-28 01:28:31.954 -0300] INFO (17171): request completed
    route: "/v1/portal/exams/00000000-0000-7000-8000-00007ff00002"
    method: "GET"
    status: 200
    duration_ms: 8
[2026-09-28 01:28:31.963 -0300] INFO (17171): request completed
    route: "/v1/portal/crashes"
    method: "GET"
    status: 200
    duration_ms: 8
[2026-09-28 01:28:31.988 -0300] INFO (17171): request completed
    route: "/v1/portal/manifestations"
    method: "POST"
    status: 201
    duration_ms: 18
[2026-09-28 01:28:32.009 -0300] INFO (17171): request completed
    route: "/v1/portal/manifestations"
    method: "POST"
    status: 201
    duration_ms: 20
[2026-09-28 01:28:32.017 -0300] INFO (17171): request completed
    route: "/v1/portal/manifestations"
    method: "GET"
    status: 200
    duration_ms: 7
[2026-09-28 01:28:32.026 -0300] INFO (17171): request completed
    route: "/v1/portal/manifestations/57f3cde3-8a65-4bf6-a8ce-981c3ee10ec0"
    method: "GET"
    status: 200
    duration_ms: 7
[2026-09-28 01:28:32.035 -0300] INFO (17171): request completed
    route: "/v1/portal/manifestations"
    method: "POST"
    status: 400
    duration_ms: 7
[2026-09-28 01:28:32.053 -0300] INFO (17171): request completed
    route: "/v1/portal/manifestations"
    method: "POST"
    status: 201
    duration_ms: 17
[2026-09-28 01:28:32.060 -0300] INFO (17171): request completed
    route: "/v1/portal/manifestations"
    method: "POST"
    status: 400
    duration_ms: 5
[2026-09-28 01:28:32.061 -0300] INFO (17171): request completed
    route: "/v1/portal/manifestations"
    method: "GET"
    status: 403
    duration_ms: 0
[2026-09-28 01:28:32.086 -0300] INFO (17171): request completed
    route: "/v1/portal/manifestations/00000000-0000-7000-8000-000070700e01/acknowledge"
    method: "POST"
    status: 200
    duration_ms: 24
[2026-09-28 01:28:32.103 -0300] INFO (17171): request completed
    route: "/v1/portal/manifestations/00000000-0000-7000-8000-000070700e01/acknowledge"
    method: "POST"
    status: 409
    duration_ms: 16
[2026-09-28 01:28:32.125 -0300] INFO (17171): request completed
    route: "/v1/portal/evaluations"
    method: "POST"
    status: 201
    duration_ms: 21
[2026-09-28 01:28:32.137 -0300] INFO (17171): request completed
    route: "/v1/portal/evaluations"
    method: "POST"
    status: 409
    duration_ms: 9
[2026-09-28 01:28:32.147 -0300] INFO (17171): request completed
    route: "/v1/portal/evaluations"
    method: "POST"
    status: 409
    duration_ms: 9
[2026-09-28 01:28:32.162 -0300] INFO (17171): request completed
    route: "/v1/portal/evaluations"
    method: "POST"
    status: 201
    duration_ms: 14
[2026-09-28 01:28:32.172 -0300] INFO (17171): request completed
    route: "/v1/portal/evaluations"
    method: "POST"
    status: 404
    duration_ms: 9
[2026-09-28 01:28:32.181 -0300] INFO (17171): request completed
    route: "/v1/portal/service-charter/manifestar/deadline"
    method: "GET"
    status: 200
    duration_ms: 5
[2026-09-28 01:28:32.187 -0300] INFO (17171): request completed
    route: "/v1/portal/service-charter/nao_existe/deadline"
    method: "GET"
    status: 404
    duration_ms: 5
[2026-09-28 01:28:34.071 -0300] INFO (17177): request completed
    route: "/v1/portal/identity/me"
    method: "GET"
    status: 200
    duration_ms: 149
[2026-09-28 01:28:34.090 -0300] INFO (17177): request completed
    route: "/v1/portal/identity/me"
    method: "GET"
    status: 200
    duration_ms: 15
[2026-09-28 01:28:34.102 -0300] INFO (17177): request completed
    route: "/v1/portal/identity/me"
    method: "GET"
    status: 200
    duration_ms: 11
[2026-09-28 01:28:34.140 -0300] INFO (17177): request completed
    route: "/v1/portal/aits/00000000-0000-7000-8000-0000f0000002"
    method: "GET"
    status: 200
    duration_ms: 11
[2026-09-28 01:28:34.150 -0300] INFO (17177): request completed
    route: "/v1/portal/services/defesa_previa"
    method: "GET"
    status: 200
    duration_ms: 8
[2026-09-28 01:28:34.176 -0300] INFO (17177): request completed
    route: "/v1/portal/requests"
    method: "POST"
    status: 422
    duration_ms: 19
[2026-09-28 01:28:34.189 -0300] INFO (17177): request completed
    route: "/v1/portal/requests"
    method: "POST"
    status: 422
    duration_ms: 11
[2026-09-28 01:28:34.197 -0300] INFO (17177): request completed
    route: "/v1/portal/aits/00000000-0000-7000-8000-0000f0000002"
    method: "GET"
    status: 200
    duration_ms: 7
[2026-09-28 01:28:34.202 -0300] INFO (17177): request completed
    route: "/v1/portal/services/indicacao_condutor"
    method: "GET"
    status: 200
    duration_ms: 4
[2026-09-28 01:28:34.212 -0300] INFO (17177): request completed
    route: "/v1/portal/requests"
    method: "POST"
    status: 422
    duration_ms: 9
[2026-09-28 01:28:34.224 -0300] INFO (17177): request completed
    route: "/v1/portal/requests"
    method: "POST"
    status: 422
    duration_ms: 10
[2026-09-28 01:28:34.243 -0300] INFO (17177): request completed
    route: "/v1/portal/requests?state=PROTOCOLADO&kind=defesa_previa&periodFrom=2026-01-01&periodTo=2026-12-31"
    method: "GET"
    status: 200
    duration_ms: 18
[2026-09-28 01:28:34.256 -0300] INFO (17177): request completed
    route: "/v1/portal/requests/00000000-0000-7000-8000-000070400e09"
    method: "GET"
    status: 200
    duration_ms: 12
[2026-09-28 01:28:34.263 -0300] INFO (17177): request completed
    route: "/v1/portal/requests/00000000-0000-7000-8000-000070400e09/decision"
    method: "GET"
    status: 200
    duration_ms: 6
[2026-09-28 01:28:34.271 -0300] INFO (17177): request completed
    route: "/v1/portal/requests/00000000-0000-7000-8000-000070400e09"
    method: "GET"
    status: 200
    duration_ms: 7
[2026-09-28 01:28:34.281 -0300] INFO (17177): request completed
    route: "/v1/portal/requests"
    method: "POST"
    status: 422
    duration_ms: 9
[2026-09-28 01:28:34.290 -0300] INFO (17177): request completed
    route: "/v1/portal/aits?status=em_recurso&page=1"
    method: "GET"
    status: 200
    duration_ms: 8
[2026-09-28 01:28:34.297 -0300] INFO (17177): request completed
    route: "/v1/portal/aits/00000000-0000-7000-8000-0000f0000001"
    method: "GET"
    status: 200
    duration_ms: 6
[2026-09-28 01:28:34.303 -0300] INFO (17177): request completed
    route: "/v1/portal/aits/00000000-0000-7000-8000-0000f0000001/points"
    method: "GET"
    status: 200
    duration_ms: 5
[2026-09-28 01:28:34.310 -0300] INFO (17177): request completed
    route: "/v1/portal/points-summary"
    method: "GET"
    status: 200
    duration_ms: 6
[2026-09-28 01:28:34.317 -0300] INFO (17177): request completed
    route: "/v1/portal/sne/enrollment"
    method: "GET"
    status: 200
    duration_ms: 6
[2026-09-28 01:28:34.323 -0300] INFO (17177): request completed
    route: "/v1/portal/sne/enrollment"
    method: "GET"
    status: 200
    duration_ms: 5
[2026-09-28 01:28:34.328 -0300] INFO (17177): request completed
    route: "/v1/portal/sne/enrollment"
    method: "GET"
    status: 200
    duration_ms: 4
[2026-09-28 01:28:34.358 -0300] INFO (17177): request completed
    route: "/v1/portal/sne/enrollment"
    method: "DELETE"
    status: 200
    duration_ms: 30
[2026-09-28 01:28:34.380 -0300] INFO (17177): request completed
    route: "/v1/portal/sne/enrollment"
    method: "POST"
    status: 201
    duration_ms: 21
[2026-09-28 01:28:34.394 -0300] INFO (17177): request completed
    route: "/v1/portal/sne/enrollment"
    method: "POST"
    status: 409
    duration_ms: 13
[2026-09-28 01:28:34.407 -0300] INFO (17177): request completed
    route: "/v1/portal/sne/enrollment"
    method: "POST"
    status: 201
    duration_ms: 11
[2026-09-28 01:28:34.416 -0300] INFO (17177): request completed
    route: "/v1/portal/sne/enrollment"
    method: "POST"
    status: 409
    duration_ms: 8
[2026-09-28 01:28:34.436 -0300] INFO (17177): request completed
    route: "/v1/portal/documents/cnh"
    method: "GET"
    status: 200
    duration_ms: 19
[2026-09-28 01:28:34.459 -0300] INFO (17177): request completed
    route: "/v1/portal/vehicles"
    method: "GET"
    status: 200
    duration_ms: 22
[2026-09-28 01:28:34.468 -0300] INFO (17177): request completed
    route: "/v1/portal/vehicles/00000000-0000-7000-8000-00007ff00001/clearance"
    method: "GET"
    status: 503
    duration_ms: 8
[2026-09-28 01:28:34.489 -0300] INFO (17177): request completed
    route: "/v1/portal/vehicles/00000000-0000-7000-8000-00007ff00001/crlv-e"
    method: "POST"
    status: 422
    duration_ms: 20
[2026-09-28 01:28:34.500 -0300] INFO (17177): request completed
    route: "/v1/portal/documents/cnh"
    method: "GET"
    status: 200
    duration_ms: 10
[2026-09-28 01:28:34.512 -0300] INFO (17177): request completed
    route: "/v1/portal/documents/cnh"
    method: "GET"
    status: 200
    duration_ms: 11
[2026-09-28 01:28:34.524 -0300] INFO (17177): request completed
    route: "/v1/portal/vehicles"
    method: "GET"
    status: 200
    duration_ms: 11
[2026-09-28 01:28:34.534 -0300] INFO (17177): request completed
    route: "/v1/portal/crashes"
    method: "GET"
    status: 200
    duration_ms: 9
[2026-09-28 01:28:34.545 -0300] INFO (17177): request completed
    route: "/v1/portal/crashes/00000000-0000-7000-8000-00007ff00003"
    method: "GET"
    status: 200
    duration_ms: 9
[2026-09-28 01:28:34.555 -0300] INFO (17177): request completed
    route: "/v1/portal/crashes"
    method: "GET"
    status: 200
    duration_ms: 8
[2026-09-28 01:28:34.566 -0300] INFO (17177): request completed
    route: "/v1/portal/exams"
    method: "GET"
    status: 200
    duration_ms: 10
[2026-09-28 01:28:34.576 -0300] INFO (17177): request completed
    route: "/v1/portal/exams/00000000-0000-7000-8000-00007ff00002"
    method: "GET"
    status: 200
    duration_ms: 9
[2026-09-28 01:28:34.586 -0300] INFO (17177): request completed
    route: "/v1/portal/requests"
    method: "POST"
    status: 404
    duration_ms: 9
[2026-09-28 01:28:34.595 -0300] INFO (17177): request completed
    route: "/v1/portal/exams"
    method: "GET"
    status: 200
    duration_ms: 8
[2026-09-28 01:28:34.613 -0300] INFO (17177): request completed
    route: "/v1/portal/manifestations"
    method: "POST"
    status: 201
    duration_ms: 16
[2026-09-28 01:28:34.628 -0300] INFO (17177): request completed
    route: "/v1/portal/manifestations"
    method: "POST"
    status: 201
    duration_ms: 14
[2026-09-28 01:28:34.649 -0300] INFO (17177): request completed
    route: "/v1/portal/manifestations"
    method: "POST"
    status: 201
    duration_ms: 19
[2026-09-28 01:28:34.667 -0300] INFO (17177): request completed
    route: "/v1/portal/evaluations"
    method: "POST"
    status: 201
    duration_ms: 17
[2026-09-28 01:28:34.683 -0300] INFO (17177): request completed
    route: "/v1/portal/manifestations"
    method: "POST"
    status: 201
    duration_ms: 15
[2026-09-28 01:28:34.691 -0300] INFO (17177): request completed
    route: "/v1/portal/aits/00000000-0000-7000-8000-0000f0000005"
    method: "GET"
    status: 200
    duration_ms: 7
[2026-09-28 01:28:34.701 -0300] INFO (17177): request completed
    route: "/v1/portal/requests"
    method: "POST"
    status: 422
    duration_ms: 9
[2026-09-28 01:28:34.718 -0300] INFO (17177): request completed
    route: "/v1/portal/requests/00000000-0000-7000-8000-000070400e99/draft"
    method: "PUT"
    status: 404
    duration_ms: 16
[2026-09-28 01:28:34.728 -0300] INFO (17177): request completed
    route: "/v1/portal/requests/00000000-0000-7000-8000-000070400e99/submit"
    method: "POST"
    status: 404
    duration_ms: 9
[2026-09-28 01:28:34.738 -0300] INFO (17177): request completed
    route: "/v1/portal/requests"
    method: "POST"
    status: 422
    duration_ms: 9
[2026-09-28 01:28:34.750 -0300] INFO (17177): request completed
    route: "/v1/portal/requests"
    method: "POST"
    status: 422
    duration_ms: 9
[2026-09-28 01:28:34.763 -0300] INFO (17177): request completed
    route: "/v1/portal/identity/me"
    method: "GET"
    status: 200
    duration_ms: 9
[2026-09-28 01:28:34.773 -0300] INFO (17177): request completed
    route: "/v1/portal/requests"
    method: "POST"
    status: 422
    duration_ms: 9
[2026-09-28 01:28:34.783 -0300] INFO (17177): request completed
    route: "/v1/portal/requests"
    method: "POST"
    status: 422
    duration_ms: 9
[2026-09-28 01:28:34.792 -0300] INFO (17177): request completed
    route: "/v1/portal/requests"
    method: "POST"
    status: 422
    duration_ms: 8
[2026-09-28 01:28:34.801 -0300] INFO (17177): request completed
    route: "/v1/portal/identity/me"
    method: "GET"
    status: 200
    duration_ms: 8
[2026-09-28 01:28:36.681 -0300] INFO (17339): request completed
    route: "/v1/portal/identity/me"
    method: "GET"
    status: 200
    duration_ms: 153
[2026-09-28 01:28:36.697 -0300] INFO (17339): request completed
    route: "/v1/portal/identity/me"
    method: "GET"
    status: 200
    duration_ms: 13
[2026-09-28 01:28:36.706 -0300] INFO (17339): request completed
    route: "/v1/portal/identity/me"
    method: "GET"
    status: 200
    duration_ms: 8
[2026-09-28 01:28:36.751 -0300] INFO (17339): request completed
    route: "/v1/portal/documents/cnh"
    method: "GET"
    status: 200
    duration_ms: 21
[2026-09-28 01:28:36.764 -0300] INFO (17339): request completed
    route: "/v1/portal/documents/cnh"
    method: "GET"
    status: 200
    duration_ms: 11
[2026-09-28 01:28:36.807 -0300] INFO (17339): request completed
    route: "/v1/portal/sne/enrollment"
    method: "POST"
    status: 201
    duration_ms: 34
[2026-09-28 01:28:36.820 -0300] INFO (17339): request completed
    route: "/v1/portal/sne/enrollment"
    method: "GET"
    status: 200
    duration_ms: 5
[2026-09-28 01:28:36.826 -0300] INFO (17339): request completed
    route: "/v1/portal/sne/enrollment"
    method: "GET"
    status: 200
    duration_ms: 5
[2026-09-28 01:28:36.837 -0300] INFO (17339): request completed
    route: "/v1/portal/sne/enrollment"
    method: "POST"
    status: 400
    duration_ms: 10
[2026-09-28 01:28:36.861 -0300] INFO (17339): request completed
    route: "/v1/portal/sne/enrollment"
    method: "POST"
    status: 201
    duration_ms: 19
[2026-09-28 01:28:36.872 -0300] INFO (17339): request completed
    route: "/v1/portal/sne/enrollment"
    method: "POST"
    status: 201
    duration_ms: 10
[2026-09-28 01:28:36.881 -0300] INFO (17339): request completed
    route: "/v1/portal/sne/enrollment"
    method: "POST"
    status: 409
    duration_ms: 8
[2026-09-28 01:28:36.895 -0300] INFO (17339): request completed
    route: "/v1/portal/push-subscriptions"
    method: "POST"
    status: 201
    duration_ms: 13
[2026-09-28 01:28:36.907 -0300] INFO (17339): request completed
    route: "/v1/portal/push-subscriptions"
    method: "POST"
    status: 201
    duration_ms: 11
[2026-09-28 01:28:36.915 -0300] INFO (17339): request completed
    route: "/v1/portal/push-subscriptions"
    method: "POST"
    status: 409
    duration_ms: 7
[2026-09-28 01:28:36.926 -0300] INFO (17339): request completed
    route: "/v1/portal/documents/cnh"
    method: "GET"
    status: 200
    duration_ms: 10
[2026-09-28 01:28:36.942 -0300] INFO (17339): request completed
    route: "/v1/portal/vehicles"
    method: "GET"
    status: 200
    duration_ms: 15
[2026-09-28 01:28:36.952 -0300] INFO (17339): request completed
    route: "/v1/portal/vehicles/00000000-0000-7000-8000-00007ff00001/clearance"
    method: "GET"
    status: 503
    duration_ms: 8
[2026-09-28 01:28:36.974 -0300] INFO (17339): request completed
    route: "/v1/portal/vehicles/00000000-0000-7000-8000-00007ff00001/crlv-e"
    method: "POST"
    status: 422
    duration_ms: 20
[2026-09-28 01:28:36.988 -0300] INFO (17339): request completed
    route: "/v1/portal/push-subscriptions"
    method: "POST"
    status: 201
    duration_ms: 13
[2026-09-28 01:28:37.002 -0300] INFO (17339): request completed
    route: "/v1/portal/push-subscriptions"
    method: "POST"
    status: 201
    duration_ms: 13
[2026-09-28 01:28:37.023 -0300] INFO (17339): request completed
    route: "/v1/portal/push-subscriptions"
    method: "POST"
    status: 201
    duration_ms: 18
[2026-09-28 01:28:37.039 -0300] INFO (17339): request completed
    route: "/v1/portal/documents/cnh"
    method: "GET"
    status: 200
    duration_ms: 14
[2026-09-28 01:28:37.050 -0300] INFO (17339): request completed
    route: "/v1/portal/documents/cnh"
    method: "GET"
    status: 200
    duration_ms: 10
[2026-09-28 01:28:37.061 -0300] INFO (17339): request completed
    route: "/v1/portal/documents/cnh"
    method: "GET"
    status: 200
    duration_ms: 10
[2026-09-28 01:28:37.072 -0300] INFO (17339): request completed
    route: "/v1/portal/vehicles"
    method: "GET"
    status: 200
    duration_ms: 10
[2026-09-28 01:28:37.079 -0300] INFO (17339): request completed
    route: "/v1/portal/vehicles/a1204f2f-07f6-551a-9e82-0e28038d3049/clearance"
    method: "GET"
    status: 503
    duration_ms: 6
[2026-09-28 01:28:38.976 -0300] INFO (17346): request completed
    route: "/v1/portal/identity/me"
    method: "GET"
    status: 200
    duration_ms: 153
[2026-09-28 01:28:38.994 -0300] INFO (17346): request completed
    route: "/v1/portal/identity/me"
    method: "GET"
    status: 200
    duration_ms: 14
[2026-09-28 01:28:39.008 -0300] INFO (17346): request completed
    route: "/v1/portal/identity/me"
    method: "GET"
    status: 200
    duration_ms: 13
[2026-09-28 01:28:39.052 -0300] INFO (17346): request completed
    route: "/v1/portal/documents/cnh"
    method: "GET"
    status: 503
    duration_ms: 16
[2026-09-28 01:28:39.335 -0300] INFO (17346): request completed
    route: "/v1/portal/identity/me"
    method: "GET"
    status: 200
    duration_ms: 141
[2026-09-28 01:28:39.359 -0300] INFO (17346): request completed
    route: "/v1/portal/sne/enrollment"
    method: "POST"
    status: 503
    duration_ms: 17
[2026-09-28 01:28:41.065 -0300] INFO (17352): request completed
    route: "/v1/portal/identity/me"
    method: "GET"
    status: 403
    duration_ms: 5
[2026-09-28 01:28:41.220 -0300] INFO (17352): request completed
    route: "/v1/portal/identity/me"
    method: "GET"
    status: 200
    duration_ms: 152
[2026-09-28 01:28:41.233 -0300] INFO (17352): request completed
    route: "/v1/portal/identity/me"
    method: "GET"
    status: 200
    duration_ms: 11
[2026-09-28 01:28:41.262 -0300] INFO (17352): request completed
    route: "/v1/portal/identity/me"
    method: "GET"
    status: 200
    duration_ms: 10
[2026-09-28 01:28:41.273 -0300] INFO (17352): request completed
    route: "/v1/portal/identity/me"
    method: "GET"
    status: 200
    duration_ms: 10
[2026-09-28 01:28:41.289 -0300] INFO (17352): request completed
    route: "/v1/portal/identity/me"
    method: "GET"
    status: 200
    duration_ms: 10
[2026-09-28 01:28:41.292 -0300] INFO (17352): request completed
    route: "/v1/portal/identity/me"
    method: "GET"
    status: 403
    duration_ms: 1
[2026-09-28 01:28:41.294 -0300] INFO (17352): request completed
    route: "/v1/portal/identity/me"
    method: "GET"
    status: 403
    duration_ms: 1
[2026-09-28 01:28:41.305 -0300] INFO (17352): request completed
    route: "/v1/portal/identity/me"
    method: "GET"
    status: 200
    duration_ms: 10
[2026-09-28 01:28:41.318 -0300] INFO (17352): request completed
    route: "/v1/portal/brand"
    method: "GET"
    status: 200
    duration_ms: 5
[2026-09-28 01:28:41.328 -0300] INFO (17352): request completed
    route: "/v1/portal/services"
    method: "GET"
    status: 200
    duration_ms: 8
[2026-09-28 01:28:41.334 -0300] INFO (17352): request completed
    route: "/v1/portal/services/manifestar"
    method: "GET"
    status: 200
    duration_ms: 4
[2026-09-28 01:28:41.341 -0300] INFO (17352): request completed
    route: "/v1/portal/services/nao_existe"
    method: "GET"
    status: 404
    duration_ms: 6
[2026-09-28 01:28:41.347 -0300] INFO (17352): request completed
    route: "/v1/portal/brand"
    method: "GET"
    status: 200
    duration_ms: 5
[2026-09-28 01:28:41.349 -0300] INFO (17352): request completed
    route: "/v1/portal/brand"
    method: "GET"
    status: 421
    duration_ms: 1
[2026-09-28 01:28:41.350 -0300] INFO (17352): request completed
    route: "/v1/portal/brand"
    method: "GET"
    status: 403
    duration_ms: 0
[2026-09-28 01:28:41.355 -0300] INFO (17352): request completed
    route: "/v1/portal/brand"
    method: "GET"
    status: 200
    duration_ms: 4
[2026-09-28 01:28:43.222 -0300] INFO (17772): request completed
    route: "/v1/portal/identity/me"
    method: "GET"
    status: 200
    duration_ms: 156
[2026-09-28 01:28:43.276 -0300] INFO (17772): request completed
    route: "/v1/portal/crashes"
    method: "GET"
    status: 200
    duration_ms: 19
[2026-09-28 01:28:45.054 -0300] INFO (17931): request completed
    route: "/v1/inf/rait/sessions/00000000-0000-7000-8000-000030000003/commands/close-agenda"
    method: "POST"
    status: 400
    duration_ms: 95
[2026-09-28 01:28:45.072 -0300] INFO (17931): request completed
    route: "/v1/inf/rait/sessions/00000000-0000-7000-8000-000030000003/commands/open"
    method: "POST"
    status: 400
    duration_ms: 11
[2026-09-28 01:28:45.080 -0300] INFO (17931): request completed
    route: "/v1/inf/rait/sessions/00000000-0000-7000-8000-000030000003/commands/adjourn"
    method: "POST"
    status: 400
    duration_ms: 5
[2026-09-28 01:28:45.092 -0300] INFO (17931): request completed
    route: "/v1/inf/rait/sessions/00000000-0000-7000-8000-000030000003/commands/convene-extraordinary"
    method: "POST"
    status: 400
    duration_ms: 9
[2026-09-28 01:28:45.096 -0300] INFO (17931): request completed
    route: "/v1/inf/rait/agenda-items/00000000-0000-7000-8000-000031000002/commands/read"
    method: "POST"
    status: 403
    duration_ms: 1
[2026-09-28 01:28:45.100 -0300] INFO (17931): request completed
    route: "/v1/inf/rait/agenda-items/00000000-0000-7000-8000-000031000002/commands/view"
    method: "POST"
    status: 403
    duration_ms: 1
[2026-09-28 01:28:45.114 -0300] INFO (17931): request completed
    route: "/v1/inf/rait/agenda-items/00000000-0000-7000-8000-000031000002/commands/withdraw"
    method: "POST"
    status: 400
    duration_ms: 10
[2026-09-28 01:28:46.988 -0300] INFO (17936): request completed
    route: "/v1/ch/admin/process-parameters/e2e.d7261fa4-7c04-4a98-b237-3acbf03d0b7c"
    method: "PUT"
    status: 200
    duration_ms: 169
[2026-09-28 01:28:47.001 -0300] INFO (17936): request completed
    route: "/v1/ch/admin/process-parameters/e2e.d7261fa4-7c04-4a98-b237-3acbf03d0b7c"
    method: "PUT"
    status: 200
    duration_ms: 10
[2026-09-28 01:28:47.007 -0300] INFO (17936): request completed
    route: "/v1/ch/admin/process-parameters/e2e.d7261fa4-7c04-4a98-b237-3acbf03d0b7c"
    method: "PUT"
    status: 422
    duration_ms: 5
[2026-09-28 01:28:48.770 -0300] INFO (18151): request completed
    route: "/v1/ops/agency/units"
    method: "GET"
    status: 200
    duration_ms: 91
[2026-09-28 01:28:48.786 -0300] INFO (18151): request completed
    route: "/v1/ops/agency/jurisdictions"
    method: "GET"
    status: 200
    duration_ms: 13
[2026-09-28 01:28:48.793 -0300] INFO (18151): request completed
    route: "/v1/ops/agency/competences"
    method: "GET"
    status: 200
    duration_ms: 5
[2026-09-28 01:28:48.799 -0300] INFO (18151): request completed
    route: "/v1/ops/field/agents"
    method: "GET"
    status: 200
    duration_ms: 4
[2026-09-28 01:28:48.807 -0300] INFO (18151): request completed
    route: "/v1/ops/field/shifts"
    method: "GET"
    status: 200
    duration_ms: 6
[2026-09-28 01:28:48.815 -0300] INFO (18151): request completed
    route: "/v1/ops/snapshots/people"
    method: "GET"
    status: 200
    duration_ms: 7
[2026-09-28 01:28:48.823 -0300] INFO (18151): request completed
    route: "/v1/ops/evidence/evidence"
    method: "GET"
    status: 200
    duration_ms: 7
[2026-09-28 01:28:48.831 -0300] INFO (18151): request completed
    route: "/v1/ops/offline-sync/sync-queue-items"
    method: "GET"
    status: 200
    duration_ms: 7
[2026-09-28 01:28:48.837 -0300] INFO (18151): request completed
    route: "/v1/ops/agency/units"
    method: "GET"
    status: 200
    duration_ms: 5

 Test Files  37 passed (37)
      Tests  1681 passed | 3 todo (1684)
   Start at  01:27:00
   Duration  118.65s (transform 3.99s, setup 0ms, import 26.10s, tests 89.29s, environment 2ms)


> @detran/ops-agency@0.0.1 test:e2e /Users/aarusso/.codex/worktrees/stynx-canonical/detran/backend/domains/ops/agency
> DETRAN_TEST_TIER=e2e vitest run --config vitest.config.ts


 RUN  v4.1.11 /Users/aarusso/.codex/worktrees/stynx-canonical/detran/backend/domains/ops/agency

No test files found, exiting with code 0

include: tests/e2e/**/*.e2e.spec.ts
exclude:  **/node_modules/**, **/.git/**


> @detran/ops-field@0.0.1 test:e2e /Users/aarusso/.codex/worktrees/stynx-canonical/detran/backend/domains/ops/field
> DETRAN_TEST_TIER=e2e vitest run --config vitest.config.ts


 RUN  v4.1.11 /Users/aarusso/.codex/worktrees/stynx-canonical/detran/backend/domains/ops/field

No test files found, exiting with code 0

include: tests/e2e/**/*.e2e.spec.ts
exclude:  **/node_modules/**, **/.git/**


> @detran/ops-snapshots@0.0.1 test:e2e /Users/aarusso/.codex/worktrees/stynx-canonical/detran/backend/domains/ops/snapshots
> DETRAN_TEST_TIER=e2e vitest run --config vitest.config.ts


 RUN  v4.1.11 /Users/aarusso/.codex/worktrees/stynx-canonical/detran/backend/domains/ops/snapshots

No test files found, exiting with code 0

include: tests/e2e/**/*.e2e.spec.ts
exclude:  **/node_modules/**, **/.git/**


> @detran/ops-evidence@0.0.1 test:e2e /Users/aarusso/.codex/worktrees/stynx-canonical/detran/backend/domains/ops/evidence
> DETRAN_TEST_TIER=e2e vitest run --config vitest.config.ts


 RUN  v4.1.11 /Users/aarusso/.codex/worktrees/stynx-canonical/detran/backend/domains/ops/evidence

No test files found, exiting with code 0

include: tests/e2e/**/*.e2e.spec.ts
exclude:  **/node_modules/**, **/.git/**


> @detran/ops-offline-sync@0.0.1 test:e2e /Users/aarusso/.codex/worktrees/stynx-canonical/detran/backend/domains/ops/offline-sync
> DETRAN_TEST_TIER=e2e vitest run --config vitest.config.ts


 RUN  v4.1.11 /Users/aarusso/.codex/worktrees/stynx-canonical/detran/backend/domains/ops/offline-sync

No test files found, exiting with code 0

include: tests/e2e/**/*.e2e.spec.ts
exclude:  **/node_modules/**, **/.git/**


> @detran/ops-provisioning@0.0.1 test:e2e /Users/aarusso/.codex/worktrees/stynx-canonical/detran/backend/domains/ops/provisioning
> DETRAN_TEST_TIER=e2e vitest run --config vitest.config.ts


 RUN  v4.1.11 /Users/aarusso/.codex/worktrees/stynx-canonical/detran/backend/domains/ops/provisioning


 Test Files  1 passed (1)
      Tests  10 passed (10)
   Start at  01:29:01
   Duration  3.60s (transform 112ms, setup 0ms, import 523ms, tests 2.99s, environment 0ms)


> @detran/inf-ait@0.0.1 test:e2e /Users/aarusso/.codex/worktrees/stynx-canonical/detran/backend/domains/inf/ait
> DETRAN_TEST_TIER=e2e vitest run --config vitest.config.ts


 RUN  v4.1.11 /Users/aarusso/.codex/worktrees/stynx-canonical/detran/backend/domains/inf/ait


 Test Files  1 passed (1)
      Tests  1 passed (1)
   Start at  01:29:05
   Duration  964ms (transform 221ms, setup 0ms, import 654ms, tests 222ms, environment 0ms)


> @detran/portal-identity@0.0.1 test:e2e /Users/aarusso/.codex/worktrees/stynx-canonical/detran/backend/domains/portal/identity
> DETRAN_TEST_TIER=e2e vitest run --config vitest.config.ts


 RUN  v4.1.11 /Users/aarusso/.codex/worktrees/stynx-canonical/detran/backend/domains/portal/identity

No test files found, exiting with code 0

include: tests/e2e/**/*.e2e.spec.ts
exclude:  **/node_modules/**, **/.git/**


> @detran/portal-requests@0.0.1 test:e2e /Users/aarusso/.codex/worktrees/stynx-canonical/detran/backend/domains/portal/requests
> DETRAN_TEST_TIER=e2e vitest run --config vitest.config.ts


 RUN  v4.1.11 /Users/aarusso/.codex/worktrees/stynx-canonical/detran/backend/domains/portal/requests

No test files found, exiting with code 0

include: tests/e2e/**/*.e2e.spec.ts
exclude:  **/node_modules/**, **/.git/**


> @detran/portal-inbox@0.0.1 test:e2e /Users/aarusso/.codex/worktrees/stynx-canonical/detran/backend/domains/portal/inbox
> DETRAN_TEST_TIER=e2e vitest run --config vitest.config.ts


 RUN  v4.1.11 /Users/aarusso/.codex/worktrees/stynx-canonical/detran/backend/domains/portal/inbox

No test files found, exiting with code 0

include: tests/e2e/**/*.e2e.spec.ts
exclude:  **/node_modules/**, **/.git/**


> @detran/portal-citizen-service@0.0.1 test:e2e /Users/aarusso/.codex/worktrees/stynx-canonical/detran/backend/domains/portal/citizen-service
> DETRAN_TEST_TIER=e2e vitest run --config vitest.config.ts


 RUN  v4.1.11 /Users/aarusso/.codex/worktrees/stynx-canonical/detran/backend/domains/portal/citizen-service

No test files found, exiting with code 0

include: tests/e2e/**/*.e2e.spec.ts
exclude:  **/node_modules/**, **/.git/**


> @detran/portal-projections@0.0.1 test:e2e /Users/aarusso/.codex/worktrees/stynx-canonical/detran/backend/domains/portal/projections
> DETRAN_TEST_TIER=e2e vitest run --config vitest.config.ts


 RUN  v4.1.11 /Users/aarusso/.codex/worktrees/stynx-canonical/detran/backend/domains/portal/projections

No test files found, exiting with code 0

include: tests/e2e/**/*.e2e.spec.ts
exclude:  **/node_modules/**, **/.git/**


> @detran/dashboard-monitor@0.0.1 test:e2e /Users/aarusso/.codex/worktrees/stynx-canonical/detran/backend/domains/dashboard/monitor
> DETRAN_TEST_TIER=e2e vitest run --config vitest.config.ts


 RUN  v4.1.11 /Users/aarusso/.codex/worktrees/stynx-canonical/detran/backend/domains/dashboard/monitor

No test files found, exiting with code 0

include: tests/e2e/**/*.e2e.spec.ts
exclude:  **/node_modules/**, **/.git/**


> detran@0.0.1 backend:test:upgrade /Users/aarusso/.codex/worktrees/stynx-canonical/detran
> pnpm --filter @detran/inf-rait-case test:integration --passWithNoTests=false tests/integration/rait-priority-upgrade.integration.spec.ts


> @detran/inf-rait-case@0.0.1 test:integration /Users/aarusso/.codex/worktrees/stynx-canonical/detran/backend/domains/inf/rait-case
> DETRAN_TEST_TIER=integration vitest run --config vitest.config.ts "--passWithNoTests=false" "tests/integration/rait-priority-upgrade.integration.spec.ts"


 RUN  v4.1.11 /Users/aarusso/.codex/worktrees/stynx-canonical/detran/backend/domains/inf/rait-case


 Test Files  1 passed (1)
      Tests  21 passed (21)
   Start at  01:29:09
   Duration  66.91s (transform 39ms, setup 0ms, import 52ms, tests 66.77s, environment 0ms)
