
> detran@0.0.1 backend:test:ci /Users/aarusso/.codex/worktrees/stynx-canonical/detran
> node backend/database/tests/run-backend-ci.mjs


> detran@0.0.1 backend:test:unit /Users/aarusso/.codex/worktrees/stynx-canonical/detran
> pnpm --filter @detran/shared test && pnpm --filter @detran/est-crash test:unit && pnpm --filter @detran/sefaz-adapter test:unit && pnpm --filter @detran/portal-complaints test:unit && pnpm --filter @detran/ch-clinical-network test:unit && pnpm --filter @detran/ch-patients test:unit && pnpm --filter @detran/ch-encounters test:unit && pnpm --filter @detran/ch-biometrics test:unit && pnpm --filter @detran/ch-exams test:unit && pnpm --filter @detran/ch-clinical-controls test:unit && pnpm --filter @detran/ch-inconsistencies test:unit && pnpm --filter @detran/ch-operational-controls test:unit && pnpm --filter @detran/ch-clinical-reports test:unit && pnpm --filter @detran/ch-process-blocks test:unit && pnpm --filter @detran/ch-telehealth test:unit && pnpm --filter @detran/ch-billing test:unit && pnpm --filter @detran/ch-scheduling test:unit && pnpm --filter @detran/ch-restrictions test:unit && pnpm --filter @detran/ch-retention test:unit && pnpm --filter @detran/inf-normative test:unit && pnpm --filter @detran/inf-ait test:unit && pnpm --filter @detran/inf-measures test:unit && pnpm --filter @detran/inf-alcohol test:unit && pnpm --filter @detran/inf-rait-case test:unit && pnpm --filter @detran/inf-rait-worklist test:unit && pnpm --filter @detran/inf-rait-session test:unit && pnpm --filter @detran/inf-speed test:unit && pnpm --filter @detran/ops-parameter test:unit && pnpm --filter @detran/ops-agency test:unit && pnpm --filter @detran/ops-field test:unit && pnpm --filter @detran/ops-snapshots test:unit && pnpm --filter @detran/ops-evidence test:unit && pnpm --filter @detran/ops-offline-sync test:unit && pnpm --filter @detran/ops-provisioning test:unit && pnpm --filter @detran/app test:unit && pnpm --filter @detran/inf-deadlines test && pnpm --filter @detran/inf-infraction test:unit && pnpm --filter @detran/inf-notification test:unit && pnpm --filter @detran/inf-collection test:unit && pnpm --filter @detran/inf-rait-org test:unit && pnpm --filter @detran/inf-rait-integration test:unit && pnpm --filter @detran/portal-identity test:unit && pnpm --filter @detran/portal-requests test:unit && pnpm --filter @detran/portal-inbox test:unit && pnpm --filter @detran/portal-citizen-service test:unit && pnpm --filter @detran/portal-projections test:unit && pnpm --filter @detran/dashboard-monitor test:unit


> @detran/shared@0.0.1 test /Users/aarusso/.codex/worktrees/stynx-canonical/detran/backend/domains/shared
> vitest run --config vitest.config.ts


 RUN  v4.1.11 /Users/aarusso/.codex/worktrees/stynx-canonical/detran/backend/domains/shared


 Test Files  14 passed (14)
      Tests  432 passed (432)
   Start at  23:06:29
   Duration  1.03s (transform 608ms, setup 0ms, import 1.94s, tests 1.66s, environment 1ms)


> @detran/est-crash@0.0.1 test:unit /Users/aarusso/.codex/worktrees/stynx-canonical/detran/backend/domains/est/crash
> DETRAN_TEST_TIER=unit vitest run --config vitest.config.ts


 RUN  v4.1.11 /Users/aarusso/.codex/worktrees/stynx-canonical/detran/backend/domains/est/crash


 Test Files  1 passed (1)
      Tests  1 passed (1)
   Start at  23:06:31
   Duration  143ms (transform 40ms, setup 0ms, import 53ms, tests 2ms, environment 0ms)


> @detran/sefaz-adapter@0.0.1 test:unit /Users/aarusso/.codex/worktrees/stynx-canonical/detran/packages/sefaz-adapter
> vitest run --config vitest.config.ts


 RUN  v4.1.11 /Users/aarusso/.codex/worktrees/stynx-canonical/detran/packages/sefaz-adapter


 Test Files  2 passed (2)
      Tests  11 passed (11)
   Start at  23:06:32
   Duration  213ms (transform 27ms, setup 0ms, import 42ms, tests 6ms, environment 0ms)


> @detran/portal-complaints@0.0.1 test:unit /Users/aarusso/.codex/worktrees/stynx-canonical/detran/backend/domains/portal/complaints
> DETRAN_TEST_TIER=unit vitest run --config vitest.config.ts


 RUN  v4.1.11 /Users/aarusso/.codex/worktrees/stynx-canonical/detran/backend/domains/portal/complaints


 Test Files  1 passed (1)
      Tests  5 passed (5)
   Start at  23:06:33
   Duration  538ms (transform 83ms, setup 0ms, import 448ms, tests 4ms, environment 0ms)


> @detran/ch-clinical-network@0.0.1 test:unit /Users/aarusso/.codex/worktrees/stynx-canonical/detran/backend/domains/ch/clinical-network
> DETRAN_TEST_TIER=unit vitest run --config vitest.config.ts


 RUN  v4.1.11 /Users/aarusso/.codex/worktrees/stynx-canonical/detran/backend/domains/ch/clinical-network


 Test Files  1 passed (1)
      Tests  8 passed (8)
   Start at  23:06:34
   Duration  546ms (transform 89ms, setup 0ms, import 456ms, tests 7ms, environment 0ms)


> @detran/ch-patients@0.0.1 test:unit /Users/aarusso/.codex/worktrees/stynx-canonical/detran/backend/domains/ch/patients
> DETRAN_TEST_TIER=unit vitest run --config vitest.config.ts


 RUN  v4.1.11 /Users/aarusso/.codex/worktrees/stynx-canonical/detran/backend/domains/ch/patients

No test files found, exiting with code 0

include: src/**/*.spec.ts, tests/unit/**/*.spec.ts
exclude:  **/node_modules/**, **/.git/**


> @detran/ch-encounters@0.0.1 test:unit /Users/aarusso/.codex/worktrees/stynx-canonical/detran/backend/domains/ch/encounters
> DETRAN_TEST_TIER=unit vitest run --config vitest.config.ts


 RUN  v4.1.11 /Users/aarusso/.codex/worktrees/stynx-canonical/detran/backend/domains/ch/encounters


 Test Files  1 passed (1)
      Tests  11 passed (11)
   Start at  23:06:36
   Duration  558ms (transform 84ms, setup 0ms, import 466ms, tests 5ms, environment 0ms)


> @detran/ch-biometrics@0.0.1 test:unit /Users/aarusso/.codex/worktrees/stynx-canonical/detran/backend/domains/ch/biometrics
> DETRAN_TEST_TIER=unit vitest run --config vitest.config.ts


 RUN  v4.1.11 /Users/aarusso/.codex/worktrees/stynx-canonical/detran/backend/domains/ch/biometrics


 Test Files  2 passed (2)
      Tests  12 passed (12)
   Start at  23:06:37
   Duration  665ms (transform 96ms, setup 0ms, import 485ms, tests 11ms, environment 0ms)


> @detran/ch-exams@0.0.1 test:unit /Users/aarusso/.codex/worktrees/stynx-canonical/detran/backend/domains/ch/exams
> DETRAN_TEST_TIER=unit vitest run --config vitest.config.ts


 RUN  v4.1.11 /Users/aarusso/.codex/worktrees/stynx-canonical/detran/backend/domains/ch/exams


 Test Files  1 passed (1)
      Tests  12 passed (12)
   Start at  23:06:38
   Duration  532ms (transform 82ms, setup 0ms, import 443ms, tests 4ms, environment 0ms)


> @detran/ch-clinical-controls@0.0.1 test:unit /Users/aarusso/.codex/worktrees/stynx-canonical/detran/backend/domains/ch/clinical-controls
> DETRAN_TEST_TIER=unit vitest run --config vitest.config.ts


 RUN  v4.1.11 /Users/aarusso/.codex/worktrees/stynx-canonical/detran/backend/domains/ch/clinical-controls


 Test Files  1 passed (1)
      Tests  5 passed (5)
   Start at  23:06:40
   Duration  548ms (transform 86ms, setup 0ms, import 459ms, tests 4ms, environment 0ms)


> @detran/ch-inconsistencies@0.0.1 test:unit /Users/aarusso/.codex/worktrees/stynx-canonical/detran/backend/domains/ch/inconsistencies
> DETRAN_TEST_TIER=unit vitest run --config vitest.config.ts


 RUN  v4.1.11 /Users/aarusso/.codex/worktrees/stynx-canonical/detran/backend/domains/ch/inconsistencies


 Test Files  1 passed (1)
      Tests  7 passed (7)
   Start at  23:06:41
   Duration  549ms (transform 84ms, setup 0ms, import 463ms, tests 4ms, environment 0ms)


> @detran/ch-operational-controls@0.0.1 test:unit /Users/aarusso/.codex/worktrees/stynx-canonical/detran/backend/domains/ch/operational-controls
> DETRAN_TEST_TIER=unit vitest run --config vitest.config.ts


 RUN  v4.1.11 /Users/aarusso/.codex/worktrees/stynx-canonical/detran/backend/domains/ch/operational-controls


 Test Files  1 passed (1)
      Tests  6 passed (6)
   Start at  23:06:42
   Duration  552ms (transform 83ms, setup 0ms, import 457ms, tests 4ms, environment 0ms)


> @detran/ch-clinical-reports@0.0.1 test:unit /Users/aarusso/.codex/worktrees/stynx-canonical/detran/backend/domains/ch/clinical-reports
> DETRAN_TEST_TIER=unit vitest run --config vitest.config.ts


 RUN  v4.1.11 /Users/aarusso/.codex/worktrees/stynx-canonical/detran/backend/domains/ch/clinical-reports


 Test Files  5 passed (5)
      Tests  33 passed (33)
   Start at  23:06:43
   Duration  1.74s (transform 113ms, setup 0ms, import 1.31s, tests 29ms, environment 0ms)


> @detran/ch-process-blocks@0.0.1 test:unit /Users/aarusso/.codex/worktrees/stynx-canonical/detran/backend/domains/ch/process-blocks
> DETRAN_TEST_TIER=unit vitest run --config vitest.config.ts


 RUN  v4.1.11 /Users/aarusso/.codex/worktrees/stynx-canonical/detran/backend/domains/ch/process-blocks


 Test Files  1 passed (1)
      Tests  5 passed (5)
   Start at  23:06:45
   Duration  540ms (transform 82ms, setup 0ms, import 448ms, tests 4ms, environment 0ms)


> @detran/ch-telehealth@0.0.1 test:unit /Users/aarusso/.codex/worktrees/stynx-canonical/detran/backend/domains/ch/telehealth
> DETRAN_TEST_TIER=unit vitest run --config vitest.config.ts


 RUN  v4.1.11 /Users/aarusso/.codex/worktrees/stynx-canonical/detran/backend/domains/ch/telehealth


 Test Files  1 passed (1)
      Tests  4 passed (4)
   Start at  23:06:46
   Duration  555ms (transform 86ms, setup 0ms, import 462ms, tests 4ms, environment 0ms)


> @detran/ch-billing@0.0.1 test:unit /Users/aarusso/.codex/worktrees/stynx-canonical/detran/backend/domains/ch/billing
> DETRAN_TEST_TIER=unit vitest run --config vitest.config.ts


 RUN  v4.1.11 /Users/aarusso/.codex/worktrees/stynx-canonical/detran/backend/domains/ch/billing


 Test Files  1 passed (1)
      Tests  13 passed (13)
   Start at  23:06:48
   Duration  544ms (transform 86ms, setup 0ms, import 453ms, tests 6ms, environment 0ms)


> @detran/ch-scheduling@0.0.1 test:unit /Users/aarusso/.codex/worktrees/stynx-canonical/detran/backend/domains/ch/scheduling
> DETRAN_TEST_TIER=unit vitest run --config vitest.config.ts


 RUN  v4.1.11 /Users/aarusso/.codex/worktrees/stynx-canonical/detran/backend/domains/ch/scheduling


 Test Files  1 passed (1)
      Tests  7 passed (7)
   Start at  23:06:49
   Duration  535ms (transform 81ms, setup 0ms, import 447ms, tests 5ms, environment 0ms)


> @detran/ch-restrictions@0.0.1 test:unit /Users/aarusso/.codex/worktrees/stynx-canonical/detran/backend/domains/ch/restrictions
> DETRAN_TEST_TIER=unit vitest run --config vitest.config.ts


 RUN  v4.1.11 /Users/aarusso/.codex/worktrees/stynx-canonical/detran/backend/domains/ch/restrictions


 Test Files  1 passed (1)
      Tests  3 passed (3)
   Start at  23:06:50
   Duration  535ms (transform 80ms, setup 0ms, import 446ms, tests 3ms, environment 0ms)


> @detran/ch-retention@0.0.1 test:unit /Users/aarusso/.codex/worktrees/stynx-canonical/detran/backend/domains/ch/retention
> DETRAN_TEST_TIER=unit vitest run --config vitest.config.ts


 RUN  v4.1.11 /Users/aarusso/.codex/worktrees/stynx-canonical/detran/backend/domains/ch/retention


 Test Files  1 passed (1)
      Tests  5 passed (5)
   Start at  23:06:51
   Duration  525ms (transform 79ms, setup 0ms, import 438ms, tests 4ms, environment 0ms)


> @detran/inf-normative@0.0.1 test:unit /Users/aarusso/.codex/worktrees/stynx-canonical/detran/backend/domains/inf/normative
> DETRAN_TEST_TIER=unit vitest run --config vitest.config.ts


 RUN  v4.1.11 /Users/aarusso/.codex/worktrees/stynx-canonical/detran/backend/domains/inf/normative


 Test Files  7 passed (7)
      Tests  23 passed (23)
   Start at  23:06:53
   Duration  2.60s (transform 136ms, setup 0ms, import 489ms, tests 1.55s, environment 0ms)


> @detran/inf-ait@0.0.1 test:unit /Users/aarusso/.codex/worktrees/stynx-canonical/detran/backend/domains/inf/ait
> DETRAN_TEST_TIER=unit vitest run --config vitest.config.ts


 RUN  v4.1.11 /Users/aarusso/.codex/worktrees/stynx-canonical/detran/backend/domains/inf/ait


 Test Files  8 passed (8)
      Tests  312 passed (312)
   Start at  23:06:56
   Duration  3.52s (transform 138ms, setup 0ms, import 2.77s, tests 90ms, environment 0ms)


> @detran/inf-measures@0.0.1 test:unit /Users/aarusso/.codex/worktrees/stynx-canonical/detran/backend/domains/inf/measures
> DETRAN_TEST_TIER=unit vitest run --config vitest.config.ts


 RUN  v4.1.11 /Users/aarusso/.codex/worktrees/stynx-canonical/detran/backend/domains/inf/measures


 Test Files  12 passed (12)
      Tests  134 passed (134)
   Start at  23:07:00
   Duration  5.33s (transform 246ms, setup 0ms, import 650ms, tests 3.60s, environment 1ms)


> @detran/inf-alcohol@0.0.1 test:unit /Users/aarusso/.codex/worktrees/stynx-canonical/detran/backend/domains/inf/alcohol
> DETRAN_TEST_TIER=unit vitest run --config vitest.config.ts


 RUN  v4.1.11 /Users/aarusso/.codex/worktrees/stynx-canonical/detran/backend/domains/inf/alcohol


 Test Files  9 passed (9)
      Tests  127 passed (127)
   Start at  23:07:06
   Duration  4.73s (transform 333ms, setup 0ms, import 658ms, tests 3.24s, environment 0ms)


> @detran/inf-rait-case@0.0.1 test:unit /Users/aarusso/.codex/worktrees/stynx-canonical/detran/backend/domains/inf/rait-case
> DETRAN_TEST_TIER=unit vitest run --config vitest.config.ts


 RUN  v4.1.11 /Users/aarusso/.codex/worktrees/stynx-canonical/detran/backend/domains/inf/rait-case


 Test Files  7 passed (7)
      Tests  156 passed (156)
   Start at  23:07:11
   Duration  3.33s (transform 320ms, setup 0ms, import 842ms, tests 1.88s, environment 0ms)


> @detran/inf-rait-worklist@0.0.1 test:unit /Users/aarusso/.codex/worktrees/stynx-canonical/detran/backend/domains/inf/rait-worklist
> DETRAN_TEST_TIER=unit vitest run --config vitest.config.ts


 RUN  v4.1.11 /Users/aarusso/.codex/worktrees/stynx-canonical/detran/backend/domains/inf/rait-worklist


 Test Files  5 passed (5)
      Tests  78 passed (78)
   Start at  23:07:15
   Duration  2.48s (transform 340ms, setup 0ms, import 75ms, tests 1.98s, environment 0ms)


> @detran/inf-rait-session@0.0.1 test:unit /Users/aarusso/.codex/worktrees/stynx-canonical/detran/backend/domains/inf/rait-session
> DETRAN_TEST_TIER=unit vitest run --config vitest.config.ts


 RUN  v4.1.11 /Users/aarusso/.codex/worktrees/stynx-canonical/detran/backend/domains/inf/rait-session


 Test Files  3 passed (3)
      Tests  39 passed (39)
   Start at  23:07:18
   Duration  1.86s (transform 314ms, setup 0ms, import 1.17s, tests 428ms, environment 0ms)


> @detran/inf-speed@0.0.1 test:unit /Users/aarusso/.codex/worktrees/stynx-canonical/detran/backend/domains/inf/speed
> DETRAN_TEST_TIER=unit vitest run --config vitest.config.ts


 RUN  v4.1.11 /Users/aarusso/.codex/worktrees/stynx-canonical/detran/backend/domains/inf/speed


 Test Files  1 passed (1)
      Tests  5 passed (5)
   Start at  23:07:21
   Duration  570ms (transform 83ms, setup 0ms, import 24ms, tests 456ms, environment 0ms)


> @detran/ops-parameter@0.0.1 test:unit /Users/aarusso/.codex/worktrees/stynx-canonical/detran/backend/domains/ops/parameter
> DETRAN_TEST_TIER=unit vitest run --config vitest.config.ts


 RUN  v4.1.11 /Users/aarusso/.codex/worktrees/stynx-canonical/detran/backend/domains/ops/parameter

[Nest] 78499  - 27/09/2026, 23:07:23    WARN [StynxErrorFilter] RAIT.VERSION_CONFLICT

 Test Files  1 passed (1)
      Tests  57 passed (57)
   Start at  23:07:22
   Duration  610ms (transform 102ms, setup 0ms, import 479ms, tests 40ms, environment 0ms)


> @detran/ops-agency@0.0.1 test:unit /Users/aarusso/.codex/worktrees/stynx-canonical/detran/backend/domains/ops/agency
> DETRAN_TEST_TIER=unit vitest run --config vitest.config.ts


 RUN  v4.1.11 /Users/aarusso/.codex/worktrees/stynx-canonical/detran/backend/domains/ops/agency

No test files found, exiting with code 0

include: src/**/*.spec.ts, tests/unit/**/*.spec.ts
exclude:  **/node_modules/**, **/.git/**


> @detran/ops-field@0.0.1 test:unit /Users/aarusso/.codex/worktrees/stynx-canonical/detran/backend/domains/ops/field
> DETRAN_TEST_TIER=unit vitest run --config vitest.config.ts


 RUN  v4.1.11 /Users/aarusso/.codex/worktrees/stynx-canonical/detran/backend/domains/ops/field


 Test Files  2 passed (2)
      Tests  54 passed (54)
   Start at  23:07:24
   Duration  1.18s (transform 130ms, setup 0ms, import 463ms, tests 539ms, environment 0ms)


> @detran/ops-snapshots@0.0.1 test:unit /Users/aarusso/.codex/worktrees/stynx-canonical/detran/backend/domains/ops/snapshots
> DETRAN_TEST_TIER=unit vitest run --config vitest.config.ts


 RUN  v4.1.11 /Users/aarusso/.codex/worktrees/stynx-canonical/detran/backend/domains/ops/snapshots


 Test Files  2 passed (2)
      Tests  12 passed (12)
   Start at  23:07:26
   Duration  744ms (transform 113ms, setup 0ms, import 65ms, tests 495ms, environment 0ms)


> @detran/ops-evidence@0.0.1 test:unit /Users/aarusso/.codex/worktrees/stynx-canonical/detran/backend/domains/ops/evidence
> DETRAN_TEST_TIER=unit vitest run --config vitest.config.ts


 RUN  v4.1.11 /Users/aarusso/.codex/worktrees/stynx-canonical/detran/backend/domains/ops/evidence


 Test Files  8 passed (8)
      Tests  45 passed (45)
   Start at  23:07:27
   Duration  3.70s (transform 167ms, setup 0ms, import 485ms, tests 2.52s, environment 0ms)


> @detran/ops-offline-sync@0.0.1 test:unit /Users/aarusso/.codex/worktrees/stynx-canonical/detran/backend/domains/ops/offline-sync
> DETRAN_TEST_TIER=unit vitest run --config vitest.config.ts


 RUN  v4.1.11 /Users/aarusso/.codex/worktrees/stynx-canonical/detran/backend/domains/ops/offline-sync


 Test Files  2 passed (2)
      Tests  33 passed (33)
   Start at  23:07:32
   Duration  1.15s (transform 127ms, setup 0ms, import 438ms, tests 539ms, environment 0ms)


> @detran/ops-provisioning@0.0.1 test:unit /Users/aarusso/.codex/worktrees/stynx-canonical/detran/backend/domains/ops/provisioning
> DETRAN_TEST_TIER=unit vitest run --config vitest.config.ts


 RUN  v4.1.11 /Users/aarusso/.codex/worktrees/stynx-canonical/detran/backend/domains/ops/provisioning


 Test Files  1 passed (1)
      Tests  7 passed (7)
   Start at  23:07:33
   Duration  597ms (transform 101ms, setup 0ms, import 510ms, tests 4ms, environment 0ms)


> @detran/app@0.0.1 test:unit /Users/aarusso/.codex/worktrees/stynx-canonical/detran/backend/app
> DETRAN_TEST_TIER=unit vitest run


 RUN  v4.1.11 /Users/aarusso/.codex/worktrees/stynx-canonical/detran/backend/app

[Nest] 78798  - 27/09/2026, 23:07:49     LOG [PecSefazService] [sefaz] validatePayment ref=DAR-1 correlationId=correlation-1
[Nest] 78798  - 27/09/2026, 23:07:49     LOG [PecSefazService] [sefaz] validatePayment ref=DAR-2 correlationId=n/a

 Test Files  24 passed (24)
      Tests  122 passed (122)
   Start at  23:07:34
   Duration  15.01s (transform 3.26s, setup 0ms, import 11.28s, tests 1.66s, environment 1ms)


> @detran/inf-deadlines@0.0.1 test /Users/aarusso/.codex/worktrees/stynx-canonical/detran/backend/domains/inf/deadlines
> vitest run --config vitest.config.ts


 RUN  v4.1.11 /Users/aarusso/.codex/worktrees/stynx-canonical/detran/backend/domains/inf/deadlines


 Test Files  1 passed (1)
      Tests  23 passed (23)
   Start at  23:07:50
   Duration  165ms (transform 51ms, setup 0ms, import 67ms, tests 10ms, environment 0ms)


> @detran/inf-infraction@0.0.1 test:unit /Users/aarusso/.codex/worktrees/stynx-canonical/detran/backend/domains/inf/infraction
> DETRAN_TEST_TIER=unit vitest run --config vitest.config.ts


 RUN  v4.1.11 /Users/aarusso/.codex/worktrees/stynx-canonical/detran/backend/domains/inf/infraction


 Test Files  3 passed (3)
      Tests  94 passed (94)
   Start at  23:07:51
   Duration  1.60s (transform 116ms, setup 0ms, import 1.32s, tests 29ms, environment 0ms)


> @detran/inf-notification@0.0.1 test:unit /Users/aarusso/.codex/worktrees/stynx-canonical/detran/backend/domains/inf/notification
> DETRAN_TEST_TIER=unit vitest run --config vitest.config.ts


 RUN  v4.1.11 /Users/aarusso/.codex/worktrees/stynx-canonical/detran/backend/domains/inf/notification


 Test Files  1 passed (1)
      Tests  7 passed (7)
   Start at  23:07:53
   Duration  149ms (transform 44ms, setup 0ms, import 60ms, tests 3ms, environment 0ms)


> @detran/inf-collection@0.0.1 test:unit /Users/aarusso/.codex/worktrees/stynx-canonical/detran/backend/domains/inf/collection
> DETRAN_TEST_TIER=unit vitest run --config vitest.config.ts


 RUN  v4.1.11 /Users/aarusso/.codex/worktrees/stynx-canonical/detran/backend/domains/inf/collection


 Test Files  2 passed (2)
      Tests  10 passed (10)
   Start at  23:07:54
   Duration  683ms (transform 107ms, setup 0ms, import 500ms, tests 15ms, environment 0ms)


> @detran/inf-rait-org@0.0.1 test:unit /Users/aarusso/.codex/worktrees/stynx-canonical/detran/backend/domains/inf/rait-org
> DETRAN_TEST_TIER=unit vitest run --config vitest.config.ts


 RUN  v4.1.11 /Users/aarusso/.codex/worktrees/stynx-canonical/detran/backend/domains/inf/rait-org


 Test Files  1 passed (1)
      Tests  2 passed (2)
   Start at  23:07:55
   Duration  572ms (transform 100ms, setup 0ms, import 485ms, tests 4ms, environment 0ms)


> @detran/inf-rait-integration@0.0.1 test:unit /Users/aarusso/.codex/worktrees/stynx-canonical/detran/backend/domains/inf/rait-integration
> DETRAN_TEST_TIER=unit vitest run --config vitest.config.ts


 RUN  v4.1.11 /Users/aarusso/.codex/worktrees/stynx-canonical/detran/backend/domains/inf/rait-integration


 Test Files  1 passed (1)
      Tests  1 passed (1)
   Start at  23:07:57
   Duration  546ms (transform 84ms, setup 0ms, import 457ms, tests 2ms, environment 0ms)


> @detran/portal-identity@0.0.1 test:unit /Users/aarusso/.codex/worktrees/stynx-canonical/detran/backend/domains/portal/identity
> DETRAN_TEST_TIER=unit vitest run --config vitest.config.ts


 RUN  v4.1.11 /Users/aarusso/.codex/worktrees/stynx-canonical/detran/backend/domains/portal/identity


 Test Files  3 passed (3)
      Tests  49 passed (49)
   Start at  23:07:58
   Duration  1.60s (transform 134ms, setup 0ms, import 1.33s, tests 11ms, environment 0ms)


> @detran/portal-requests@0.0.1 test:unit /Users/aarusso/.codex/worktrees/stynx-canonical/detran/backend/domains/portal/requests
> DETRAN_TEST_TIER=unit vitest run --config vitest.config.ts


 RUN  v4.1.11 /Users/aarusso/.codex/worktrees/stynx-canonical/detran/backend/domains/portal/requests


 Test Files  4 passed (4)
      Tests  97 passed | 7 todo (104)
   Start at  23:08:00
   Duration  2.24s (transform 240ms, setup 0ms, import 1.84s, tests 66ms, environment 0ms)


> @detran/portal-inbox@0.0.1 test:unit /Users/aarusso/.codex/worktrees/stynx-canonical/detran/backend/domains/portal/inbox
> DETRAN_TEST_TIER=unit vitest run --config vitest.config.ts


 RUN  v4.1.11 /Users/aarusso/.codex/worktrees/stynx-canonical/detran/backend/domains/portal/inbox


 Test Files  1 passed (1)
      Tests  13 passed (13)
   Start at  23:08:03
   Duration  849ms (transform 284ms, setup 0ms, import 744ms, tests 17ms, environment 0ms)


> @detran/portal-citizen-service@0.0.1 test:unit /Users/aarusso/.codex/worktrees/stynx-canonical/detran/backend/domains/portal/citizen-service
> DETRAN_TEST_TIER=unit vitest run --config vitest.config.ts


 RUN  v4.1.11 /Users/aarusso/.codex/worktrees/stynx-canonical/detran/backend/domains/portal/citizen-service


 Test Files  2 passed (2)
      Tests  78 passed (78)
   Start at  23:08:04
   Duration  1.30s (transform 292ms, setup 0ms, import 1.11s, tests 28ms, environment 0ms)


> @detran/portal-projections@0.0.1 test:unit /Users/aarusso/.codex/worktrees/stynx-canonical/detran/backend/domains/portal/projections
> DETRAN_TEST_TIER=unit vitest run --config vitest.config.ts


 RUN  v4.1.11 /Users/aarusso/.codex/worktrees/stynx-canonical/detran/backend/domains/portal/projections


 Test Files  5 passed (5)
      Tests  32 passed | 1 todo (33)
   Start at  23:08:06
   Duration  2.79s (transform 237ms, setup 0ms, import 2.32s, tests 64ms, environment 0ms)


> @detran/dashboard-monitor@0.0.1 test:unit /Users/aarusso/.codex/worktrees/stynx-canonical/detran/backend/domains/dashboard/monitor
> DETRAN_TEST_TIER=unit vitest run --config vitest.config.ts


 RUN  v4.1.11 /Users/aarusso/.codex/worktrees/stynx-canonical/detran/backend/domains/dashboard/monitor


 Test Files  17 passed (17)
      Tests  231 passed (231)
   Start at  23:08:10
   Duration  4.50s (transform 294ms, setup 0ms, import 2.98s, tests 126ms, environment 1ms)


> detran@0.0.1 backend:test:prepare-legacy /Users/aarusso/.codex/worktrees/stynx-canonical/detran
> node backend/database/tests/prepare-rait-priority-upgraded-legacy.mjs

upgraded legacy fixture: 20 cases and priority schema verified

> detran@0.0.1 backend:test:integration /Users/aarusso/.codex/worktrees/stynx-canonical/detran
> pnpm --filter @detran/app test:integration && pnpm --filter @detran/est-crash test:integration && pnpm --filter @detran/inf-ait test:integration && pnpm --filter @detran/inf-measures test:integration && pnpm --filter @detran/inf-alcohol test:integration && pnpm --filter @detran/ops-parameter test:integration && pnpm --filter @detran/ops-agency test:integration && pnpm --filter @detran/ops-field test:integration && pnpm --filter @detran/ops-snapshots test:integration && pnpm --filter @detran/ops-evidence test:integration && pnpm --filter @detran/ops-offline-sync test:integration && pnpm --filter @detran/ops-provisioning test:integration && pnpm --filter @detran/inf-normative test:integration && pnpm --filter @detran/inf-infraction test:integration && pnpm --filter @detran/inf-notification test:integration && pnpm --filter @detran/inf-collection test:integration && pnpm --filter @detran/inf-rait-case test:integration --exclude '**/rait-priority-upgrade.integration.spec.ts' --passWithNoTests=false && pnpm --filter @detran/inf-rait-worklist test:integration && pnpm --filter @detran/inf-rait-session test:integration && pnpm --filter @detran/inf-rait-org test:integration && pnpm --filter @detran/inf-rait-integration test:integration && pnpm --filter @detran/portal-identity test:integration && pnpm --filter @detran/portal-requests test:integration && pnpm --filter @detran/portal-inbox test:integration && pnpm --filter @detran/portal-citizen-service test:integration && pnpm --filter @detran/portal-projections test:integration && pnpm --filter @detran/dashboard-monitor test:integration


> @detran/app@0.0.1 test:integration /Users/aarusso/.codex/worktrees/stynx-canonical/detran/backend/app
> DETRAN_TEST_TIER=integration vitest run


 RUN  v4.1.11 /Users/aarusso/.codex/worktrees/stynx-canonical/detran/backend/app


 Test Files  6 passed (6)
      Tests  20 passed (20)
   Start at  23:08:23
   Duration  7.77s (transform 2.92s, setup 0ms, import 2.09s, tests 5.15s, environment 0ms)


> @detran/est-crash@0.0.1 test:integration /Users/aarusso/.codex/worktrees/stynx-canonical/detran/backend/domains/est/crash
> DETRAN_TEST_TIER=integration vitest run --config vitest.config.ts


 RUN  v4.1.11 /Users/aarusso/.codex/worktrees/stynx-canonical/detran/backend/domains/est/crash


 Test Files  1 passed (1)
      Tests  21 passed (21)
   Start at  23:08:31
   Duration  1.34s (transform 20ms, setup 0ms, import 39ms, tests 1.21s, environment 0ms)


> @detran/inf-ait@0.0.1 test:integration /Users/aarusso/.codex/worktrees/stynx-canonical/detran/backend/domains/inf/ait
> DETRAN_TEST_TIER=integration vitest run --config vitest.config.ts


 RUN  v4.1.11 /Users/aarusso/.codex/worktrees/stynx-canonical/detran/backend/domains/inf/ait


 Test Files  3 passed (3)
      Tests  25 passed (25)
   Start at  23:08:33
   Duration  2.31s (transform 240ms, setup 0ms, import 634ms, tests 1.41s, environment 0ms)


> @detran/inf-measures@0.0.1 test:integration /Users/aarusso/.codex/worktrees/stynx-canonical/detran/backend/domains/inf/measures
> DETRAN_TEST_TIER=integration vitest run --config vitest.config.ts


 RUN  v4.1.11 /Users/aarusso/.codex/worktrees/stynx-canonical/detran/backend/domains/inf/measures


 Test Files  1 passed (1)
      Tests  6 passed (6)
   Start at  23:08:36
   Duration  819ms (transform 99ms, setup 0ms, import 47ms, tests 684ms, environment 0ms)


> @detran/inf-alcohol@0.0.1 test:integration /Users/aarusso/.codex/worktrees/stynx-canonical/detran/backend/domains/inf/alcohol
> DETRAN_TEST_TIER=integration vitest run --config vitest.config.ts


 RUN  v4.1.11 /Users/aarusso/.codex/worktrees/stynx-canonical/detran/backend/domains/inf/alcohol


 Test Files  1 passed (1)
      Tests  5 passed (5)
   Start at  23:08:37
   Duration  841ms (transform 101ms, setup 0ms, import 47ms, tests 706ms, environment 0ms)


> @detran/ops-parameter@0.0.1 test:integration /Users/aarusso/.codex/worktrees/stynx-canonical/detran/backend/domains/ops/parameter
> DETRAN_TEST_TIER=integration vitest run --config vitest.config.ts


 RUN  v4.1.11 /Users/aarusso/.codex/worktrees/stynx-canonical/detran/backend/domains/ops/parameter


 Test Files  1 passed (1)
      Tests  1 passed (1)
   Start at  23:08:38
   Duration  232ms (transform 14ms, setup 0ms, import 33ms, tests 116ms, environment 0ms)


> @detran/ops-agency@0.0.1 test:integration /Users/aarusso/.codex/worktrees/stynx-canonical/detran/backend/domains/ops/agency
> DETRAN_TEST_TIER=integration vitest run --config vitest.config.ts


 RUN  v4.1.11 /Users/aarusso/.codex/worktrees/stynx-canonical/detran/backend/domains/ops/agency

No test files found, exiting with code 0

include: tests/integration/**/*.integration.spec.ts
exclude:  **/node_modules/**, **/.git/**


> @detran/ops-field@0.0.1 test:integration /Users/aarusso/.codex/worktrees/stynx-canonical/detran/backend/domains/ops/field
> DETRAN_TEST_TIER=integration vitest run --config vitest.config.ts


 RUN  v4.1.11 /Users/aarusso/.codex/worktrees/stynx-canonical/detran/backend/domains/ops/field


 Test Files  2 passed (2)
      Tests  13 passed (13)
   Start at  23:08:39
   Duration  1.65s (transform 119ms, setup 0ms, import 71ms, tests 1.41s, environment 0ms)


> @detran/ops-snapshots@0.0.1 test:integration /Users/aarusso/.codex/worktrees/stynx-canonical/detran/backend/domains/ops/snapshots
> DETRAN_TEST_TIER=integration vitest run --config vitest.config.ts


 RUN  v4.1.11 /Users/aarusso/.codex/worktrees/stynx-canonical/detran/backend/domains/ops/snapshots


 Test Files  2 passed (2)
      Tests  2 passed (2)
   Start at  23:08:41
   Duration  838ms (transform 103ms, setup 0ms, import 48ms, tests 626ms, environment 0ms)


> @detran/ops-evidence@0.0.1 test:integration /Users/aarusso/.codex/worktrees/stynx-canonical/detran/backend/domains/ops/evidence
> DETRAN_TEST_TIER=integration vitest run --config vitest.config.ts


 RUN  v4.1.11 /Users/aarusso/.codex/worktrees/stynx-canonical/detran/backend/domains/ops/evidence


 Test Files  4 passed (4)
      Tests  5 passed (5)
   Start at  23:08:43
   Duration  2.96s (transform 132ms, setup 0ms, import 110ms, tests 2.49s, environment 0ms)


> @detran/ops-offline-sync@0.0.1 test:integration /Users/aarusso/.codex/worktrees/stynx-canonical/detran/backend/domains/ops/offline-sync
> DETRAN_TEST_TIER=integration vitest run --config vitest.config.ts


 RUN  v4.1.11 /Users/aarusso/.codex/worktrees/stynx-canonical/detran/backend/domains/ops/offline-sync


 Test Files  5 passed (5)
      Tests  45 passed (45)
   Start at  23:08:46
   Duration  4.06s (transform 180ms, setup 0ms, import 154ms, tests 3.48s, environment 0ms)


> @detran/ops-provisioning@0.0.1 test:integration /Users/aarusso/.codex/worktrees/stynx-canonical/detran/backend/domains/ops/provisioning
> DETRAN_TEST_TIER=integration vitest run --config vitest.config.ts


 RUN  v4.1.11 /Users/aarusso/.codex/worktrees/stynx-canonical/detran/backend/domains/ops/provisioning


 Test Files  4 passed (4)
      Tests  694 passed (694)
   Start at  23:08:51
   Duration  224.10s (transform 163ms, setup 0ms, import 1.82s, tests 221.90s, environment 0ms)


> @detran/inf-normative@0.0.1 test:integration /Users/aarusso/.codex/worktrees/stynx-canonical/detran/backend/domains/inf/normative
> DETRAN_TEST_TIER=integration vitest run --config vitest.config.ts


 RUN  v4.1.11 /Users/aarusso/.codex/worktrees/stynx-canonical/detran/backend/domains/inf/normative


 Test Files  2 passed (2)
      Tests  3 passed (3)
   Start at  23:12:35
   Duration  1.42s (transform 110ms, setup 0ms, import 66ms, tests 1.18s, environment 0ms)


> @detran/inf-infraction@0.0.1 test:integration /Users/aarusso/.codex/worktrees/stynx-canonical/detran/backend/domains/inf/infraction
> DETRAN_TEST_TIER=integration vitest run --config vitest.config.ts


 RUN  v4.1.11 /Users/aarusso/.codex/worktrees/stynx-canonical/detran/backend/domains/inf/infraction


 Test Files  1 passed (1)
      Tests  7 passed (7)
   Start at  23:12:37
   Duration  302ms (transform 17ms, setup 0ms, import 37ms, tests 176ms, environment 0ms)


> @detran/inf-notification@0.0.1 test:integration /Users/aarusso/.codex/worktrees/stynx-canonical/detran/backend/domains/inf/notification
> DETRAN_TEST_TIER=integration vitest run --config vitest.config.ts


 RUN  v4.1.11 /Users/aarusso/.codex/worktrees/stynx-canonical/detran/backend/domains/inf/notification


 Test Files  1 passed (1)
      Tests  7 passed (7)
   Start at  23:12:38
   Duration  299ms (transform 17ms, setup 0ms, import 37ms, tests 171ms, environment 0ms)


> @detran/inf-collection@0.0.1 test:integration /Users/aarusso/.codex/worktrees/stynx-canonical/detran/backend/domains/inf/collection
> DETRAN_TEST_TIER=integration vitest run --config vitest.config.ts


 RUN  v4.1.11 /Users/aarusso/.codex/worktrees/stynx-canonical/detran/backend/domains/inf/collection


 Test Files  1 passed (1)
      Tests  20 passed (20)
   Start at  23:12:39
   Duration  332ms (transform 18ms, setup 0ms, import 39ms, tests 205ms, environment 0ms)


> @detran/inf-rait-case@0.0.1 test:integration /Users/aarusso/.codex/worktrees/stynx-canonical/detran/backend/domains/inf/rait-case
> DETRAN_TEST_TIER=integration vitest run --config vitest.config.ts "--exclude" "**/rait-priority-upgrade.integration.spec.ts" "--passWithNoTests=false"


 RUN  v4.1.11 /Users/aarusso/.codex/worktrees/stynx-canonical/detran/backend/domains/inf/rait-case


 Test Files  4 passed (4)
      Tests  33 passed (33)
   Start at  23:12:40
   Duration  19.81s (transform 37ms, setup 0ms, import 108ms, tests 19.34s, environment 0ms)


> @detran/inf-rait-worklist@0.0.1 test:integration /Users/aarusso/.codex/worktrees/stynx-canonical/detran/backend/domains/inf/rait-worklist
> DETRAN_TEST_TIER=integration vitest run --config vitest.config.ts


 RUN  v4.1.11 /Users/aarusso/.codex/worktrees/stynx-canonical/detran/backend/domains/inf/rait-worklist


 Test Files  5 passed (5)
      Tests  42 passed (42)
   Start at  23:13:00
   Duration  1.95s (transform 297ms, setup 0ms, import 117ms, tests 1.40s, environment 0ms)


> @detran/inf-rait-session@0.0.1 test:integration /Users/aarusso/.codex/worktrees/stynx-canonical/detran/backend/domains/inf/rait-session
> DETRAN_TEST_TIER=integration vitest run --config vitest.config.ts


 RUN  v4.1.11 /Users/aarusso/.codex/worktrees/stynx-canonical/detran/backend/domains/inf/rait-session


 Test Files  4 passed (4)
      Tests  15 passed (15)
   Start at  23:13:02
   Duration  1.84s (transform 290ms, setup 0ms, import 83ms, tests 1.42s, environment 0ms)


> @detran/inf-rait-org@0.0.1 test:integration /Users/aarusso/.codex/worktrees/stynx-canonical/detran/backend/domains/inf/rait-org
> DETRAN_TEST_TIER=integration vitest run --config vitest.config.ts


 RUN  v4.1.11 /Users/aarusso/.codex/worktrees/stynx-canonical/detran/backend/domains/inf/rait-org


 Test Files  1 passed (1)
      Tests  25 passed (25)
   Start at  23:13:05
   Duration  360ms (transform 19ms, setup 0ms, import 39ms, tests 233ms, environment 0ms)


> @detran/inf-rait-integration@0.0.1 test:integration /Users/aarusso/.codex/worktrees/stynx-canonical/detran/backend/domains/inf/rait-integration
> DETRAN_TEST_TIER=integration vitest run --config vitest.config.ts


 RUN  v4.1.11 /Users/aarusso/.codex/worktrees/stynx-canonical/detran/backend/domains/inf/rait-integration


 Test Files  1 passed (1)
      Tests  11 passed (11)
   Start at  23:13:05
   Duration  278ms (transform 15ms, setup 0ms, import 34ms, tests 155ms, environment 0ms)


> @detran/portal-identity@0.0.1 test:integration /Users/aarusso/.codex/worktrees/stynx-canonical/detran/backend/domains/portal/identity
> DETRAN_TEST_TIER=integration vitest run --config vitest.config.ts


 RUN  v4.1.11 /Users/aarusso/.codex/worktrees/stynx-canonical/detran/backend/domains/portal/identity


 Test Files  2 passed (2)
      Tests  11 passed (11)
   Start at  23:13:06
   Duration  495ms (transform 22ms, setup 0ms, import 59ms, tests 265ms, environment 0ms)


> @detran/portal-requests@0.0.1 test:integration /Users/aarusso/.codex/worktrees/stynx-canonical/detran/backend/domains/portal/requests
> DETRAN_TEST_TIER=integration vitest run --config vitest.config.ts


 RUN  v4.1.11 /Users/aarusso/.codex/worktrees/stynx-canonical/detran/backend/domains/portal/requests


 Test Files  1 passed (1)
      Tests  3 passed (3)
   Start at  23:13:07
   Duration  936ms (transform 199ms, setup 0ms, import 643ms, tests 206ms, environment 0ms)


> @detran/portal-inbox@0.0.1 test:integration /Users/aarusso/.codex/worktrees/stynx-canonical/detran/backend/domains/portal/inbox
> DETRAN_TEST_TIER=integration vitest run --config vitest.config.ts


 RUN  v4.1.11 /Users/aarusso/.codex/worktrees/stynx-canonical/detran/backend/domains/portal/inbox


 Test Files  1 passed (1)
      Tests  2 passed (2)
   Start at  23:13:08
   Duration  1.03s (transform 269ms, setup 0ms, import 735ms, tests 201ms, environment 0ms)


> @detran/portal-citizen-service@0.0.1 test:integration /Users/aarusso/.codex/worktrees/stynx-canonical/detran/backend/domains/portal/citizen-service
> DETRAN_TEST_TIER=integration vitest run --config vitest.config.ts


 RUN  v4.1.11 /Users/aarusso/.codex/worktrees/stynx-canonical/detran/backend/domains/portal/citizen-service


 Test Files  1 passed (1)
      Tests  1 passed (1)
   Start at  23:13:10
   Duration  783ms (transform 168ms, setup 0ms, import 605ms, tests 89ms, environment 0ms)


> @detran/portal-projections@0.0.1 test:integration /Users/aarusso/.codex/worktrees/stynx-canonical/detran/backend/domains/portal/projections
> DETRAN_TEST_TIER=integration vitest run --config vitest.config.ts


 RUN  v4.1.11 /Users/aarusso/.codex/worktrees/stynx-canonical/detran/backend/domains/portal/projections

(node:83547) DeprecationWarning: Calling client.query() when the client is already executing a query is deprecated and will be removed in pg@9.0. Use async/await or an external async flow control mechanism instead.
(Use `node --trace-deprecation ...` to show where the warning was created)

 Test Files  1 passed (1)
      Tests  7 passed (7)
   Start at  23:13:11
   Duration  1.22s (transform 220ms, setup 0ms, import 702ms, tests 423ms, environment 0ms)


> @detran/dashboard-monitor@0.0.1 test:integration /Users/aarusso/.codex/worktrees/stynx-canonical/detran/backend/domains/dashboard/monitor
> DETRAN_TEST_TIER=integration vitest run --config vitest.config.ts


 RUN  v4.1.11 /Users/aarusso/.codex/worktrees/stynx-canonical/detran/backend/domains/dashboard/monitor


 Test Files  14 passed (14)
      Tests  430 passed (430)
   Start at  23:13:13
   Duration  11.15s (transform 366ms, setup 0ms, import 3.88s, tests 6.04s, environment 1ms)


> detran@0.0.1 backend:test:prepare-legacy /Users/aarusso/.codex/worktrees/stynx-canonical/detran
> node backend/database/tests/prepare-rait-priority-upgraded-legacy.mjs

upgraded legacy fixture: 20 cases and priority schema verified

> detran@0.0.1 backend:test:e2e /Users/aarusso/.codex/worktrees/stynx-canonical/detran
> pnpm --filter @detran/app test:e2e && pnpm --filter @detran/ops-agency test:e2e && pnpm --filter @detran/ops-field test:e2e && pnpm --filter @detran/ops-snapshots test:e2e && pnpm --filter @detran/ops-evidence test:e2e && pnpm --filter @detran/ops-offline-sync test:e2e && pnpm --filter @detran/ops-provisioning test:e2e && pnpm --filter @detran/inf-ait test:e2e && pnpm --filter @detran/portal-identity test:e2e && pnpm --filter @detran/portal-requests test:e2e && pnpm --filter @detran/portal-inbox test:e2e && pnpm --filter @detran/portal-citizen-service test:e2e && pnpm --filter @detran/portal-projections test:e2e && pnpm --filter @detran/dashboard-monitor test:e2e


> @detran/app@0.0.1 test:e2e /Users/aarusso/.codex/worktrees/stynx-canonical/detran/backend/app
> DETRAN_TEST_TIER=e2e vitest run


 RUN  v4.1.11 /Users/aarusso/.codex/worktrees/stynx-canonical/detran/backend/app

[2026-09-27 23:13:38.954 -0300] INFO (83921): request completed
    route: "/v1/dashboard/alerts"
    method: "GET"
    status: 403
    duration_ms: 74
[2026-09-27 23:13:38.981 -0300] INFO (83921): request completed
    route: "/v1/dashboard/alerts/00000000-0000-7000-8000-000081000102"
    method: "GET"
    status: 403
    duration_ms: 24
[2026-09-27 23:13:38.992 -0300] INFO (83921): request completed
    route: "/v1/dashboard/alerts"
    method: "GET"
    status: 403
    duration_ms: 1
[2026-09-27 23:13:38.993 -0300] INFO (83921): request completed
    route: "/v1/dashboard/alerts/00000000-0000-7000-8000-000081000102"
    method: "GET"
    status: 403
    duration_ms: 0
[2026-09-27 23:13:38.995 -0300] INFO (83921): request completed
    route: "/v1/dashboard/stream"
    method: "GET"
    status: 403
    duration_ms: 0
[2026-09-27 23:13:38.997 -0300] INFO (83921): request completed
    route: "/v1/dashboard/alerts"
    method: "GET"
    status: 403
    duration_ms: 0
[2026-09-27 23:13:38.999 -0300] INFO (83921): request completed
    route: "/v1/dashboard/alerts/00000000-0000-7000-8000-000081000102"
    method: "GET"
    status: 403
    duration_ms: 1
[2026-09-27 23:13:39.000 -0300] INFO (83921): request completed
    route: "/v1/dashboard/stream"
    method: "GET"
    status: 403
    duration_ms: 1
[2026-09-27 23:13:39.001 -0300] INFO (83921): request completed
    route: "/v1/dashboard/alerts"
    method: "GET"
    status: 403
    duration_ms: 1
[2026-09-27 23:13:39.002 -0300] INFO (83921): request completed
    route: "/v1/dashboard/alerts/00000000-0000-7000-8000-000081000102"
    method: "GET"
    status: 403
    duration_ms: 0
[2026-09-27 23:13:39.003 -0300] INFO (83921): request completed
    route: "/v1/dashboard/stream"
    method: "GET"
    status: 403
    duration_ms: 1
[2026-09-27 23:13:39.004 -0300] INFO (83921): request completed
    route: "/v1/dashboard/alerts"
    method: "GET"
    status: 403
    duration_ms: 1
[2026-09-27 23:13:39.005 -0300] INFO (83921): request completed
    route: "/v1/dashboard/alerts/00000000-0000-7000-8000-000081000102"
    method: "GET"
    status: 403
    duration_ms: 0
[2026-09-27 23:13:39.006 -0300] INFO (83921): request completed
    route: "/v1/dashboard/stream"
    method: "GET"
    status: 403
    duration_ms: 0
[2026-09-27 23:13:39.007 -0300] INFO (83921): request completed
    route: "/v1/dashboard/alerts"
    method: "GET"
    status: 403
    duration_ms: 0
[2026-09-27 23:13:39.008 -0300] INFO (83921): request completed
    route: "/v1/dashboard/alerts/00000000-0000-7000-8000-000081000102"
    method: "GET"
    status: 403
    duration_ms: 0
[2026-09-27 23:13:39.009 -0300] INFO (83921): request completed
    route: "/v1/dashboard/stream"
    method: "GET"
    status: 403
    duration_ms: 1
[2026-09-27 23:13:39.049 -0300] INFO (83921): request completed
    route: "/v1/dashboard/alerts"
    method: "GET"
    status: 200
    duration_ms: 40
[2026-09-27 23:13:39.090 -0300] INFO (83921): request completed
    route: "/v1/dashboard/alerts/00000000-0000-7000-8000-000081000102"
    method: "GET"
    status: 200
    duration_ms: 40
[2026-09-27 23:13:39.189 -0300] INFO (83921): request completed
    route: "/v1/dashboard/alerts"
    method: "GET"
    status: 200
    duration_ms: 94
[2026-09-27 23:13:39.228 -0300] INFO (83921): request completed
    route: "/v1/dashboard/alerts/00000000-0000-7000-8000-000081000102"
    method: "GET"
    status: 200
    duration_ms: 38
[2026-09-27 23:13:39.234 -0300] INFO (83921): request completed
    route: "/v1/dashboard/alerts"
    method: "GET"
    status: 403
    duration_ms: 0
[2026-09-27 23:13:39.235 -0300] INFO (83921): request completed
    route: "/v1/dashboard/alerts/00000000-0000-7000-8000-000081000102"
    method: "GET"
    status: 403
    duration_ms: 0
[2026-09-27 23:13:39.236 -0300] INFO (83921): request completed
    route: "/v1/dashboard/stream"
    method: "GET"
    status: 403
    duration_ms: 0
[2026-09-27 23:13:39.246 -0300] INFO (83921): request completed
    route: "/v1/dashboard/alerts"
    method: "GET"
    status: 200
    duration_ms: 9
[2026-09-27 23:13:39.259 -0300] INFO (83921): request completed
    route: "/v1/dashboard/alerts/00000000-0000-7000-8000-000081000102"
    method: "GET"
    status: 200
    duration_ms: 12
[2026-09-27 23:13:39.264 -0300] INFO (83921): request completed
    route: "/v1/dashboard/alerts"
    method: "GET"
    status: 403
    duration_ms: 0
[2026-09-27 23:13:39.270 -0300] INFO (83921): request completed
    route: "/v1/dashboard/alerts/00000000-0000-7000-8000-000081000102"
    method: "GET"
    status: 403
    duration_ms: 0
[2026-09-27 23:13:39.271 -0300] INFO (83921): request completed
    route: "/v1/dashboard/stream"
    method: "GET"
    status: 403
    duration_ms: 0
[2026-09-27 23:13:39.273 -0300] INFO (83921): request completed
    route: "/v1/dashboard/alerts"
    method: "GET"
    status: 403
    duration_ms: 1
[2026-09-27 23:13:39.274 -0300] INFO (83921): request completed
    route: "/v1/dashboard/alerts/00000000-0000-7000-8000-000081000102"
    method: "GET"
    status: 403
    duration_ms: 1
[2026-09-27 23:13:39.274 -0300] INFO (83921): request completed
    route: "/v1/dashboard/stream"
    method: "GET"
    status: 403
    duration_ms: 0
[2026-09-27 23:13:39.275 -0300] INFO (83921): request completed
    route: "/v1/dashboard/alerts"
    method: "GET"
    status: 403
    duration_ms: 0
[2026-09-27 23:13:39.276 -0300] INFO (83921): request completed
    route: "/v1/dashboard/alerts/00000000-0000-7000-8000-000081000102"
    method: "GET"
    status: 403
    duration_ms: 1
[2026-09-27 23:13:39.276 -0300] INFO (83921): request completed
    route: "/v1/dashboard/stream"
    method: "GET"
    status: 403
    duration_ms: 0
[2026-09-27 23:13:39.280 -0300] INFO (83921): request completed
    route: "/v1/dashboard/alerts"
    method: "GET"
    status: 403
    duration_ms: 3
[2026-09-27 23:13:39.285 -0300] INFO (83921): request completed
    route: "/v1/dashboard/alerts/00000000-0000-7000-8000-000081000102"
    method: "GET"
    status: 403
    duration_ms: 4
[2026-09-27 23:13:39.291 -0300] INFO (83921): request completed
    route: "/v1/dashboard/alerts"
    method: "GET"
    status: 403
    duration_ms: 0
[2026-09-27 23:13:39.292 -0300] INFO (83921): request completed
    route: "/v1/dashboard/alerts/00000000-0000-7000-8000-000081000102"
    method: "GET"
    status: 403
    duration_ms: 0
[2026-09-27 23:13:39.293 -0300] INFO (83921): request completed
    route: "/v1/dashboard/stream"
    method: "GET"
    status: 403
    duration_ms: 0
[2026-09-27 23:13:39.294 -0300] INFO (83921): request completed
    route: "/v1/dashboard/alerts"
    method: "GET"
    status: 403
    duration_ms: 0
[2026-09-27 23:13:39.295 -0300] INFO (83921): request completed
    route: "/v1/dashboard/alerts/00000000-0000-7000-8000-000081000102"
    method: "GET"
    status: 403
    duration_ms: 0
[2026-09-27 23:13:39.296 -0300] INFO (83921): request completed
    route: "/v1/dashboard/stream"
    method: "GET"
    status: 403
    duration_ms: 0
[2026-09-27 23:13:39.297 -0300] INFO (83921): request completed
    route: "/v1/dashboard/alerts"
    method: "GET"
    status: 403
    duration_ms: 0
[2026-09-27 23:13:39.298 -0300] INFO (83921): request completed
    route: "/v1/dashboard/alerts/00000000-0000-7000-8000-000081000102"
    method: "GET"
    status: 403
    duration_ms: 0
[2026-09-27 23:13:39.298 -0300] INFO (83921): request completed
    route: "/v1/dashboard/stream"
    method: "GET"
    status: 403
    duration_ms: 0
[2026-09-27 23:13:39.299 -0300] INFO (83921): request completed
    route: "/v1/dashboard/alerts"
    method: "GET"
    status: 403
    duration_ms: 0
[2026-09-27 23:13:39.300 -0300] INFO (83921): request completed
    route: "/v1/dashboard/alerts/00000000-0000-7000-8000-000081000102"
    method: "GET"
    status: 403
    duration_ms: 0
[2026-09-27 23:13:39.300 -0300] INFO (83921): request completed
    route: "/v1/dashboard/stream"
    method: "GET"
    status: 403
    duration_ms: 0
[2026-09-27 23:13:39.310 -0300] INFO (83921): request completed
    route: "/v1/dashboard/alerts"
    method: "GET"
    status: 200
    duration_ms: 9
[2026-09-27 23:13:39.322 -0300] INFO (83921): request completed
    route: "/v1/dashboard/alerts/00000000-0000-7000-8000-000081000102"
    method: "GET"
    status: 200
    duration_ms: 12
[2026-09-27 23:13:39.334 -0300] INFO (83921): request completed
    route: "/v1/dashboard/alerts"
    method: "GET"
    status: 200
    duration_ms: 8
[2026-09-27 23:13:39.345 -0300] INFO (83921): request completed
    route: "/v1/dashboard/alerts/00000000-0000-7000-8000-000081000102"
    method: "GET"
    status: 200
    duration_ms: 10
[2026-09-27 23:13:39.358 -0300] INFO (83921): request completed
    route: "/v1/dashboard/alerts"
    method: "GET"
    status: 200
    duration_ms: 8
[2026-09-27 23:13:39.368 -0300] INFO (83921): request completed
    route: "/v1/dashboard/alerts/00000000-0000-7000-8000-000081000102"
    method: "GET"
    status: 200
    duration_ms: 10
[2026-09-27 23:13:39.373 -0300] INFO (83921): request completed
    route: "/v1/dashboard/alerts"
    method: "GET"
    status: 403
    duration_ms: 0
[2026-09-27 23:13:39.374 -0300] INFO (83921): request completed
    route: "/v1/dashboard/alerts/00000000-0000-7000-8000-000081000102"
    method: "GET"
    status: 403
    duration_ms: 0
[2026-09-27 23:13:39.375 -0300] INFO (83921): request completed
    route: "/v1/dashboard/stream"
    method: "GET"
    status: 403
    duration_ms: 0
[2026-09-27 23:13:39.376 -0300] INFO (83921): request completed
    route: "/v1/dashboard/alerts"
    method: "GET"
    status: 403
    duration_ms: 1
[2026-09-27 23:13:39.377 -0300] INFO (83921): request completed
    route: "/v1/dashboard/alerts/00000000-0000-7000-8000-000081000102"
    method: "GET"
    status: 403
    duration_ms: 1
[2026-09-27 23:13:39.377 -0300] INFO (83921): request completed
    route: "/v1/dashboard/stream"
    method: "GET"
    status: 403
    duration_ms: 0
[2026-09-27 23:13:39.378 -0300] INFO (83921): request completed
    route: "/v1/dashboard/alerts"
    method: "GET"
    status: 403
    duration_ms: 1
[2026-09-27 23:13:39.378 -0300] INFO (83921): request completed
    route: "/v1/dashboard/alerts/00000000-0000-7000-8000-000081000102"
    method: "GET"
    status: 403
    duration_ms: 0
[2026-09-27 23:13:39.379 -0300] INFO (83921): request completed
    route: "/v1/dashboard/stream"
    method: "GET"
    status: 403
    duration_ms: 0
[2026-09-27 23:13:39.387 -0300] INFO (83921): request completed
    route: "/v1/dashboard/alerts"
    method: "GET"
    status: 200
    duration_ms: 8
[2026-09-27 23:13:39.399 -0300] INFO (83921): request completed
    route: "/v1/dashboard/alerts/00000000-0000-7000-8000-000081000102"
    method: "GET"
    status: 200
    duration_ms: 11
[2026-09-27 23:13:39.404 -0300] INFO (83921): request completed
    route: "/v1/dashboard/alerts"
    method: "GET"
    status: 403
    duration_ms: 1
[2026-09-27 23:13:39.405 -0300] INFO (83921): request completed
    route: "/v1/dashboard/alerts/00000000-0000-7000-8000-000081000102"
    method: "GET"
    status: 403
    duration_ms: 1
[2026-09-27 23:13:39.406 -0300] INFO (83921): request completed
    route: "/v1/dashboard/stream"
    method: "GET"
    status: 403
    duration_ms: 0
[2026-09-27 23:13:39.407 -0300] INFO (83921): request completed
    route: "/v1/dashboard/alerts"
    method: "GET"
    status: 403
    duration_ms: 1
[2026-09-27 23:13:39.408 -0300] INFO (83921): request completed
    route: "/v1/dashboard/alerts/00000000-0000-7000-8000-000081000102"
    method: "GET"
    status: 403
    duration_ms: 1
[2026-09-27 23:13:39.408 -0300] INFO (83921): request completed
    route: "/v1/dashboard/stream"
    method: "GET"
    status: 403
    duration_ms: 0
[2026-09-27 23:13:39.409 -0300] INFO (83921): request completed
    route: "/v1/dashboard/alerts"
    method: "GET"
    status: 403
    duration_ms: 0
[2026-09-27 23:13:39.410 -0300] INFO (83921): request completed
    route: "/v1/dashboard/alerts/00000000-0000-7000-8000-000081000102"
    method: "GET"
    status: 403
    duration_ms: 1
[2026-09-27 23:13:39.410 -0300] INFO (83921): request completed
    route: "/v1/dashboard/stream"
    method: "GET"
    status: 403
    duration_ms: 0
[2026-09-27 23:13:39.411 -0300] INFO (83921): request completed
    route: "/v1/dashboard/alerts"
    method: "GET"
    status: 403
    duration_ms: 1
[2026-09-27 23:13:39.411 -0300] INFO (83921): request completed
    route: "/v1/dashboard/alerts/00000000-0000-7000-8000-000081000102"
    method: "GET"
    status: 403
    duration_ms: 0
[2026-09-27 23:13:39.412 -0300] INFO (83921): request completed
    route: "/v1/dashboard/stream"
    method: "GET"
    status: 403
    duration_ms: 0
[2026-09-27 23:13:39.421 -0300] INFO (83921): request completed
    route: "/v1/dashboard/alerts"
    method: "GET"
    status: 200
    duration_ms: 9
[2026-09-27 23:13:39.432 -0300] INFO (83921): request completed
    route: "/v1/dashboard/alerts/00000000-0000-7000-8000-000081000102"
    method: "GET"
    status: 200
    duration_ms: 10
[2026-09-27 23:13:39.443 -0300] INFO (83921): request completed
    route: "/v1/dashboard/alerts"
    method: "GET"
    status: 200
    duration_ms: 7
[2026-09-27 23:13:39.455 -0300] INFO (83921): request completed
    route: "/v1/dashboard/alerts/00000000-0000-7000-8000-000081000102"
    method: "GET"
    status: 200
    duration_ms: 11
[2026-09-27 23:13:39.459 -0300] INFO (83921): request completed
    route: "/v1/dashboard/alerts"
    method: "GET"
    status: 403
    duration_ms: 0
[2026-09-27 23:13:39.460 -0300] INFO (83921): request completed
    route: "/v1/dashboard/alerts/00000000-0000-7000-8000-000081000102"
    method: "GET"
    status: 403
    duration_ms: 0
[2026-09-27 23:13:39.461 -0300] INFO (83921): request completed
    route: "/v1/dashboard/stream"
    method: "GET"
    status: 403
    duration_ms: 0
[2026-09-27 23:13:39.462 -0300] INFO (83921): request completed
    route: "/v1/dashboard/alerts"
    method: "GET"
    status: 403
    duration_ms: 0
[2026-09-27 23:13:39.463 -0300] INFO (83921): request completed
    route: "/v1/dashboard/alerts/00000000-0000-7000-8000-000081000102"
    method: "GET"
    status: 403
    duration_ms: 0
[2026-09-27 23:13:39.464 -0300] INFO (83921): request completed
    route: "/v1/dashboard/stream"
    method: "GET"
    status: 403
    duration_ms: 1
[2026-09-27 23:13:39.472 -0300] INFO (83921): request completed
    route: "/v1/dashboard/alerts"
    method: "GET"
    status: 200
    duration_ms: 8
[2026-09-27 23:13:39.484 -0300] INFO (83921): request completed
    route: "/v1/dashboard/alerts/00000000-0000-7000-8000-000081000102"
    method: "GET"
    status: 200
    duration_ms: 11
[2026-09-27 23:13:39.488 -0300] INFO (83921): request completed
    route: "/v1/dashboard/alerts"
    method: "GET"
    status: 403
    duration_ms: 0
[2026-09-27 23:13:39.489 -0300] INFO (83921): request completed
    route: "/v1/dashboard/alerts/00000000-0000-7000-8000-000081000102"
    method: "GET"
    status: 403
    duration_ms: 0
[2026-09-27 23:13:39.490 -0300] INFO (83921): request completed
    route: "/v1/dashboard/stream"
    method: "GET"
    status: 403
    duration_ms: 0
[2026-09-27 23:13:39.491 -0300] INFO (83921): request completed
    route: "/v1/dashboard/alerts"
    method: "GET"
    status: 403
    duration_ms: 0
[2026-09-27 23:13:39.492 -0300] INFO (83921): request completed
    route: "/v1/dashboard/alerts/00000000-0000-7000-8000-000081000102"
    method: "GET"
    status: 403
    duration_ms: 0
[2026-09-27 23:13:39.492 -0300] INFO (83921): request completed
    route: "/v1/dashboard/stream"
    method: "GET"
    status: 403
    duration_ms: 0
[2026-09-27 23:13:39.522 -0300] INFO (83921): request completed
    route: "/v1/dashboard/alerts/00000000-0000-7000-8000-000081000105/ack"
    method: "POST"
    status: 403
    duration_ms: 29
[2026-09-27 23:13:39.523 -0300] INFO (83921): request completed
    route: "/v1/dashboard/alerts/00000000-0000-7000-8000-000081000105/ack"
    method: "POST"
    status: 403
    duration_ms: 0
[2026-09-27 23:13:39.524 -0300] INFO (83921): request completed
    route: "/v1/dashboard/alerts/00000000-0000-7000-8000-000081000105/ack"
    method: "POST"
    status: 403
    duration_ms: 0
[2026-09-27 23:13:39.525 -0300] INFO (83921): request completed
    route: "/v1/dashboard/alerts/00000000-0000-7000-8000-000081000105/ack"
    method: "POST"
    status: 403
    duration_ms: 0
[2026-09-27 23:13:39.526 -0300] INFO (83921): request completed
    route: "/v1/dashboard/alerts/00000000-0000-7000-8000-000081000105/ack"
    method: "POST"
    status: 403
    duration_ms: 0
[2026-09-27 23:13:39.527 -0300] INFO (83921): request completed
    route: "/v1/dashboard/alerts/00000000-0000-7000-8000-000081000105/ack"
    method: "POST"
    status: 403
    duration_ms: 0
[2026-09-27 23:13:39.528 -0300] INFO (83921): request completed
    route: "/v1/dashboard/alerts/00000000-0000-7000-8000-000081000105/ack"
    method: "POST"
    status: 403
    duration_ms: 1
[2026-09-27 23:13:39.548 -0300] INFO (83921): request completed
    route: "/v1/dashboard/alerts/00000000-0000-7000-8000-000081000105/ack"
    method: "POST"
    status: 428
    duration_ms: 20
[2026-09-27 23:13:39.550 -0300] INFO (83921): request completed
    route: "/v1/dashboard/alerts/00000000-0000-7000-8000-000081000105/ack"
    method: "POST"
    status: 403
    duration_ms: 1
[2026-09-27 23:13:39.567 -0300] INFO (83921): request completed
    route: "/v1/dashboard/alerts/00000000-0000-7000-8000-000081000105/ack"
    method: "POST"
    status: 428
    duration_ms: 17
[2026-09-27 23:13:39.569 -0300] INFO (83921): request completed
    route: "/v1/dashboard/alerts/00000000-0000-7000-8000-000081000105/ack"
    method: "POST"
    status: 403
    duration_ms: 1
[2026-09-27 23:13:39.569 -0300] INFO (83921): request completed
    route: "/v1/dashboard/alerts/00000000-0000-7000-8000-000081000105/ack"
    method: "POST"
    status: 403
    duration_ms: 0
[2026-09-27 23:13:39.570 -0300] INFO (83921): request completed
    route: "/v1/dashboard/alerts/00000000-0000-7000-8000-000081000105/ack"
    method: "POST"
    status: 403
    duration_ms: 0
[2026-09-27 23:13:39.586 -0300] INFO (83921): request completed
    route: "/v1/dashboard/alerts/00000000-0000-7000-8000-000081000105/ack"
    method: "POST"
    status: 403
    duration_ms: 15
[2026-09-27 23:13:39.587 -0300] INFO (83921): request completed
    route: "/v1/dashboard/alerts/00000000-0000-7000-8000-000081000105/ack"
    method: "POST"
    status: 403
    duration_ms: 0
[2026-09-27 23:13:39.588 -0300] INFO (83921): request completed
    route: "/v1/dashboard/alerts/00000000-0000-7000-8000-000081000105/ack"
    method: "POST"
    status: 403
    duration_ms: 0
[2026-09-27 23:13:39.589 -0300] INFO (83921): request completed
    route: "/v1/dashboard/alerts/00000000-0000-7000-8000-000081000105/ack"
    method: "POST"
    status: 403
    duration_ms: 0
[2026-09-27 23:13:39.590 -0300] INFO (83921): request completed
    route: "/v1/dashboard/alerts/00000000-0000-7000-8000-000081000105/ack"
    method: "POST"
    status: 403
    duration_ms: 0
[2026-09-27 23:13:39.608 -0300] INFO (83921): request completed
    route: "/v1/dashboard/alerts/00000000-0000-7000-8000-000081000105/ack"
    method: "POST"
    status: 428
    duration_ms: 17
[2026-09-27 23:13:39.625 -0300] INFO (83921): request completed
    route: "/v1/dashboard/alerts/00000000-0000-7000-8000-000081000105/ack"
    method: "POST"
    status: 428
    duration_ms: 16
[2026-09-27 23:13:39.643 -0300] INFO (83921): request completed
    route: "/v1/dashboard/alerts/00000000-0000-7000-8000-000081000105/ack"
    method: "POST"
    status: 428
    duration_ms: 17
[2026-09-27 23:13:39.644 -0300] INFO (83921): request completed
    route: "/v1/dashboard/alerts/00000000-0000-7000-8000-000081000105/ack"
    method: "POST"
    status: 403
    duration_ms: 0
[2026-09-27 23:13:39.662 -0300] INFO (83921): request completed
    route: "/v1/dashboard/alerts/00000000-0000-7000-8000-000081000105/ack"
    method: "POST"
    status: 428
    duration_ms: 17
[2026-09-27 23:13:39.664 -0300] INFO (83921): request completed
    route: "/v1/dashboard/alerts/00000000-0000-7000-8000-000081000105/ack"
    method: "POST"
    status: 403
    duration_ms: 1
[2026-09-27 23:13:39.681 -0300] INFO (83921): request completed
    route: "/v1/dashboard/alerts/00000000-0000-7000-8000-000081000105/ack"
    method: "POST"
    status: 428
    duration_ms: 17
[2026-09-27 23:13:39.683 -0300] INFO (83921): request completed
    route: "/v1/dashboard/alerts/00000000-0000-7000-8000-000081000105/ack"
    method: "POST"
    status: 403
    duration_ms: 1
[2026-09-27 23:13:39.684 -0300] INFO (83921): request completed
    route: "/v1/dashboard/alerts/00000000-0000-7000-8000-000081000105/ack"
    method: "POST"
    status: 403
    duration_ms: 1
[2026-09-27 23:13:39.684 -0300] INFO (83921): request completed
    route: "/v1/dashboard/alerts/00000000-0000-7000-8000-000081000105/ack"
    method: "POST"
    status: 403
    duration_ms: 0
[2026-09-27 23:13:39.685 -0300] INFO (83921): request completed
    route: "/v1/dashboard/alerts/00000000-0000-7000-8000-000081000105/ack"
    method: "POST"
    status: 403
    duration_ms: 0
[2026-09-27 23:13:39.706 -0300] INFO (83921): request completed
    route: "/v1/dashboard/alerts/00000000-0000-7000-8000-000081000105/ack"
    method: "POST"
    status: 428
    duration_ms: 17
[2026-09-27 23:13:39.722 -0300] INFO (83921): request completed
    route: "/v1/dashboard/alerts/00000000-0000-7000-8000-000081000105/ack"
    method: "POST"
    status: 428
    duration_ms: 15
[2026-09-27 23:13:39.723 -0300] INFO (83921): request completed
    route: "/v1/dashboard/alerts/00000000-0000-7000-8000-000081000105/ack"
    method: "POST"
    status: 403
    duration_ms: 0
[2026-09-27 23:13:39.724 -0300] INFO (83921): request completed
    route: "/v1/dashboard/alerts/00000000-0000-7000-8000-000081000105/ack"
    method: "POST"
    status: 403
    duration_ms: 0
[2026-09-27 23:13:39.739 -0300] INFO (83921): request completed
    route: "/v1/dashboard/alerts/00000000-0000-7000-8000-000081000105/ack"
    method: "POST"
    status: 428
    duration_ms: 15
[2026-09-27 23:13:39.740 -0300] INFO (83921): request completed
    route: "/v1/dashboard/alerts/00000000-0000-7000-8000-000081000105/ack"
    method: "POST"
    status: 403
    duration_ms: 0
[2026-09-27 23:13:39.741 -0300] INFO (83921): request completed
    route: "/v1/dashboard/alerts/00000000-0000-7000-8000-000081000105/ack"
    method: "POST"
    status: 403
    duration_ms: 0
[2026-09-27 23:13:39.757 -0300] INFO (83921): request completed
    route: "/v1/dashboard/alerts/00000000-0000-7000-8000-000081000107/treating"
    method: "POST"
    status: 403
    duration_ms: 15
[2026-09-27 23:13:39.759 -0300] INFO (83921): request completed
    route: "/v1/dashboard/alerts/00000000-0000-7000-8000-000081000107/treating"
    method: "POST"
    status: 403
    duration_ms: 1
[2026-09-27 23:13:39.759 -0300] INFO (83921): request completed
    route: "/v1/dashboard/alerts/00000000-0000-7000-8000-000081000107/treating"
    method: "POST"
    status: 403
    duration_ms: 0
[2026-09-27 23:13:39.760 -0300] INFO (83921): request completed
    route: "/v1/dashboard/alerts/00000000-0000-7000-8000-000081000107/treating"
    method: "POST"
    status: 403
    duration_ms: 0
[2026-09-27 23:13:39.761 -0300] INFO (83921): request completed
    route: "/v1/dashboard/alerts/00000000-0000-7000-8000-000081000107/treating"
    method: "POST"
    status: 403
    duration_ms: 1
[2026-09-27 23:13:39.761 -0300] INFO (83921): request completed
    route: "/v1/dashboard/alerts/00000000-0000-7000-8000-000081000107/treating"
    method: "POST"
    status: 403
    duration_ms: 0
[2026-09-27 23:13:39.762 -0300] INFO (83921): request completed
    route: "/v1/dashboard/alerts/00000000-0000-7000-8000-000081000107/treating"
    method: "POST"
    status: 403
    duration_ms: 0
[2026-09-27 23:13:39.778 -0300] INFO (83921): request completed
    route: "/v1/dashboard/alerts/00000000-0000-7000-8000-000081000107/treating"
    method: "POST"
    status: 428
    duration_ms: 15
[2026-09-27 23:13:39.779 -0300] INFO (83921): request completed
    route: "/v1/dashboard/alerts/00000000-0000-7000-8000-000081000107/treating"
    method: "POST"
    status: 403
    duration_ms: 0
[2026-09-27 23:13:39.796 -0300] INFO (83921): request completed
    route: "/v1/dashboard/alerts/00000000-0000-7000-8000-000081000107/treating"
    method: "POST"
    status: 428
    duration_ms: 16
[2026-09-27 23:13:39.797 -0300] INFO (83921): request completed
    route: "/v1/dashboard/alerts/00000000-0000-7000-8000-000081000107/treating"
    method: "POST"
    status: 403
    duration_ms: 0
[2026-09-27 23:13:39.798 -0300] INFO (83921): request completed
    route: "/v1/dashboard/alerts/00000000-0000-7000-8000-000081000107/treating"
    method: "POST"
    status: 403
    duration_ms: 0
[2026-09-27 23:13:39.799 -0300] INFO (83921): request completed
    route: "/v1/dashboard/alerts/00000000-0000-7000-8000-000081000107/treating"
    method: "POST"
    status: 403
    duration_ms: 0
[2026-09-27 23:13:39.814 -0300] INFO (83921): request completed
    route: "/v1/dashboard/alerts/00000000-0000-7000-8000-000081000107/treating"
    method: "POST"
    status: 403
    duration_ms: 15
[2026-09-27 23:13:39.815 -0300] INFO (83921): request completed
    route: "/v1/dashboard/alerts/00000000-0000-7000-8000-000081000107/treating"
    method: "POST"
    status: 403
    duration_ms: 0
[2026-09-27 23:13:39.816 -0300] INFO (83921): request completed
    route: "/v1/dashboard/alerts/00000000-0000-7000-8000-000081000107/treating"
    method: "POST"
    status: 403
    duration_ms: 0
[2026-09-27 23:13:39.817 -0300] INFO (83921): request completed
    route: "/v1/dashboard/alerts/00000000-0000-7000-8000-000081000107/treating"
    method: "POST"
    status: 403
    duration_ms: 1
[2026-09-27 23:13:39.817 -0300] INFO (83921): request completed
    route: "/v1/dashboard/alerts/00000000-0000-7000-8000-000081000107/treating"
    method: "POST"
    status: 403
    duration_ms: 0
[2026-09-27 23:13:39.833 -0300] INFO (83921): request completed
    route: "/v1/dashboard/alerts/00000000-0000-7000-8000-000081000107/treating"
    method: "POST"
    status: 428
    duration_ms: 15
[2026-09-27 23:13:39.849 -0300] INFO (83921): request completed
    route: "/v1/dashboard/alerts/00000000-0000-7000-8000-000081000107/treating"
    method: "POST"
    status: 428
    duration_ms: 15
[2026-09-27 23:13:39.866 -0300] INFO (83921): request completed
    route: "/v1/dashboard/alerts/00000000-0000-7000-8000-000081000107/treating"
    method: "POST"
    status: 428
    duration_ms: 16
[2026-09-27 23:13:39.867 -0300] INFO (83921): request completed
    route: "/v1/dashboard/alerts/00000000-0000-7000-8000-000081000107/treating"
    method: "POST"
    status: 403
    duration_ms: 0
[2026-09-27 23:13:39.883 -0300] INFO (83921): request completed
    route: "/v1/dashboard/alerts/00000000-0000-7000-8000-000081000107/treating"
    method: "POST"
    status: 428
    duration_ms: 15
[2026-09-27 23:13:39.885 -0300] INFO (83921): request completed
    route: "/v1/dashboard/alerts/00000000-0000-7000-8000-000081000107/treating"
    method: "POST"
    status: 403
    duration_ms: 1
[2026-09-27 23:13:39.901 -0300] INFO (83921): request completed
    route: "/v1/dashboard/alerts/00000000-0000-7000-8000-000081000107/treating"
    method: "POST"
    status: 428
    duration_ms: 16
[2026-09-27 23:13:39.902 -0300] INFO (83921): request completed
    route: "/v1/dashboard/alerts/00000000-0000-7000-8000-000081000107/treating"
    method: "POST"
    status: 403
    duration_ms: 1
[2026-09-27 23:13:39.902 -0300] INFO (83921): request completed
    route: "/v1/dashboard/alerts/00000000-0000-7000-8000-000081000107/treating"
    method: "POST"
    status: 403
    duration_ms: 0
[2026-09-27 23:13:39.903 -0300] INFO (83921): request completed
    route: "/v1/dashboard/alerts/00000000-0000-7000-8000-000081000107/treating"
    method: "POST"
    status: 403
    duration_ms: 0
[2026-09-27 23:13:39.904 -0300] INFO (83921): request completed
    route: "/v1/dashboard/alerts/00000000-0000-7000-8000-000081000107/treating"
    method: "POST"
    status: 403
    duration_ms: 0
[2026-09-27 23:13:39.920 -0300] INFO (83921): request completed
    route: "/v1/dashboard/alerts/00000000-0000-7000-8000-000081000107/treating"
    method: "POST"
    status: 428
    duration_ms: 15
[2026-09-27 23:13:39.937 -0300] INFO (83921): request completed
    route: "/v1/dashboard/alerts/00000000-0000-7000-8000-000081000107/treating"
    method: "POST"
    status: 428
    duration_ms: 16
[2026-09-27 23:13:39.938 -0300] INFO (83921): request completed
    route: "/v1/dashboard/alerts/00000000-0000-7000-8000-000081000107/treating"
    method: "POST"
    status: 403
    duration_ms: 0
[2026-09-27 23:13:39.939 -0300] INFO (83921): request completed
    route: "/v1/dashboard/alerts/00000000-0000-7000-8000-000081000107/treating"
    method: "POST"
    status: 403
    duration_ms: 0
[2026-09-27 23:13:39.940 -0300] INFO (83921): request completed
    route: "/v1/dashboard/alerts/00000000-0000-7000-8000-000081000107/treating"
    method: "POST"
    status: 403
    duration_ms: 1
[2026-09-27 23:13:39.940 -0300] INFO (83921): request completed
    route: "/v1/dashboard/alerts/00000000-0000-7000-8000-000081000107/treating"
    method: "POST"
    status: 403
    duration_ms: 0
[2026-09-27 23:13:39.941 -0300] INFO (83921): request completed
    route: "/v1/dashboard/alerts/00000000-0000-7000-8000-000081000107/treating"
    method: "POST"
    status: 403
    duration_ms: 0
[2026-09-27 23:13:39.956 -0300] INFO (83921): request completed
    route: "/v1/dashboard/alerts/00000000-0000-7000-8000-000081000112/close"
    method: "POST"
    status: 403
    duration_ms: 14
[2026-09-27 23:13:39.958 -0300] INFO (83921): request completed
    route: "/v1/dashboard/alerts/00000000-0000-7000-8000-000081000112/close"
    method: "POST"
    status: 403
    duration_ms: 1
[2026-09-27 23:13:39.959 -0300] INFO (83921): request completed
    route: "/v1/dashboard/alerts/00000000-0000-7000-8000-000081000112/close"
    method: "POST"
    status: 403
    duration_ms: 1
[2026-09-27 23:13:39.959 -0300] INFO (83921): request completed
    route: "/v1/dashboard/alerts/00000000-0000-7000-8000-000081000112/close"
    method: "POST"
    status: 403
    duration_ms: 0
[2026-09-27 23:13:39.960 -0300] INFO (83921): request completed
    route: "/v1/dashboard/alerts/00000000-0000-7000-8000-000081000112/close"
    method: "POST"
    status: 403
    duration_ms: 0
[2026-09-27 23:13:39.961 -0300] INFO (83921): request completed
    route: "/v1/dashboard/alerts/00000000-0000-7000-8000-000081000112/close"
    method: "POST"
    status: 403
    duration_ms: 1
[2026-09-27 23:13:39.961 -0300] INFO (83921): request completed
    route: "/v1/dashboard/alerts/00000000-0000-7000-8000-000081000112/close"
    method: "POST"
    status: 403
    duration_ms: 0
[2026-09-27 23:13:39.962 -0300] INFO (83921): request completed
    route: "/v1/dashboard/alerts/00000000-0000-7000-8000-000081000112/close"
    method: "POST"
    status: 403
    duration_ms: 0
[2026-09-27 23:13:39.962 -0300] INFO (83921): request completed
    route: "/v1/dashboard/alerts/00000000-0000-7000-8000-000081000112/close"
    method: "POST"
    status: 403
    duration_ms: 0
[2026-09-27 23:13:39.978 -0300] INFO (83921): request completed
    route: "/v1/dashboard/alerts/00000000-0000-7000-8000-000081000112/close"
    method: "POST"
    status: 428
    duration_ms: 15
[2026-09-27 23:13:39.980 -0300] INFO (83921): request completed
    route: "/v1/dashboard/alerts/00000000-0000-7000-8000-000081000112/close"
    method: "POST"
    status: 403
    duration_ms: 1
[2026-09-27 23:13:39.980 -0300] INFO (83921): request completed
    route: "/v1/dashboard/alerts/00000000-0000-7000-8000-000081000112/close"
    method: "POST"
    status: 403
    duration_ms: 0
[2026-09-27 23:13:39.981 -0300] INFO (83921): request completed
    route: "/v1/dashboard/alerts/00000000-0000-7000-8000-000081000112/close"
    method: "POST"
    status: 403
    duration_ms: 0
[2026-09-27 23:13:39.997 -0300] INFO (83921): request completed
    route: "/v1/dashboard/alerts/00000000-0000-7000-8000-000081000112/close"
    method: "POST"
    status: 403
    duration_ms: 15
[2026-09-27 23:13:39.998 -0300] INFO (83921): request completed
    route: "/v1/dashboard/alerts/00000000-0000-7000-8000-000081000112/close"
    method: "POST"
    status: 403
    duration_ms: 0
[2026-09-27 23:13:39.999 -0300] INFO (83921): request completed
    route: "/v1/dashboard/alerts/00000000-0000-7000-8000-000081000112/close"
    method: "POST"
    status: 403
    duration_ms: 1
[2026-09-27 23:13:39.999 -0300] INFO (83921): request completed
    route: "/v1/dashboard/alerts/00000000-0000-7000-8000-000081000112/close"
    method: "POST"
    status: 403
    duration_ms: 0
[2026-09-27 23:13:40.000 -0300] INFO (83921): request completed
    route: "/v1/dashboard/alerts/00000000-0000-7000-8000-000081000112/close"
    method: "POST"
    status: 403
    duration_ms: 0
[2026-09-27 23:13:40.001 -0300] INFO (83921): request completed
    route: "/v1/dashboard/alerts/00000000-0000-7000-8000-000081000112/close"
    method: "POST"
    status: 403
    duration_ms: 1
[2026-09-27 23:13:40.001 -0300] INFO (83921): request completed
    route: "/v1/dashboard/alerts/00000000-0000-7000-8000-000081000112/close"
    method: "POST"
    status: 403
    duration_ms: 0
[2026-09-27 23:13:40.018 -0300] INFO (83921): request completed
    route: "/v1/dashboard/alerts/00000000-0000-7000-8000-000081000112/close"
    method: "POST"
    status: 428
    duration_ms: 16
[2026-09-27 23:13:40.019 -0300] INFO (83921): request completed
    route: "/v1/dashboard/alerts/00000000-0000-7000-8000-000081000112/close"
    method: "POST"
    status: 403
    duration_ms: 0
[2026-09-27 23:13:40.020 -0300] INFO (83921): request completed
    route: "/v1/dashboard/alerts/00000000-0000-7000-8000-000081000112/close"
    method: "POST"
    status: 403
    duration_ms: 1
[2026-09-27 23:13:40.021 -0300] INFO (83921): request completed
    route: "/v1/dashboard/alerts/00000000-0000-7000-8000-000081000112/close"
    method: "POST"
    status: 403
    duration_ms: 1
[2026-09-27 23:13:40.021 -0300] INFO (83921): request completed
    route: "/v1/dashboard/alerts/00000000-0000-7000-8000-000081000112/close"
    method: "POST"
    status: 403
    duration_ms: 0
[2026-09-27 23:13:40.022 -0300] INFO (83921): request completed
    route: "/v1/dashboard/alerts/00000000-0000-7000-8000-000081000112/close"
    method: "POST"
    status: 403
    duration_ms: 0
[2026-09-27 23:13:40.023 -0300] INFO (83921): request completed
    route: "/v1/dashboard/alerts/00000000-0000-7000-8000-000081000112/close"
    method: "POST"
    status: 403
    duration_ms: 0
[2026-09-27 23:13:40.024 -0300] INFO (83921): request completed
    route: "/v1/dashboard/alerts/00000000-0000-7000-8000-000081000112/close"
    method: "POST"
    status: 403
    duration_ms: 0
[2026-09-27 23:13:40.025 -0300] INFO (83921): request completed
    route: "/v1/dashboard/alerts/00000000-0000-7000-8000-000081000112/close"
    method: "POST"
    status: 403
    duration_ms: 0
[2026-09-27 23:13:40.026 -0300] INFO (83921): request completed
    route: "/v1/dashboard/alerts/00000000-0000-7000-8000-000081000112/close"
    method: "POST"
    status: 403
    duration_ms: 0
[2026-09-27 23:13:40.027 -0300] INFO (83921): request completed
    route: "/v1/dashboard/alerts/00000000-0000-7000-8000-000081000112/close"
    method: "POST"
    status: 403
    duration_ms: 0
[2026-09-27 23:13:40.028 -0300] INFO (83921): request completed
    route: "/v1/dashboard/alerts/00000000-0000-7000-8000-000081000112/close"
    method: "POST"
    status: 403
    duration_ms: 1
[2026-09-27 23:13:40.028 -0300] INFO (83921): request completed
    route: "/v1/dashboard/alerts/00000000-0000-7000-8000-000081000112/close"
    method: "POST"
    status: 403
    duration_ms: 0
[2026-09-27 23:13:40.048 -0300] INFO (83921): request completed
    route: "/v1/dashboard/alerts/00000000-0000-7000-8000-000081000112/close"
    method: "POST"
    status: 428
    duration_ms: 19
[2026-09-27 23:13:40.049 -0300] INFO (83921): request completed
    route: "/v1/dashboard/alerts/00000000-0000-7000-8000-000081000112/close"
    method: "POST"
    status: 403
    duration_ms: 0
[2026-09-27 23:13:40.050 -0300] INFO (83921): request completed
    route: "/v1/dashboard/alerts/00000000-0000-7000-8000-000081000112/close"
    method: "POST"
    status: 403
    duration_ms: 0
[2026-09-27 23:13:40.067 -0300] INFO (83921): request completed
    route: "/v1/dashboard/alerts/00000000-0000-7000-8000-000081000105/root-cause"
    method: "POST"
    status: 403
    duration_ms: 17
[2026-09-27 23:13:40.068 -0300] INFO (83921): request completed
    route: "/v1/dashboard/alerts/00000000-0000-7000-8000-000081000105/root-cause"
    method: "POST"
    status: 403
    duration_ms: 0
[2026-09-27 23:13:40.069 -0300] INFO (83921): request completed
    route: "/v1/dashboard/alerts/00000000-0000-7000-8000-000081000105/root-cause"
    method: "POST"
    status: 403
    duration_ms: 0
[2026-09-27 23:13:40.070 -0300] INFO (83921): request completed
    route: "/v1/dashboard/alerts/00000000-0000-7000-8000-000081000105/root-cause"
    method: "POST"
    status: 403
    duration_ms: 1
[2026-09-27 23:13:40.070 -0300] INFO (83921): request completed
    route: "/v1/dashboard/alerts/00000000-0000-7000-8000-000081000105/root-cause"
    method: "POST"
    status: 403
    duration_ms: 0
[2026-09-27 23:13:40.071 -0300] INFO (83921): request completed
    route: "/v1/dashboard/alerts/00000000-0000-7000-8000-000081000105/root-cause"
    method: "POST"
    status: 403
    duration_ms: 0
[2026-09-27 23:13:40.072 -0300] INFO (83921): request completed
    route: "/v1/dashboard/alerts/00000000-0000-7000-8000-000081000105/root-cause"
    method: "POST"
    status: 403
    duration_ms: 0
[2026-09-27 23:13:40.073 -0300] INFO (83921): request completed
    route: "/v1/dashboard/alerts/00000000-0000-7000-8000-000081000105/root-cause"
    method: "POST"
    status: 403
    duration_ms: 0
[2026-09-27 23:13:40.074 -0300] INFO (83921): request completed
    route: "/v1/dashboard/alerts/00000000-0000-7000-8000-000081000105/root-cause"
    method: "POST"
    status: 403
    duration_ms: 0
[2026-09-27 23:13:40.091 -0300] INFO (83921): request completed
    route: "/v1/dashboard/alerts/00000000-0000-7000-8000-000081000105/root-cause"
    method: "POST"
    status: 428
    duration_ms: 17
[2026-09-27 23:13:40.092 -0300] INFO (83921): request completed
    route: "/v1/dashboard/alerts/00000000-0000-7000-8000-000081000105/root-cause"
    method: "POST"
    status: 403
    duration_ms: 0
[2026-09-27 23:13:40.093 -0300] INFO (83921): request completed
    route: "/v1/dashboard/alerts/00000000-0000-7000-8000-000081000105/root-cause"
    method: "POST"
    status: 403
    duration_ms: 0
[2026-09-27 23:13:40.094 -0300] INFO (83921): request completed
    route: "/v1/dashboard/alerts/00000000-0000-7000-8000-000081000105/root-cause"
    method: "POST"
    status: 403
    duration_ms: 0
[2026-09-27 23:13:40.111 -0300] INFO (83921): request completed
    route: "/v1/dashboard/alerts/00000000-0000-7000-8000-000081000105/root-cause"
    method: "POST"
    status: 403
    duration_ms: 16
[2026-09-27 23:13:40.112 -0300] INFO (83921): request completed
    route: "/v1/dashboard/alerts/00000000-0000-7000-8000-000081000105/root-cause"
    method: "POST"
    status: 403
    duration_ms: 0
[2026-09-27 23:13:40.113 -0300] INFO (83921): request completed
    route: "/v1/dashboard/alerts/00000000-0000-7000-8000-000081000105/root-cause"
    method: "POST"
    status: 403
    duration_ms: 0
[2026-09-27 23:13:40.114 -0300] INFO (83921): request completed
    route: "/v1/dashboard/alerts/00000000-0000-7000-8000-000081000105/root-cause"
    method: "POST"
    status: 403
    duration_ms: 0
[2026-09-27 23:13:40.115 -0300] INFO (83921): request completed
    route: "/v1/dashboard/alerts/00000000-0000-7000-8000-000081000105/root-cause"
    method: "POST"
    status: 403
    duration_ms: 0
[2026-09-27 23:13:40.115 -0300] INFO (83921): request completed
    route: "/v1/dashboard/alerts/00000000-0000-7000-8000-000081000105/root-cause"
    method: "POST"
    status: 403
    duration_ms: 0
[2026-09-27 23:13:40.116 -0300] INFO (83921): request completed
    route: "/v1/dashboard/alerts/00000000-0000-7000-8000-000081000105/root-cause"
    method: "POST"
    status: 403
    duration_ms: 0
[2026-09-27 23:13:40.134 -0300] INFO (83921): request completed
    route: "/v1/dashboard/alerts/00000000-0000-7000-8000-000081000105/root-cause"
    method: "POST"
    status: 428
    duration_ms: 17
[2026-09-27 23:13:40.135 -0300] INFO (83921): request completed
    route: "/v1/dashboard/alerts/00000000-0000-7000-8000-000081000105/root-cause"
    method: "POST"
    status: 403
    duration_ms: 0
[2026-09-27 23:13:40.153 -0300] INFO (83921): request completed
    route: "/v1/dashboard/alerts/00000000-0000-7000-8000-000081000105/root-cause"
    method: "POST"
    status: 428
    duration_ms: 17
[2026-09-27 23:13:40.154 -0300] INFO (83921): request completed
    route: "/v1/dashboard/alerts/00000000-0000-7000-8000-000081000105/root-cause"
    method: "POST"
    status: 403
    duration_ms: 1
[2026-09-27 23:13:40.155 -0300] INFO (83921): request completed
    route: "/v1/dashboard/alerts/00000000-0000-7000-8000-000081000105/root-cause"
    method: "POST"
    status: 403
    duration_ms: 1
[2026-09-27 23:13:40.156 -0300] INFO (83921): request completed
    route: "/v1/dashboard/alerts/00000000-0000-7000-8000-000081000105/root-cause"
    method: "POST"
    status: 403
    duration_ms: 1
[2026-09-27 23:13:40.156 -0300] INFO (83921): request completed
    route: "/v1/dashboard/alerts/00000000-0000-7000-8000-000081000105/root-cause"
    method: "POST"
    status: 403
    duration_ms: 0
[2026-09-27 23:13:40.157 -0300] INFO (83921): request completed
    route: "/v1/dashboard/alerts/00000000-0000-7000-8000-000081000105/root-cause"
    method: "POST"
    status: 403
    duration_ms: 0
[2026-09-27 23:13:40.158 -0300] INFO (83921): request completed
    route: "/v1/dashboard/alerts/00000000-0000-7000-8000-000081000105/root-cause"
    method: "POST"
    status: 403
    duration_ms: 1
[2026-09-27 23:13:40.158 -0300] INFO (83921): request completed
    route: "/v1/dashboard/alerts/00000000-0000-7000-8000-000081000105/root-cause"
    method: "POST"
    status: 403
    duration_ms: 0
[2026-09-27 23:13:40.159 -0300] INFO (83921): request completed
    route: "/v1/dashboard/alerts/00000000-0000-7000-8000-000081000105/root-cause"
    method: "POST"
    status: 403
    duration_ms: 0
[2026-09-27 23:13:40.159 -0300] INFO (83921): request completed
    route: "/v1/dashboard/alerts/00000000-0000-7000-8000-000081000105/root-cause"
    method: "POST"
    status: 403
    duration_ms: 0
[2026-09-27 23:13:40.160 -0300] INFO (83921): request completed
    route: "/v1/dashboard/alerts/00000000-0000-7000-8000-000081000105/root-cause"
    method: "POST"
    status: 403
    duration_ms: 0
[2026-09-27 23:13:40.160 -0300] INFO (83921): request completed
    route: "/v1/dashboard/alerts/00000000-0000-7000-8000-000081000105/root-cause"
    method: "POST"
    status: 403
    duration_ms: 0
[2026-09-27 23:13:40.161 -0300] INFO (83921): request completed
    route: "/v1/dashboard/alerts/00000000-0000-7000-8000-000081000105/root-cause"
    method: "POST"
    status: 403
    duration_ms: 0
[2026-09-27 23:13:40.162 -0300] INFO (83921): request completed
    route: "/v1/dashboard/alerts/00000000-0000-7000-8000-000081000105/root-cause"
    method: "POST"
    status: 403
    duration_ms: 1
[2026-09-27 23:13:40.167 -0300] INFO (83921): request completed
    route: "/v1/dashboard/alerts/00000000-0000-7000-8000-000081000102/incident"
    method: "GET"
    status: 403
    duration_ms: 4
[2026-09-27 23:13:40.168 -0300] INFO (83921): request completed
    route: "/v1/dashboard/alerts/00000000-0000-7000-8000-000081000102/incident"
    method: "GET"
    status: 403
    duration_ms: 1
[2026-09-27 23:13:40.169 -0300] INFO (83921): request completed
    route: "/v1/dashboard/alerts/00000000-0000-7000-8000-000081000102/incident"
    method: "GET"
    status: 403
    duration_ms: 0
[2026-09-27 23:13:40.172 -0300] INFO (83921): request completed
    route: "/v1/dashboard/alerts/00000000-0000-7000-8000-000081000102/incident"
    method: "GET"
    status: 403
    duration_ms: 0
[2026-09-27 23:13:40.173 -0300] INFO (83921): request completed
    route: "/v1/dashboard/alerts/00000000-0000-7000-8000-000081000102/incident"
    method: "GET"
    status: 403
    duration_ms: 0
[2026-09-27 23:13:40.174 -0300] INFO (83921): request completed
    route: "/v1/dashboard/alerts/00000000-0000-7000-8000-000081000102/incident"
    method: "GET"
    status: 403
    duration_ms: 0
[2026-09-27 23:13:40.179 -0300] INFO (83921): request completed
    route: "/v1/dashboard/alerts/00000000-0000-7000-8000-000081000102/incident"
    method: "GET"
    status: 404
    duration_ms: 5
[2026-09-27 23:13:40.184 -0300] INFO (83921): request completed
    route: "/v1/dashboard/alerts/00000000-0000-7000-8000-000081000102/incident"
    method: "GET"
    status: 404
    duration_ms: 4
[2026-09-27 23:13:40.185 -0300] INFO (83921): request completed
    route: "/v1/dashboard/alerts/00000000-0000-7000-8000-000081000102/incident"
    method: "GET"
    status: 403
    duration_ms: 0
[2026-09-27 23:13:40.191 -0300] INFO (83921): request completed
    route: "/v1/dashboard/alerts/00000000-0000-7000-8000-000081000102/incident"
    method: "GET"
    status: 404
    duration_ms: 5
[2026-09-27 23:13:40.192 -0300] INFO (83921): request completed
    route: "/v1/dashboard/alerts/00000000-0000-7000-8000-000081000102/incident"
    method: "GET"
    status: 403
    duration_ms: 0
[2026-09-27 23:13:40.193 -0300] INFO (83921): request completed
    route: "/v1/dashboard/alerts/00000000-0000-7000-8000-000081000102/incident"
    method: "GET"
    status: 403
    duration_ms: 1
[2026-09-27 23:13:40.193 -0300] INFO (83921): request completed
    route: "/v1/dashboard/alerts/00000000-0000-7000-8000-000081000102/incident"
    method: "GET"
    status: 403
    duration_ms: 0
[2026-09-27 23:13:40.199 -0300] INFO (83921): request completed
    route: "/v1/dashboard/alerts/00000000-0000-7000-8000-000081000102/incident"
    method: "GET"
    status: 403
    duration_ms: 5
[2026-09-27 23:13:40.200 -0300] INFO (83921): request completed
    route: "/v1/dashboard/alerts/00000000-0000-7000-8000-000081000102/incident"
    method: "GET"
    status: 403
    duration_ms: 0
[2026-09-27 23:13:40.201 -0300] INFO (83921): request completed
    route: "/v1/dashboard/alerts/00000000-0000-7000-8000-000081000102/incident"
    method: "GET"
    status: 403
    duration_ms: 0
[2026-09-27 23:13:40.202 -0300] INFO (83921): request completed
    route: "/v1/dashboard/alerts/00000000-0000-7000-8000-000081000102/incident"
    method: "GET"
    status: 403
    duration_ms: 0
[2026-09-27 23:13:40.203 -0300] INFO (83921): request completed
    route: "/v1/dashboard/alerts/00000000-0000-7000-8000-000081000102/incident"
    method: "GET"
    status: 403
    duration_ms: 0
[2026-09-27 23:13:40.209 -0300] INFO (83921): request completed
    route: "/v1/dashboard/alerts/00000000-0000-7000-8000-000081000102/incident"
    method: "GET"
    status: 404
    duration_ms: 5
[2026-09-27 23:13:40.215 -0300] INFO (83921): request completed
    route: "/v1/dashboard/alerts/00000000-0000-7000-8000-000081000102/incident"
    method: "GET"
    status: 404
    duration_ms: 5
[2026-09-27 23:13:40.220 -0300] INFO (83921): request completed
    route: "/v1/dashboard/alerts/00000000-0000-7000-8000-000081000102/incident"
    method: "GET"
    status: 404
    duration_ms: 4
[2026-09-27 23:13:40.221 -0300] INFO (83921): request completed
    route: "/v1/dashboard/alerts/00000000-0000-7000-8000-000081000102/incident"
    method: "GET"
    status: 403
    duration_ms: 0
[2026-09-27 23:13:40.223 -0300] INFO (83921): request completed
    route: "/v1/dashboard/alerts/00000000-0000-7000-8000-000081000102/incident"
    method: "GET"
    status: 403
    duration_ms: 1
[2026-09-27 23:13:40.224 -0300] INFO (83921): request completed
    route: "/v1/dashboard/alerts/00000000-0000-7000-8000-000081000102/incident"
    method: "GET"
    status: 403
    duration_ms: 1
[2026-09-27 23:13:40.229 -0300] INFO (83921): request completed
    route: "/v1/dashboard/alerts/00000000-0000-7000-8000-000081000102/incident"
    method: "GET"
    status: 404
    duration_ms: 5
[2026-09-27 23:13:40.230 -0300] INFO (83921): request completed
    route: "/v1/dashboard/alerts/00000000-0000-7000-8000-000081000102/incident"
    method: "GET"
    status: 403
    duration_ms: 1
[2026-09-27 23:13:40.230 -0300] INFO (83921): request completed
    route: "/v1/dashboard/alerts/00000000-0000-7000-8000-000081000102/incident"
    method: "GET"
    status: 403
    duration_ms: 0
[2026-09-27 23:13:40.231 -0300] INFO (83921): request completed
    route: "/v1/dashboard/alerts/00000000-0000-7000-8000-000081000102/incident"
    method: "GET"
    status: 403
    duration_ms: 0
[2026-09-27 23:13:40.232 -0300] INFO (83921): request completed
    route: "/v1/dashboard/alerts/00000000-0000-7000-8000-000081000102/incident"
    method: "GET"
    status: 403
    duration_ms: 0
[2026-09-27 23:13:40.237 -0300] INFO (83921): request completed
    route: "/v1/dashboard/alerts/00000000-0000-7000-8000-000081000102/incident"
    method: "GET"
    status: 404
    duration_ms: 4
[2026-09-27 23:13:40.242 -0300] INFO (83921): request completed
    route: "/v1/dashboard/alerts/00000000-0000-7000-8000-000081000102/incident"
    method: "GET"
    status: 404
    duration_ms: 4
[2026-09-27 23:13:40.243 -0300] INFO (83921): request completed
    route: "/v1/dashboard/alerts/00000000-0000-7000-8000-000081000102/incident"
    method: "GET"
    status: 403
    duration_ms: 0
[2026-09-27 23:13:40.244 -0300] INFO (83921): request completed
    route: "/v1/dashboard/alerts/00000000-0000-7000-8000-000081000102/incident"
    method: "GET"
    status: 403
    duration_ms: 1
[2026-09-27 23:13:40.244 -0300] INFO (83921): request completed
    route: "/v1/dashboard/alerts/00000000-0000-7000-8000-000081000102/incident"
    method: "GET"
    status: 403
    duration_ms: 0
[2026-09-27 23:13:40.245 -0300] INFO (83921): request completed
    route: "/v1/dashboard/alerts/00000000-0000-7000-8000-000081000102/incident"
    method: "GET"
    status: 403
    duration_ms: 0
[2026-09-27 23:13:40.246 -0300] INFO (83921): request completed
    route: "/v1/dashboard/alerts/00000000-0000-7000-8000-000081000102/incident"
    method: "GET"
    status: 403
    duration_ms: 1
[2026-09-27 23:13:40.258 -0300] INFO (83921): request completed
    route: "/v1/dashboard/duties"
    method: "GET"
    status: 200
    duration_ms: 12
[2026-09-27 23:13:40.265 -0300] INFO (83921): request completed
    route: "/v1/dashboard/duties"
    method: "GET"
    status: 200
    duration_ms: 6
[2026-09-27 23:13:40.272 -0300] INFO (83921): request completed
    route: "/v1/dashboard/duties"
    method: "GET"
    status: 200
    duration_ms: 6
[2026-09-27 23:13:40.279 -0300] INFO (83921): request completed
    route: "/v1/dashboard/duties"
    method: "GET"
    status: 200
    duration_ms: 6
[2026-09-27 23:13:40.284 -0300] INFO (83921): request completed
    route: "/v1/dashboard/duties"
    method: "GET"
    status: 200
    duration_ms: 5
[2026-09-27 23:13:40.290 -0300] INFO (83921): request completed
    route: "/v1/dashboard/duties"
    method: "GET"
    status: 200
    duration_ms: 5
[2026-09-27 23:13:40.295 -0300] INFO (83921): request completed
    route: "/v1/dashboard/duties"
    method: "GET"
    status: 200
    duration_ms: 5
[2026-09-27 23:13:40.300 -0300] INFO (83921): request completed
    route: "/v1/dashboard/duties"
    method: "GET"
    status: 200
    duration_ms: 4
[2026-09-27 23:13:40.306 -0300] INFO (83921): request completed
    route: "/v1/dashboard/duties"
    method: "GET"
    status: 200
    duration_ms: 5
[2026-09-27 23:13:40.311 -0300] INFO (83921): request completed
    route: "/v1/dashboard/duties"
    method: "GET"
    status: 200
    duration_ms: 4
[2026-09-27 23:13:40.317 -0300] INFO (83921): request completed
    route: "/v1/dashboard/duties"
    method: "GET"
    status: 200
    duration_ms: 5
[2026-09-27 23:13:40.324 -0300] INFO (83921): request completed
    route: "/v1/dashboard/duties"
    method: "GET"
    status: 200
    duration_ms: 6
[2026-09-27 23:13:40.329 -0300] INFO (83921): request completed
    route: "/v1/dashboard/duties"
    method: "GET"
    status: 200
    duration_ms: 4
[2026-09-27 23:13:40.334 -0300] INFO (83921): request completed
    route: "/v1/dashboard/duties"
    method: "GET"
    status: 200
    duration_ms: 4
[2026-09-27 23:13:40.335 -0300] INFO (83921): request completed
    route: "/v1/dashboard/duties"
    method: "GET"
    status: 403
    duration_ms: 0
[2026-09-27 23:13:40.341 -0300] INFO (83921): request completed
    route: "/v1/dashboard/duties"
    method: "GET"
    status: 200
    duration_ms: 5
[2026-09-27 23:13:40.346 -0300] INFO (83921): request completed
    route: "/v1/dashboard/duties"
    method: "GET"
    status: 200
    duration_ms: 5
[2026-09-27 23:13:40.352 -0300] INFO (83921): request completed
    route: "/v1/dashboard/duties"
    method: "GET"
    status: 200
    duration_ms: 5
[2026-09-27 23:13:40.358 -0300] INFO (83921): request completed
    route: "/v1/dashboard/duties"
    method: "GET"
    status: 200
    duration_ms: 5
[2026-09-27 23:13:40.363 -0300] INFO (83921): request completed
    route: "/v1/dashboard/duties"
    method: "GET"
    status: 200
    duration_ms: 5
[2026-09-27 23:13:40.368 -0300] INFO (83921): request completed
    route: "/v1/dashboard/duties"
    method: "GET"
    status: 200
    duration_ms: 4
[2026-09-27 23:13:40.374 -0300] INFO (83921): request completed
    route: "/v1/dashboard/duties"
    method: "GET"
    status: 200
    duration_ms: 5
[2026-09-27 23:13:40.381 -0300] INFO (83921): request completed
    route: "/v1/dashboard/duties"
    method: "GET"
    status: 200
    duration_ms: 6
[2026-09-27 23:13:40.386 -0300] INFO (83921): request completed
    route: "/v1/dashboard/duties"
    method: "GET"
    status: 200
    duration_ms: 5
[2026-09-27 23:13:40.391 -0300] INFO (83921): request completed
    route: "/v1/dashboard/duties"
    method: "GET"
    status: 200
    duration_ms: 4
[2026-09-27 23:13:40.397 -0300] INFO (83921): request completed
    route: "/v1/dashboard/duties"
    method: "GET"
    status: 200
    duration_ms: 5
[2026-09-27 23:13:40.403 -0300] INFO (83921): request completed
    route: "/v1/dashboard/duties"
    method: "GET"
    status: 200
    duration_ms: 5
[2026-09-27 23:13:40.409 -0300] INFO (83921): request completed
    route: "/v1/dashboard/duties"
    method: "GET"
    status: 200
    duration_ms: 6
[2026-09-27 23:13:40.415 -0300] INFO (83921): request completed
    route: "/v1/dashboard/duties"
    method: "GET"
    status: 200
    duration_ms: 6
[2026-09-27 23:13:40.420 -0300] INFO (83921): request completed
    route: "/v1/dashboard/duties"
    method: "GET"
    status: 200
    duration_ms: 4
[2026-09-27 23:13:40.426 -0300] INFO (83921): request completed
    route: "/v1/dashboard/duties"
    method: "GET"
    status: 200
    duration_ms: 5
[2026-09-27 23:13:40.431 -0300] INFO (83921): request completed
    route: "/v1/dashboard/duties"
    method: "GET"
    status: 200
    duration_ms: 5
[2026-09-27 23:13:40.436 -0300] INFO (83921): request completed
    route: "/v1/dashboard/duties"
    method: "GET"
    status: 200
    duration_ms: 4
[2026-09-27 23:13:40.442 -0300] INFO (83921): request completed
    route: "/v1/dashboard/duties"
    method: "GET"
    status: 200
    duration_ms: 5
[2026-09-27 23:13:40.448 -0300] INFO (83921): request completed
    route: "/v1/dashboard/duties"
    method: "GET"
    status: 200
    duration_ms: 5
[2026-09-27 23:13:40.449 -0300] INFO (83921): request completed
    route: "/v1/dashboard/duties"
    method: "GET"
    status: 403
    duration_ms: 0
[2026-09-27 23:13:40.456 -0300] INFO (83921): request completed
    route: "/v1/dashboard/duties/00000000-0000-7000-8000-000080001001/cycles"
    method: "GET"
    status: 200
    duration_ms: 6
[2026-09-27 23:13:40.461 -0300] INFO (83921): request completed
    route: "/v1/dashboard/duties/00000000-0000-7000-8000-000080001001/cycles/2026-09"
    method: "GET"
    status: 200
    duration_ms: 5
[2026-09-27 23:13:40.466 -0300] INFO (83921): request completed
    route: "/v1/dashboard/duties/00000000-0000-7000-8000-000080001001/cycles"
    method: "GET"
    status: 200
    duration_ms: 4
[2026-09-27 23:13:40.471 -0300] INFO (83921): request completed
    route: "/v1/dashboard/duties/00000000-0000-7000-8000-000080001001/cycles/2026-09"
    method: "GET"
    status: 200
    duration_ms: 4
[2026-09-27 23:13:40.477 -0300] INFO (83921): request completed
    route: "/v1/dashboard/duties/00000000-0000-7000-8000-000080001001/cycles"
    method: "GET"
    status: 200
    duration_ms: 5
[2026-09-27 23:13:40.483 -0300] INFO (83921): request completed
    route: "/v1/dashboard/duties/00000000-0000-7000-8000-000080001001/cycles/2026-09"
    method: "GET"
    status: 200
    duration_ms: 5
[2026-09-27 23:13:40.488 -0300] INFO (83921): request completed
    route: "/v1/dashboard/duties/00000000-0000-7000-8000-000080001001/cycles"
    method: "GET"
    status: 200
    duration_ms: 4
[2026-09-27 23:13:40.493 -0300] INFO (83921): request completed
    route: "/v1/dashboard/duties/00000000-0000-7000-8000-000080001001/cycles/2026-09"
    method: "GET"
    status: 200
    duration_ms: 4
[2026-09-27 23:13:40.498 -0300] INFO (83921): request completed
    route: "/v1/dashboard/duties/00000000-0000-7000-8000-000080001001/cycles"
    method: "GET"
    status: 200
    duration_ms: 4
[2026-09-27 23:13:40.503 -0300] INFO (83921): request completed
    route: "/v1/dashboard/duties/00000000-0000-7000-8000-000080001001/cycles/2026-09"
    method: "GET"
    status: 200
    duration_ms: 5
[2026-09-27 23:13:40.508 -0300] INFO (83921): request completed
    route: "/v1/dashboard/duties/00000000-0000-7000-8000-000080001001/cycles"
    method: "GET"
    status: 200
    duration_ms: 5
[2026-09-27 23:13:40.513 -0300] INFO (83921): request completed
    route: "/v1/dashboard/duties/00000000-0000-7000-8000-000080001001/cycles/2026-09"
    method: "GET"
    status: 200
    duration_ms: 5
[2026-09-27 23:13:40.518 -0300] INFO (83921): request completed
    route: "/v1/dashboard/duties/00000000-0000-7000-8000-000080001001/cycles"
    method: "GET"
    status: 200
    duration_ms: 4
[2026-09-27 23:13:40.525 -0300] INFO (83921): request completed
    route: "/v1/dashboard/duties/00000000-0000-7000-8000-000080001001/cycles/2026-09"
    method: "GET"
    status: 200
    duration_ms: 6
[2026-09-27 23:13:40.531 -0300] INFO (83921): request completed
    route: "/v1/dashboard/duties/00000000-0000-7000-8000-000080001001/cycles"
    method: "GET"
    status: 200
    duration_ms: 6
[2026-09-27 23:13:40.536 -0300] INFO (83921): request completed
    route: "/v1/dashboard/duties/00000000-0000-7000-8000-000080001001/cycles/2026-09"
    method: "GET"
    status: 200
    duration_ms: 4
[2026-09-27 23:13:40.542 -0300] INFO (83921): request completed
    route: "/v1/dashboard/duties/00000000-0000-7000-8000-000080001001/cycles"
    method: "GET"
    status: 200
    duration_ms: 5
[2026-09-27 23:13:40.548 -0300] INFO (83921): request completed
    route: "/v1/dashboard/duties/00000000-0000-7000-8000-000080001001/cycles/2026-09"
    method: "GET"
    status: 200
    duration_ms: 5
[2026-09-27 23:13:40.553 -0300] INFO (83921): request completed
    route: "/v1/dashboard/duties/00000000-0000-7000-8000-000080001001/cycles"
    method: "GET"
    status: 200
    duration_ms: 4
[2026-09-27 23:13:40.559 -0300] INFO (83921): request completed
    route: "/v1/dashboard/duties/00000000-0000-7000-8000-000080001001/cycles/2026-09"
    method: "GET"
    status: 200
    duration_ms: 5
[2026-09-27 23:13:40.565 -0300] INFO (83921): request completed
    route: "/v1/dashboard/duties/00000000-0000-7000-8000-000080001001/cycles"
    method: "GET"
    status: 200
    duration_ms: 5
[2026-09-27 23:13:40.569 -0300] INFO (83921): request completed
    route: "/v1/dashboard/duties/00000000-0000-7000-8000-000080001001/cycles/2026-09"
    method: "GET"
    status: 200
    duration_ms: 4
[2026-09-27 23:13:40.575 -0300] INFO (83921): request completed
    route: "/v1/dashboard/duties/00000000-0000-7000-8000-000080001001/cycles"
    method: "GET"
    status: 200
    duration_ms: 5
[2026-09-27 23:13:40.581 -0300] INFO (83921): request completed
    route: "/v1/dashboard/duties/00000000-0000-7000-8000-000080001001/cycles/2026-09"
    method: "GET"
    status: 200
    duration_ms: 5
[2026-09-27 23:13:40.586 -0300] INFO (83921): request completed
    route: "/v1/dashboard/duties/00000000-0000-7000-8000-000080001001/cycles"
    method: "GET"
    status: 200
    duration_ms: 4
[2026-09-27 23:13:40.592 -0300] INFO (83921): request completed
    route: "/v1/dashboard/duties/00000000-0000-7000-8000-000080001001/cycles/2026-09"
    method: "GET"
    status: 200
    duration_ms: 5
[2026-09-27 23:13:40.597 -0300] INFO (83921): request completed
    route: "/v1/dashboard/duties/00000000-0000-7000-8000-000080001001/cycles"
    method: "GET"
    status: 200
    duration_ms: 4
[2026-09-27 23:13:40.602 -0300] INFO (83921): request completed
    route: "/v1/dashboard/duties/00000000-0000-7000-8000-000080001001/cycles/2026-09"
    method: "GET"
    status: 200
    duration_ms: 4
[2026-09-27 23:13:40.603 -0300] INFO (83921): request completed
    route: "/v1/dashboard/duties/00000000-0000-7000-8000-000080001001/cycles"
    method: "GET"
    status: 403
    duration_ms: 0
[2026-09-27 23:13:40.604 -0300] INFO (83921): request completed
    route: "/v1/dashboard/duties/00000000-0000-7000-8000-000080001001/cycles/2026-09"
    method: "GET"
    status: 403
    duration_ms: 1
[2026-09-27 23:13:40.609 -0300] INFO (83921): request completed
    route: "/v1/dashboard/duties/00000000-0000-7000-8000-000080001001/cycles"
    method: "GET"
    status: 200
    duration_ms: 5
[2026-09-27 23:13:40.615 -0300] INFO (83921): request completed
    route: "/v1/dashboard/duties/00000000-0000-7000-8000-000080001001/cycles/2026-09"
    method: "GET"
    status: 200
    duration_ms: 5
[2026-09-27 23:13:40.620 -0300] INFO (83921): request completed
    route: "/v1/dashboard/duties/00000000-0000-7000-8000-000080001001/cycles"
    method: "GET"
    status: 200
    duration_ms: 4
[2026-09-27 23:13:40.626 -0300] INFO (83921): request completed
    route: "/v1/dashboard/duties/00000000-0000-7000-8000-000080001001/cycles/2026-09"
    method: "GET"
    status: 200
    duration_ms: 5
[2026-09-27 23:13:40.632 -0300] INFO (83921): request completed
    route: "/v1/dashboard/duties/00000000-0000-7000-8000-000080001001/cycles"
    method: "GET"
    status: 200
    duration_ms: 6
[2026-09-27 23:13:40.636 -0300] INFO (83921): request completed
    route: "/v1/dashboard/duties/00000000-0000-7000-8000-000080001001/cycles/2026-09"
    method: "GET"
    status: 200
    duration_ms: 4
[2026-09-27 23:13:40.642 -0300] INFO (83921): request completed
    route: "/v1/dashboard/duties/00000000-0000-7000-8000-000080001001/cycles"
    method: "GET"
    status: 200
    duration_ms: 5
[2026-09-27 23:13:40.651 -0300] INFO (83921): request completed
    route: "/v1/dashboard/duties/00000000-0000-7000-8000-000080001001/cycles/2026-09"
    method: "GET"
    status: 200
    duration_ms: 8
[2026-09-27 23:13:40.658 -0300] INFO (83921): request completed
    route: "/v1/dashboard/duties/00000000-0000-7000-8000-000080001001/cycles"
    method: "GET"
    status: 200
    duration_ms: 6
[2026-09-27 23:13:40.663 -0300] INFO (83921): request completed
    route: "/v1/dashboard/duties/00000000-0000-7000-8000-000080001001/cycles/2026-09"
    method: "GET"
    status: 200
    duration_ms: 5
[2026-09-27 23:13:40.669 -0300] INFO (83921): request completed
    route: "/v1/dashboard/duties/00000000-0000-7000-8000-000080001001/cycles"
    method: "GET"
    status: 200
    duration_ms: 5
[2026-09-27 23:13:40.674 -0300] INFO (83921): request completed
    route: "/v1/dashboard/duties/00000000-0000-7000-8000-000080001001/cycles/2026-09"
    method: "GET"
    status: 200
    duration_ms: 5
[2026-09-27 23:13:40.680 -0300] INFO (83921): request completed
    route: "/v1/dashboard/duties/00000000-0000-7000-8000-000080001001/cycles"
    method: "GET"
    status: 200
    duration_ms: 5
[2026-09-27 23:13:40.685 -0300] INFO (83921): request completed
    route: "/v1/dashboard/duties/00000000-0000-7000-8000-000080001001/cycles/2026-09"
    method: "GET"
    status: 200
    duration_ms: 4
[2026-09-27 23:13:40.691 -0300] INFO (83921): request completed
    route: "/v1/dashboard/duties/00000000-0000-7000-8000-000080001001/cycles"
    method: "GET"
    status: 200
    duration_ms: 6
[2026-09-27 23:13:40.697 -0300] INFO (83921): request completed
    route: "/v1/dashboard/duties/00000000-0000-7000-8000-000080001001/cycles/2026-09"
    method: "GET"
    status: 200
    duration_ms: 6
[2026-09-27 23:13:40.703 -0300] INFO (83921): request completed
    route: "/v1/dashboard/duties/00000000-0000-7000-8000-000080001001/cycles"
    method: "GET"
    status: 200
    duration_ms: 5
[2026-09-27 23:13:40.708 -0300] INFO (83921): request completed
    route: "/v1/dashboard/duties/00000000-0000-7000-8000-000080001001/cycles/2026-09"
    method: "GET"
    status: 200
    duration_ms: 4
[2026-09-27 23:13:40.713 -0300] INFO (83921): request completed
    route: "/v1/dashboard/duties/00000000-0000-7000-8000-000080001001/cycles"
    method: "GET"
    status: 200
    duration_ms: 4
[2026-09-27 23:13:40.718 -0300] INFO (83921): request completed
    route: "/v1/dashboard/duties/00000000-0000-7000-8000-000080001001/cycles/2026-09"
    method: "GET"
    status: 200
    duration_ms: 4
[2026-09-27 23:13:40.723 -0300] INFO (83921): request completed
    route: "/v1/dashboard/duties/00000000-0000-7000-8000-000080001001/cycles"
    method: "GET"
    status: 200
    duration_ms: 4
[2026-09-27 23:13:40.728 -0300] INFO (83921): request completed
    route: "/v1/dashboard/duties/00000000-0000-7000-8000-000080001001/cycles/2026-09"
    method: "GET"
    status: 200
    duration_ms: 4
[2026-09-27 23:13:40.733 -0300] INFO (83921): request completed
    route: "/v1/dashboard/duties/00000000-0000-7000-8000-000080001001/cycles"
    method: "GET"
    status: 200
    duration_ms: 5
[2026-09-27 23:13:40.738 -0300] INFO (83921): request completed
    route: "/v1/dashboard/duties/00000000-0000-7000-8000-000080001001/cycles/2026-09"
    method: "GET"
    status: 200
    duration_ms: 4
[2026-09-27 23:13:40.743 -0300] INFO (83921): request completed
    route: "/v1/dashboard/duties/00000000-0000-7000-8000-000080001001/cycles"
    method: "GET"
    status: 200
    duration_ms: 5
[2026-09-27 23:13:40.748 -0300] INFO (83921): request completed
    route: "/v1/dashboard/duties/00000000-0000-7000-8000-000080001001/cycles/2026-09"
    method: "GET"
    status: 200
    duration_ms: 4
[2026-09-27 23:13:40.753 -0300] INFO (83921): request completed
    route: "/v1/dashboard/duties/00000000-0000-7000-8000-000080001001/cycles"
    method: "GET"
    status: 200
    duration_ms: 4
[2026-09-27 23:13:40.758 -0300] INFO (83921): request completed
    route: "/v1/dashboard/duties/00000000-0000-7000-8000-000080001001/cycles/2026-09"
    method: "GET"
    status: 200
    duration_ms: 4
[2026-09-27 23:13:40.763 -0300] INFO (83921): request completed
    route: "/v1/dashboard/duties/00000000-0000-7000-8000-000080001001/cycles"
    method: "GET"
    status: 200
    duration_ms: 5
[2026-09-27 23:13:40.767 -0300] INFO (83921): request completed
    route: "/v1/dashboard/duties/00000000-0000-7000-8000-000080001001/cycles/2026-09"
    method: "GET"
    status: 200
    duration_ms: 4
[2026-09-27 23:13:40.772 -0300] INFO (83921): request completed
    route: "/v1/dashboard/duties/00000000-0000-7000-8000-000080001001/cycles"
    method: "GET"
    status: 200
    duration_ms: 4
[2026-09-27 23:13:40.777 -0300] INFO (83921): request completed
    route: "/v1/dashboard/duties/00000000-0000-7000-8000-000080001001/cycles/2026-09"
    method: "GET"
    status: 200
    duration_ms: 4
[2026-09-27 23:13:40.783 -0300] INFO (83921): request completed
    route: "/v1/dashboard/duties/00000000-0000-7000-8000-000080001001/cycles"
    method: "GET"
    status: 200
    duration_ms: 5
[2026-09-27 23:13:40.787 -0300] INFO (83921): request completed
    route: "/v1/dashboard/duties/00000000-0000-7000-8000-000080001001/cycles/2026-09"
    method: "GET"
    status: 200
    duration_ms: 4
[2026-09-27 23:13:40.792 -0300] INFO (83921): request completed
    route: "/v1/dashboard/duties/00000000-0000-7000-8000-000080001001/cycles"
    method: "GET"
    status: 200
    duration_ms: 4
[2026-09-27 23:13:40.797 -0300] INFO (83921): request completed
    route: "/v1/dashboard/duties/00000000-0000-7000-8000-000080001001/cycles/2026-09"
    method: "GET"
    status: 200
    duration_ms: 4
[2026-09-27 23:13:40.802 -0300] INFO (83921): request completed
    route: "/v1/dashboard/duties/00000000-0000-7000-8000-000080001001/cycles"
    method: "GET"
    status: 200
    duration_ms: 5
[2026-09-27 23:13:40.807 -0300] INFO (83921): request completed
    route: "/v1/dashboard/duties/00000000-0000-7000-8000-000080001001/cycles/2026-09"
    method: "GET"
    status: 200
    duration_ms: 5
[2026-09-27 23:13:40.812 -0300] INFO (83921): request completed
    route: "/v1/dashboard/duties/00000000-0000-7000-8000-000080001001/cycles"
    method: "GET"
    status: 200
    duration_ms: 5
[2026-09-27 23:13:40.816 -0300] INFO (83921): request completed
    route: "/v1/dashboard/duties/00000000-0000-7000-8000-000080001001/cycles/2026-09"
    method: "GET"
    status: 200
    duration_ms: 4
[2026-09-27 23:13:40.817 -0300] INFO (83921): request completed
    route: "/v1/dashboard/duties/00000000-0000-7000-8000-000080001001/cycles"
    method: "GET"
    status: 403
    duration_ms: 0
[2026-09-27 23:13:40.818 -0300] INFO (83921): request completed
    route: "/v1/dashboard/duties/00000000-0000-7000-8000-000080001001/cycles/2026-09"
    method: "GET"
    status: 403
    duration_ms: 0
[2026-09-27 23:13:40.836 -0300] INFO (83921): request completed
    route: "/v1/dashboard/duties/00000000-0000-7000-8000-000080001001/cycles/2026-09/start"
    method: "POST"
    status: 428
    duration_ms: 18
[2026-09-27 23:13:40.837 -0300] INFO (83921): request completed
    route: "/v1/dashboard/duties/00000000-0000-7000-8000-000080001001/cycles/2026-09/start"
    method: "POST"
    status: 403
    duration_ms: 1
[2026-09-27 23:13:40.837 -0300] INFO (83921): request completed
    route: "/v1/dashboard/duties/00000000-0000-7000-8000-000080001001/cycles/2026-09/start"
    method: "POST"
    status: 403
    duration_ms: 0
[2026-09-27 23:13:40.838 -0300] INFO (83921): request completed
    route: "/v1/dashboard/duties/00000000-0000-7000-8000-000080001001/cycles/2026-09/start"
    method: "POST"
    status: 403
    duration_ms: 0
[2026-09-27 23:13:40.839 -0300] INFO (83921): request completed
    route: "/v1/dashboard/duties/00000000-0000-7000-8000-000080001001/cycles/2026-09/start"
    method: "POST"
    status: 403
    duration_ms: 0
[2026-09-27 23:13:40.839 -0300] INFO (83921): request completed
    route: "/v1/dashboard/duties/00000000-0000-7000-8000-000080001001/cycles/2026-09/start"
    method: "POST"
    status: 403
    duration_ms: 0
[2026-09-27 23:13:40.840 -0300] INFO (83921): request completed
    route: "/v1/dashboard/duties/00000000-0000-7000-8000-000080001001/cycles/2026-09/start"
    method: "POST"
    status: 403
    duration_ms: 0
[2026-09-27 23:13:40.841 -0300] INFO (83921): request completed
    route: "/v1/dashboard/duties/00000000-0000-7000-8000-000080001001/cycles/2026-09/start"
    method: "POST"
    status: 403
    duration_ms: 1
[2026-09-27 23:13:40.841 -0300] INFO (83921): request completed
    route: "/v1/dashboard/duties/00000000-0000-7000-8000-000080001001/cycles/2026-09/start"
    method: "POST"
    status: 403
    duration_ms: 0
[2026-09-27 23:13:40.858 -0300] INFO (83921): request completed
    route: "/v1/dashboard/duties/00000000-0000-7000-8000-000080001001/cycles/2026-09/start"
    method: "POST"
    status: 428
    duration_ms: 16
[2026-09-27 23:13:40.859 -0300] INFO (83921): request completed
    route: "/v1/dashboard/duties/00000000-0000-7000-8000-000080001001/cycles/2026-09/start"
    method: "POST"
    status: 403
    duration_ms: 0
[2026-09-27 23:13:40.860 -0300] INFO (83921): request completed
    route: "/v1/dashboard/duties/00000000-0000-7000-8000-000080001001/cycles/2026-09/start"
    method: "POST"
    status: 403
    duration_ms: 0
[2026-09-27 23:13:40.860 -0300] INFO (83921): request completed
    route: "/v1/dashboard/duties/00000000-0000-7000-8000-000080001001/cycles/2026-09/start"
    method: "POST"
    status: 403
    duration_ms: 0
[2026-09-27 23:13:40.876 -0300] INFO (83921): request completed
    route: "/v1/dashboard/duties/00000000-0000-7000-8000-000080001001/cycles/2026-09/start"
    method: "POST"
    status: 428
    duration_ms: 15
[2026-09-27 23:13:40.877 -0300] INFO (83921): request completed
    route: "/v1/dashboard/duties/00000000-0000-7000-8000-000080001001/cycles/2026-09/start"
    method: "POST"
    status: 403
    duration_ms: 0
[2026-09-27 23:13:40.878 -0300] INFO (83921): request completed
    route: "/v1/dashboard/duties/00000000-0000-7000-8000-000080001001/cycles/2026-09/start"
    method: "POST"
    status: 403
    duration_ms: 0
[2026-09-27 23:13:40.879 -0300] INFO (83921): request completed
    route: "/v1/dashboard/duties/00000000-0000-7000-8000-000080001001/cycles/2026-09/start"
    method: "POST"
    status: 403
    duration_ms: 1
[2026-09-27 23:13:40.879 -0300] INFO (83921): request completed
    route: "/v1/dashboard/duties/00000000-0000-7000-8000-000080001001/cycles/2026-09/start"
    method: "POST"
    status: 403
    duration_ms: 0
[2026-09-27 23:13:40.880 -0300] INFO (83921): request completed
    route: "/v1/dashboard/duties/00000000-0000-7000-8000-000080001001/cycles/2026-09/start"
    method: "POST"
    status: 403
    duration_ms: 0
[2026-09-27 23:13:40.897 -0300] INFO (83921): request completed
    route: "/v1/dashboard/duties/00000000-0000-7000-8000-000080001001/cycles/2026-09/start"
    method: "POST"
    status: 428
    duration_ms: 17
[2026-09-27 23:13:40.914 -0300] INFO (83921): request completed
    route: "/v1/dashboard/duties/00000000-0000-7000-8000-000080001001/cycles/2026-09/start"
    method: "POST"
    status: 428
    duration_ms: 16
[2026-09-27 23:13:40.915 -0300] INFO (83921): request completed
    route: "/v1/dashboard/duties/00000000-0000-7000-8000-000080001001/cycles/2026-09/start"
    method: "POST"
    status: 403
    duration_ms: 1
[2026-09-27 23:13:40.915 -0300] INFO (83921): request completed
    route: "/v1/dashboard/duties/00000000-0000-7000-8000-000080001001/cycles/2026-09/start"
    method: "POST"
    status: 403
    duration_ms: 0
[2026-09-27 23:13:40.916 -0300] INFO (83921): request completed
    route: "/v1/dashboard/duties/00000000-0000-7000-8000-000080001001/cycles/2026-09/start"
    method: "POST"
    status: 403
    duration_ms: 0
[2026-09-27 23:13:40.917 -0300] INFO (83921): request completed
    route: "/v1/dashboard/duties/00000000-0000-7000-8000-000080001001/cycles/2026-09/start"
    method: "POST"
    status: 403
    duration_ms: 0
[2026-09-27 23:13:40.917 -0300] INFO (83921): request completed
    route: "/v1/dashboard/duties/00000000-0000-7000-8000-000080001001/cycles/2026-09/start"
    method: "POST"
    status: 403
    duration_ms: 0
[2026-09-27 23:13:40.918 -0300] INFO (83921): request completed
    route: "/v1/dashboard/duties/00000000-0000-7000-8000-000080001001/cycles/2026-09/start"
    method: "POST"
    status: 403
    duration_ms: 0
[2026-09-27 23:13:40.919 -0300] INFO (83921): request completed
    route: "/v1/dashboard/duties/00000000-0000-7000-8000-000080001001/cycles/2026-09/start"
    method: "POST"
    status: 403
    duration_ms: 0
[2026-09-27 23:13:40.920 -0300] INFO (83921): request completed
    route: "/v1/dashboard/duties/00000000-0000-7000-8000-000080001001/cycles/2026-09/start"
    method: "POST"
    status: 403
    duration_ms: 0
[2026-09-27 23:13:40.921 -0300] INFO (83921): request completed
    route: "/v1/dashboard/duties/00000000-0000-7000-8000-000080001001/cycles/2026-09/start"
    method: "POST"
    status: 403
    duration_ms: 0
[2026-09-27 23:13:40.921 -0300] INFO (83921): request completed
    route: "/v1/dashboard/duties/00000000-0000-7000-8000-000080001001/cycles/2026-09/start"
    method: "POST"
    status: 403
    duration_ms: 0
[2026-09-27 23:13:40.922 -0300] INFO (83921): request completed
    route: "/v1/dashboard/duties/00000000-0000-7000-8000-000080001001/cycles/2026-09/start"
    method: "POST"
    status: 403
    duration_ms: 0
[2026-09-27 23:13:40.923 -0300] INFO (83921): request completed
    route: "/v1/dashboard/duties/00000000-0000-7000-8000-000080001001/cycles/2026-09/start"
    method: "POST"
    status: 403
    duration_ms: 0
[2026-09-27 23:13:40.923 -0300] INFO (83921): request completed
    route: "/v1/dashboard/duties/00000000-0000-7000-8000-000080001001/cycles/2026-09/start"
    method: "POST"
    status: 403
    duration_ms: 0
[2026-09-27 23:13:40.941 -0300] INFO (83921): request completed
    route: "/v1/dashboard/duties/00000000-0000-7000-8000-000080001001/cycles/2026-09/start"
    method: "POST"
    status: 428
    duration_ms: 17
[2026-09-27 23:13:40.942 -0300] INFO (83921): request completed
    route: "/v1/dashboard/duties/00000000-0000-7000-8000-000080001001/cycles/2026-09/start"
    method: "POST"
    status: 403
    duration_ms: 1
[2026-09-27 23:13:40.959 -0300] INFO (83921): request completed
    route: "/v1/dashboard/duties/00000000-0000-7000-8000-000080001001/cycles/2026-09/prepare"
    method: "POST"
    status: 428
    duration_ms: 17
[2026-09-27 23:13:40.960 -0300] INFO (83921): request completed
    route: "/v1/dashboard/duties/00000000-0000-7000-8000-000080001001/cycles/2026-09/prepare"
    method: "POST"
    status: 403
    duration_ms: 1
[2026-09-27 23:13:40.960 -0300] INFO (83921): request completed
    route: "/v1/dashboard/duties/00000000-0000-7000-8000-000080001001/cycles/2026-09/prepare"
    method: "POST"
    status: 403
    duration_ms: 0
[2026-09-27 23:13:40.961 -0300] INFO (83921): request completed
    route: "/v1/dashboard/duties/00000000-0000-7000-8000-000080001001/cycles/2026-09/prepare"
    method: "POST"
    status: 403
    duration_ms: 0
[2026-09-27 23:13:40.962 -0300] INFO (83921): request completed
    route: "/v1/dashboard/duties/00000000-0000-7000-8000-000080001001/cycles/2026-09/prepare"
    method: "POST"
    status: 403
    duration_ms: 1
[2026-09-27 23:13:40.962 -0300] INFO (83921): request completed
    route: "/v1/dashboard/duties/00000000-0000-7000-8000-000080001001/cycles/2026-09/prepare"
    method: "POST"
    status: 403
    duration_ms: 0
[2026-09-27 23:13:40.963 -0300] INFO (83921): request completed
    route: "/v1/dashboard/duties/00000000-0000-7000-8000-000080001001/cycles/2026-09/prepare"
    method: "POST"
    status: 403
    duration_ms: 0
[2026-09-27 23:13:40.963 -0300] INFO (83921): request completed
    route: "/v1/dashboard/duties/00000000-0000-7000-8000-000080001001/cycles/2026-09/prepare"
    method: "POST"
    status: 403
    duration_ms: 0
[2026-09-27 23:13:40.964 -0300] INFO (83921): request completed
    route: "/v1/dashboard/duties/00000000-0000-7000-8000-000080001001/cycles/2026-09/prepare"
    method: "POST"
    status: 403
    duration_ms: 0
[2026-09-27 23:13:40.982 -0300] INFO (83921): request completed
    route: "/v1/dashboard/duties/00000000-0000-7000-8000-000080001001/cycles/2026-09/prepare"
    method: "POST"
    status: 428
    duration_ms: 17
[2026-09-27 23:13:40.983 -0300] INFO (83921): request completed
    route: "/v1/dashboard/duties/00000000-0000-7000-8000-000080001001/cycles/2026-09/prepare"
    method: "POST"
    status: 403
    duration_ms: 0
[2026-09-27 23:13:40.984 -0300] INFO (83921): request completed
    route: "/v1/dashboard/duties/00000000-0000-7000-8000-000080001001/cycles/2026-09/prepare"
    method: "POST"
    status: 403
    duration_ms: 0
[2026-09-27 23:13:40.985 -0300] INFO (83921): request completed
    route: "/v1/dashboard/duties/00000000-0000-7000-8000-000080001001/cycles/2026-09/prepare"
    method: "POST"
    status: 403
    duration_ms: 1
[2026-09-27 23:13:41.001 -0300] INFO (83921): request completed
    route: "/v1/dashboard/duties/00000000-0000-7000-8000-000080001001/cycles/2026-09/prepare"
    method: "POST"
    status: 428
    duration_ms: 16
[2026-09-27 23:13:41.002 -0300] INFO (83921): request completed
    route: "/v1/dashboard/duties/00000000-0000-7000-8000-000080001001/cycles/2026-09/prepare"
    method: "POST"
    status: 403
    duration_ms: 0
[2026-09-27 23:13:41.003 -0300] INFO (83921): request completed
    route: "/v1/dashboard/duties/00000000-0000-7000-8000-000080001001/cycles/2026-09/prepare"
    method: "POST"
    status: 403
    duration_ms: 0
[2026-09-27 23:13:41.003 -0300] INFO (83921): request completed
    route: "/v1/dashboard/duties/00000000-0000-7000-8000-000080001001/cycles/2026-09/prepare"
    method: "POST"
    status: 403
    duration_ms: 0
[2026-09-27 23:13:41.004 -0300] INFO (83921): request completed
    route: "/v1/dashboard/duties/00000000-0000-7000-8000-000080001001/cycles/2026-09/prepare"
    method: "POST"
    status: 403
    duration_ms: 0
[2026-09-27 23:13:41.005 -0300] INFO (83921): request completed
    route: "/v1/dashboard/duties/00000000-0000-7000-8000-000080001001/cycles/2026-09/prepare"
    method: "POST"
    status: 403
    duration_ms: 0
[2026-09-27 23:13:41.022 -0300] INFO (83921): request completed
    route: "/v1/dashboard/duties/00000000-0000-7000-8000-000080001001/cycles/2026-09/prepare"
    method: "POST"
    status: 428
    duration_ms: 17
[2026-09-27 23:13:41.041 -0300] INFO (83921): request completed
    route: "/v1/dashboard/duties/00000000-0000-7000-8000-000080001001/cycles/2026-09/prepare"
    method: "POST"
    status: 428
    duration_ms: 18
[2026-09-27 23:13:41.042 -0300] INFO (83921): request completed
    route: "/v1/dashboard/duties/00000000-0000-7000-8000-000080001001/cycles/2026-09/prepare"
    method: "POST"
    status: 403
    duration_ms: 0
[2026-09-27 23:13:41.043 -0300] INFO (83921): request completed
    route: "/v1/dashboard/duties/00000000-0000-7000-8000-000080001001/cycles/2026-09/prepare"
    method: "POST"
    status: 403
    duration_ms: 0
[2026-09-27 23:13:41.044 -0300] INFO (83921): request completed
    route: "/v1/dashboard/duties/00000000-0000-7000-8000-000080001001/cycles/2026-09/prepare"
    method: "POST"
    status: 403
    duration_ms: 0
[2026-09-27 23:13:41.045 -0300] INFO (83921): request completed
    route: "/v1/dashboard/duties/00000000-0000-7000-8000-000080001001/cycles/2026-09/prepare"
    method: "POST"
    status: 403
    duration_ms: 1
[2026-09-27 23:13:41.045 -0300] INFO (83921): request completed
    route: "/v1/dashboard/duties/00000000-0000-7000-8000-000080001001/cycles/2026-09/prepare"
    method: "POST"
    status: 403
    duration_ms: 0
[2026-09-27 23:13:41.046 -0300] INFO (83921): request completed
    route: "/v1/dashboard/duties/00000000-0000-7000-8000-000080001001/cycles/2026-09/prepare"
    method: "POST"
    status: 403
    duration_ms: 0
[2026-09-27 23:13:41.047 -0300] INFO (83921): request completed
    route: "/v1/dashboard/duties/00000000-0000-7000-8000-000080001001/cycles/2026-09/prepare"
    method: "POST"
    status: 403
    duration_ms: 0
[2026-09-27 23:13:41.047 -0300] INFO (83921): request completed
    route: "/v1/dashboard/duties/00000000-0000-7000-8000-000080001001/cycles/2026-09/prepare"
    method: "POST"
    status: 403
    duration_ms: 0
[2026-09-27 23:13:41.048 -0300] INFO (83921): request completed
    route: "/v1/dashboard/duties/00000000-0000-7000-8000-000080001001/cycles/2026-09/prepare"
    method: "POST"
    status: 403
    duration_ms: 0
[2026-09-27 23:13:41.049 -0300] INFO (83921): request completed
    route: "/v1/dashboard/duties/00000000-0000-7000-8000-000080001001/cycles/2026-09/prepare"
    method: "POST"
    status: 403
    duration_ms: 1
[2026-09-27 23:13:41.049 -0300] INFO (83921): request completed
    route: "/v1/dashboard/duties/00000000-0000-7000-8000-000080001001/cycles/2026-09/prepare"
    method: "POST"
    status: 403
    duration_ms: 0
[2026-09-27 23:13:41.050 -0300] INFO (83921): request completed
    route: "/v1/dashboard/duties/00000000-0000-7000-8000-000080001001/cycles/2026-09/prepare"
    method: "POST"
    status: 403
    duration_ms: 0
[2026-09-27 23:13:41.050 -0300] INFO (83921): request completed
    route: "/v1/dashboard/duties/00000000-0000-7000-8000-000080001001/cycles/2026-09/prepare"
    method: "POST"
    status: 403
    duration_ms: 0
[2026-09-27 23:13:41.069 -0300] INFO (83921): request completed
    route: "/v1/dashboard/duties/00000000-0000-7000-8000-000080001001/cycles/2026-09/prepare"
    method: "POST"
    status: 428
    duration_ms: 18
[2026-09-27 23:13:41.070 -0300] INFO (83921): request completed
    route: "/v1/dashboard/duties/00000000-0000-7000-8000-000080001001/cycles/2026-09/prepare"
    method: "POST"
    status: 403
    duration_ms: 0
[2026-09-27 23:13:41.087 -0300] INFO (83921): request completed
    route: "/v1/dashboard/duties/00000000-0000-7000-8000-000080001001/cycles/2026-09/submit"
    method: "POST"
    status: 428
    duration_ms: 17
[2026-09-27 23:13:41.089 -0300] INFO (83921): request completed
    route: "/v1/dashboard/duties/00000000-0000-7000-8000-000080001001/cycles/2026-09/submit"
    method: "POST"
    status: 403
    duration_ms: 1
[2026-09-27 23:13:41.089 -0300] INFO (83921): request completed
    route: "/v1/dashboard/duties/00000000-0000-7000-8000-000080001001/cycles/2026-09/submit"
    method: "POST"
    status: 403
    duration_ms: 0
[2026-09-27 23:13:41.090 -0300] INFO (83921): request completed
    route: "/v1/dashboard/duties/00000000-0000-7000-8000-000080001001/cycles/2026-09/submit"
    method: "POST"
    status: 403
    duration_ms: 0
[2026-09-27 23:13:41.091 -0300] INFO (83921): request completed
    route: "/v1/dashboard/duties/00000000-0000-7000-8000-000080001001/cycles/2026-09/submit"
    method: "POST"
    status: 403
    duration_ms: 0
[2026-09-27 23:13:41.092 -0300] INFO (83921): request completed
    route: "/v1/dashboard/duties/00000000-0000-7000-8000-000080001001/cycles/2026-09/submit"
    method: "POST"
    status: 403
    duration_ms: 1
[2026-09-27 23:13:41.092 -0300] INFO (83921): request completed
    route: "/v1/dashboard/duties/00000000-0000-7000-8000-000080001001/cycles/2026-09/submit"
    method: "POST"
    status: 403
    duration_ms: 0
[2026-09-27 23:13:41.093 -0300] INFO (83921): request completed
    route: "/v1/dashboard/duties/00000000-0000-7000-8000-000080001001/cycles/2026-09/submit"
    method: "POST"
    status: 403
    duration_ms: 0
[2026-09-27 23:13:41.094 -0300] INFO (83921): request completed
    route: "/v1/dashboard/duties/00000000-0000-7000-8000-000080001001/cycles/2026-09/submit"
    method: "POST"
    status: 403
    duration_ms: 0
[2026-09-27 23:13:41.112 -0300] INFO (83921): request completed
    route: "/v1/dashboard/duties/00000000-0000-7000-8000-000080001001/cycles/2026-09/submit"
    method: "POST"
    status: 428
    duration_ms: 18
[2026-09-27 23:13:41.114 -0300] INFO (83921): request completed
    route: "/v1/dashboard/duties/00000000-0000-7000-8000-000080001001/cycles/2026-09/submit"
    method: "POST"
    status: 403
    duration_ms: 1
[2026-09-27 23:13:41.117 -0300] INFO (83921): request completed
    route: "/v1/dashboard/duties/00000000-0000-7000-8000-000080001001/cycles/2026-09/submit"
    method: "POST"
    status: 403
    duration_ms: 0
[2026-09-27 23:13:41.118 -0300] INFO (83921): request completed
    route: "/v1/dashboard/duties/00000000-0000-7000-8000-000080001001/cycles/2026-09/submit"
    method: "POST"
    status: 403
    duration_ms: 0
[2026-09-27 23:13:41.137 -0300] INFO (83921): request completed
    route: "/v1/dashboard/duties/00000000-0000-7000-8000-000080001001/cycles/2026-09/submit"
    method: "POST"
    status: 428
    duration_ms: 18
[2026-09-27 23:13:41.138 -0300] INFO (83921): request completed
    route: "/v1/dashboard/duties/00000000-0000-7000-8000-000080001001/cycles/2026-09/submit"
    method: "POST"
    status: 403
    duration_ms: 0
[2026-09-27 23:13:41.139 -0300] INFO (83921): request completed
    route: "/v1/dashboard/duties/00000000-0000-7000-8000-000080001001/cycles/2026-09/submit"
    method: "POST"
    status: 403
    duration_ms: 0
[2026-09-27 23:13:41.140 -0300] INFO (83921): request completed
    route: "/v1/dashboard/duties/00000000-0000-7000-8000-000080001001/cycles/2026-09/submit"
    method: "POST"
    status: 403
    duration_ms: 0
[2026-09-27 23:13:41.141 -0300] INFO (83921): request completed
    route: "/v1/dashboard/duties/00000000-0000-7000-8000-000080001001/cycles/2026-09/submit"
    method: "POST"
    status: 403
    duration_ms: 1
[2026-09-27 23:13:41.141 -0300] INFO (83921): request completed
    route: "/v1/dashboard/duties/00000000-0000-7000-8000-000080001001/cycles/2026-09/submit"
    method: "POST"
    status: 403
    duration_ms: 0
[2026-09-27 23:13:41.162 -0300] INFO (83921): request completed
    route: "/v1/dashboard/duties/00000000-0000-7000-8000-000080001001/cycles/2026-09/submit"
    method: "POST"
    status: 428
    duration_ms: 20
[2026-09-27 23:13:41.181 -0300] INFO (83921): request completed
    route: "/v1/dashboard/duties/00000000-0000-7000-8000-000080001001/cycles/2026-09/submit"
    method: "POST"
    status: 428
    duration_ms: 18
[2026-09-27 23:13:41.182 -0300] INFO (83921): request completed
    route: "/v1/dashboard/duties/00000000-0000-7000-8000-000080001001/cycles/2026-09/submit"
    method: "POST"
    status: 403
    duration_ms: 0
[2026-09-27 23:13:41.183 -0300] INFO (83921): request completed
    route: "/v1/dashboard/duties/00000000-0000-7000-8000-000080001001/cycles/2026-09/submit"
    method: "POST"
    status: 403
    duration_ms: 0
[2026-09-27 23:13:41.184 -0300] INFO (83921): request completed
    route: "/v1/dashboard/duties/00000000-0000-7000-8000-000080001001/cycles/2026-09/submit"
    method: "POST"
    status: 403
    duration_ms: 0
[2026-09-27 23:13:41.185 -0300] INFO (83921): request completed
    route: "/v1/dashboard/duties/00000000-0000-7000-8000-000080001001/cycles/2026-09/submit"
    method: "POST"
    status: 403
    duration_ms: 0
[2026-09-27 23:13:41.185 -0300] INFO (83921): request completed
    route: "/v1/dashboard/duties/00000000-0000-7000-8000-000080001001/cycles/2026-09/submit"
    method: "POST"
    status: 403
    duration_ms: 0
[2026-09-27 23:13:41.186 -0300] INFO (83921): request completed
    route: "/v1/dashboard/duties/00000000-0000-7000-8000-000080001001/cycles/2026-09/submit"
    method: "POST"
    status: 403
    duration_ms: 0
[2026-09-27 23:13:41.186 -0300] INFO (83921): request completed
    route: "/v1/dashboard/duties/00000000-0000-7000-8000-000080001001/cycles/2026-09/submit"
    method: "POST"
    status: 403
    duration_ms: 0
[2026-09-27 23:13:41.187 -0300] INFO (83921): request completed
    route: "/v1/dashboard/duties/00000000-0000-7000-8000-000080001001/cycles/2026-09/submit"
    method: "POST"
    status: 403
    duration_ms: 0
[2026-09-27 23:13:41.189 -0300] INFO (83921): request completed
    route: "/v1/dashboard/duties/00000000-0000-7000-8000-000080001001/cycles/2026-09/submit"
    method: "POST"
    status: 403
    duration_ms: 1
[2026-09-27 23:13:41.190 -0300] INFO (83921): request completed
    route: "/v1/dashboard/duties/00000000-0000-7000-8000-000080001001/cycles/2026-09/submit"
    method: "POST"
    status: 403
    duration_ms: 1
[2026-09-27 23:13:41.190 -0300] INFO (83921): request completed
    route: "/v1/dashboard/duties/00000000-0000-7000-8000-000080001001/cycles/2026-09/submit"
    method: "POST"
    status: 403
    duration_ms: 0
[2026-09-27 23:13:41.191 -0300] INFO (83921): request completed
    route: "/v1/dashboard/duties/00000000-0000-7000-8000-000080001001/cycles/2026-09/submit"
    method: "POST"
    status: 403
    duration_ms: 0
[2026-09-27 23:13:41.192 -0300] INFO (83921): request completed
    route: "/v1/dashboard/duties/00000000-0000-7000-8000-000080001001/cycles/2026-09/submit"
    method: "POST"
    status: 403
    duration_ms: 0
[2026-09-27 23:13:41.211 -0300] INFO (83921): request completed
    route: "/v1/dashboard/duties/00000000-0000-7000-8000-000080001001/cycles/2026-09/submit"
    method: "POST"
    status: 428
    duration_ms: 18
[2026-09-27 23:13:41.213 -0300] INFO (83921): request completed
    route: "/v1/dashboard/duties/00000000-0000-7000-8000-000080001001/cycles/2026-09/submit"
    method: "POST"
    status: 403
    duration_ms: 1
[2026-09-27 23:13:41.230 -0300] INFO (83921): request completed
    route: "/v1/dashboard/duties/00000000-0000-7000-8000-000080001001/cycles/2026-09/prove"
    method: "POST"
    status: 428
    duration_ms: 17
[2026-09-27 23:13:41.231 -0300] INFO (83921): request completed
    route: "/v1/dashboard/duties/00000000-0000-7000-8000-000080001001/cycles/2026-09/prove"
    method: "POST"
    status: 403
    duration_ms: 0
[2026-09-27 23:13:41.232 -0300] INFO (83921): request completed
    route: "/v1/dashboard/duties/00000000-0000-7000-8000-000080001001/cycles/2026-09/prove"
    method: "POST"
    status: 403
    duration_ms: 0
[2026-09-27 23:13:41.232 -0300] INFO (83921): request completed
    route: "/v1/dashboard/duties/00000000-0000-7000-8000-000080001001/cycles/2026-09/prove"
    method: "POST"
    status: 403
    duration_ms: 0
[2026-09-27 23:13:41.233 -0300] INFO (83921): request completed
    route: "/v1/dashboard/duties/00000000-0000-7000-8000-000080001001/cycles/2026-09/prove"
    method: "POST"
    status: 403
    duration_ms: 0
[2026-09-27 23:13:41.233 -0300] INFO (83921): request completed
    route: "/v1/dashboard/duties/00000000-0000-7000-8000-000080001001/cycles/2026-09/prove"
    method: "POST"
    status: 403
    duration_ms: 0
[2026-09-27 23:13:41.234 -0300] INFO (83921): request completed
    route: "/v1/dashboard/duties/00000000-0000-7000-8000-000080001001/cycles/2026-09/prove"
    method: "POST"
    status: 403
    duration_ms: 0
[2026-09-27 23:13:41.235 -0300] INFO (83921): request completed
    route: "/v1/dashboard/duties/00000000-0000-7000-8000-000080001001/cycles/2026-09/prove"
    method: "POST"
    status: 403
    duration_ms: 0
[2026-09-27 23:13:41.235 -0300] INFO (83921): request completed
    route: "/v1/dashboard/duties/00000000-0000-7000-8000-000080001001/cycles/2026-09/prove"
    method: "POST"
    status: 403
    duration_ms: 0
[2026-09-27 23:13:41.253 -0300] INFO (83921): request completed
    route: "/v1/dashboard/duties/00000000-0000-7000-8000-000080001001/cycles/2026-09/prove"
    method: "POST"
    status: 428
    duration_ms: 17
[2026-09-27 23:13:41.255 -0300] INFO (83921): request completed
    route: "/v1/dashboard/duties/00000000-0000-7000-8000-000080001001/cycles/2026-09/prove"
    method: "POST"
    status: 403
    duration_ms: 1
[2026-09-27 23:13:41.255 -0300] INFO (83921): request completed
    route: "/v1/dashboard/duties/00000000-0000-7000-8000-000080001001/cycles/2026-09/prove"
    method: "POST"
    status: 403
    duration_ms: 0
[2026-09-27 23:13:41.256 -0300] INFO (83921): request completed
    route: "/v1/dashboard/duties/00000000-0000-7000-8000-000080001001/cycles/2026-09/prove"
    method: "POST"
    status: 403
    duration_ms: 0
[2026-09-27 23:13:41.273 -0300] INFO (83921): request completed
    route: "/v1/dashboard/duties/00000000-0000-7000-8000-000080001001/cycles/2026-09/prove"
    method: "POST"
    status: 428
    duration_ms: 16
[2026-09-27 23:13:41.274 -0300] INFO (83921): request completed
    route: "/v1/dashboard/duties/00000000-0000-7000-8000-000080001001/cycles/2026-09/prove"
    method: "POST"
    status: 403
    duration_ms: 0
[2026-09-27 23:13:41.275 -0300] INFO (83921): request completed
    route: "/v1/dashboard/duties/00000000-0000-7000-8000-000080001001/cycles/2026-09/prove"
    method: "POST"
    status: 403
    duration_ms: 0
[2026-09-27 23:13:41.276 -0300] INFO (83921): request completed
    route: "/v1/dashboard/duties/00000000-0000-7000-8000-000080001001/cycles/2026-09/prove"
    method: "POST"
    status: 403
    duration_ms: 0
[2026-09-27 23:13:41.277 -0300] INFO (83921): request completed
    route: "/v1/dashboard/duties/00000000-0000-7000-8000-000080001001/cycles/2026-09/prove"
    method: "POST"
    status: 403
    duration_ms: 1
[2026-09-27 23:13:41.278 -0300] INFO (83921): request completed
    route: "/v1/dashboard/duties/00000000-0000-7000-8000-000080001001/cycles/2026-09/prove"
    method: "POST"
    status: 403
    duration_ms: 1
[2026-09-27 23:13:41.295 -0300] INFO (83921): request completed
    route: "/v1/dashboard/duties/00000000-0000-7000-8000-000080001001/cycles/2026-09/prove"
    method: "POST"
    status: 428
    duration_ms: 17
[2026-09-27 23:13:41.314 -0300] INFO (83921): request completed
    route: "/v1/dashboard/duties/00000000-0000-7000-8000-000080001001/cycles/2026-09/prove"
    method: "POST"
    status: 428
    duration_ms: 18
[2026-09-27 23:13:41.315 -0300] INFO (83921): request completed
    route: "/v1/dashboard/duties/00000000-0000-7000-8000-000080001001/cycles/2026-09/prove"
    method: "POST"
    status: 403
    duration_ms: 0
[2026-09-27 23:13:41.316 -0300] INFO (83921): request completed
    route: "/v1/dashboard/duties/00000000-0000-7000-8000-000080001001/cycles/2026-09/prove"
    method: "POST"
    status: 403
    duration_ms: 0
[2026-09-27 23:13:41.317 -0300] INFO (83921): request completed
    route: "/v1/dashboard/duties/00000000-0000-7000-8000-000080001001/cycles/2026-09/prove"
    method: "POST"
    status: 403
    duration_ms: 1
[2026-09-27 23:13:41.317 -0300] INFO (83921): request completed
    route: "/v1/dashboard/duties/00000000-0000-7000-8000-000080001001/cycles/2026-09/prove"
    method: "POST"
    status: 403
    duration_ms: 0
[2026-09-27 23:13:41.318 -0300] INFO (83921): request completed
    route: "/v1/dashboard/duties/00000000-0000-7000-8000-000080001001/cycles/2026-09/prove"
    method: "POST"
    status: 403
    duration_ms: 0
[2026-09-27 23:13:41.319 -0300] INFO (83921): request completed
    route: "/v1/dashboard/duties/00000000-0000-7000-8000-000080001001/cycles/2026-09/prove"
    method: "POST"
    status: 403
    duration_ms: 0
[2026-09-27 23:13:41.320 -0300] INFO (83921): request completed
    route: "/v1/dashboard/duties/00000000-0000-7000-8000-000080001001/cycles/2026-09/prove"
    method: "POST"
    status: 403
    duration_ms: 1
[2026-09-27 23:13:41.320 -0300] INFO (83921): request completed
    route: "/v1/dashboard/duties/00000000-0000-7000-8000-000080001001/cycles/2026-09/prove"
    method: "POST"
    status: 403
    duration_ms: 0
[2026-09-27 23:13:41.321 -0300] INFO (83921): request completed
    route: "/v1/dashboard/duties/00000000-0000-7000-8000-000080001001/cycles/2026-09/prove"
    method: "POST"
    status: 403
    duration_ms: 0
[2026-09-27 23:13:41.322 -0300] INFO (83921): request completed
    route: "/v1/dashboard/duties/00000000-0000-7000-8000-000080001001/cycles/2026-09/prove"
    method: "POST"
    status: 403
    duration_ms: 1
[2026-09-27 23:13:41.322 -0300] INFO (83921): request completed
    route: "/v1/dashboard/duties/00000000-0000-7000-8000-000080001001/cycles/2026-09/prove"
    method: "POST"
    status: 403
    duration_ms: 0
[2026-09-27 23:13:41.323 -0300] INFO (83921): request completed
    route: "/v1/dashboard/duties/00000000-0000-7000-8000-000080001001/cycles/2026-09/prove"
    method: "POST"
    status: 403
    duration_ms: 0
[2026-09-27 23:13:41.323 -0300] INFO (83921): request completed
    route: "/v1/dashboard/duties/00000000-0000-7000-8000-000080001001/cycles/2026-09/prove"
    method: "POST"
    status: 403
    duration_ms: 0
[2026-09-27 23:13:41.340 -0300] INFO (83921): request completed
    route: "/v1/dashboard/duties/00000000-0000-7000-8000-000080001001/cycles/2026-09/prove"
    method: "POST"
    status: 428
    duration_ms: 16
[2026-09-27 23:13:41.341 -0300] INFO (83921): request completed
    route: "/v1/dashboard/duties/00000000-0000-7000-8000-000080001001/cycles/2026-09/prove"
    method: "POST"
    status: 403
    duration_ms: 0
[2026-09-27 23:13:41.358 -0300] INFO (83921): request completed
    route: "/v1/dashboard/duties/00000000-0000-7000-8000-000080001001/cycles/2026-09/archive"
    method: "POST"
    status: 428
    duration_ms: 16
[2026-09-27 23:13:41.359 -0300] INFO (83921): request completed
    route: "/v1/dashboard/duties/00000000-0000-7000-8000-000080001001/cycles/2026-09/archive"
    method: "POST"
    status: 403
    duration_ms: 0
[2026-09-27 23:13:41.360 -0300] INFO (83921): request completed
    route: "/v1/dashboard/duties/00000000-0000-7000-8000-000080001001/cycles/2026-09/archive"
    method: "POST"
    status: 403
    duration_ms: 0
[2026-09-27 23:13:41.361 -0300] INFO (83921): request completed
    route: "/v1/dashboard/duties/00000000-0000-7000-8000-000080001001/cycles/2026-09/archive"
    method: "POST"
    status: 403
    duration_ms: 1
[2026-09-27 23:13:41.361 -0300] INFO (83921): request completed
    route: "/v1/dashboard/duties/00000000-0000-7000-8000-000080001001/cycles/2026-09/archive"
    method: "POST"
    status: 403
    duration_ms: 0
[2026-09-27 23:13:41.362 -0300] INFO (83921): request completed
    route: "/v1/dashboard/duties/00000000-0000-7000-8000-000080001001/cycles/2026-09/archive"
    method: "POST"
    status: 403
    duration_ms: 0
[2026-09-27 23:13:41.363 -0300] INFO (83921): request completed
    route: "/v1/dashboard/duties/00000000-0000-7000-8000-000080001001/cycles/2026-09/archive"
    method: "POST"
    status: 403
    duration_ms: 1
[2026-09-27 23:13:41.364 -0300] INFO (83921): request completed
    route: "/v1/dashboard/duties/00000000-0000-7000-8000-000080001001/cycles/2026-09/archive"
    method: "POST"
    status: 403
    duration_ms: 1
[2026-09-27 23:13:41.365 -0300] INFO (83921): request completed
    route: "/v1/dashboard/duties/00000000-0000-7000-8000-000080001001/cycles/2026-09/archive"
    method: "POST"
    status: 403
    duration_ms: 1
[2026-09-27 23:13:41.382 -0300] INFO (83921): request completed
    route: "/v1/dashboard/duties/00000000-0000-7000-8000-000080001001/cycles/2026-09/archive"
    method: "POST"
    status: 428
    duration_ms: 17
[2026-09-27 23:13:41.383 -0300] INFO (83921): request completed
    route: "/v1/dashboard/duties/00000000-0000-7000-8000-000080001001/cycles/2026-09/archive"
    method: "POST"
    status: 403
    duration_ms: 0
[2026-09-27 23:13:41.384 -0300] INFO (83921): request completed
    route: "/v1/dashboard/duties/00000000-0000-7000-8000-000080001001/cycles/2026-09/archive"
    method: "POST"
    status: 403
    duration_ms: 0
[2026-09-27 23:13:41.385 -0300] INFO (83921): request completed
    route: "/v1/dashboard/duties/00000000-0000-7000-8000-000080001001/cycles/2026-09/archive"
    method: "POST"
    status: 403
    duration_ms: 1
[2026-09-27 23:13:41.401 -0300] INFO (83921): request completed
    route: "/v1/dashboard/duties/00000000-0000-7000-8000-000080001001/cycles/2026-09/archive"
    method: "POST"
    status: 428
    duration_ms: 16
[2026-09-27 23:13:41.403 -0300] INFO (83921): request completed
    route: "/v1/dashboard/duties/00000000-0000-7000-8000-000080001001/cycles/2026-09/archive"
    method: "POST"
    status: 403
    duration_ms: 1
[2026-09-27 23:13:41.403 -0300] INFO (83921): request completed
    route: "/v1/dashboard/duties/00000000-0000-7000-8000-000080001001/cycles/2026-09/archive"
    method: "POST"
    status: 403
    duration_ms: 0
[2026-09-27 23:13:41.404 -0300] INFO (83921): request completed
    route: "/v1/dashboard/duties/00000000-0000-7000-8000-000080001001/cycles/2026-09/archive"
    method: "POST"
    status: 403
    duration_ms: 0
[2026-09-27 23:13:41.405 -0300] INFO (83921): request completed
    route: "/v1/dashboard/duties/00000000-0000-7000-8000-000080001001/cycles/2026-09/archive"
    method: "POST"
    status: 403
    duration_ms: 1
[2026-09-27 23:13:41.406 -0300] INFO (83921): request completed
    route: "/v1/dashboard/duties/00000000-0000-7000-8000-000080001001/cycles/2026-09/archive"
    method: "POST"
    status: 403
    duration_ms: 1
[2026-09-27 23:13:41.423 -0300] INFO (83921): request completed
    route: "/v1/dashboard/duties/00000000-0000-7000-8000-000080001001/cycles/2026-09/archive"
    method: "POST"
    status: 428
    duration_ms: 17
[2026-09-27 23:13:41.439 -0300] INFO (83921): request completed
    route: "/v1/dashboard/duties/00000000-0000-7000-8000-000080001001/cycles/2026-09/archive"
    method: "POST"
    status: 428
    duration_ms: 15
[2026-09-27 23:13:41.441 -0300] INFO (83921): request completed
    route: "/v1/dashboard/duties/00000000-0000-7000-8000-000080001001/cycles/2026-09/archive"
    method: "POST"
    status: 403
    duration_ms: 1
[2026-09-27 23:13:41.441 -0300] INFO (83921): request completed
    route: "/v1/dashboard/duties/00000000-0000-7000-8000-000080001001/cycles/2026-09/archive"
    method: "POST"
    status: 403
    duration_ms: 0
[2026-09-27 23:13:41.442 -0300] INFO (83921): request completed
    route: "/v1/dashboard/duties/00000000-0000-7000-8000-000080001001/cycles/2026-09/archive"
    method: "POST"
    status: 403
    duration_ms: 1
[2026-09-27 23:13:41.442 -0300] INFO (83921): request completed
    route: "/v1/dashboard/duties/00000000-0000-7000-8000-000080001001/cycles/2026-09/archive"
    method: "POST"
    status: 403
    duration_ms: 0
[2026-09-27 23:13:41.443 -0300] INFO (83921): request completed
    route: "/v1/dashboard/duties/00000000-0000-7000-8000-000080001001/cycles/2026-09/archive"
    method: "POST"
    status: 403
    duration_ms: 1
[2026-09-27 23:13:41.443 -0300] INFO (83921): request completed
    route: "/v1/dashboard/duties/00000000-0000-7000-8000-000080001001/cycles/2026-09/archive"
    method: "POST"
    status: 403
    duration_ms: 0
[2026-09-27 23:13:41.444 -0300] INFO (83921): request completed
    route: "/v1/dashboard/duties/00000000-0000-7000-8000-000080001001/cycles/2026-09/archive"
    method: "POST"
    status: 403
    duration_ms: 1
[2026-09-27 23:13:41.444 -0300] INFO (83921): request completed
    route: "/v1/dashboard/duties/00000000-0000-7000-8000-000080001001/cycles/2026-09/archive"
    method: "POST"
    status: 403
    duration_ms: 0
[2026-09-27 23:13:41.444 -0300] INFO (83921): request completed
    route: "/v1/dashboard/duties/00000000-0000-7000-8000-000080001001/cycles/2026-09/archive"
    method: "POST"
    status: 403
    duration_ms: 0
[2026-09-27 23:13:41.445 -0300] INFO (83921): request completed
    route: "/v1/dashboard/duties/00000000-0000-7000-8000-000080001001/cycles/2026-09/archive"
    method: "POST"
    status: 403
    duration_ms: 0
[2026-09-27 23:13:41.445 -0300] INFO (83921): request completed
    route: "/v1/dashboard/duties/00000000-0000-7000-8000-000080001001/cycles/2026-09/archive"
    method: "POST"
    status: 403
    duration_ms: 0
[2026-09-27 23:13:41.446 -0300] INFO (83921): request completed
    route: "/v1/dashboard/duties/00000000-0000-7000-8000-000080001001/cycles/2026-09/archive"
    method: "POST"
    status: 403
    duration_ms: 0
[2026-09-27 23:13:41.464 -0300] INFO (83921): request completed
    route: "/v1/dashboard/duties/00000000-0000-7000-8000-000080001001/cycles/2026-09/archive"
    method: "POST"
    status: 428
    duration_ms: 17
[2026-09-27 23:13:41.465 -0300] INFO (83921): request completed
    route: "/v1/dashboard/duties/00000000-0000-7000-8000-000080001001/cycles/2026-09/archive"
    method: "POST"
    status: 403
    duration_ms: 1
[2026-09-27 23:13:41.465 -0300] INFO (83921): request completed
    route: "/v1/dashboard/duties/00000000-0000-7000-8000-000080001001/cycles/2026-09/archive"
    method: "POST"
    status: 403
    duration_ms: 0
[2026-09-27 23:13:41.471 -0300] INFO (83921): request completed
    route: "/v1/dashboard/indicators"
    method: "GET"
    status: 200
    duration_ms: 5
[2026-09-27 23:13:41.483 -0300] INFO (83921): request completed
    route: "/v1/dashboard/indicators/IND-DASH-101"
    method: "GET"
    status: 200
    duration_ms: 11
[2026-09-27 23:13:41.489 -0300] INFO (83921): request completed
    route: "/v1/dashboard/indicators"
    method: "GET"
    status: 200
    duration_ms: 5
[2026-09-27 23:13:41.495 -0300] INFO (83921): request completed
    route: "/v1/dashboard/indicators/IND-DASH-101"
    method: "GET"
    status: 200
    duration_ms: 5
[2026-09-27 23:13:41.500 -0300] INFO (83921): request completed
    route: "/v1/dashboard/indicators"
    method: "GET"
    status: 200
    duration_ms: 4
[2026-09-27 23:13:41.507 -0300] INFO (83921): request completed
    route: "/v1/dashboard/indicators/IND-DASH-101"
    method: "GET"
    status: 200
    duration_ms: 6
[2026-09-27 23:13:41.512 -0300] INFO (83921): request completed
    route: "/v1/dashboard/indicators"
    method: "GET"
    status: 200
    duration_ms: 4
[2026-09-27 23:13:41.519 -0300] INFO (83921): request completed
    route: "/v1/dashboard/indicators/IND-DASH-101"
    method: "GET"
    status: 200
    duration_ms: 6
[2026-09-27 23:13:41.525 -0300] INFO (83921): request completed
    route: "/v1/dashboard/indicators"
    method: "GET"
    status: 200
    duration_ms: 5
[2026-09-27 23:13:41.533 -0300] INFO (83921): request completed
    route: "/v1/dashboard/indicators/IND-DASH-101"
    method: "GET"
    status: 200
    duration_ms: 7
[2026-09-27 23:13:41.539 -0300] INFO (83921): request completed
    route: "/v1/dashboard/indicators"
    method: "GET"
    status: 200
    duration_ms: 6
[2026-09-27 23:13:41.545 -0300] INFO (83921): request completed
    route: "/v1/dashboard/indicators/IND-DASH-101"
    method: "GET"
    status: 200
    duration_ms: 5
[2026-09-27 23:13:41.551 -0300] INFO (83921): request completed
    route: "/v1/dashboard/indicators"
    method: "GET"
    status: 200
    duration_ms: 5
[2026-09-27 23:13:41.559 -0300] INFO (83921): request completed
    route: "/v1/dashboard/indicators/IND-DASH-101"
    method: "GET"
    status: 200
    duration_ms: 7
[2026-09-27 23:13:41.565 -0300] INFO (83921): request completed
    route: "/v1/dashboard/indicators"
    method: "GET"
    status: 200
    duration_ms: 5
[2026-09-27 23:13:41.572 -0300] INFO (83921): request completed
    route: "/v1/dashboard/indicators/IND-DASH-101"
    method: "GET"
    status: 200
    duration_ms: 6
[2026-09-27 23:13:41.577 -0300] INFO (83921): request completed
    route: "/v1/dashboard/indicators"
    method: "GET"
    status: 200
    duration_ms: 4
[2026-09-27 23:13:41.584 -0300] INFO (83921): request completed
    route: "/v1/dashboard/indicators/IND-DASH-101"
    method: "GET"
    status: 200
    duration_ms: 6
[2026-09-27 23:13:41.590 -0300] INFO (83921): request completed
    route: "/v1/dashboard/indicators"
    method: "GET"
    status: 200
    duration_ms: 5
[2026-09-27 23:13:41.597 -0300] INFO (83921): request completed
    route: "/v1/dashboard/indicators/IND-DASH-101"
    method: "GET"
    status: 200
    duration_ms: 6
[2026-09-27 23:13:41.603 -0300] INFO (83921): request completed
    route: "/v1/dashboard/indicators"
    method: "GET"
    status: 200
    duration_ms: 5
[2026-09-27 23:13:41.610 -0300] INFO (83921): request completed
    route: "/v1/dashboard/indicators/IND-DASH-101"
    method: "GET"
    status: 200
    duration_ms: 6
[2026-09-27 23:13:41.618 -0300] INFO (83921): request completed
    route: "/v1/dashboard/indicators"
    method: "GET"
    status: 200
    duration_ms: 8
[2026-09-27 23:13:41.625 -0300] INFO (83921): request completed
    route: "/v1/dashboard/indicators/IND-DASH-101"
    method: "GET"
    status: 200
    duration_ms: 6
[2026-09-27 23:13:41.632 -0300] INFO (83921): request completed
    route: "/v1/dashboard/indicators"
    method: "GET"
    status: 200
    duration_ms: 6
[2026-09-27 23:13:41.638 -0300] INFO (83921): request completed
    route: "/v1/dashboard/indicators/IND-DASH-101"
    method: "GET"
    status: 200
    duration_ms: 6
[2026-09-27 23:13:41.644 -0300] INFO (83921): request completed
    route: "/v1/dashboard/indicators"
    method: "GET"
    status: 200
    duration_ms: 5
[2026-09-27 23:13:41.651 -0300] INFO (83921): request completed
    route: "/v1/dashboard/indicators/IND-DASH-101"
    method: "GET"
    status: 200
    duration_ms: 6
[2026-09-27 23:13:41.652 -0300] INFO (83921): request completed
    route: "/v1/dashboard/indicators"
    method: "GET"
    status: 403
    duration_ms: 0
[2026-09-27 23:13:41.653 -0300] INFO (83921): request completed
    route: "/v1/dashboard/indicators/IND-DASH-101"
    method: "GET"
    status: 403
    duration_ms: 0
[2026-09-27 23:13:41.659 -0300] INFO (83921): request completed
    route: "/v1/dashboard/indicators"
    method: "GET"
    status: 200
    duration_ms: 5
[2026-09-27 23:13:41.666 -0300] INFO (83921): request completed
    route: "/v1/dashboard/indicators/IND-DASH-101"
    method: "GET"
    status: 200
    duration_ms: 6
[2026-09-27 23:13:41.676 -0300] INFO (83921): request completed
    route: "/v1/dashboard/indicators"
    method: "GET"
    status: 200
    duration_ms: 9
[2026-09-27 23:13:41.685 -0300] INFO (83921): request completed
    route: "/v1/dashboard/indicators/IND-DASH-101"
    method: "GET"
    status: 200
    duration_ms: 8
[2026-09-27 23:13:41.692 -0300] INFO (83921): request completed
    route: "/v1/dashboard/indicators"
    method: "GET"
    status: 200
    duration_ms: 6
[2026-09-27 23:13:41.699 -0300] INFO (83921): request completed
    route: "/v1/dashboard/indicators/IND-DASH-101"
    method: "GET"
    status: 200
    duration_ms: 7
[2026-09-27 23:13:41.706 -0300] INFO (83921): request completed
    route: "/v1/dashboard/indicators"
    method: "GET"
    status: 200
    duration_ms: 6
[2026-09-27 23:13:41.713 -0300] INFO (83921): request completed
    route: "/v1/dashboard/indicators/IND-DASH-101"
    method: "GET"
    status: 200
    duration_ms: 6
[2026-09-27 23:13:41.719 -0300] INFO (83921): request completed
    route: "/v1/dashboard/indicators"
    method: "GET"
    status: 200
    duration_ms: 5
[2026-09-27 23:13:41.725 -0300] INFO (83921): request completed
    route: "/v1/dashboard/indicators/IND-DASH-101"
    method: "GET"
    status: 200
    duration_ms: 5
[2026-09-27 23:13:41.730 -0300] INFO (83921): request completed
    route: "/v1/dashboard/indicators"
    method: "GET"
    status: 200
    duration_ms: 4
[2026-09-27 23:13:41.736 -0300] INFO (83921): request completed
    route: "/v1/dashboard/indicators/IND-DASH-101"
    method: "GET"
    status: 200
    duration_ms: 5
[2026-09-27 23:13:41.741 -0300] INFO (83921): request completed
    route: "/v1/dashboard/indicators"
    method: "GET"
    status: 200
    duration_ms: 5
[2026-09-27 23:13:41.747 -0300] INFO (83921): request completed
    route: "/v1/dashboard/indicators/IND-DASH-101"
    method: "GET"
    status: 200
    duration_ms: 6
[2026-09-27 23:13:41.752 -0300] INFO (83921): request completed
    route: "/v1/dashboard/indicators"
    method: "GET"
    status: 200
    duration_ms: 4
[2026-09-27 23:13:41.759 -0300] INFO (83921): request completed
    route: "/v1/dashboard/indicators/IND-DASH-101"
    method: "GET"
    status: 200
    duration_ms: 6
[2026-09-27 23:13:41.764 -0300] INFO (83921): request completed
    route: "/v1/dashboard/indicators"
    method: "GET"
    status: 200
    duration_ms: 4
[2026-09-27 23:13:41.770 -0300] INFO (83921): request completed
    route: "/v1/dashboard/indicators/IND-DASH-101"
    method: "GET"
    status: 200
    duration_ms: 5
[2026-09-27 23:13:41.775 -0300] INFO (83921): request completed
    route: "/v1/dashboard/indicators"
    method: "GET"
    status: 200
    duration_ms: 4
[2026-09-27 23:13:41.782 -0300] INFO (83921): request completed
    route: "/v1/dashboard/indicators/IND-DASH-101"
    method: "GET"
    status: 200
    duration_ms: 6
[2026-09-27 23:13:41.787 -0300] INFO (83921): request completed
    route: "/v1/dashboard/indicators"
    method: "GET"
    status: 200
    duration_ms: 4
[2026-09-27 23:13:41.793 -0300] INFO (83921): request completed
    route: "/v1/dashboard/indicators/IND-DASH-101"
    method: "GET"
    status: 200
    duration_ms: 5
[2026-09-27 23:13:41.798 -0300] INFO (83921): request completed
    route: "/v1/dashboard/indicators"
    method: "GET"
    status: 200
    duration_ms: 4
[2026-09-27 23:13:41.805 -0300] INFO (83921): request completed
    route: "/v1/dashboard/indicators/IND-DASH-101"
    method: "GET"
    status: 200
    duration_ms: 6
[2026-09-27 23:13:41.810 -0300] INFO (83921): request completed
    route: "/v1/dashboard/indicators"
    method: "GET"
    status: 200
    duration_ms: 4
[2026-09-27 23:13:41.817 -0300] INFO (83921): request completed
    route: "/v1/dashboard/indicators/IND-DASH-101"
    method: "GET"
    status: 200
    duration_ms: 6
[2026-09-27 23:13:41.822 -0300] INFO (83921): request completed
    route: "/v1/dashboard/indicators"
    method: "GET"
    status: 200
    duration_ms: 5
[2026-09-27 23:13:41.829 -0300] INFO (83921): request completed
    route: "/v1/dashboard/indicators/IND-DASH-101"
    method: "GET"
    status: 200
    duration_ms: 6
[2026-09-27 23:13:41.834 -0300] INFO (83921): request completed
    route: "/v1/dashboard/indicators"
    method: "GET"
    status: 200
    duration_ms: 4
[2026-09-27 23:13:41.840 -0300] INFO (83921): request completed
    route: "/v1/dashboard/indicators/IND-DASH-101"
    method: "GET"
    status: 200
    duration_ms: 5
[2026-09-27 23:13:41.845 -0300] INFO (83921): request completed
    route: "/v1/dashboard/indicators"
    method: "GET"
    status: 200
    duration_ms: 4
[2026-09-27 23:13:41.852 -0300] INFO (83921): request completed
    route: "/v1/dashboard/indicators/IND-DASH-101"
    method: "GET"
    status: 200
    duration_ms: 6
[2026-09-27 23:13:41.857 -0300] INFO (83921): request completed
    route: "/v1/dashboard/indicators"
    method: "GET"
    status: 200
    duration_ms: 5
[2026-09-27 23:13:41.863 -0300] INFO (83921): request completed
    route: "/v1/dashboard/indicators/IND-DASH-101"
    method: "GET"
    status: 200
    duration_ms: 5
[2026-09-27 23:13:41.868 -0300] INFO (83921): request completed
    route: "/v1/dashboard/indicators"
    method: "GET"
    status: 200
    duration_ms: 4
[2026-09-27 23:13:41.874 -0300] INFO (83921): request completed
    route: "/v1/dashboard/indicators/IND-DASH-101"
    method: "GET"
    status: 200
    duration_ms: 5
[2026-09-27 23:13:41.880 -0300] INFO (83921): request completed
    route: "/v1/dashboard/indicators"
    method: "GET"
    status: 200
    duration_ms: 5
[2026-09-27 23:13:41.887 -0300] INFO (83921): request completed
    route: "/v1/dashboard/indicators/IND-DASH-101"
    method: "GET"
    status: 200
    duration_ms: 6
[2026-09-27 23:13:41.892 -0300] INFO (83921): request completed
    route: "/v1/dashboard/indicators"
    method: "GET"
    status: 200
    duration_ms: 4
[2026-09-27 23:13:41.898 -0300] INFO (83921): request completed
    route: "/v1/dashboard/indicators/IND-DASH-101"
    method: "GET"
    status: 200
    duration_ms: 5
[2026-09-27 23:13:41.899 -0300] INFO (83921): request completed
    route: "/v1/dashboard/indicators"
    method: "GET"
    status: 403
    duration_ms: 1
[2026-09-27 23:13:41.899 -0300] INFO (83921): request completed
    route: "/v1/dashboard/indicators/IND-DASH-101"
    method: "GET"
    status: 403
    duration_ms: 0
[2026-09-27 23:13:41.904 -0300] INFO (83921): request completed
    route: "/v1/dashboard/indicator-configs"
    method: "GET"
    status: 200
    duration_ms: 4
[2026-09-27 23:13:41.909 -0300] INFO (83921): request completed
    route: "/v1/dashboard/indicator-configs/00000000-0000-7000-8000-000084000301"
    method: "GET"
    status: 200
    duration_ms: 4
[2026-09-27 23:13:41.910 -0300] INFO (83921): request completed
    route: "/v1/dashboard/indicator-configs"
    method: "GET"
    status: 403
    duration_ms: 0
[2026-09-27 23:13:41.911 -0300] INFO (83921): request completed
    route: "/v1/dashboard/indicator-configs/00000000-0000-7000-8000-000084000301"
    method: "GET"
    status: 403
    duration_ms: 0
[2026-09-27 23:13:41.911 -0300] INFO (83921): request completed
    route: "/v1/dashboard/indicator-configs"
    method: "GET"
    status: 403
    duration_ms: 0
[2026-09-27 23:13:41.912 -0300] INFO (83921): request completed
    route: "/v1/dashboard/indicator-configs/00000000-0000-7000-8000-000084000301"
    method: "GET"
    status: 403
    duration_ms: 0
[2026-09-27 23:13:41.913 -0300] INFO (83921): request completed
    route: "/v1/dashboard/indicator-configs"
    method: "GET"
    status: 403
    duration_ms: 0
[2026-09-27 23:13:41.913 -0300] INFO (83921): request completed
    route: "/v1/dashboard/indicator-configs/00000000-0000-7000-8000-000084000301"
    method: "GET"
    status: 403
    duration_ms: 0
[2026-09-27 23:13:41.914 -0300] INFO (83921): request completed
    route: "/v1/dashboard/indicator-configs"
    method: "GET"
    status: 403
    duration_ms: 0
[2026-09-27 23:13:41.915 -0300] INFO (83921): request completed
    route: "/v1/dashboard/indicator-configs/00000000-0000-7000-8000-000084000301"
    method: "GET"
    status: 403
    duration_ms: 0
[2026-09-27 23:13:41.916 -0300] INFO (83921): request completed
    route: "/v1/dashboard/indicator-configs"
    method: "GET"
    status: 403
    duration_ms: 1
[2026-09-27 23:13:41.916 -0300] INFO (83921): request completed
    route: "/v1/dashboard/indicator-configs/00000000-0000-7000-8000-000084000301"
    method: "GET"
    status: 403
    duration_ms: 0
[2026-09-27 23:13:41.922 -0300] INFO (83921): request completed
    route: "/v1/dashboard/indicator-configs"
    method: "GET"
    status: 200
    duration_ms: 5
[2026-09-27 23:13:41.927 -0300] INFO (83921): request completed
    route: "/v1/dashboard/indicator-configs/00000000-0000-7000-8000-000084000301"
    method: "GET"
    status: 200
    duration_ms: 4
[2026-09-27 23:13:41.928 -0300] INFO (83921): request completed
    route: "/v1/dashboard/indicator-configs"
    method: "GET"
    status: 403
    duration_ms: 1
[2026-09-27 23:13:41.928 -0300] INFO (83921): request completed
    route: "/v1/dashboard/indicator-configs/00000000-0000-7000-8000-000084000301"
    method: "GET"
    status: 403
    duration_ms: 0
[2026-09-27 23:13:41.929 -0300] INFO (83921): request completed
    route: "/v1/dashboard/indicator-configs"
    method: "GET"
    status: 403
    duration_ms: 0
[2026-09-27 23:13:41.929 -0300] INFO (83921): request completed
    route: "/v1/dashboard/indicator-configs/00000000-0000-7000-8000-000084000301"
    method: "GET"
    status: 403
    duration_ms: 0
[2026-09-27 23:13:41.934 -0300] INFO (83921): request completed
    route: "/v1/dashboard/indicator-configs"
    method: "GET"
    status: 200
    duration_ms: 4
[2026-09-27 23:13:41.938 -0300] INFO (83921): request completed
    route: "/v1/dashboard/indicator-configs/00000000-0000-7000-8000-000084000301"
    method: "GET"
    status: 200
    duration_ms: 4
[2026-09-27 23:13:41.938 -0300] INFO (83921): request completed
    route: "/v1/dashboard/indicator-configs"
    method: "GET"
    status: 403
    duration_ms: 0
[2026-09-27 23:13:41.939 -0300] INFO (83921): request completed
    route: "/v1/dashboard/indicator-configs/00000000-0000-7000-8000-000084000301"
    method: "GET"
    status: 403
    duration_ms: 0
[2026-09-27 23:13:41.939 -0300] INFO (83921): request completed
    route: "/v1/dashboard/indicator-configs"
    method: "GET"
    status: 403
    duration_ms: 0
[2026-09-27 23:13:41.940 -0300] INFO (83921): request completed
    route: "/v1/dashboard/indicator-configs/00000000-0000-7000-8000-000084000301"
    method: "GET"
    status: 403
    duration_ms: 0
[2026-09-27 23:13:41.940 -0300] INFO (83921): request completed
    route: "/v1/dashboard/indicator-configs"
    method: "GET"
    status: 403
    duration_ms: 0
[2026-09-27 23:13:41.941 -0300] INFO (83921): request completed
    route: "/v1/dashboard/indicator-configs/00000000-0000-7000-8000-000084000301"
    method: "GET"
    status: 403
    duration_ms: 0
[2026-09-27 23:13:41.945 -0300] INFO (83921): request completed
    route: "/v1/dashboard/indicator-configs"
    method: "GET"
    status: 200
    duration_ms: 4
[2026-09-27 23:13:41.949 -0300] INFO (83921): request completed
    route: "/v1/dashboard/indicator-configs/00000000-0000-7000-8000-000084000301"
    method: "GET"
    status: 200
    duration_ms: 4
[2026-09-27 23:13:41.950 -0300] INFO (83921): request completed
    route: "/v1/dashboard/indicator-configs"
    method: "GET"
    status: 403
    duration_ms: 0
[2026-09-27 23:13:41.951 -0300] INFO (83921): request completed
    route: "/v1/dashboard/indicator-configs/00000000-0000-7000-8000-000084000301"
    method: "GET"
    status: 403
    duration_ms: 1
[2026-09-27 23:13:41.951 -0300] INFO (83921): request completed
    route: "/v1/dashboard/indicator-configs"
    method: "GET"
    status: 403
    duration_ms: 0
[2026-09-27 23:13:41.952 -0300] INFO (83921): request completed
    route: "/v1/dashboard/indicator-configs/00000000-0000-7000-8000-000084000301"
    method: "GET"
    status: 403
    duration_ms: 0
[2026-09-27 23:13:41.953 -0300] INFO (83921): request completed
    route: "/v1/dashboard/indicator-configs"
    method: "GET"
    status: 403
    duration_ms: 0
[2026-09-27 23:13:41.954 -0300] INFO (83921): request completed
    route: "/v1/dashboard/indicator-configs/00000000-0000-7000-8000-000084000301"
    method: "GET"
    status: 403
    duration_ms: 1
[2026-09-27 23:13:41.955 -0300] INFO (83921): request completed
    route: "/v1/dashboard/indicator-configs"
    method: "GET"
    status: 403
    duration_ms: 1
[2026-09-27 23:13:41.956 -0300] INFO (83921): request completed
    route: "/v1/dashboard/indicator-configs/00000000-0000-7000-8000-000084000301"
    method: "GET"
    status: 403
    duration_ms: 1
[2026-09-27 23:13:41.956 -0300] INFO (83921): request completed
    route: "/v1/dashboard/indicator-configs"
    method: "GET"
    status: 403
    duration_ms: 0
[2026-09-27 23:13:41.957 -0300] INFO (83921): request completed
    route: "/v1/dashboard/indicator-configs/00000000-0000-7000-8000-000084000301"
    method: "GET"
    status: 403
    duration_ms: 0
[2026-09-27 23:13:41.963 -0300] INFO (83921): request completed
    route: "/v1/dashboard/indicator-configs"
    method: "GET"
    status: 200
    duration_ms: 5
[2026-09-27 23:13:41.970 -0300] INFO (83921): request completed
    route: "/v1/dashboard/indicator-configs/00000000-0000-7000-8000-000084000301"
    method: "GET"
    status: 200
    duration_ms: 6
[2026-09-27 23:13:41.975 -0300] INFO (83921): request completed
    route: "/v1/dashboard/indicator-configs"
    method: "GET"
    status: 200
    duration_ms: 4
[2026-09-27 23:13:41.980 -0300] INFO (83921): request completed
    route: "/v1/dashboard/indicator-configs/00000000-0000-7000-8000-000084000301"
    method: "GET"
    status: 200
    duration_ms: 5
[2026-09-27 23:13:41.985 -0300] INFO (83921): request completed
    route: "/v1/dashboard/indicator-configs"
    method: "GET"
    status: 200
    duration_ms: 5
[2026-09-27 23:13:41.990 -0300] INFO (83921): request completed
    route: "/v1/dashboard/indicator-configs/00000000-0000-7000-8000-000084000301"
    method: "GET"
    status: 200
    duration_ms: 5
[2026-09-27 23:13:41.991 -0300] INFO (83921): request completed
    route: "/v1/dashboard/indicator-configs"
    method: "GET"
    status: 403
    duration_ms: 1
[2026-09-27 23:13:41.991 -0300] INFO (83921): request completed
    route: "/v1/dashboard/indicator-configs/00000000-0000-7000-8000-000084000301"
    method: "GET"
    status: 403
    duration_ms: 0
[2026-09-27 23:13:41.992 -0300] INFO (83921): request completed
    route: "/v1/dashboard/indicator-configs"
    method: "GET"
    status: 403
    duration_ms: 0
[2026-09-27 23:13:41.993 -0300] INFO (83921): request completed
    route: "/v1/dashboard/indicator-configs/00000000-0000-7000-8000-000084000301"
    method: "GET"
    status: 403
    duration_ms: 1
[2026-09-27 23:13:41.993 -0300] INFO (83921): request completed
    route: "/v1/dashboard/indicator-configs"
    method: "GET"
    status: 403
    duration_ms: 0
[2026-09-27 23:13:41.994 -0300] INFO (83921): request completed
    route: "/v1/dashboard/indicator-configs/00000000-0000-7000-8000-000084000301"
    method: "GET"
    status: 403
    duration_ms: 0
[2026-09-27 23:13:41.994 -0300] INFO (83921): request completed
    route: "/v1/dashboard/indicator-configs"
    method: "GET"
    status: 403
    duration_ms: 0
[2026-09-27 23:13:41.995 -0300] INFO (83921): request completed
    route: "/v1/dashboard/indicator-configs/00000000-0000-7000-8000-000084000301"
    method: "GET"
    status: 403
    duration_ms: 0
[2026-09-27 23:13:41.996 -0300] INFO (83921): request completed
    route: "/v1/dashboard/indicator-configs"
    method: "GET"
    status: 403
    duration_ms: 1
[2026-09-27 23:13:41.996 -0300] INFO (83921): request completed
    route: "/v1/dashboard/indicator-configs/00000000-0000-7000-8000-000084000301"
    method: "GET"
    status: 403
    duration_ms: 0
[2026-09-27 23:13:41.997 -0300] INFO (83921): request completed
    route: "/v1/dashboard/indicator-configs"
    method: "GET"
    status: 403
    duration_ms: 0
[2026-09-27 23:13:41.997 -0300] INFO (83921): request completed
    route: "/v1/dashboard/indicator-configs/00000000-0000-7000-8000-000084000301"
    method: "GET"
    status: 403
    duration_ms: 0
[2026-09-27 23:13:41.998 -0300] INFO (83921): request completed
    route: "/v1/dashboard/indicator-configs"
    method: "GET"
    status: 403
    duration_ms: 0
[2026-09-27 23:13:41.998 -0300] INFO (83921): request completed
    route: "/v1/dashboard/indicator-configs/00000000-0000-7000-8000-000084000301"
    method: "GET"
    status: 403
    duration_ms: 0
[2026-09-27 23:13:41.999 -0300] INFO (83921): request completed
    route: "/v1/dashboard/indicator-configs"
    method: "GET"
    status: 403
    duration_ms: 0
[2026-09-27 23:13:41.999 -0300] INFO (83921): request completed
    route: "/v1/dashboard/indicator-configs/00000000-0000-7000-8000-000084000301"
    method: "GET"
    status: 403
    duration_ms: 0
[2026-09-27 23:13:42.000 -0300] INFO (83921): request completed
    route: "/v1/dashboard/indicator-configs"
    method: "GET"
    status: 403
    duration_ms: 0
[2026-09-27 23:13:42.000 -0300] INFO (83921): request completed
    route: "/v1/dashboard/indicator-configs/00000000-0000-7000-8000-000084000301"
    method: "GET"
    status: 403
    duration_ms: 0
[2026-09-27 23:13:42.001 -0300] INFO (83921): request completed
    route: "/v1/dashboard/indicator-configs"
    method: "GET"
    status: 403
    duration_ms: 0
[2026-09-27 23:13:42.001 -0300] INFO (83921): request completed
    route: "/v1/dashboard/indicator-configs/00000000-0000-7000-8000-000084000301"
    method: "GET"
    status: 403
    duration_ms: 0
[2026-09-27 23:13:42.002 -0300] INFO (83921): request completed
    route: "/v1/dashboard/indicator-configs"
    method: "GET"
    status: 403
    duration_ms: 1
[2026-09-27 23:13:42.002 -0300] INFO (83921): request completed
    route: "/v1/dashboard/indicator-configs/00000000-0000-7000-8000-000084000301"
    method: "GET"
    status: 403
    duration_ms: 0
[2026-09-27 23:13:42.006 -0300] INFO (83921): request completed
    route: "/v1/dashboard/indicator-configs"
    method: "GET"
    status: 403
    duration_ms: 1
[2026-09-27 23:13:42.006 -0300] INFO (83921): request completed
    route: "/v1/dashboard/indicator-configs/00000000-0000-7000-8000-000084000301"
    method: "GET"
    status: 403
    duration_ms: 0
[2026-09-27 23:13:42.007 -0300] INFO (83921): request completed
    route: "/v1/dashboard/indicator-configs"
    method: "GET"
    status: 403
    duration_ms: 0
[2026-09-27 23:13:42.008 -0300] INFO (83921): request completed
    route: "/v1/dashboard/indicator-configs/00000000-0000-7000-8000-000084000301"
    method: "GET"
    status: 403
    duration_ms: 1
[2026-09-27 23:13:42.008 -0300] INFO (83921): request completed
    route: "/v1/dashboard/indicator-configs"
    method: "GET"
    status: 403
    duration_ms: 0
[2026-09-27 23:13:42.009 -0300] INFO (83921): request completed
    route: "/v1/dashboard/indicator-configs/00000000-0000-7000-8000-000084000301"
    method: "GET"
    status: 403
    duration_ms: 0
[2026-09-27 23:13:42.027 -0300] INFO (83921): request completed
    route: "/v1/dashboard/indicator-configs/00000000-0000-7000-8000-000084000301"
    method: "PATCH"
    status: 428
    duration_ms: 18
[2026-09-27 23:13:42.028 -0300] INFO (83921): request completed
    route: "/v1/dashboard/indicator-configs/00000000-0000-7000-8000-000084000301"
    method: "PATCH"
    status: 403
    duration_ms: 0
[2026-09-27 23:13:42.029 -0300] INFO (83921): request completed
    route: "/v1/dashboard/indicator-configs/00000000-0000-7000-8000-000084000301"
    method: "PATCH"
    status: 403
    duration_ms: 0
[2026-09-27 23:13:42.030 -0300] INFO (83921): request completed
    route: "/v1/dashboard/indicator-configs/00000000-0000-7000-8000-000084000301"
    method: "PATCH"
    status: 403
    duration_ms: 0
[2026-09-27 23:13:42.031 -0300] INFO (83921): request completed
    route: "/v1/dashboard/indicator-configs/00000000-0000-7000-8000-000084000301"
    method: "PATCH"
    status: 403
    duration_ms: 0
[2026-09-27 23:13:42.031 -0300] INFO (83921): request completed
    route: "/v1/dashboard/indicator-configs/00000000-0000-7000-8000-000084000301"
    method: "PATCH"
    status: 403
    duration_ms: 0
[2026-09-27 23:13:42.032 -0300] INFO (83921): request completed
    route: "/v1/dashboard/indicator-configs/00000000-0000-7000-8000-000084000301"
    method: "PATCH"
    status: 403
    duration_ms: 0
[2026-09-27 23:13:42.033 -0300] INFO (83921): request completed
    route: "/v1/dashboard/indicator-configs/00000000-0000-7000-8000-000084000301"
    method: "PATCH"
    status: 403
    duration_ms: 0
[2026-09-27 23:13:42.034 -0300] INFO (83921): request completed
    route: "/v1/dashboard/indicator-configs/00000000-0000-7000-8000-000084000301"
    method: "PATCH"
    status: 403
    duration_ms: 1
[2026-09-27 23:13:42.051 -0300] INFO (83921): request completed
    route: "/v1/dashboard/indicator-configs/00000000-0000-7000-8000-000084000301"
    method: "PATCH"
    status: 428
    duration_ms: 17
[2026-09-27 23:13:42.052 -0300] INFO (83921): request completed
    route: "/v1/dashboard/indicator-configs/00000000-0000-7000-8000-000084000301"
    method: "PATCH"
    status: 403
    duration_ms: 0
[2026-09-27 23:13:42.053 -0300] INFO (83921): request completed
    route: "/v1/dashboard/indicator-configs/00000000-0000-7000-8000-000084000301"
    method: "PATCH"
    status: 403
    duration_ms: 0
[2026-09-27 23:13:42.054 -0300] INFO (83921): request completed
    route: "/v1/dashboard/indicator-configs/00000000-0000-7000-8000-000084000301"
    method: "PATCH"
    status: 403
    duration_ms: 0
[2026-09-27 23:13:42.070 -0300] INFO (83921): request completed
    route: "/v1/dashboard/indicator-configs/00000000-0000-7000-8000-000084000301"
    method: "PATCH"
    status: 428
    duration_ms: 16
[2026-09-27 23:13:42.071 -0300] INFO (83921): request completed
    route: "/v1/dashboard/indicator-configs/00000000-0000-7000-8000-000084000301"
    method: "PATCH"
    status: 403
    duration_ms: 0
[2026-09-27 23:13:42.072 -0300] INFO (83921): request completed
    route: "/v1/dashboard/indicator-configs/00000000-0000-7000-8000-000084000301"
    method: "PATCH"
    status: 403
    duration_ms: 0
[2026-09-27 23:13:42.073 -0300] INFO (83921): request completed
    route: "/v1/dashboard/indicator-configs/00000000-0000-7000-8000-000084000301"
    method: "PATCH"
    status: 403
    duration_ms: 0
[2026-09-27 23:13:42.073 -0300] INFO (83921): request completed
    route: "/v1/dashboard/indicator-configs/00000000-0000-7000-8000-000084000301"
    method: "PATCH"
    status: 403
    duration_ms: 0
[2026-09-27 23:13:42.074 -0300] INFO (83921): request completed
    route: "/v1/dashboard/indicator-configs/00000000-0000-7000-8000-000084000301"
    method: "PATCH"
    status: 403
    duration_ms: 0
[2026-09-27 23:13:42.090 -0300] INFO (83921): request completed
    route: "/v1/dashboard/indicator-configs/00000000-0000-7000-8000-000084000301"
    method: "PATCH"
    status: 428
    duration_ms: 16
[2026-09-27 23:13:42.105 -0300] INFO (83921): request completed
    route: "/v1/dashboard/indicator-configs/00000000-0000-7000-8000-000084000301"
    method: "PATCH"
    status: 428
    duration_ms: 14
[2026-09-27 23:13:42.120 -0300] INFO (83921): request completed
    route: "/v1/dashboard/indicator-configs/00000000-0000-7000-8000-000084000301"
    method: "PATCH"
    status: 428
    duration_ms: 14
[2026-09-27 23:13:42.121 -0300] INFO (83921): request completed
    route: "/v1/dashboard/indicator-configs/00000000-0000-7000-8000-000084000301"
    method: "PATCH"
    status: 403
    duration_ms: 0
[2026-09-27 23:13:42.122 -0300] INFO (83921): request completed
    route: "/v1/dashboard/indicator-configs/00000000-0000-7000-8000-000084000301"
    method: "PATCH"
    status: 403
    duration_ms: 0
[2026-09-27 23:13:42.123 -0300] INFO (83921): request completed
    route: "/v1/dashboard/indicator-configs/00000000-0000-7000-8000-000084000301"
    method: "PATCH"
    status: 403
    duration_ms: 0
[2026-09-27 23:13:42.124 -0300] INFO (83921): request completed
    route: "/v1/dashboard/indicator-configs/00000000-0000-7000-8000-000084000301"
    method: "PATCH"
    status: 403
    duration_ms: 1
[2026-09-27 23:13:42.124 -0300] INFO (83921): request completed
    route: "/v1/dashboard/indicator-configs/00000000-0000-7000-8000-000084000301"
    method: "PATCH"
    status: 403
    duration_ms: 0
[2026-09-27 23:13:42.125 -0300] INFO (83921): request completed
    route: "/v1/dashboard/indicator-configs/00000000-0000-7000-8000-000084000301"
    method: "PATCH"
    status: 403
    duration_ms: 0
[2026-09-27 23:13:42.125 -0300] INFO (83921): request completed
    route: "/v1/dashboard/indicator-configs/00000000-0000-7000-8000-000084000301"
    method: "PATCH"
    status: 403
    duration_ms: 0
[2026-09-27 23:13:42.126 -0300] INFO (83921): request completed
    route: "/v1/dashboard/indicator-configs/00000000-0000-7000-8000-000084000301"
    method: "PATCH"
    status: 403
    duration_ms: 1
[2026-09-27 23:13:42.126 -0300] INFO (83921): request completed
    route: "/v1/dashboard/indicator-configs/00000000-0000-7000-8000-000084000301"
    method: "PATCH"
    status: 403
    duration_ms: 0
[2026-09-27 23:13:42.126 -0300] INFO (83921): request completed
    route: "/v1/dashboard/indicator-configs/00000000-0000-7000-8000-000084000301"
    method: "PATCH"
    status: 403
    duration_ms: 0
[2026-09-27 23:13:42.127 -0300] INFO (83921): request completed
    route: "/v1/dashboard/indicator-configs/00000000-0000-7000-8000-000084000301"
    method: "PATCH"
    status: 403
    duration_ms: 0
[2026-09-27 23:13:42.128 -0300] INFO (83921): request completed
    route: "/v1/dashboard/indicator-configs/00000000-0000-7000-8000-000084000301"
    method: "PATCH"
    status: 403
    duration_ms: 0
[2026-09-27 23:13:42.128 -0300] INFO (83921): request completed
    route: "/v1/dashboard/indicator-configs/00000000-0000-7000-8000-000084000301"
    method: "PATCH"
    status: 403
    duration_ms: 0
[2026-09-27 23:13:42.129 -0300] INFO (83921): request completed
    route: "/v1/dashboard/indicator-configs/00000000-0000-7000-8000-000084000301"
    method: "PATCH"
    status: 403
    duration_ms: 0
[2026-09-27 23:13:42.147 -0300] INFO (83921): request completed
    route: "/v1/dashboard/indicator-configs/00000000-0000-7000-8000-000084000301/publish"
    method: "POST"
    status: 428
    duration_ms: 17
[2026-09-27 23:13:42.148 -0300] INFO (83921): request completed
    route: "/v1/dashboard/indicator-configs/00000000-0000-7000-8000-000084000301/publish"
    method: "POST"
    status: 403
    duration_ms: 0
[2026-09-27 23:13:42.149 -0300] INFO (83921): request completed
    route: "/v1/dashboard/indicator-configs/00000000-0000-7000-8000-000084000301/publish"
    method: "POST"
    status: 403
    duration_ms: 0
[2026-09-27 23:13:42.149 -0300] INFO (83921): request completed
    route: "/v1/dashboard/indicator-configs/00000000-0000-7000-8000-000084000301/publish"
    method: "POST"
    status: 403
    duration_ms: 0
[2026-09-27 23:13:42.150 -0300] INFO (83921): request completed
    route: "/v1/dashboard/indicator-configs/00000000-0000-7000-8000-000084000301/publish"
    method: "POST"
    status: 403
    duration_ms: 0
[2026-09-27 23:13:42.151 -0300] INFO (83921): request completed
    route: "/v1/dashboard/indicator-configs/00000000-0000-7000-8000-000084000301/publish"
    method: "POST"
    status: 403
    duration_ms: 0
[2026-09-27 23:13:42.152 -0300] INFO (83921): request completed
    route: "/v1/dashboard/indicator-configs/00000000-0000-7000-8000-000084000301/publish"
    method: "POST"
    status: 403
    duration_ms: 1
[2026-09-27 23:13:42.152 -0300] INFO (83921): request completed
    route: "/v1/dashboard/indicator-configs/00000000-0000-7000-8000-000084000301/publish"
    method: "POST"
    status: 403
    duration_ms: 0
[2026-09-27 23:13:42.153 -0300] INFO (83921): request completed
    route: "/v1/dashboard/indicator-configs/00000000-0000-7000-8000-000084000301/publish"
    method: "POST"
    status: 403
    duration_ms: 0
[2026-09-27 23:13:42.169 -0300] INFO (83921): request completed
    route: "/v1/dashboard/indicator-configs/00000000-0000-7000-8000-000084000301/publish"
    method: "POST"
    status: 428
    duration_ms: 15
[2026-09-27 23:13:42.170 -0300] INFO (83921): request completed
    route: "/v1/dashboard/indicator-configs/00000000-0000-7000-8000-000084000301/publish"
    method: "POST"
    status: 403
    duration_ms: 0
[2026-09-27 23:13:42.171 -0300] INFO (83921): request completed
    route: "/v1/dashboard/indicator-configs/00000000-0000-7000-8000-000084000301/publish"
    method: "POST"
    status: 403
    duration_ms: 0
[2026-09-27 23:13:42.172 -0300] INFO (83921): request completed
    route: "/v1/dashboard/indicator-configs/00000000-0000-7000-8000-000084000301/publish"
    method: "POST"
    status: 403
    duration_ms: 0
[2026-09-27 23:13:42.189 -0300] INFO (83921): request completed
    route: "/v1/dashboard/indicator-configs/00000000-0000-7000-8000-000084000301/publish"
    method: "POST"
    status: 428
    duration_ms: 16
[2026-09-27 23:13:42.190 -0300] INFO (83921): request completed
    route: "/v1/dashboard/indicator-configs/00000000-0000-7000-8000-000084000301/publish"
    method: "POST"
    status: 403
    duration_ms: 1
[2026-09-27 23:13:42.191 -0300] INFO (83921): request completed
    route: "/v1/dashboard/indicator-configs/00000000-0000-7000-8000-000084000301/publish"
    method: "POST"
    status: 403
    duration_ms: 1
[2026-09-27 23:13:42.191 -0300] INFO (83921): request completed
    route: "/v1/dashboard/indicator-configs/00000000-0000-7000-8000-000084000301/publish"
    method: "POST"
    status: 403
    duration_ms: 0
[2026-09-27 23:13:42.192 -0300] INFO (83921): request completed
    route: "/v1/dashboard/indicator-configs/00000000-0000-7000-8000-000084000301/publish"
    method: "POST"
    status: 403
    duration_ms: 0
[2026-09-27 23:13:42.192 -0300] INFO (83921): request completed
    route: "/v1/dashboard/indicator-configs/00000000-0000-7000-8000-000084000301/publish"
    method: "POST"
    status: 403
    duration_ms: 0
[2026-09-27 23:13:42.208 -0300] INFO (83921): request completed
    route: "/v1/dashboard/indicator-configs/00000000-0000-7000-8000-000084000301/publish"
    method: "POST"
    status: 428
    duration_ms: 15
[2026-09-27 23:13:42.223 -0300] INFO (83921): request completed
    route: "/v1/dashboard/indicator-configs/00000000-0000-7000-8000-000084000301/publish"
    method: "POST"
    status: 428
    duration_ms: 14
[2026-09-27 23:13:42.237 -0300] INFO (83921): request completed
    route: "/v1/dashboard/indicator-configs/00000000-0000-7000-8000-000084000301/publish"
    method: "POST"
    status: 428
    duration_ms: 13
[2026-09-27 23:13:42.238 -0300] INFO (83921): request completed
    route: "/v1/dashboard/indicator-configs/00000000-0000-7000-8000-000084000301/publish"
    method: "POST"
    status: 403
    duration_ms: 1
[2026-09-27 23:13:42.239 -0300] INFO (83921): request completed
    route: "/v1/dashboard/indicator-configs/00000000-0000-7000-8000-000084000301/publish"
    method: "POST"
    status: 403
    duration_ms: 1
[2026-09-27 23:13:42.239 -0300] INFO (83921): request completed
    route: "/v1/dashboard/indicator-configs/00000000-0000-7000-8000-000084000301/publish"
    method: "POST"
    status: 403
    duration_ms: 0
[2026-09-27 23:13:42.240 -0300] INFO (83921): request completed
    route: "/v1/dashboard/indicator-configs/00000000-0000-7000-8000-000084000301/publish"
    method: "POST"
    status: 403
    duration_ms: 0
[2026-09-27 23:13:42.240 -0300] INFO (83921): request completed
    route: "/v1/dashboard/indicator-configs/00000000-0000-7000-8000-000084000301/publish"
    method: "POST"
    status: 403
    duration_ms: 0
[2026-09-27 23:13:42.241 -0300] INFO (83921): request completed
    route: "/v1/dashboard/indicator-configs/00000000-0000-7000-8000-000084000301/publish"
    method: "POST"
    status: 403
    duration_ms: 1
[2026-09-27 23:13:42.241 -0300] INFO (83921): request completed
    route: "/v1/dashboard/indicator-configs/00000000-0000-7000-8000-000084000301/publish"
    method: "POST"
    status: 403
    duration_ms: 0
[2026-09-27 23:13:42.242 -0300] INFO (83921): request completed
    route: "/v1/dashboard/indicator-configs/00000000-0000-7000-8000-000084000301/publish"
    method: "POST"
    status: 403
    duration_ms: 1
[2026-09-27 23:13:42.242 -0300] INFO (83921): request completed
    route: "/v1/dashboard/indicator-configs/00000000-0000-7000-8000-000084000301/publish"
    method: "POST"
    status: 403
    duration_ms: 0
[2026-09-27 23:13:42.243 -0300] INFO (83921): request completed
    route: "/v1/dashboard/indicator-configs/00000000-0000-7000-8000-000084000301/publish"
    method: "POST"
    status: 403
    duration_ms: 0
[2026-09-27 23:13:42.243 -0300] INFO (83921): request completed
    route: "/v1/dashboard/indicator-configs/00000000-0000-7000-8000-000084000301/publish"
    method: "POST"
    status: 403
    duration_ms: 0
[2026-09-27 23:13:42.244 -0300] INFO (83921): request completed
    route: "/v1/dashboard/indicator-configs/00000000-0000-7000-8000-000084000301/publish"
    method: "POST"
    status: 403
    duration_ms: 0
[2026-09-27 23:13:42.245 -0300] INFO (83921): request completed
    route: "/v1/dashboard/indicator-configs/00000000-0000-7000-8000-000084000301/publish"
    method: "POST"
    status: 403
    duration_ms: 0
[2026-09-27 23:13:42.245 -0300] INFO (83921): request completed
    route: "/v1/dashboard/indicator-configs/00000000-0000-7000-8000-000084000301/publish"
    method: "POST"
    status: 403
    duration_ms: 0
[2026-09-27 23:13:42.252 -0300] INFO (83921): request completed
    route: "/v1/dashboard/bi-panels"
    method: "GET"
    status: 200
    duration_ms: 6
[2026-09-27 23:13:42.259 -0300] INFO (83921): request completed
    route: "/v1/dashboard/bi-panels/00000000-0000-7000-8000-000084000401"
    method: "GET"
    status: 200
    duration_ms: 6
[2026-09-27 23:13:42.261 -0300] INFO (83921): request completed
    route: "/v1/dashboard/bi-panels"
    method: "GET"
    status: 403
    duration_ms: 1
[2026-09-27 23:13:42.261 -0300] INFO (83921): request completed
    route: "/v1/dashboard/bi-panels/00000000-0000-7000-8000-000084000401"
    method: "GET"
    status: 403
    duration_ms: 0
[2026-09-27 23:13:42.262 -0300] INFO (83921): request completed
    route: "/v1/dashboard/bi-panels"
    method: "GET"
    status: 403
    duration_ms: 0
[2026-09-27 23:13:42.263 -0300] INFO (83921): request completed
    route: "/v1/dashboard/bi-panels/00000000-0000-7000-8000-000084000401"
    method: "GET"
    status: 403
    duration_ms: 0
[2026-09-27 23:13:42.264 -0300] INFO (83921): request completed
    route: "/v1/dashboard/bi-panels"
    method: "GET"
    status: 403
    duration_ms: 1
[2026-09-27 23:13:42.264 -0300] INFO (83921): request completed
    route: "/v1/dashboard/bi-panels/00000000-0000-7000-8000-000084000401"
    method: "GET"
    status: 403
    duration_ms: 0
[2026-09-27 23:13:42.265 -0300] INFO (83921): request completed
    route: "/v1/dashboard/bi-panels"
    method: "GET"
    status: 403
    duration_ms: 1
[2026-09-27 23:13:42.265 -0300] INFO (83921): request completed
    route: "/v1/dashboard/bi-panels/00000000-0000-7000-8000-000084000401"
    method: "GET"
    status: 403
    duration_ms: 0
[2026-09-27 23:13:42.265 -0300] INFO (83921): request completed
    route: "/v1/dashboard/bi-panels"
    method: "GET"
    status: 403
    duration_ms: 0
[2026-09-27 23:13:42.266 -0300] INFO (83921): request completed
    route: "/v1/dashboard/bi-panels/00000000-0000-7000-8000-000084000401"
    method: "GET"
    status: 403
    duration_ms: 0
[2026-09-27 23:13:42.272 -0300] INFO (83921): request completed
    route: "/v1/dashboard/bi-panels"
    method: "GET"
    status: 200
    duration_ms: 6
[2026-09-27 23:13:42.276 -0300] INFO (83921): request completed
    route: "/v1/dashboard/bi-panels/00000000-0000-7000-8000-000084000401"
    method: "GET"
    status: 200
    duration_ms: 4
[2026-09-27 23:13:42.277 -0300] INFO (83921): request completed
    route: "/v1/dashboard/bi-panels"
    method: "GET"
    status: 403
    duration_ms: 0
[2026-09-27 23:13:42.278 -0300] INFO (83921): request completed
    route: "/v1/dashboard/bi-panels/00000000-0000-7000-8000-000084000401"
    method: "GET"
    status: 403
    duration_ms: 1
[2026-09-27 23:13:42.278 -0300] INFO (83921): request completed
    route: "/v1/dashboard/bi-panels"
    method: "GET"
    status: 403
    duration_ms: 0
[2026-09-27 23:13:42.279 -0300] INFO (83921): request completed
    route: "/v1/dashboard/bi-panels/00000000-0000-7000-8000-000084000401"
    method: "GET"
    status: 403
    duration_ms: 0
[2026-09-27 23:13:42.284 -0300] INFO (83921): request completed
    route: "/v1/dashboard/bi-panels"
    method: "GET"
    status: 200
    duration_ms: 4
[2026-09-27 23:13:42.290 -0300] INFO (83921): request completed
    route: "/v1/dashboard/bi-panels/00000000-0000-7000-8000-000084000401"
    method: "GET"
    status: 200
    duration_ms: 5
[2026-09-27 23:13:42.291 -0300] INFO (83921): request completed
    route: "/v1/dashboard/bi-panels"
    method: "GET"
    status: 403
    duration_ms: 0
[2026-09-27 23:13:42.292 -0300] INFO (83921): request completed
    route: "/v1/dashboard/bi-panels/00000000-0000-7000-8000-000084000401"
    method: "GET"
    status: 403
    duration_ms: 1
[2026-09-27 23:13:42.293 -0300] INFO (83921): request completed
    route: "/v1/dashboard/bi-panels"
    method: "GET"
    status: 403
    duration_ms: 0
[2026-09-27 23:13:42.293 -0300] INFO (83921): request completed
    route: "/v1/dashboard/bi-panels/00000000-0000-7000-8000-000084000401"
    method: "GET"
    status: 403
    duration_ms: 0
[2026-09-27 23:13:42.294 -0300] INFO (83921): request completed
    route: "/v1/dashboard/bi-panels"
    method: "GET"
    status: 403
    duration_ms: 0
[2026-09-27 23:13:42.294 -0300] INFO (83921): request completed
    route: "/v1/dashboard/bi-panels/00000000-0000-7000-8000-000084000401"
    method: "GET"
    status: 403
    duration_ms: 0
[2026-09-27 23:13:42.299 -0300] INFO (83921): request completed
    route: "/v1/dashboard/bi-panels"
    method: "GET"
    status: 200
    duration_ms: 4
[2026-09-27 23:13:42.303 -0300] INFO (83921): request completed
    route: "/v1/dashboard/bi-panels/00000000-0000-7000-8000-000084000401"
    method: "GET"
    status: 200
    duration_ms: 4
[2026-09-27 23:13:42.303 -0300] INFO (83921): request completed
    route: "/v1/dashboard/bi-panels"
    method: "GET"
    status: 403
    duration_ms: 0
[2026-09-27 23:13:42.304 -0300] INFO (83921): request completed
    route: "/v1/dashboard/bi-panels/00000000-0000-7000-8000-000084000401"
    method: "GET"
    status: 403
    duration_ms: 0
[2026-09-27 23:13:42.305 -0300] INFO (83921): request completed
    route: "/v1/dashboard/bi-panels"
    method: "GET"
    status: 403
    duration_ms: 0
[2026-09-27 23:13:42.306 -0300] INFO (83921): request completed
    route: "/v1/dashboard/bi-panels/00000000-0000-7000-8000-000084000401"
    method: "GET"
    status: 403
    duration_ms: 0
[2026-09-27 23:13:42.306 -0300] INFO (83921): request completed
    route: "/v1/dashboard/bi-panels"
    method: "GET"
    status: 403
    duration_ms: 0
[2026-09-27 23:13:42.307 -0300] INFO (83921): request completed
    route: "/v1/dashboard/bi-panels/00000000-0000-7000-8000-000084000401"
    method: "GET"
    status: 403
    duration_ms: 0
[2026-09-27 23:13:42.308 -0300] INFO (83921): request completed
    route: "/v1/dashboard/bi-panels"
    method: "GET"
    status: 403
    duration_ms: 1
[2026-09-27 23:13:42.308 -0300] INFO (83921): request completed
    route: "/v1/dashboard/bi-panels/00000000-0000-7000-8000-000084000401"
    method: "GET"
    status: 403
    duration_ms: 0
[2026-09-27 23:13:42.309 -0300] INFO (83921): request completed
    route: "/v1/dashboard/bi-panels"
    method: "GET"
    status: 403
    duration_ms: 0
[2026-09-27 23:13:42.310 -0300] INFO (83921): request completed
    route: "/v1/dashboard/bi-panels/00000000-0000-7000-8000-000084000401"
    method: "GET"
    status: 403
    duration_ms: 1
[2026-09-27 23:13:42.316 -0300] INFO (83921): request completed
    route: "/v1/dashboard/bi-panels"
    method: "GET"
    status: 200
    duration_ms: 6
[2026-09-27 23:13:42.323 -0300] INFO (83921): request completed
    route: "/v1/dashboard/bi-panels/00000000-0000-7000-8000-000084000401"
    method: "GET"
    status: 200
    duration_ms: 6
[2026-09-27 23:13:42.328 -0300] INFO (83921): request completed
    route: "/v1/dashboard/bi-panels"
    method: "GET"
    status: 200
    duration_ms: 5
[2026-09-27 23:13:42.333 -0300] INFO (83921): request completed
    route: "/v1/dashboard/bi-panels/00000000-0000-7000-8000-000084000401"
    method: "GET"
    status: 200
    duration_ms: 5
[2026-09-27 23:13:42.337 -0300] INFO (83921): request completed
    route: "/v1/dashboard/bi-panels"
    method: "GET"
    status: 200
    duration_ms: 4
[2026-09-27 23:13:42.342 -0300] INFO (83921): request completed
    route: "/v1/dashboard/bi-panels/00000000-0000-7000-8000-000084000401"
    method: "GET"
    status: 200
    duration_ms: 4
[2026-09-27 23:13:42.343 -0300] INFO (83921): request completed
    route: "/v1/dashboard/bi-panels"
    method: "GET"
    status: 403
    duration_ms: 0
[2026-09-27 23:13:42.344 -0300] INFO (83921): request completed
    route: "/v1/dashboard/bi-panels/00000000-0000-7000-8000-000084000401"
    method: "GET"
    status: 403
    duration_ms: 1
[2026-09-27 23:13:42.344 -0300] INFO (83921): request completed
    route: "/v1/dashboard/bi-panels"
    method: "GET"
    status: 403
    duration_ms: 0
[2026-09-27 23:13:42.345 -0300] INFO (83921): request completed
    route: "/v1/dashboard/bi-panels/00000000-0000-7000-8000-000084000401"
    method: "GET"
    status: 403
    duration_ms: 0
[2026-09-27 23:13:42.346 -0300] INFO (83921): request completed
    route: "/v1/dashboard/bi-panels"
    method: "GET"
    status: 403
    duration_ms: 1
[2026-09-27 23:13:42.347 -0300] INFO (83921): request completed
    route: "/v1/dashboard/bi-panels/00000000-0000-7000-8000-000084000401"
    method: "GET"
    status: 403
    duration_ms: 1
[2026-09-27 23:13:42.348 -0300] INFO (83921): request completed
    route: "/v1/dashboard/bi-panels"
    method: "GET"
    status: 403
    duration_ms: 1
[2026-09-27 23:13:42.348 -0300] INFO (83921): request completed
    route: "/v1/dashboard/bi-panels/00000000-0000-7000-8000-000084000401"
    method: "GET"
    status: 403
    duration_ms: 0
[2026-09-27 23:13:42.349 -0300] INFO (83921): request completed
    route: "/v1/dashboard/bi-panels"
    method: "GET"
    status: 403
    duration_ms: 0
[2026-09-27 23:13:42.349 -0300] INFO (83921): request completed
    route: "/v1/dashboard/bi-panels/00000000-0000-7000-8000-000084000401"
    method: "GET"
    status: 403
    duration_ms: 0
[2026-09-27 23:13:42.350 -0300] INFO (83921): request completed
    route: "/v1/dashboard/bi-panels"
    method: "GET"
    status: 403
    duration_ms: 0
[2026-09-27 23:13:42.351 -0300] INFO (83921): request completed
    route: "/v1/dashboard/bi-panels/00000000-0000-7000-8000-000084000401"
    method: "GET"
    status: 403
    duration_ms: 1
[2026-09-27 23:13:42.351 -0300] INFO (83921): request completed
    route: "/v1/dashboard/bi-panels"
    method: "GET"
    status: 403
    duration_ms: 0
[2026-09-27 23:13:42.352 -0300] INFO (83921): request completed
    route: "/v1/dashboard/bi-panels/00000000-0000-7000-8000-000084000401"
    method: "GET"
    status: 403
    duration_ms: 0
[2026-09-27 23:13:42.353 -0300] INFO (83921): request completed
    route: "/v1/dashboard/bi-panels"
    method: "GET"
    status: 403
    duration_ms: 0
[2026-09-27 23:13:42.353 -0300] INFO (83921): request completed
    route: "/v1/dashboard/bi-panels/00000000-0000-7000-8000-000084000401"
    method: "GET"
    status: 403
    duration_ms: 0
[2026-09-27 23:13:42.354 -0300] INFO (83921): request completed
    route: "/v1/dashboard/bi-panels"
    method: "GET"
    status: 403
    duration_ms: 0
[2026-09-27 23:13:42.355 -0300] INFO (83921): request completed
    route: "/v1/dashboard/bi-panels/00000000-0000-7000-8000-000084000401"
    method: "GET"
    status: 403
    duration_ms: 0
[2026-09-27 23:13:42.356 -0300] INFO (83921): request completed
    route: "/v1/dashboard/bi-panels"
    method: "GET"
    status: 403
    duration_ms: 0
[2026-09-27 23:13:42.356 -0300] INFO (83921): request completed
    route: "/v1/dashboard/bi-panels/00000000-0000-7000-8000-000084000401"
    method: "GET"
    status: 403
    duration_ms: 0
[2026-09-27 23:13:42.357 -0300] INFO (83921): request completed
    route: "/v1/dashboard/bi-panels"
    method: "GET"
    status: 403
    duration_ms: 0
[2026-09-27 23:13:42.357 -0300] INFO (83921): request completed
    route: "/v1/dashboard/bi-panels/00000000-0000-7000-8000-000084000401"
    method: "GET"
    status: 403
    duration_ms: 0
[2026-09-27 23:13:42.358 -0300] INFO (83921): request completed
    route: "/v1/dashboard/bi-panels"
    method: "GET"
    status: 403
    duration_ms: 0
[2026-09-27 23:13:42.358 -0300] INFO (83921): request completed
    route: "/v1/dashboard/bi-panels/00000000-0000-7000-8000-000084000401"
    method: "GET"
    status: 403
    duration_ms: 0
[2026-09-27 23:13:42.359 -0300] INFO (83921): request completed
    route: "/v1/dashboard/bi-panels"
    method: "GET"
    status: 403
    duration_ms: 0
[2026-09-27 23:13:42.359 -0300] INFO (83921): request completed
    route: "/v1/dashboard/bi-panels/00000000-0000-7000-8000-000084000401"
    method: "GET"
    status: 403
    duration_ms: 0
[2026-09-27 23:13:42.360 -0300] INFO (83921): request completed
    route: "/v1/dashboard/bi-panels"
    method: "GET"
    status: 403
    duration_ms: 0
[2026-09-27 23:13:42.360 -0300] INFO (83921): request completed
    route: "/v1/dashboard/bi-panels/00000000-0000-7000-8000-000084000401"
    method: "GET"
    status: 403
    duration_ms: 0
[2026-09-27 23:13:42.378 -0300] INFO (83921): request completed
    route: "/v1/dashboard/bi-panels"
    method: "POST"
    status: 400
    duration_ms: 17
[2026-09-27 23:13:42.399 -0300] INFO (83921): request completed
    route: "/v1/dashboard/bi-panels/00000000-0000-7000-8000-000084000401"
    method: "PATCH"
    status: 428
    duration_ms: 18
[2026-09-27 23:13:42.417 -0300] INFO (83921): request completed
    route: "/v1/dashboard/bi-panels/00000000-0000-7000-8000-000084000401/publish"
    method: "POST"
    status: 428
    duration_ms: 17
[2026-09-27 23:13:42.418 -0300] INFO (83921): request completed
    route: "/v1/dashboard/bi-panels"
    method: "POST"
    status: 403
    duration_ms: 0
[2026-09-27 23:13:42.419 -0300] INFO (83921): request completed
    route: "/v1/dashboard/bi-panels/00000000-0000-7000-8000-000084000401"
    method: "PATCH"
    status: 403
    duration_ms: 0
[2026-09-27 23:13:42.420 -0300] INFO (83921): request completed
    route: "/v1/dashboard/bi-panels/00000000-0000-7000-8000-000084000401/publish"
    method: "POST"
    status: 403
    duration_ms: 1
[2026-09-27 23:13:42.421 -0300] INFO (83921): request completed
    route: "/v1/dashboard/bi-panels"
    method: "POST"
    status: 403
    duration_ms: 1
[2026-09-27 23:13:42.422 -0300] INFO (83921): request completed
    route: "/v1/dashboard/bi-panels/00000000-0000-7000-8000-000084000401"
    method: "PATCH"
    status: 403
    duration_ms: 1
[2026-09-27 23:13:42.422 -0300] INFO (83921): request completed
    route: "/v1/dashboard/bi-panels/00000000-0000-7000-8000-000084000401/publish"
    method: "POST"
    status: 403
    duration_ms: 0
[2026-09-27 23:13:42.423 -0300] INFO (83921): request completed
    route: "/v1/dashboard/bi-panels"
    method: "POST"
    status: 403
    duration_ms: 0
[2026-09-27 23:13:42.424 -0300] INFO (83921): request completed
    route: "/v1/dashboard/bi-panels/00000000-0000-7000-8000-000084000401"
    method: "PATCH"
    status: 403
    duration_ms: 1
[2026-09-27 23:13:42.424 -0300] INFO (83921): request completed
    route: "/v1/dashboard/bi-panels/00000000-0000-7000-8000-000084000401/publish"
    method: "POST"
    status: 403
    duration_ms: 0
[2026-09-27 23:13:42.425 -0300] INFO (83921): request completed
    route: "/v1/dashboard/bi-panels"
    method: "POST"
    status: 403
    duration_ms: 1
[2026-09-27 23:13:42.425 -0300] INFO (83921): request completed
    route: "/v1/dashboard/bi-panels/00000000-0000-7000-8000-000084000401"
    method: "PATCH"
    status: 403
    duration_ms: 0
[2026-09-27 23:13:42.426 -0300] INFO (83921): request completed
    route: "/v1/dashboard/bi-panels/00000000-0000-7000-8000-000084000401/publish"
    method: "POST"
    status: 403
    duration_ms: 1
[2026-09-27 23:13:42.426 -0300] INFO (83921): request completed
    route: "/v1/dashboard/bi-panels"
    method: "POST"
    status: 403
    duration_ms: 0
[2026-09-27 23:13:42.427 -0300] INFO (83921): request completed
    route: "/v1/dashboard/bi-panels/00000000-0000-7000-8000-000084000401"
    method: "PATCH"
    status: 403
    duration_ms: 0
[2026-09-27 23:13:42.427 -0300] INFO (83921): request completed
    route: "/v1/dashboard/bi-panels/00000000-0000-7000-8000-000084000401/publish"
    method: "POST"
    status: 403
    duration_ms: 0
[2026-09-27 23:13:42.428 -0300] INFO (83921): request completed
    route: "/v1/dashboard/bi-panels"
    method: "POST"
    status: 403
    duration_ms: 1
[2026-09-27 23:13:42.428 -0300] INFO (83921): request completed
    route: "/v1/dashboard/bi-panels/00000000-0000-7000-8000-000084000401"
    method: "PATCH"
    status: 403
    duration_ms: 0
[2026-09-27 23:13:42.429 -0300] INFO (83921): request completed
    route: "/v1/dashboard/bi-panels/00000000-0000-7000-8000-000084000401/publish"
    method: "POST"
    status: 403
    duration_ms: 1
[2026-09-27 23:13:42.429 -0300] INFO (83921): request completed
    route: "/v1/dashboard/bi-panels"
    method: "POST"
    status: 403
    duration_ms: 0
[2026-09-27 23:13:42.430 -0300] INFO (83921): request completed
    route: "/v1/dashboard/bi-panels/00000000-0000-7000-8000-000084000401"
    method: "PATCH"
    status: 403
    duration_ms: 0
[2026-09-27 23:13:42.431 -0300] INFO (83921): request completed
    route: "/v1/dashboard/bi-panels/00000000-0000-7000-8000-000084000401/publish"
    method: "POST"
    status: 403
    duration_ms: 1
[2026-09-27 23:13:42.431 -0300] INFO (83921): request completed
    route: "/v1/dashboard/bi-panels"
    method: "POST"
    status: 403
    duration_ms: 0
[2026-09-27 23:13:42.432 -0300] INFO (83921): request completed
    route: "/v1/dashboard/bi-panels/00000000-0000-7000-8000-000084000401"
    method: "PATCH"
    status: 403
    duration_ms: 1
[2026-09-27 23:13:42.432 -0300] INFO (83921): request completed
    route: "/v1/dashboard/bi-panels/00000000-0000-7000-8000-000084000401/publish"
    method: "POST"
    status: 403
    duration_ms: 0
[2026-09-27 23:13:42.447 -0300] INFO (83921): request completed
    route: "/v1/dashboard/bi-panels"
    method: "POST"
    status: 400
    duration_ms: 15
[2026-09-27 23:13:42.462 -0300] INFO (83921): request completed
    route: "/v1/dashboard/bi-panels/00000000-0000-7000-8000-000084000401"
    method: "PATCH"
    status: 428
    duration_ms: 14
[2026-09-27 23:13:42.476 -0300] INFO (83921): request completed
    route: "/v1/dashboard/bi-panels/00000000-0000-7000-8000-000084000401/publish"
    method: "POST"
    status: 428
    duration_ms: 14
[2026-09-27 23:13:42.478 -0300] INFO (83921): request completed
    route: "/v1/dashboard/bi-panels"
    method: "POST"
    status: 403
    duration_ms: 1
[2026-09-27 23:13:42.478 -0300] INFO (83921): request completed
    route: "/v1/dashboard/bi-panels/00000000-0000-7000-8000-000084000401"
    method: "PATCH"
    status: 403
    duration_ms: 0
[2026-09-27 23:13:42.479 -0300] INFO (83921): request completed
    route: "/v1/dashboard/bi-panels/00000000-0000-7000-8000-000084000401/publish"
    method: "POST"
    status: 403
    duration_ms: 0
[2026-09-27 23:13:42.479 -0300] INFO (83921): request completed
    route: "/v1/dashboard/bi-panels"
    method: "POST"
    status: 403
    duration_ms: 0
[2026-09-27 23:13:42.480 -0300] INFO (83921): request completed
    route: "/v1/dashboard/bi-panels/00000000-0000-7000-8000-000084000401"
    method: "PATCH"
    status: 403
    duration_ms: 0
[2026-09-27 23:13:42.480 -0300] INFO (83921): request completed
    route: "/v1/dashboard/bi-panels/00000000-0000-7000-8000-000084000401/publish"
    method: "POST"
    status: 403
    duration_ms: 0
[2026-09-27 23:13:42.481 -0300] INFO (83921): request completed
    route: "/v1/dashboard/bi-panels"
    method: "POST"
    status: 403
    duration_ms: 0
[2026-09-27 23:13:42.481 -0300] INFO (83921): request completed
    route: "/v1/dashboard/bi-panels/00000000-0000-7000-8000-000084000401"
    method: "PATCH"
    status: 403
    duration_ms: 0
[2026-09-27 23:13:42.482 -0300] INFO (83921): request completed
    route: "/v1/dashboard/bi-panels/00000000-0000-7000-8000-000084000401/publish"
    method: "POST"
    status: 403
    duration_ms: 0
[2026-09-27 23:13:42.495 -0300] INFO (83921): request completed
    route: "/v1/dashboard/bi-panels"
    method: "POST"
    status: 400
    duration_ms: 13
[2026-09-27 23:13:42.509 -0300] INFO (83921): request completed
    route: "/v1/dashboard/bi-panels/00000000-0000-7000-8000-000084000401"
    method: "PATCH"
    status: 428
    duration_ms: 14
[2026-09-27 23:13:42.524 -0300] INFO (83921): request completed
    route: "/v1/dashboard/bi-panels/00000000-0000-7000-8000-000084000401/publish"
    method: "POST"
    status: 428
    duration_ms: 15
[2026-09-27 23:13:42.525 -0300] INFO (83921): request completed
    route: "/v1/dashboard/bi-panels"
    method: "POST"
    status: 403
    duration_ms: 0
[2026-09-27 23:13:42.526 -0300] INFO (83921): request completed
    route: "/v1/dashboard/bi-panels/00000000-0000-7000-8000-000084000401"
    method: "PATCH"
    status: 403
    duration_ms: 0
[2026-09-27 23:13:42.527 -0300] INFO (83921): request completed
    route: "/v1/dashboard/bi-panels/00000000-0000-7000-8000-000084000401/publish"
    method: "POST"
    status: 403
    duration_ms: 1
[2026-09-27 23:13:42.527 -0300] INFO (83921): request completed
    route: "/v1/dashboard/bi-panels"
    method: "POST"
    status: 403
    duration_ms: 0
[2026-09-27 23:13:42.528 -0300] INFO (83921): request completed
    route: "/v1/dashboard/bi-panels/00000000-0000-7000-8000-000084000401"
    method: "PATCH"
    status: 403
    duration_ms: 0
[2026-09-27 23:13:42.528 -0300] INFO (83921): request completed
    route: "/v1/dashboard/bi-panels/00000000-0000-7000-8000-000084000401/publish"
    method: "POST"
    status: 403
    duration_ms: 0
[2026-09-27 23:13:42.529 -0300] INFO (83921): request completed
    route: "/v1/dashboard/bi-panels"
    method: "POST"
    status: 403
    duration_ms: 0
[2026-09-27 23:13:42.529 -0300] INFO (83921): request completed
    route: "/v1/dashboard/bi-panels/00000000-0000-7000-8000-000084000401"
    method: "PATCH"
    status: 403
    duration_ms: 0
[2026-09-27 23:13:42.530 -0300] INFO (83921): request completed
    route: "/v1/dashboard/bi-panels/00000000-0000-7000-8000-000084000401/publish"
    method: "POST"
    status: 403
    duration_ms: 0
[2026-09-27 23:13:42.531 -0300] INFO (83921): request completed
    route: "/v1/dashboard/bi-panels"
    method: "POST"
    status: 403
    duration_ms: 1
[2026-09-27 23:13:42.531 -0300] INFO (83921): request completed
    route: "/v1/dashboard/bi-panels/00000000-0000-7000-8000-000084000401"
    method: "PATCH"
    status: 403
    duration_ms: 0
[2026-09-27 23:13:42.532 -0300] INFO (83921): request completed
    route: "/v1/dashboard/bi-panels/00000000-0000-7000-8000-000084000401/publish"
    method: "POST"
    status: 403
    duration_ms: 0
[2026-09-27 23:13:42.532 -0300] INFO (83921): request completed
    route: "/v1/dashboard/bi-panels"
    method: "POST"
    status: 403
    duration_ms: 0
[2026-09-27 23:13:42.533 -0300] INFO (83921): request completed
    route: "/v1/dashboard/bi-panels/00000000-0000-7000-8000-000084000401"
    method: "PATCH"
    status: 403
    duration_ms: 1
[2026-09-27 23:13:42.534 -0300] INFO (83921): request completed
    route: "/v1/dashboard/bi-panels/00000000-0000-7000-8000-000084000401/publish"
    method: "POST"
    status: 403
    duration_ms: 1
[2026-09-27 23:13:42.547 -0300] INFO (83921): request completed
    route: "/v1/dashboard/bi-panels"
    method: "POST"
    status: 400
    duration_ms: 13
[2026-09-27 23:13:42.562 -0300] INFO (83921): request completed
    route: "/v1/dashboard/bi-panels/00000000-0000-7000-8000-000084000401"
    method: "PATCH"
    status: 428
    duration_ms: 14
[2026-09-27 23:13:42.577 -0300] INFO (83921): request completed
    route: "/v1/dashboard/bi-panels/00000000-0000-7000-8000-000084000401/publish"
    method: "POST"
    status: 428
    duration_ms: 14
[2026-09-27 23:13:42.590 -0300] INFO (83921): request completed
    route: "/v1/dashboard/bi-panels"
    method: "POST"
    status: 400
    duration_ms: 12
[2026-09-27 23:13:42.607 -0300] INFO (83921): request completed
    route: "/v1/dashboard/bi-panels/00000000-0000-7000-8000-000084000401"
    method: "PATCH"
    status: 428
    duration_ms: 16
[2026-09-27 23:13:42.625 -0300] INFO (83921): request completed
    route: "/v1/dashboard/bi-panels/00000000-0000-7000-8000-000084000401/publish"
    method: "POST"
    status: 428
    duration_ms: 18
[2026-09-27 23:13:42.638 -0300] INFO (83921): request completed
    route: "/v1/dashboard/bi-panels"
    method: "POST"
    status: 400
    duration_ms: 12
[2026-09-27 23:13:42.655 -0300] INFO (83921): request completed
    route: "/v1/dashboard/bi-panels/00000000-0000-7000-8000-000084000401"
    method: "PATCH"
    status: 428
    duration_ms: 16
[2026-09-27 23:13:42.670 -0300] INFO (83921): request completed
    route: "/v1/dashboard/bi-panels/00000000-0000-7000-8000-000084000401/publish"
    method: "POST"
    status: 428
    duration_ms: 15
[2026-09-27 23:13:42.672 -0300] INFO (83921): request completed
    route: "/v1/dashboard/bi-panels"
    method: "POST"
    status: 403
    duration_ms: 1
[2026-09-27 23:13:42.672 -0300] INFO (83921): request completed
    route: "/v1/dashboard/bi-panels/00000000-0000-7000-8000-000084000401"
    method: "PATCH"
    status: 403
    duration_ms: 0
[2026-09-27 23:13:42.673 -0300] INFO (83921): request completed
    route: "/v1/dashboard/bi-panels/00000000-0000-7000-8000-000084000401/publish"
    method: "POST"
    status: 403
    duration_ms: 0
[2026-09-27 23:13:42.674 -0300] INFO (83921): request completed
    route: "/v1/dashboard/bi-panels"
    method: "POST"
    status: 403
    duration_ms: 0
[2026-09-27 23:13:42.674 -0300] INFO (83921): request completed
    route: "/v1/dashboard/bi-panels/00000000-0000-7000-8000-000084000401"
    method: "PATCH"
    status: 403
    duration_ms: 0
[2026-09-27 23:13:42.675 -0300] INFO (83921): request completed
    route: "/v1/dashboard/bi-panels/00000000-0000-7000-8000-000084000401/publish"
    method: "POST"
    status: 403
    duration_ms: 0
[2026-09-27 23:13:42.675 -0300] INFO (83921): request completed
    route: "/v1/dashboard/bi-panels"
    method: "POST"
    status: 403
    duration_ms: 0
[2026-09-27 23:13:42.676 -0300] INFO (83921): request completed
    route: "/v1/dashboard/bi-panels/00000000-0000-7000-8000-000084000401"
    method: "PATCH"
    status: 403
    duration_ms: 0
[2026-09-27 23:13:42.676 -0300] INFO (83921): request completed
    route: "/v1/dashboard/bi-panels/00000000-0000-7000-8000-000084000401/publish"
    method: "POST"
    status: 403
    duration_ms: 0
[2026-09-27 23:13:42.677 -0300] INFO (83921): request completed
    route: "/v1/dashboard/bi-panels"
    method: "POST"
    status: 403
    duration_ms: 0
[2026-09-27 23:13:42.677 -0300] INFO (83921): request completed
    route: "/v1/dashboard/bi-panels/00000000-0000-7000-8000-000084000401"
    method: "PATCH"
    status: 403
    duration_ms: 0
[2026-09-27 23:13:42.677 -0300] INFO (83921): request completed
    route: "/v1/dashboard/bi-panels/00000000-0000-7000-8000-000084000401/publish"
    method: "POST"
    status: 403
    duration_ms: 0
[2026-09-27 23:13:42.678 -0300] INFO (83921): request completed
    route: "/v1/dashboard/bi-panels"
    method: "POST"
    status: 403
    duration_ms: 0
[2026-09-27 23:13:42.679 -0300] INFO (83921): request completed
    route: "/v1/dashboard/bi-panels/00000000-0000-7000-8000-000084000401"
    method: "PATCH"
    status: 403
    duration_ms: 1
[2026-09-27 23:13:42.679 -0300] INFO (83921): request completed
    route: "/v1/dashboard/bi-panels/00000000-0000-7000-8000-000084000401/publish"
    method: "POST"
    status: 403
    duration_ms: 0
[2026-09-27 23:13:42.680 -0300] INFO (83921): request completed
    route: "/v1/dashboard/bi-panels"
    method: "POST"
    status: 403
    duration_ms: 0
[2026-09-27 23:13:42.681 -0300] INFO (83921): request completed
    route: "/v1/dashboard/bi-panels/00000000-0000-7000-8000-000084000401"
    method: "PATCH"
    status: 403
    duration_ms: 0
[2026-09-27 23:13:42.681 -0300] INFO (83921): request completed
    route: "/v1/dashboard/bi-panels/00000000-0000-7000-8000-000084000401/publish"
    method: "POST"
    status: 403
    duration_ms: 0
[2026-09-27 23:13:42.682 -0300] INFO (83921): request completed
    route: "/v1/dashboard/bi-panels"
    method: "POST"
    status: 403
    duration_ms: 0
[2026-09-27 23:13:42.682 -0300] INFO (83921): request completed
    route: "/v1/dashboard/bi-panels/00000000-0000-7000-8000-000084000401"
    method: "PATCH"
    status: 403
    duration_ms: 0
[2026-09-27 23:13:42.683 -0300] INFO (83921): request completed
    route: "/v1/dashboard/bi-panels/00000000-0000-7000-8000-000084000401/publish"
    method: "POST"
    status: 403
    duration_ms: 0
[2026-09-27 23:13:42.683 -0300] INFO (83921): request completed
    route: "/v1/dashboard/bi-panels"
    method: "POST"
    status: 403
    duration_ms: 0
[2026-09-27 23:13:42.684 -0300] INFO (83921): request completed
    route: "/v1/dashboard/bi-panels/00000000-0000-7000-8000-000084000401"
    method: "PATCH"
    status: 403
    duration_ms: 0
[2026-09-27 23:13:42.684 -0300] INFO (83921): request completed
    route: "/v1/dashboard/bi-panels/00000000-0000-7000-8000-000084000401/publish"
    method: "POST"
    status: 403
    duration_ms: 0
[2026-09-27 23:13:42.685 -0300] INFO (83921): request completed
    route: "/v1/dashboard/bi-panels"
    method: "POST"
    status: 403
    duration_ms: 0
[2026-09-27 23:13:42.685 -0300] INFO (83921): request completed
    route: "/v1/dashboard/bi-panels/00000000-0000-7000-8000-000084000401"
    method: "PATCH"
    status: 403
    duration_ms: 0
[2026-09-27 23:13:42.686 -0300] INFO (83921): request completed
    route: "/v1/dashboard/bi-panels/00000000-0000-7000-8000-000084000401/publish"
    method: "POST"
    status: 403
    duration_ms: 0
[2026-09-27 23:13:42.686 -0300] INFO (83921): request completed
    route: "/v1/dashboard/bi-panels"
    method: "POST"
    status: 403
    duration_ms: 0
[2026-09-27 23:13:42.687 -0300] INFO (83921): request completed
    route: "/v1/dashboard/bi-panels/00000000-0000-7000-8000-000084000401"
    method: "PATCH"
    status: 403
    duration_ms: 0
[2026-09-27 23:13:42.688 -0300] INFO (83921): request completed
    route: "/v1/dashboard/bi-panels/00000000-0000-7000-8000-000084000401/publish"
    method: "POST"
    status: 403
    duration_ms: 0
[2026-09-27 23:13:42.689 -0300] INFO (83921): request completed
    route: "/v1/dashboard/bi-panels"
    method: "POST"
    status: 403
    duration_ms: 0
[2026-09-27 23:13:42.689 -0300] INFO (83921): request completed
    route: "/v1/dashboard/bi-panels/00000000-0000-7000-8000-000084000401"
    method: "PATCH"
    status: 403
    duration_ms: 0
[2026-09-27 23:13:42.690 -0300] INFO (83921): request completed
    route: "/v1/dashboard/bi-panels/00000000-0000-7000-8000-000084000401/publish"
    method: "POST"
    status: 403
    duration_ms: 0
[2026-09-27 23:13:42.690 -0300] INFO (83921): request completed
    route: "/v1/dashboard/bi-panels"
    method: "POST"
    status: 403
    duration_ms: 0
[2026-09-27 23:13:42.691 -0300] INFO (83921): request completed
    route: "/v1/dashboard/bi-panels/00000000-0000-7000-8000-000084000401"
    method: "PATCH"
    status: 403
    duration_ms: 0
[2026-09-27 23:13:42.691 -0300] INFO (83921): request completed
    route: "/v1/dashboard/bi-panels/00000000-0000-7000-8000-000084000401/publish"
    method: "POST"
    status: 403
    duration_ms: 0
[2026-09-27 23:13:42.692 -0300] INFO (83921): request completed
    route: "/v1/dashboard/bi-panels"
    method: "POST"
    status: 403
    duration_ms: 0
[2026-09-27 23:13:42.692 -0300] INFO (83921): request completed
    route: "/v1/dashboard/bi-panels/00000000-0000-7000-8000-000084000401"
    method: "PATCH"
    status: 403
    duration_ms: 0
[2026-09-27 23:13:42.693 -0300] INFO (83921): request completed
    route: "/v1/dashboard/bi-panels/00000000-0000-7000-8000-000084000401/publish"
    method: "POST"
    status: 403
    duration_ms: 1
[2026-09-27 23:13:42.693 -0300] INFO (83921): request completed
    route: "/v1/dashboard/bi-panels"
    method: "POST"
    status: 403
    duration_ms: 0
[2026-09-27 23:13:42.693 -0300] INFO (83921): request completed
    route: "/v1/dashboard/bi-panels/00000000-0000-7000-8000-000084000401"
    method: "PATCH"
    status: 403
    duration_ms: 0
[2026-09-27 23:13:42.694 -0300] INFO (83921): request completed
    route: "/v1/dashboard/bi-panels/00000000-0000-7000-8000-000084000401/publish"
    method: "POST"
    status: 403
    duration_ms: 0
[2026-09-27 23:13:42.701 -0300] INFO (83921): request completed
    route: "/v1/dashboard/generated-reports"
    method: "GET"
    status: 200
    duration_ms: 7
[2026-09-27 23:13:42.706 -0300] INFO (83921): request completed
    route: "/v1/dashboard/generated-reports/00000000-0000-7000-8000-000084000501"
    method: "GET"
    status: 200
    duration_ms: 5
[2026-09-27 23:13:42.707 -0300] INFO (83921): request completed
    route: "/v1/dashboard/generated-reports"
    method: "GET"
    status: 403
    duration_ms: 0
[2026-09-27 23:13:42.708 -0300] INFO (83921): request completed
    route: "/v1/dashboard/generated-reports/00000000-0000-7000-8000-000084000501"
    method: "GET"
    status: 403
    duration_ms: 1
[2026-09-27 23:13:42.708 -0300] INFO (83921): request completed
    route: "/v1/dashboard/generated-reports"
    method: "GET"
    status: 403
    duration_ms: 0
[2026-09-27 23:13:42.709 -0300] INFO (83921): request completed
    route: "/v1/dashboard/generated-reports/00000000-0000-7000-8000-000084000501"
    method: "GET"
    status: 403
    duration_ms: 0
[2026-09-27 23:13:42.709 -0300] INFO (83921): request completed
    route: "/v1/dashboard/generated-reports"
    method: "GET"
    status: 403
    duration_ms: 0
[2026-09-27 23:13:42.710 -0300] INFO (83921): request completed
    route: "/v1/dashboard/generated-reports/00000000-0000-7000-8000-000084000501"
    method: "GET"
    status: 403
    duration_ms: 0
[2026-09-27 23:13:42.710 -0300] INFO (83921): request completed
    route: "/v1/dashboard/generated-reports"
    method: "GET"
    status: 403
    duration_ms: 0
[2026-09-27 23:13:42.711 -0300] INFO (83921): request completed
    route: "/v1/dashboard/generated-reports/00000000-0000-7000-8000-000084000501"
    method: "GET"
    status: 403
    duration_ms: 0
[2026-09-27 23:13:42.711 -0300] INFO (83921): request completed
    route: "/v1/dashboard/generated-reports"
    method: "GET"
    status: 403
    duration_ms: 0
[2026-09-27 23:13:42.711 -0300] INFO (83921): request completed
    route: "/v1/dashboard/generated-reports/00000000-0000-7000-8000-000084000501"
    method: "GET"
    status: 403
    duration_ms: 0
[2026-09-27 23:13:42.716 -0300] INFO (83921): request completed
    route: "/v1/dashboard/generated-reports"
    method: "GET"
    status: 200
    duration_ms: 4
[2026-09-27 23:13:42.720 -0300] INFO (83921): request completed
    route: "/v1/dashboard/generated-reports/00000000-0000-7000-8000-000084000501"
    method: "GET"
    status: 200
    duration_ms: 3
[2026-09-27 23:13:42.721 -0300] INFO (83921): request completed
    route: "/v1/dashboard/generated-reports"
    method: "GET"
    status: 403
    duration_ms: 0
[2026-09-27 23:13:42.722 -0300] INFO (83921): request completed
    route: "/v1/dashboard/generated-reports/00000000-0000-7000-8000-000084000501"
    method: "GET"
    status: 403
    duration_ms: 0
[2026-09-27 23:13:42.722 -0300] INFO (83921): request completed
    route: "/v1/dashboard/generated-reports"
    method: "GET"
    status: 403
    duration_ms: 0
[2026-09-27 23:13:42.723 -0300] INFO (83921): request completed
    route: "/v1/dashboard/generated-reports/00000000-0000-7000-8000-000084000501"
    method: "GET"
    status: 403
    duration_ms: 0
[2026-09-27 23:13:42.727 -0300] INFO (83921): request completed
    route: "/v1/dashboard/generated-reports"
    method: "GET"
    status: 200
    duration_ms: 4
[2026-09-27 23:13:42.732 -0300] INFO (83921): request completed
    route: "/v1/dashboard/generated-reports/00000000-0000-7000-8000-000084000501"
    method: "GET"
    status: 200
    duration_ms: 4
[2026-09-27 23:13:42.733 -0300] INFO (83921): request completed
    route: "/v1/dashboard/generated-reports"
    method: "GET"
    status: 403
    duration_ms: 1
[2026-09-27 23:13:42.733 -0300] INFO (83921): request completed
    route: "/v1/dashboard/generated-reports/00000000-0000-7000-8000-000084000501"
    method: "GET"
    status: 403
    duration_ms: 0
[2026-09-27 23:13:42.734 -0300] INFO (83921): request completed
    route: "/v1/dashboard/generated-reports"
    method: "GET"
    status: 403
    duration_ms: 0
[2026-09-27 23:13:42.734 -0300] INFO (83921): request completed
    route: "/v1/dashboard/generated-reports/00000000-0000-7000-8000-000084000501"
    method: "GET"
    status: 403
    duration_ms: 0
[2026-09-27 23:13:42.735 -0300] INFO (83921): request completed
    route: "/v1/dashboard/generated-reports"
    method: "GET"
    status: 403
    duration_ms: 0
[2026-09-27 23:13:42.736 -0300] INFO (83921): request completed
    route: "/v1/dashboard/generated-reports/00000000-0000-7000-8000-000084000501"
    method: "GET"
    status: 403
    duration_ms: 1
[2026-09-27 23:13:42.740 -0300] INFO (83921): request completed
    route: "/v1/dashboard/generated-reports"
    method: "GET"
    status: 200
    duration_ms: 4
[2026-09-27 23:13:42.745 -0300] INFO (83921): request completed
    route: "/v1/dashboard/generated-reports/00000000-0000-7000-8000-000084000501"
    method: "GET"
    status: 200
    duration_ms: 4
[2026-09-27 23:13:42.746 -0300] INFO (83921): request completed
    route: "/v1/dashboard/generated-reports"
    method: "GET"
    status: 403
    duration_ms: 0
[2026-09-27 23:13:42.747 -0300] INFO (83921): request completed
    route: "/v1/dashboard/generated-reports/00000000-0000-7000-8000-000084000501"
    method: "GET"
    status: 403
    duration_ms: 0
[2026-09-27 23:13:42.747 -0300] INFO (83921): request completed
    route: "/v1/dashboard/generated-reports"
    method: "GET"
    status: 403
    duration_ms: 0
[2026-09-27 23:13:42.748 -0300] INFO (83921): request completed
    route: "/v1/dashboard/generated-reports/00000000-0000-7000-8000-000084000501"
    method: "GET"
    status: 403
    duration_ms: 0
[2026-09-27 23:13:42.748 -0300] INFO (83921): request completed
    route: "/v1/dashboard/generated-reports"
    method: "GET"
    status: 403
    duration_ms: 0
[2026-09-27 23:13:42.749 -0300] INFO (83921): request completed
    route: "/v1/dashboard/generated-reports/00000000-0000-7000-8000-000084000501"
    method: "GET"
    status: 403
    duration_ms: 0
[2026-09-27 23:13:42.749 -0300] INFO (83921): request completed
    route: "/v1/dashboard/generated-reports"
    method: "GET"
    status: 403
    duration_ms: 0
[2026-09-27 23:13:42.750 -0300] INFO (83921): request completed
    route: "/v1/dashboard/generated-reports/00000000-0000-7000-8000-000084000501"
    method: "GET"
    status: 403
    duration_ms: 0
[2026-09-27 23:13:42.750 -0300] INFO (83921): request completed
    route: "/v1/dashboard/generated-reports"
    method: "GET"
    status: 403
    duration_ms: 0
[2026-09-27 23:13:42.751 -0300] INFO (83921): request completed
    route: "/v1/dashboard/generated-reports/00000000-0000-7000-8000-000084000501"
    method: "GET"
    status: 403
    duration_ms: 0
[2026-09-27 23:13:42.756 -0300] INFO (83921): request completed
    route: "/v1/dashboard/generated-reports"
    method: "GET"
    status: 200
    duration_ms: 5
[2026-09-27 23:13:42.760 -0300] INFO (83921): request completed
    route: "/v1/dashboard/generated-reports/00000000-0000-7000-8000-000084000501"
    method: "GET"
    status: 200
    duration_ms: 4
[2026-09-27 23:13:42.765 -0300] INFO (83921): request completed
    route: "/v1/dashboard/generated-reports"
    method: "GET"
    status: 200
    duration_ms: 4
[2026-09-27 23:13:42.769 -0300] INFO (83921): request completed
    route: "/v1/dashboard/generated-reports/00000000-0000-7000-8000-000084000501"
    method: "GET"
    status: 200
    duration_ms: 4
[2026-09-27 23:13:42.774 -0300] INFO (83921): request completed
    route: "/v1/dashboard/generated-reports"
    method: "GET"
    status: 200
    duration_ms: 4
[2026-09-27 23:13:42.778 -0300] INFO (83921): request completed
    route: "/v1/dashboard/generated-reports/00000000-0000-7000-8000-000084000501"
    method: "GET"
    status: 200
    duration_ms: 4
[2026-09-27 23:13:42.779 -0300] INFO (83921): request completed
    route: "/v1/dashboard/generated-reports"
    method: "GET"
    status: 403
    duration_ms: 0
[2026-09-27 23:13:42.780 -0300] INFO (83921): request completed
    route: "/v1/dashboard/generated-reports/00000000-0000-7000-8000-000084000501"
    method: "GET"
    status: 403
    duration_ms: 0
[2026-09-27 23:13:42.780 -0300] INFO (83921): request completed
    route: "/v1/dashboard/generated-reports"
    method: "GET"
    status: 403
    duration_ms: 0
[2026-09-27 23:13:42.781 -0300] INFO (83921): request completed
    route: "/v1/dashboard/generated-reports/00000000-0000-7000-8000-000084000501"
    method: "GET"
    status: 403
    duration_ms: 0
[2026-09-27 23:13:42.781 -0300] INFO (83921): request completed
    route: "/v1/dashboard/generated-reports"
    method: "GET"
    status: 403
    duration_ms: 0
[2026-09-27 23:13:42.782 -0300] INFO (83921): request completed
    route: "/v1/dashboard/generated-reports/00000000-0000-7000-8000-000084000501"
    method: "GET"
    status: 403
    duration_ms: 0
[2026-09-27 23:13:42.782 -0300] INFO (83921): request completed
    route: "/v1/dashboard/generated-reports"
    method: "GET"
    status: 403
    duration_ms: 0
[2026-09-27 23:13:42.783 -0300] INFO (83921): request completed
    route: "/v1/dashboard/generated-reports/00000000-0000-7000-8000-000084000501"
    method: "GET"
    status: 403
    duration_ms: 0
[2026-09-27 23:13:42.783 -0300] INFO (83921): request completed
    route: "/v1/dashboard/generated-reports"
    method: "GET"
    status: 403
    duration_ms: 0
[2026-09-27 23:13:42.784 -0300] INFO (83921): request completed
    route: "/v1/dashboard/generated-reports/00000000-0000-7000-8000-000084000501"
    method: "GET"
    status: 403
    duration_ms: 1
[2026-09-27 23:13:42.784 -0300] INFO (83921): request completed
    route: "/v1/dashboard/generated-reports"
    method: "GET"
    status: 403
    duration_ms: 0
[2026-09-27 23:13:42.784 -0300] INFO (83921): request completed
    route: "/v1/dashboard/generated-reports/00000000-0000-7000-8000-000084000501"
    method: "GET"
    status: 403
    duration_ms: 0
[2026-09-27 23:13:42.785 -0300] INFO (83921): request completed
    route: "/v1/dashboard/generated-reports"
    method: "GET"
    status: 403
    duration_ms: 0
[2026-09-27 23:13:42.785 -0300] INFO (83921): request completed
    route: "/v1/dashboard/generated-reports/00000000-0000-7000-8000-000084000501"
    method: "GET"
    status: 403
    duration_ms: 0
[2026-09-27 23:13:42.786 -0300] INFO (83921): request completed
    route: "/v1/dashboard/generated-reports"
    method: "GET"
    status: 403
    duration_ms: 0
[2026-09-27 23:13:42.788 -0300] INFO (83921): request completed
    route: "/v1/dashboard/generated-reports/00000000-0000-7000-8000-000084000501"
    method: "GET"
    status: 403
    duration_ms: 0
[2026-09-27 23:13:42.789 -0300] INFO (83921): request completed
    route: "/v1/dashboard/generated-reports"
    method: "GET"
    status: 403
    duration_ms: 0
[2026-09-27 23:13:42.790 -0300] INFO (83921): request completed
    route: "/v1/dashboard/generated-reports/00000000-0000-7000-8000-000084000501"
    method: "GET"
    status: 403
    duration_ms: 1
[2026-09-27 23:13:42.790 -0300] INFO (83921): request completed
    route: "/v1/dashboard/generated-reports"
    method: "GET"
    status: 403
    duration_ms: 0
[2026-09-27 23:13:42.791 -0300] INFO (83921): request completed
    route: "/v1/dashboard/generated-reports/00000000-0000-7000-8000-000084000501"
    method: "GET"
    status: 403
    duration_ms: 1
[2026-09-27 23:13:42.791 -0300] INFO (83921): request completed
    route: "/v1/dashboard/generated-reports"
    method: "GET"
    status: 403
    duration_ms: 0
[2026-09-27 23:13:42.791 -0300] INFO (83921): request completed
    route: "/v1/dashboard/generated-reports/00000000-0000-7000-8000-000084000501"
    method: "GET"
    status: 403
    duration_ms: 0
[2026-09-27 23:13:42.792 -0300] INFO (83921): request completed
    route: "/v1/dashboard/generated-reports"
    method: "GET"
    status: 403
    duration_ms: 0
[2026-09-27 23:13:42.792 -0300] INFO (83921): request completed
    route: "/v1/dashboard/generated-reports/00000000-0000-7000-8000-000084000501"
    method: "GET"
    status: 403
    duration_ms: 0
[2026-09-27 23:13:42.793 -0300] INFO (83921): request completed
    route: "/v1/dashboard/generated-reports"
    method: "GET"
    status: 403
    duration_ms: 0
[2026-09-27 23:13:42.793 -0300] INFO (83921): request completed
    route: "/v1/dashboard/generated-reports/00000000-0000-7000-8000-000084000501"
    method: "GET"
    status: 403
    duration_ms: 0
[2026-09-27 23:13:42.794 -0300] INFO (83921): request completed
    route: "/v1/dashboard/generated-reports"
    method: "GET"
    status: 403
    duration_ms: 0
[2026-09-27 23:13:42.794 -0300] INFO (83921): request completed
    route: "/v1/dashboard/generated-reports/00000000-0000-7000-8000-000084000501"
    method: "GET"
    status: 403
    duration_ms: 0
[2026-09-27 23:13:42.809 -0300] INFO (83921): request completed
    route: "/v1/dashboard/generated-reports"
    method: "POST"
    status: 400
    duration_ms: 15
[2026-09-27 23:13:42.809 -0300] INFO (83921): request completed
    route: "/v1/dashboard/generated-reports"
    method: "POST"
    status: 403
    duration_ms: 0
[2026-09-27 23:13:42.810 -0300] INFO (83921): request completed
    route: "/v1/dashboard/generated-reports"
    method: "POST"
    status: 403
    duration_ms: 0
[2026-09-27 23:13:42.810 -0300] INFO (83921): request completed
    route: "/v1/dashboard/generated-reports"
    method: "POST"
    status: 403
    duration_ms: 0
[2026-09-27 23:13:42.811 -0300] INFO (83921): request completed
    route: "/v1/dashboard/generated-reports"
    method: "POST"
    status: 403
    duration_ms: 0
[2026-09-27 23:13:42.811 -0300] INFO (83921): request completed
    route: "/v1/dashboard/generated-reports"
    method: "POST"
    status: 403
    duration_ms: 0
[2026-09-27 23:13:42.812 -0300] INFO (83921): request completed
    route: "/v1/dashboard/generated-reports"
    method: "POST"
    status: 403
    duration_ms: 0
[2026-09-27 23:13:42.812 -0300] INFO (83921): request completed
    route: "/v1/dashboard/generated-reports"
    method: "POST"
    status: 403
    duration_ms: 0
[2026-09-27 23:13:42.813 -0300] INFO (83921): request completed
    route: "/v1/dashboard/generated-reports"
    method: "POST"
    status: 403
    duration_ms: 0
[2026-09-27 23:13:42.826 -0300] INFO (83921): request completed
    route: "/v1/dashboard/generated-reports"
    method: "POST"
    status: 400
    duration_ms: 13
[2026-09-27 23:13:42.827 -0300] INFO (83921): request completed
    route: "/v1/dashboard/generated-reports"
    method: "POST"
    status: 403
    duration_ms: 1
[2026-09-27 23:13:42.827 -0300] INFO (83921): request completed
    route: "/v1/dashboard/generated-reports"
    method: "POST"
    status: 403
    duration_ms: 0
[2026-09-27 23:13:42.828 -0300] INFO (83921): request completed
    route: "/v1/dashboard/generated-reports"
    method: "POST"
    status: 403
    duration_ms: 0
[2026-09-27 23:13:42.839 -0300] INFO (83921): request completed
    route: "/v1/dashboard/generated-reports"
    method: "POST"
    status: 400
    duration_ms: 11
[2026-09-27 23:13:42.840 -0300] INFO (83921): request completed
    route: "/v1/dashboard/generated-reports"
    method: "POST"
    status: 403
    duration_ms: 0
[2026-09-27 23:13:42.840 -0300] INFO (83921): request completed
    route: "/v1/dashboard/generated-reports"
    method: "POST"
    status: 403
    duration_ms: 0
[2026-09-27 23:13:42.841 -0300] INFO (83921): request completed
    route: "/v1/dashboard/generated-reports"
    method: "POST"
    status: 403
    duration_ms: 0
[2026-09-27 23:13:42.841 -0300] INFO (83921): request completed
    route: "/v1/dashboard/generated-reports"
    method: "POST"
    status: 403
    duration_ms: 0
[2026-09-27 23:13:42.842 -0300] INFO (83921): request completed
    route: "/v1/dashboard/generated-reports"
    method: "POST"
    status: 403
    duration_ms: 0
[2026-09-27 23:13:42.854 -0300] INFO (83921): request completed
    route: "/v1/dashboard/generated-reports"
    method: "POST"
    status: 400
    duration_ms: 12
[2026-09-27 23:13:42.866 -0300] INFO (83921): request completed
    route: "/v1/dashboard/generated-reports"
    method: "POST"
    status: 400
    duration_ms: 12
[2026-09-27 23:13:42.878 -0300] INFO (83921): request completed
    route: "/v1/dashboard/generated-reports"
    method: "POST"
    status: 400
    duration_ms: 12
[2026-09-27 23:13:42.879 -0300] INFO (83921): request completed
    route: "/v1/dashboard/generated-reports"
    method: "POST"
    status: 403
    duration_ms: 0
[2026-09-27 23:13:42.880 -0300] INFO (83921): request completed
    route: "/v1/dashboard/generated-reports"
    method: "POST"
    status: 403
    duration_ms: 0
[2026-09-27 23:13:42.881 -0300] INFO (83921): request completed
    route: "/v1/dashboard/generated-reports"
    method: "POST"
    status: 403
    duration_ms: 0
[2026-09-27 23:13:42.881 -0300] INFO (83921): request completed
    route: "/v1/dashboard/generated-reports"
    method: "POST"
    status: 403
    duration_ms: 0
[2026-09-27 23:13:42.882 -0300] INFO (83921): request completed
    route: "/v1/dashboard/generated-reports"
    method: "POST"
    status: 403
    duration_ms: 0
[2026-09-27 23:13:42.883 -0300] INFO (83921): request completed
    route: "/v1/dashboard/generated-reports"
    method: "POST"
    status: 403
    duration_ms: 1
[2026-09-27 23:13:42.883 -0300] INFO (83921): request completed
    route: "/v1/dashboard/generated-reports"
    method: "POST"
    status: 403
    duration_ms: 0
[2026-09-27 23:13:42.884 -0300] INFO (83921): request completed
    route: "/v1/dashboard/generated-reports"
    method: "POST"
    status: 403
    duration_ms: 0
[2026-09-27 23:13:42.884 -0300] INFO (83921): request completed
    route: "/v1/dashboard/generated-reports"
    method: "POST"
    status: 403
    duration_ms: 0
[2026-09-27 23:13:42.885 -0300] INFO (83921): request completed
    route: "/v1/dashboard/generated-reports"
    method: "POST"
    status: 403
    duration_ms: 0
[2026-09-27 23:13:42.885 -0300] INFO (83921): request completed
    route: "/v1/dashboard/generated-reports"
    method: "POST"
    status: 403
    duration_ms: 0
[2026-09-27 23:13:42.886 -0300] INFO (83921): request completed
    route: "/v1/dashboard/generated-reports"
    method: "POST"
    status: 403
    duration_ms: 0
[2026-09-27 23:13:42.886 -0300] INFO (83921): request completed
    route: "/v1/dashboard/generated-reports"
    method: "POST"
    status: 403
    duration_ms: 0
[2026-09-27 23:13:42.887 -0300] INFO (83921): request completed
    route: "/v1/dashboard/generated-reports"
    method: "POST"
    status: 403
    duration_ms: 0
[2026-09-27 23:13:42.902 -0300] INFO (83921): request completed
    route: "/v1/dashboard/generated-reports/00000000-0000-7000-8000-000084000501/complete"
    method: "POST"
    status: 428
    duration_ms: 15
[2026-09-27 23:13:42.903 -0300] INFO (83921): request completed
    route: "/v1/dashboard/generated-reports/00000000-0000-7000-8000-000084000501/complete"
    method: "POST"
    status: 403
    duration_ms: 0
[2026-09-27 23:13:42.904 -0300] INFO (83921): request completed
    route: "/v1/dashboard/generated-reports/00000000-0000-7000-8000-000084000501/complete"
    method: "POST"
    status: 403
    duration_ms: 1
[2026-09-27 23:13:42.904 -0300] INFO (83921): request completed
    route: "/v1/dashboard/generated-reports/00000000-0000-7000-8000-000084000501/complete"
    method: "POST"
    status: 403
    duration_ms: 0
[2026-09-27 23:13:42.905 -0300] INFO (83921): request completed
    route: "/v1/dashboard/generated-reports/00000000-0000-7000-8000-000084000501/complete"
    method: "POST"
    status: 403
    duration_ms: 1
[2026-09-27 23:13:42.905 -0300] INFO (83921): request completed
    route: "/v1/dashboard/generated-reports/00000000-0000-7000-8000-000084000501/complete"
    method: "POST"
    status: 403
    duration_ms: 0
[2026-09-27 23:13:42.906 -0300] INFO (83921): request completed
    route: "/v1/dashboard/generated-reports/00000000-0000-7000-8000-000084000501/complete"
    method: "POST"
    status: 403
    duration_ms: 1
[2026-09-27 23:13:42.906 -0300] INFO (83921): request completed
    route: "/v1/dashboard/generated-reports/00000000-0000-7000-8000-000084000501/complete"
    method: "POST"
    status: 403
    duration_ms: 0
[2026-09-27 23:13:42.907 -0300] INFO (83921): request completed
    route: "/v1/dashboard/generated-reports/00000000-0000-7000-8000-000084000501/complete"
    method: "POST"
    status: 403
    duration_ms: 1
[2026-09-27 23:13:42.922 -0300] INFO (83921): request completed
    route: "/v1/dashboard/generated-reports/00000000-0000-7000-8000-000084000501/complete"
    method: "POST"
    status: 428
    duration_ms: 15
[2026-09-27 23:13:42.923 -0300] INFO (83921): request completed
    route: "/v1/dashboard/generated-reports/00000000-0000-7000-8000-000084000501/complete"
    method: "POST"
    status: 403
    duration_ms: 0
[2026-09-27 23:13:42.924 -0300] INFO (83921): request completed
    route: "/v1/dashboard/generated-reports/00000000-0000-7000-8000-000084000501/complete"
    method: "POST"
    status: 403
    duration_ms: 0
[2026-09-27 23:13:42.924 -0300] INFO (83921): request completed
    route: "/v1/dashboard/generated-reports/00000000-0000-7000-8000-000084000501/complete"
    method: "POST"
    status: 403
    duration_ms: 0
[2026-09-27 23:13:42.939 -0300] INFO (83921): request completed
    route: "/v1/dashboard/generated-reports/00000000-0000-7000-8000-000084000501/complete"
    method: "POST"
    status: 428
    duration_ms: 14
[2026-09-27 23:13:42.940 -0300] INFO (83921): request completed
    route: "/v1/dashboard/generated-reports/00000000-0000-7000-8000-000084000501/complete"
    method: "POST"
    status: 403
    duration_ms: 0
[2026-09-27 23:13:42.941 -0300] INFO (83921): request completed
    route: "/v1/dashboard/generated-reports/00000000-0000-7000-8000-000084000501/complete"
    method: "POST"
    status: 403
    duration_ms: 0
[2026-09-27 23:13:42.942 -0300] INFO (83921): request completed
    route: "/v1/dashboard/generated-reports/00000000-0000-7000-8000-000084000501/complete"
    method: "POST"
    status: 403
    duration_ms: 1
[2026-09-27 23:13:42.942 -0300] INFO (83921): request completed
    route: "/v1/dashboard/generated-reports/00000000-0000-7000-8000-000084000501/complete"
    method: "POST"
    status: 403
    duration_ms: 0
[2026-09-27 23:13:42.943 -0300] INFO (83921): request completed
    route: "/v1/dashboard/generated-reports/00000000-0000-7000-8000-000084000501/complete"
    method: "POST"
    status: 403
    duration_ms: 1
[2026-09-27 23:13:42.943 -0300] INFO (83921): request completed
    route: "/v1/dashboard/generated-reports/00000000-0000-7000-8000-000084000501/complete"
    method: "POST"
    status: 403
    duration_ms: 0
[2026-09-27 23:13:42.958 -0300] INFO (83921): request completed
    route: "/v1/dashboard/generated-reports/00000000-0000-7000-8000-000084000501/complete"
    method: "POST"
    status: 428
    duration_ms: 15
[2026-09-27 23:13:42.973 -0300] INFO (83921): request completed
    route: "/v1/dashboard/generated-reports/00000000-0000-7000-8000-000084000501/complete"
    method: "POST"
    status: 428
    duration_ms: 14
[2026-09-27 23:13:42.974 -0300] INFO (83921): request completed
    route: "/v1/dashboard/generated-reports/00000000-0000-7000-8000-000084000501/complete"
    method: "POST"
    status: 403
    duration_ms: 0
[2026-09-27 23:13:42.975 -0300] INFO (83921): request completed
    route: "/v1/dashboard/generated-reports/00000000-0000-7000-8000-000084000501/complete"
    method: "POST"
    status: 403
    duration_ms: 1
[2026-09-27 23:13:42.975 -0300] INFO (83921): request completed
    route: "/v1/dashboard/generated-reports/00000000-0000-7000-8000-000084000501/complete"
    method: "POST"
    status: 403
    duration_ms: 0
[2026-09-27 23:13:42.976 -0300] INFO (83921): request completed
    route: "/v1/dashboard/generated-reports/00000000-0000-7000-8000-000084000501/complete"
    method: "POST"
    status: 403
    duration_ms: 0
[2026-09-27 23:13:42.976 -0300] INFO (83921): request completed
    route: "/v1/dashboard/generated-reports/00000000-0000-7000-8000-000084000501/complete"
    method: "POST"
    status: 403
    duration_ms: 0
[2026-09-27 23:13:42.977 -0300] INFO (83921): request completed
    route: "/v1/dashboard/generated-reports/00000000-0000-7000-8000-000084000501/complete"
    method: "POST"
    status: 403
    duration_ms: 0
[2026-09-27 23:13:42.978 -0300] INFO (83921): request completed
    route: "/v1/dashboard/generated-reports/00000000-0000-7000-8000-000084000501/complete"
    method: "POST"
    status: 403
    duration_ms: 0
[2026-09-27 23:13:42.978 -0300] INFO (83921): request completed
    route: "/v1/dashboard/generated-reports/00000000-0000-7000-8000-000084000501/complete"
    method: "POST"
    status: 403
    duration_ms: 0
[2026-09-27 23:13:42.979 -0300] INFO (83921): request completed
    route: "/v1/dashboard/generated-reports/00000000-0000-7000-8000-000084000501/complete"
    method: "POST"
    status: 403
    duration_ms: 0
[2026-09-27 23:13:42.979 -0300] INFO (83921): request completed
    route: "/v1/dashboard/generated-reports/00000000-0000-7000-8000-000084000501/complete"
    method: "POST"
    status: 403
    duration_ms: 0
[2026-09-27 23:13:42.980 -0300] INFO (83921): request completed
    route: "/v1/dashboard/generated-reports/00000000-0000-7000-8000-000084000501/complete"
    method: "POST"
    status: 403
    duration_ms: 0
[2026-09-27 23:13:42.980 -0300] INFO (83921): request completed
    route: "/v1/dashboard/generated-reports/00000000-0000-7000-8000-000084000501/complete"
    method: "POST"
    status: 403
    duration_ms: 0
[2026-09-27 23:13:42.981 -0300] INFO (83921): request completed
    route: "/v1/dashboard/generated-reports/00000000-0000-7000-8000-000084000501/complete"
    method: "POST"
    status: 403
    duration_ms: 0
[2026-09-27 23:13:42.981 -0300] INFO (83921): request completed
    route: "/v1/dashboard/generated-reports/00000000-0000-7000-8000-000084000501/complete"
    method: "POST"
    status: 403
    duration_ms: 0
[2026-09-27 23:13:42.997 -0300] INFO (83921): request completed
    route: "/v1/dashboard/generated-reports/00000000-0000-7000-8000-000084000501/fail"
    method: "POST"
    status: 428
    duration_ms: 15
[2026-09-27 23:13:42.998 -0300] INFO (83921): request completed
    route: "/v1/dashboard/generated-reports/00000000-0000-7000-8000-000084000501/fail"
    method: "POST"
    status: 403
    duration_ms: 1
[2026-09-27 23:13:42.998 -0300] INFO (83921): request completed
    route: "/v1/dashboard/generated-reports/00000000-0000-7000-8000-000084000501/fail"
    method: "POST"
    status: 403
    duration_ms: 0
[2026-09-27 23:13:42.999 -0300] INFO (83921): request completed
    route: "/v1/dashboard/generated-reports/00000000-0000-7000-8000-000084000501/fail"
    method: "POST"
    status: 403
    duration_ms: 0
[2026-09-27 23:13:43.000 -0300] INFO (83921): request completed
    route: "/v1/dashboard/generated-reports/00000000-0000-7000-8000-000084000501/fail"
    method: "POST"
    status: 403
    duration_ms: 0
[2026-09-27 23:13:43.000 -0300] INFO (83921): request completed
    route: "/v1/dashboard/generated-reports/00000000-0000-7000-8000-000084000501/fail"
    method: "POST"
    status: 403
    duration_ms: 0
[2026-09-27 23:13:43.001 -0300] INFO (83921): request completed
    route: "/v1/dashboard/generated-reports/00000000-0000-7000-8000-000084000501/fail"
    method: "POST"
    status: 403
    duration_ms: 0
[2026-09-27 23:13:43.001 -0300] INFO (83921): request completed
    route: "/v1/dashboard/generated-reports/00000000-0000-7000-8000-000084000501/fail"
    method: "POST"
    status: 403
    duration_ms: 0
[2026-09-27 23:13:43.002 -0300] INFO (83921): request completed
    route: "/v1/dashboard/generated-reports/00000000-0000-7000-8000-000084000501/fail"
    method: "POST"
    status: 403
    duration_ms: 0
[2026-09-27 23:13:43.017 -0300] INFO (83921): request completed
    route: "/v1/dashboard/generated-reports/00000000-0000-7000-8000-000084000501/fail"
    method: "POST"
    status: 428
    duration_ms: 15
[2026-09-27 23:13:43.019 -0300] INFO (83921): request completed
    route: "/v1/dashboard/generated-reports/00000000-0000-7000-8000-000084000501/fail"
    method: "POST"
    status: 403
    duration_ms: 1
[2026-09-27 23:13:43.019 -0300] INFO (83921): request completed
    route: "/v1/dashboard/generated-reports/00000000-0000-7000-8000-000084000501/fail"
    method: "POST"
    status: 403
    duration_ms: 0
[2026-09-27 23:13:43.020 -0300] INFO (83921): request completed
    route: "/v1/dashboard/generated-reports/00000000-0000-7000-8000-000084000501/fail"
    method: "POST"
    status: 403
    duration_ms: 0
[2026-09-27 23:13:43.036 -0300] INFO (83921): request completed
    route: "/v1/dashboard/generated-reports/00000000-0000-7000-8000-000084000501/fail"
    method: "POST"
    status: 428
    duration_ms: 16
[2026-09-27 23:13:43.037 -0300] INFO (83921): request completed
    route: "/v1/dashboard/generated-reports/00000000-0000-7000-8000-000084000501/fail"
    method: "POST"
    status: 403
    duration_ms: 0
[2026-09-27 23:13:43.038 -0300] INFO (83921): request completed
    route: "/v1/dashboard/generated-reports/00000000-0000-7000-8000-000084000501/fail"
    method: "POST"
    status: 403
    duration_ms: 0
[2026-09-27 23:13:43.038 -0300] INFO (83921): request completed
    route: "/v1/dashboard/generated-reports/00000000-0000-7000-8000-000084000501/fail"
    method: "POST"
    status: 403
    duration_ms: 0
[2026-09-27 23:13:43.039 -0300] INFO (83921): request completed
    route: "/v1/dashboard/generated-reports/00000000-0000-7000-8000-000084000501/fail"
    method: "POST"
    status: 403
    duration_ms: 0
[2026-09-27 23:13:43.040 -0300] INFO (83921): request completed
    route: "/v1/dashboard/generated-reports/00000000-0000-7000-8000-000084000501/fail"
    method: "POST"
    status: 403
    duration_ms: 1
[2026-09-27 23:13:43.040 -0300] INFO (83921): request completed
    route: "/v1/dashboard/generated-reports/00000000-0000-7000-8000-000084000501/fail"
    method: "POST"
    status: 403
    duration_ms: 0
[2026-09-27 23:13:43.056 -0300] INFO (83921): request completed
    route: "/v1/dashboard/generated-reports/00000000-0000-7000-8000-000084000501/fail"
    method: "POST"
    status: 428
    duration_ms: 16
[2026-09-27 23:13:43.071 -0300] INFO (83921): request completed
    route: "/v1/dashboard/generated-reports/00000000-0000-7000-8000-000084000501/fail"
    method: "POST"
    status: 428
    duration_ms: 15
[2026-09-27 23:13:43.072 -0300] INFO (83921): request completed
    route: "/v1/dashboard/generated-reports/00000000-0000-7000-8000-000084000501/fail"
    method: "POST"
    status: 403
    duration_ms: 0
[2026-09-27 23:13:43.073 -0300] INFO (83921): request completed
    route: "/v1/dashboard/generated-reports/00000000-0000-7000-8000-000084000501/fail"
    method: "POST"
    status: 403
    duration_ms: 0
[2026-09-27 23:13:43.074 -0300] INFO (83921): request completed
    route: "/v1/dashboard/generated-reports/00000000-0000-7000-8000-000084000501/fail"
    method: "POST"
    status: 403
    duration_ms: 1
[2026-09-27 23:13:43.074 -0300] INFO (83921): request completed
    route: "/v1/dashboard/generated-reports/00000000-0000-7000-8000-000084000501/fail"
    method: "POST"
    status: 403
    duration_ms: 0
[2026-09-27 23:13:43.075 -0300] INFO (83921): request completed
    route: "/v1/dashboard/generated-reports/00000000-0000-7000-8000-000084000501/fail"
    method: "POST"
    status: 403
    duration_ms: 0
[2026-09-27 23:13:43.075 -0300] INFO (83921): request completed
    route: "/v1/dashboard/generated-reports/00000000-0000-7000-8000-000084000501/fail"
    method: "POST"
    status: 403
    duration_ms: 0
[2026-09-27 23:13:43.076 -0300] INFO (83921): request completed
    route: "/v1/dashboard/generated-reports/00000000-0000-7000-8000-000084000501/fail"
    method: "POST"
    status: 403
    duration_ms: 1
[2026-09-27 23:13:43.076 -0300] INFO (83921): request completed
    route: "/v1/dashboard/generated-reports/00000000-0000-7000-8000-000084000501/fail"
    method: "POST"
    status: 403
    duration_ms: 0
[2026-09-27 23:13:43.076 -0300] INFO (83921): request completed
    route: "/v1/dashboard/generated-reports/00000000-0000-7000-8000-000084000501/fail"
    method: "POST"
    status: 403
    duration_ms: 0
[2026-09-27 23:13:43.077 -0300] INFO (83921): request completed
    route: "/v1/dashboard/generated-reports/00000000-0000-7000-8000-000084000501/fail"
    method: "POST"
    status: 403
    duration_ms: 0
[2026-09-27 23:13:43.077 -0300] INFO (83921): request completed
    route: "/v1/dashboard/generated-reports/00000000-0000-7000-8000-000084000501/fail"
    method: "POST"
    status: 403
    duration_ms: 0
[2026-09-27 23:13:43.078 -0300] INFO (83921): request completed
    route: "/v1/dashboard/generated-reports/00000000-0000-7000-8000-000084000501/fail"
    method: "POST"
    status: 403
    duration_ms: 0
[2026-09-27 23:13:43.078 -0300] INFO (83921): request completed
    route: "/v1/dashboard/generated-reports/00000000-0000-7000-8000-000084000501/fail"
    method: "POST"
    status: 403
    duration_ms: 0
[2026-09-27 23:13:43.079 -0300] INFO (83921): request completed
    route: "/v1/dashboard/generated-reports/00000000-0000-7000-8000-000084000501/fail"
    method: "POST"
    status: 403
    duration_ms: 0
[2026-09-27 23:13:43.083 -0300] INFO (83921): request completed
    route: "/v1/dashboard/sources"
    method: "GET"
    status: 403
    duration_ms: 4
[2026-09-27 23:13:43.087 -0300] INFO (83921): request completed
    route: "/v1/dashboard/sources/00000000-0000-7000-8000-000081000401"
    method: "GET"
    status: 403
    duration_ms: 4
[2026-09-27 23:13:43.088 -0300] INFO (83921): request completed
    route: "/v1/dashboard/sources"
    method: "GET"
    status: 403
    duration_ms: 0
[2026-09-27 23:13:43.089 -0300] INFO (83921): request completed
    route: "/v1/dashboard/sources/00000000-0000-7000-8000-000081000401"
    method: "GET"
    status: 403
    duration_ms: 0
[2026-09-27 23:13:43.090 -0300] INFO (83921): request completed
    route: "/v1/dashboard/sources"
    method: "GET"
    status: 403
    duration_ms: 0
[2026-09-27 23:13:43.090 -0300] INFO (83921): request completed
    route: "/v1/dashboard/sources/00000000-0000-7000-8000-000081000401"
    method: "GET"
    status: 403
    duration_ms: 0
[2026-09-27 23:13:43.091 -0300] INFO (83921): request completed
    route: "/v1/dashboard/sources"
    method: "GET"
    status: 403
    duration_ms: 0
[2026-09-27 23:13:43.091 -0300] INFO (83921): request completed
    route: "/v1/dashboard/sources/00000000-0000-7000-8000-000081000401"
    method: "GET"
    status: 403
    duration_ms: 0
[2026-09-27 23:13:43.092 -0300] INFO (83921): request completed
    route: "/v1/dashboard/sources"
    method: "GET"
    status: 403
    duration_ms: 0
[2026-09-27 23:13:43.092 -0300] INFO (83921): request completed
    route: "/v1/dashboard/sources/00000000-0000-7000-8000-000081000401"
    method: "GET"
    status: 403
    duration_ms: 0
[2026-09-27 23:13:43.093 -0300] INFO (83921): request completed
    route: "/v1/dashboard/sources"
    method: "GET"
    status: 403
    duration_ms: 1
[2026-09-27 23:13:43.093 -0300] INFO (83921): request completed
    route: "/v1/dashboard/sources/00000000-0000-7000-8000-000081000401"
    method: "GET"
    status: 403
    duration_ms: 0
[2026-09-27 23:13:43.098 -0300] INFO (83921): request completed
    route: "/v1/dashboard/sources"
    method: "GET"
    status: 200
    duration_ms: 5
[2026-09-27 23:13:43.104 -0300] INFO (83921): request completed
    route: "/v1/dashboard/sources/00000000-0000-7000-8000-000081000401"
    method: "GET"
    status: 200
    duration_ms: 5
[2026-09-27 23:13:43.105 -0300] INFO (83921): request completed
    route: "/v1/dashboard/sources"
    method: "GET"
    status: 403
    duration_ms: 1
[2026-09-27 23:13:43.105 -0300] INFO (83921): request completed
    route: "/v1/dashboard/sources/00000000-0000-7000-8000-000081000401"
    method: "GET"
    status: 403
    duration_ms: 0
[2026-09-27 23:13:43.106 -0300] INFO (83921): request completed
    route: "/v1/dashboard/sources"
    method: "GET"
    status: 403
    duration_ms: 0
[2026-09-27 23:13:43.106 -0300] INFO (83921): request completed
    route: "/v1/dashboard/sources/00000000-0000-7000-8000-000081000401"
    method: "GET"
    status: 403
    duration_ms: 0
[2026-09-27 23:13:43.111 -0300] INFO (83921): request completed
    route: "/v1/dashboard/sources"
    method: "GET"
    status: 200
    duration_ms: 4
[2026-09-27 23:13:43.117 -0300] INFO (83921): request completed
    route: "/v1/dashboard/sources/00000000-0000-7000-8000-000081000401"
    method: "GET"
    status: 200
    duration_ms: 5
[2026-09-27 23:13:43.118 -0300] INFO (83921): request completed
    route: "/v1/dashboard/sources"
    method: "GET"
    status: 403
    duration_ms: 1
[2026-09-27 23:13:43.118 -0300] INFO (83921): request completed
    route: "/v1/dashboard/sources/00000000-0000-7000-8000-000081000401"
    method: "GET"
    status: 403
    duration_ms: 0
[2026-09-27 23:13:43.119 -0300] INFO (83921): request completed
    route: "/v1/dashboard/sources"
    method: "GET"
    status: 403
    duration_ms: 0
[2026-09-27 23:13:43.120 -0300] INFO (83921): request completed
    route: "/v1/dashboard/sources/00000000-0000-7000-8000-000081000401"
    method: "GET"
    status: 403
    duration_ms: 0
[2026-09-27 23:13:43.120 -0300] INFO (83921): request completed
    route: "/v1/dashboard/sources"
    method: "GET"
    status: 403
    duration_ms: 0
[2026-09-27 23:13:43.121 -0300] INFO (83921): request completed
    route: "/v1/dashboard/sources/00000000-0000-7000-8000-000081000401"
    method: "GET"
    status: 403
    duration_ms: 0
[2026-09-27 23:13:43.125 -0300] INFO (83921): request completed
    route: "/v1/dashboard/sources"
    method: "GET"
    status: 403
    duration_ms: 3
[2026-09-27 23:13:43.128 -0300] INFO (83921): request completed
    route: "/v1/dashboard/sources/00000000-0000-7000-8000-000081000401"
    method: "GET"
    status: 403
    duration_ms: 3
[2026-09-27 23:13:43.129 -0300] INFO (83921): request completed
    route: "/v1/dashboard/sources"
    method: "GET"
    status: 403
    duration_ms: 0
[2026-09-27 23:13:43.130 -0300] INFO (83921): request completed
    route: "/v1/dashboard/sources/00000000-0000-7000-8000-000081000401"
    method: "GET"
    status: 403
    duration_ms: 0
[2026-09-27 23:13:43.131 -0300] INFO (83921): request completed
    route: "/v1/dashboard/sources"
    method: "GET"
    status: 403
    duration_ms: 0
[2026-09-27 23:13:43.131 -0300] INFO (83921): request completed
    route: "/v1/dashboard/sources/00000000-0000-7000-8000-000081000401"
    method: "GET"
    status: 403
    duration_ms: 0
[2026-09-27 23:13:43.132 -0300] INFO (83921): request completed
    route: "/v1/dashboard/sources"
    method: "GET"
    status: 403
    duration_ms: 0
[2026-09-27 23:13:43.133 -0300] INFO (83921): request completed
    route: "/v1/dashboard/sources/00000000-0000-7000-8000-000081000401"
    method: "GET"
    status: 403
    duration_ms: 0
[2026-09-27 23:13:43.134 -0300] INFO (83921): request completed
    route: "/v1/dashboard/sources"
    method: "GET"
    status: 403
    duration_ms: 1
[2026-09-27 23:13:43.134 -0300] INFO (83921): request completed
    route: "/v1/dashboard/sources/00000000-0000-7000-8000-000081000401"
    method: "GET"
    status: 403
    duration_ms: 0
[2026-09-27 23:13:43.135 -0300] INFO (83921): request completed
    route: "/v1/dashboard/sources"
    method: "GET"
    status: 403
    duration_ms: 0
[2026-09-27 23:13:43.136 -0300] INFO (83921): request completed
    route: "/v1/dashboard/sources/00000000-0000-7000-8000-000081000401"
    method: "GET"
    status: 403
    duration_ms: 1
[2026-09-27 23:13:43.136 -0300] INFO (83921): request completed
    route: "/v1/dashboard/sources"
    method: "GET"
    status: 403
    duration_ms: 0
[2026-09-27 23:13:43.137 -0300] INFO (83921): request completed
    route: "/v1/dashboard/sources/00000000-0000-7000-8000-000081000401"
    method: "GET"
    status: 403
    duration_ms: 0
[2026-09-27 23:13:43.143 -0300] INFO (83921): request completed
    route: "/v1/dashboard/sources"
    method: "GET"
    status: 200
    duration_ms: 6
[2026-09-27 23:13:43.148 -0300] INFO (83921): request completed
    route: "/v1/dashboard/sources/00000000-0000-7000-8000-000081000401"
    method: "GET"
    status: 200
    duration_ms: 5
[2026-09-27 23:13:43.149 -0300] INFO (83921): request completed
    route: "/v1/dashboard/sources"
    method: "GET"
    status: 403
    duration_ms: 0
[2026-09-27 23:13:43.150 -0300] INFO (83921): request completed
    route: "/v1/dashboard/sources/00000000-0000-7000-8000-000081000401"
    method: "GET"
    status: 403
    duration_ms: 0
[2026-09-27 23:13:43.158 -0300] INFO (83921): request completed
    route: "/v1/dashboard/sources"
    method: "GET"
    status: 200
    duration_ms: 5
[2026-09-27 23:13:43.163 -0300] INFO (83921): request completed
    route: "/v1/dashboard/sources/00000000-0000-7000-8000-000081000401"
    method: "GET"
    status: 200
    duration_ms: 5
[2026-09-27 23:13:43.165 -0300] INFO (83921): request completed
    route: "/v1/dashboard/sources"
    method: "GET"
    status: 403
    duration_ms: 1
[2026-09-27 23:13:43.165 -0300] INFO (83921): request completed
    route: "/v1/dashboard/sources/00000000-0000-7000-8000-000081000401"
    method: "GET"
    status: 403
    duration_ms: 0
[2026-09-27 23:13:43.166 -0300] INFO (83921): request completed
    route: "/v1/dashboard/sources"
    method: "GET"
    status: 403
    duration_ms: 0
[2026-09-27 23:13:43.167 -0300] INFO (83921): request completed
    route: "/v1/dashboard/sources/00000000-0000-7000-8000-000081000401"
    method: "GET"
    status: 403
    duration_ms: 0
[2026-09-27 23:13:43.167 -0300] INFO (83921): request completed
    route: "/v1/dashboard/sources"
    method: "GET"
    status: 403
    duration_ms: 0
[2026-09-27 23:13:43.168 -0300] INFO (83921): request completed
    route: "/v1/dashboard/sources/00000000-0000-7000-8000-000081000401"
    method: "GET"
    status: 403
    duration_ms: 1
[2026-09-27 23:13:43.168 -0300] INFO (83921): request completed
    route: "/v1/dashboard/sources"
    method: "GET"
    status: 403
    duration_ms: 0
[2026-09-27 23:13:43.168 -0300] INFO (83921): request completed
    route: "/v1/dashboard/sources/00000000-0000-7000-8000-000081000401"
    method: "GET"
    status: 403
    duration_ms: 0
[2026-09-27 23:13:43.169 -0300] INFO (83921): request completed
    route: "/v1/dashboard/sources"
    method: "GET"
    status: 403
    duration_ms: 0
[2026-09-27 23:13:43.169 -0300] INFO (83921): request completed
    route: "/v1/dashboard/sources/00000000-0000-7000-8000-000081000401"
    method: "GET"
    status: 403
    duration_ms: 0
[2026-09-27 23:13:43.170 -0300] INFO (83921): request completed
    route: "/v1/dashboard/sources"
    method: "GET"
    status: 403
    duration_ms: 0
[2026-09-27 23:13:43.170 -0300] INFO (83921): request completed
    route: "/v1/dashboard/sources/00000000-0000-7000-8000-000081000401"
    method: "GET"
    status: 403
    duration_ms: 0
[2026-09-27 23:13:43.171 -0300] INFO (83921): request completed
    route: "/v1/dashboard/sources"
    method: "GET"
    status: 403
    duration_ms: 0
[2026-09-27 23:13:43.172 -0300] INFO (83921): request completed
    route: "/v1/dashboard/sources/00000000-0000-7000-8000-000081000401"
    method: "GET"
    status: 403
    duration_ms: 1
[2026-09-27 23:13:43.172 -0300] INFO (83921): request completed
    route: "/v1/dashboard/sources"
    method: "GET"
    status: 403
    duration_ms: 0
[2026-09-27 23:13:43.173 -0300] INFO (83921): request completed
    route: "/v1/dashboard/sources/00000000-0000-7000-8000-000081000401"
    method: "GET"
    status: 403
    duration_ms: 0
[2026-09-27 23:13:43.173 -0300] INFO (83921): request completed
    route: "/v1/dashboard/sources"
    method: "GET"
    status: 403
    duration_ms: 0
[2026-09-27 23:13:43.174 -0300] INFO (83921): request completed
    route: "/v1/dashboard/sources/00000000-0000-7000-8000-000081000401"
    method: "GET"
    status: 403
    duration_ms: 0
[2026-09-27 23:13:43.174 -0300] INFO (83921): request completed
    route: "/v1/dashboard/sources"
    method: "GET"
    status: 403
    duration_ms: 0
[2026-09-27 23:13:43.175 -0300] INFO (83921): request completed
    route: "/v1/dashboard/sources/00000000-0000-7000-8000-000081000401"
    method: "GET"
    status: 403
    duration_ms: 0
[2026-09-27 23:13:43.181 -0300] INFO (83921): request completed
    route: "/v1/dashboard/sources"
    method: "GET"
    status: 200
    duration_ms: 6
[2026-09-27 23:13:43.186 -0300] INFO (83921): request completed
    route: "/v1/dashboard/sources/00000000-0000-7000-8000-000081000401"
    method: "GET"
    status: 200
    duration_ms: 5
[2026-09-27 23:13:43.187 -0300] INFO (83921): request completed
    route: "/v1/dashboard/sources"
    method: "GET"
    status: 403
    duration_ms: 0
[2026-09-27 23:13:43.188 -0300] INFO (83921): request completed
    route: "/v1/dashboard/sources/00000000-0000-7000-8000-000081000401"
    method: "GET"
    status: 403
    duration_ms: 1
[2026-09-27 23:13:43.188 -0300] INFO (83921): request completed
    route: "/v1/dashboard/sources"
    method: "GET"
    status: 403
    duration_ms: 0
[2026-09-27 23:13:43.189 -0300] INFO (83921): request completed
    route: "/v1/dashboard/sources/00000000-0000-7000-8000-000081000401"
    method: "GET"
    status: 403
    duration_ms: 0
[2026-09-27 23:13:43.205 -0300] INFO (83921): request completed
    route: "/v1/dashboard/exports"
    method: "POST"
    status: 403
    duration_ms: 15
[2026-09-27 23:13:43.207 -0300] INFO (83921): request completed
    route: "/v1/dashboard/exports"
    method: "POST"
    status: 403
    duration_ms: 1
[2026-09-27 23:13:43.207 -0300] INFO (83921): request completed
    route: "/v1/dashboard/exports"
    method: "POST"
    status: 403
    duration_ms: 0
[2026-09-27 23:13:43.208 -0300] INFO (83921): request completed
    route: "/v1/dashboard/exports"
    method: "POST"
    status: 403
    duration_ms: 0
[2026-09-27 23:13:43.208 -0300] INFO (83921): request completed
    route: "/v1/dashboard/exports"
    method: "POST"
    status: 403
    duration_ms: 0
[2026-09-27 23:13:43.209 -0300] INFO (83921): request completed
    route: "/v1/dashboard/exports"
    method: "POST"
    status: 403
    duration_ms: 0
[2026-09-27 23:13:43.209 -0300] INFO (83921): request completed
    route: "/v1/dashboard/exports"
    method: "POST"
    status: 403
    duration_ms: 0
[2026-09-27 23:13:43.224 -0300] INFO (83921): request completed
    route: "/v1/dashboard/exports"
    method: "POST"
    status: 400
    duration_ms: 14
[2026-09-27 23:13:43.225 -0300] INFO (83921): request completed
    route: "/v1/dashboard/exports"
    method: "POST"
    status: 403
    duration_ms: 1
[2026-09-27 23:13:43.238 -0300] INFO (83921): request completed
    route: "/v1/dashboard/exports"
    method: "POST"
    status: 400
    duration_ms: 13
[2026-09-27 23:13:43.239 -0300] INFO (83921): request completed
    route: "/v1/dashboard/exports"
    method: "POST"
    status: 403
    duration_ms: 0
[2026-09-27 23:13:43.239 -0300] INFO (83921): request completed
    route: "/v1/dashboard/exports"
    method: "POST"
    status: 403
    duration_ms: 0
[2026-09-27 23:13:43.240 -0300] INFO (83921): request completed
    route: "/v1/dashboard/exports"
    method: "POST"
    status: 403
    duration_ms: 0
[2026-09-27 23:13:43.255 -0300] INFO (83921): request completed
    route: "/v1/dashboard/exports"
    method: "POST"
    status: 403
    duration_ms: 15
[2026-09-27 23:13:43.256 -0300] INFO (83921): request completed
    route: "/v1/dashboard/exports"
    method: "POST"
    status: 403
    duration_ms: 0
[2026-09-27 23:13:43.257 -0300] INFO (83921): request completed
    route: "/v1/dashboard/exports"
    method: "POST"
    status: 403
    duration_ms: 1
[2026-09-27 23:13:43.257 -0300] INFO (83921): request completed
    route: "/v1/dashboard/exports"
    method: "POST"
    status: 403
    duration_ms: 0
[2026-09-27 23:13:43.258 -0300] INFO (83921): request completed
    route: "/v1/dashboard/exports"
    method: "POST"
    status: 403
    duration_ms: 0
[2026-09-27 23:13:43.275 -0300] INFO (83921): request completed
    route: "/v1/dashboard/exports"
    method: "POST"
    status: 400
    duration_ms: 17
[2026-09-27 23:13:43.290 -0300] INFO (83921): request completed
    route: "/v1/dashboard/exports"
    method: "POST"
    status: 400
    duration_ms: 14
[2026-09-27 23:13:43.305 -0300] INFO (83921): request completed
    route: "/v1/dashboard/exports"
    method: "POST"
    status: 400
    duration_ms: 14
[2026-09-27 23:13:43.319 -0300] INFO (83921): request completed
    route: "/v1/dashboard/exports"
    method: "POST"
    status: 400
    duration_ms: 14
[2026-09-27 23:13:43.334 -0300] INFO (83921): request completed
    route: "/v1/dashboard/exports"
    method: "POST"
    status: 400
    duration_ms: 14
[2026-09-27 23:13:43.335 -0300] INFO (83921): request completed
    route: "/v1/dashboard/exports"
    method: "POST"
    status: 403
    duration_ms: 1
[2026-09-27 23:13:43.348 -0300] INFO (83921): request completed
    route: "/v1/dashboard/exports"
    method: "POST"
    status: 400
    duration_ms: 13
[2026-09-27 23:13:43.349 -0300] INFO (83921): request completed
    route: "/v1/dashboard/exports"
    method: "POST"
    status: 403
    duration_ms: 0
[2026-09-27 23:13:43.349 -0300] INFO (83921): request completed
    route: "/v1/dashboard/exports"
    method: "POST"
    status: 403
    duration_ms: 0
[2026-09-27 23:13:43.350 -0300] INFO (83921): request completed
    route: "/v1/dashboard/exports"
    method: "POST"
    status: 403
    duration_ms: 0
[2026-09-27 23:13:43.351 -0300] INFO (83921): request completed
    route: "/v1/dashboard/exports"
    method: "POST"
    status: 403
    duration_ms: 0
[2026-09-27 23:13:43.366 -0300] INFO (83921): request completed
    route: "/v1/dashboard/exports"
    method: "POST"
    status: 400
    duration_ms: 14
[2026-09-27 23:13:43.381 -0300] INFO (83921): request completed
    route: "/v1/dashboard/exports"
    method: "POST"
    status: 400
    duration_ms: 14
[2026-09-27 23:13:43.382 -0300] INFO (83921): request completed
    route: "/v1/dashboard/exports"
    method: "POST"
    status: 403
    duration_ms: 1
[2026-09-27 23:13:43.382 -0300] INFO (83921): request completed
    route: "/v1/dashboard/exports"
    method: "POST"
    status: 403
    duration_ms: 0
[2026-09-27 23:13:43.396 -0300] INFO (83921): request completed
    route: "/v1/dashboard/exports"
    method: "POST"
    status: 400
    duration_ms: 13
[2026-09-27 23:13:43.410 -0300] INFO (83921): request completed
    route: "/v1/dashboard/exports"
    method: "POST"
    status: 400
    duration_ms: 13
[2026-09-27 23:13:43.411 -0300] INFO (83921): request completed
    route: "/v1/dashboard/exports"
    method: "POST"
    status: 403
    duration_ms: 1
[2026-09-27 23:13:43.424 -0300] INFO (83921): request completed
    route: "/v1/dashboard/exports/00000000-0000-7000-8000-000081000501/approve"
    method: "POST"
    status: 400
    duration_ms: 13
[2026-09-27 23:13:43.425 -0300] INFO (83921): request completed
    route: "/v1/dashboard/exports/00000000-0000-7000-8000-000081000501/approve"
    method: "POST"
    status: 403
    duration_ms: 1
[2026-09-27 23:13:43.426 -0300] INFO (83921): request completed
    route: "/v1/dashboard/exports/00000000-0000-7000-8000-000081000501/approve"
    method: "POST"
    status: 403
    duration_ms: 1
[2026-09-27 23:13:43.426 -0300] INFO (83921): request completed
    route: "/v1/dashboard/exports/00000000-0000-7000-8000-000081000501/approve"
    method: "POST"
    status: 403
    duration_ms: 0
[2026-09-27 23:13:43.427 -0300] INFO (83921): request completed
    route: "/v1/dashboard/exports/00000000-0000-7000-8000-000081000501/approve"
    method: "POST"
    status: 403
    duration_ms: 0
[2026-09-27 23:13:43.427 -0300] INFO (83921): request completed
    route: "/v1/dashboard/exports/00000000-0000-7000-8000-000081000501/approve"
    method: "POST"
    status: 403
    duration_ms: 0
[2026-09-27 23:13:43.428 -0300] INFO (83921): request completed
    route: "/v1/dashboard/exports/00000000-0000-7000-8000-000081000501/approve"
    method: "POST"
    status: 403
    duration_ms: 0
[2026-09-27 23:13:43.428 -0300] INFO (83921): request completed
    route: "/v1/dashboard/exports/00000000-0000-7000-8000-000081000501/approve"
    method: "POST"
    status: 403
    duration_ms: 0
[2026-09-27 23:13:43.429 -0300] INFO (83921): request completed
    route: "/v1/dashboard/exports/00000000-0000-7000-8000-000081000501/approve"
    method: "POST"
    status: 403
    duration_ms: 0
[2026-09-27 23:13:43.441 -0300] INFO (83921): request completed
    route: "/v1/dashboard/exports/00000000-0000-7000-8000-000081000501/approve"
    method: "POST"
    status: 400
    duration_ms: 12
[2026-09-27 23:13:43.441 -0300] INFO (83921): request completed
    route: "/v1/dashboard/exports/00000000-0000-7000-8000-000081000501/approve"
    method: "POST"
    status: 403
    duration_ms: 0
[2026-09-27 23:13:43.442 -0300] INFO (83921): request completed
    route: "/v1/dashboard/exports/00000000-0000-7000-8000-000081000501/approve"
    method: "POST"
    status: 403
    duration_ms: 0
[2026-09-27 23:13:43.442 -0300] INFO (83921): request completed
    route: "/v1/dashboard/exports/00000000-0000-7000-8000-000081000501/approve"
    method: "POST"
    status: 403
    duration_ms: 0
[2026-09-27 23:13:43.455 -0300] INFO (83921): request completed
    route: "/v1/dashboard/exports/00000000-0000-7000-8000-000081000501/approve"
    method: "POST"
    status: 400
    duration_ms: 12
[2026-09-27 23:13:43.456 -0300] INFO (83921): request completed
    route: "/v1/dashboard/exports/00000000-0000-7000-8000-000081000501/approve"
    method: "POST"
    status: 403
    duration_ms: 0
[2026-09-27 23:13:43.456 -0300] INFO (83921): request completed
    route: "/v1/dashboard/exports/00000000-0000-7000-8000-000081000501/approve"
    method: "POST"
    status: 403
    duration_ms: 0
[2026-09-27 23:13:43.457 -0300] INFO (83921): request completed
    route: "/v1/dashboard/exports/00000000-0000-7000-8000-000081000501/approve"
    method: "POST"
    status: 403
    duration_ms: 0
[2026-09-27 23:13:43.458 -0300] INFO (83921): request completed
    route: "/v1/dashboard/exports/00000000-0000-7000-8000-000081000501/approve"
    method: "POST"
    status: 403
    duration_ms: 1
[2026-09-27 23:13:43.458 -0300] INFO (83921): request completed
    route: "/v1/dashboard/exports/00000000-0000-7000-8000-000081000501/approve"
    method: "POST"
    status: 403
    duration_ms: 0
[2026-09-27 23:13:43.469 -0300] INFO (83921): request completed
    route: "/v1/dashboard/exports/00000000-0000-7000-8000-000081000501/approve"
    method: "POST"
    status: 400
    duration_ms: 10
[2026-09-27 23:13:43.482 -0300] INFO (83921): request completed
    route: "/v1/dashboard/exports/00000000-0000-7000-8000-000081000501/approve"
    method: "POST"
    status: 400
    duration_ms: 12
[2026-09-27 23:13:43.483 -0300] INFO (83921): request completed
    route: "/v1/dashboard/exports/00000000-0000-7000-8000-000081000501/approve"
    method: "POST"
    status: 403
    duration_ms: 0
[2026-09-27 23:13:43.484 -0300] INFO (83921): request completed
    route: "/v1/dashboard/exports/00000000-0000-7000-8000-000081000501/approve"
    method: "POST"
    status: 403
    duration_ms: 0
[2026-09-27 23:13:43.484 -0300] INFO (83921): request completed
    route: "/v1/dashboard/exports/00000000-0000-7000-8000-000081000501/approve"
    method: "POST"
    status: 403
    duration_ms: 0
[2026-09-27 23:13:43.485 -0300] INFO (83921): request completed
    route: "/v1/dashboard/exports/00000000-0000-7000-8000-000081000501/approve"
    method: "POST"
    status: 403
    duration_ms: 0
[2026-09-27 23:13:43.485 -0300] INFO (83921): request completed
    route: "/v1/dashboard/exports/00000000-0000-7000-8000-000081000501/approve"
    method: "POST"
    status: 403
    duration_ms: 0
[2026-09-27 23:13:43.486 -0300] INFO (83921): request completed
    route: "/v1/dashboard/exports/00000000-0000-7000-8000-000081000501/approve"
    method: "POST"
    status: 403
    duration_ms: 0
[2026-09-27 23:13:43.486 -0300] INFO (83921): request completed
    route: "/v1/dashboard/exports/00000000-0000-7000-8000-000081000501/approve"
    method: "POST"
    status: 403
    duration_ms: 0
[2026-09-27 23:13:43.487 -0300] INFO (83921): request completed
    route: "/v1/dashboard/exports/00000000-0000-7000-8000-000081000501/approve"
    method: "POST"
    status: 403
    duration_ms: 0
[2026-09-27 23:13:43.487 -0300] INFO (83921): request completed
    route: "/v1/dashboard/exports/00000000-0000-7000-8000-000081000501/approve"
    method: "POST"
    status: 403
    duration_ms: 0
[2026-09-27 23:13:43.488 -0300] INFO (83921): request completed
    route: "/v1/dashboard/exports/00000000-0000-7000-8000-000081000501/approve"
    method: "POST"
    status: 403
    duration_ms: 0
[2026-09-27 23:13:43.488 -0300] INFO (83921): request completed
    route: "/v1/dashboard/exports/00000000-0000-7000-8000-000081000501/approve"
    method: "POST"
    status: 403
    duration_ms: 0
[2026-09-27 23:13:43.489 -0300] INFO (83921): request completed
    route: "/v1/dashboard/exports/00000000-0000-7000-8000-000081000501/approve"
    method: "POST"
    status: 403
    duration_ms: 1
[2026-09-27 23:13:43.489 -0300] INFO (83921): request completed
    route: "/v1/dashboard/exports/00000000-0000-7000-8000-000081000501/approve"
    method: "POST"
    status: 403
    duration_ms: 0
[2026-09-27 23:13:43.489 -0300] INFO (83921): request completed
    route: "/v1/dashboard/exports/00000000-0000-7000-8000-000081000501/approve"
    method: "POST"
    status: 403
    duration_ms: 0
[2026-09-27 23:13:43.490 -0300] INFO (83921): request completed
    route: "/v1/dashboard/exports/00000000-0000-7000-8000-000081000501/approve"
    method: "POST"
    status: 403
    duration_ms: 0
[2026-09-27 23:13:43.494 -0300] INFO (83921): request completed
    route: "/v1/dashboard/audit-trail"
    method: "GET"
    status: 403
    duration_ms: 4
[2026-09-27 23:13:43.495 -0300] INFO (83921): request completed
    route: "/v1/dashboard/audit-trail"
    method: "GET"
    status: 403
    duration_ms: 1
[2026-09-27 23:13:43.495 -0300] INFO (83921): request completed
    route: "/v1/dashboard/audit-trail"
    method: "GET"
    status: 403
    duration_ms: 0
[2026-09-27 23:13:43.496 -0300] INFO (83921): request completed
    route: "/v1/dashboard/audit-trail"
    method: "GET"
    status: 403
    duration_ms: 0
[2026-09-27 23:13:43.496 -0300] INFO (83921): request completed
    route: "/v1/dashboard/audit-trail"
    method: "GET"
    status: 403
    duration_ms: 0
[2026-09-27 23:13:43.497 -0300] INFO (83921): request completed
    route: "/v1/dashboard/audit-trail"
    method: "GET"
    status: 403
    duration_ms: 0
[2026-09-27 23:13:43.507 -0300] INFO (83921): request completed
    route: "/v1/dashboard/audit-trail"
    method: "GET"
    status: 200
    duration_ms: 10
[2026-09-27 23:13:43.514 -0300] INFO (83921): request completed
    route: "/v1/dashboard/audit-trail"
    method: "GET"
    status: 200
    duration_ms: 6
[2026-09-27 23:13:43.515 -0300] INFO (83921): request completed
    route: "/v1/dashboard/audit-trail"
    method: "GET"
    status: 403
    duration_ms: 0
[2026-09-27 23:13:43.521 -0300] INFO (83921): request completed
    route: "/v1/dashboard/audit-trail"
    method: "GET"
    status: 200
    duration_ms: 6
[2026-09-27 23:13:43.522 -0300] INFO (83921): request completed
    route: "/v1/dashboard/audit-trail"
    method: "GET"
    status: 403
    duration_ms: 0
[2026-09-27 23:13:43.523 -0300] INFO (83921): request completed
    route: "/v1/dashboard/audit-trail"
    method: "GET"
    status: 403
    duration_ms: 0
[2026-09-27 23:13:43.530 -0300] INFO (83921): request completed
    route: "/v1/dashboard/audit-trail"
    method: "GET"
    status: 200
    duration_ms: 7
[2026-09-27 23:13:43.533 -0300] INFO (83921): request completed
    route: "/v1/dashboard/audit-trail"
    method: "GET"
    status: 403
    duration_ms: 3
[2026-09-27 23:13:43.534 -0300] INFO (83921): request completed
    route: "/v1/dashboard/audit-trail"
    method: "GET"
    status: 403
    duration_ms: 0
[2026-09-27 23:13:43.535 -0300] INFO (83921): request completed
    route: "/v1/dashboard/audit-trail"
    method: "GET"
    status: 403
    duration_ms: 0
[2026-09-27 23:13:43.535 -0300] INFO (83921): request completed
    route: "/v1/dashboard/audit-trail"
    method: "GET"
    status: 403
    duration_ms: 0
[2026-09-27 23:13:43.536 -0300] INFO (83921): request completed
    route: "/v1/dashboard/audit-trail"
    method: "GET"
    status: 403
    duration_ms: 0
[2026-09-27 23:13:43.543 -0300] INFO (83921): request completed
    route: "/v1/dashboard/audit-trail"
    method: "GET"
    status: 200
    duration_ms: 7
[2026-09-27 23:13:43.550 -0300] INFO (83921): request completed
    route: "/v1/dashboard/audit-trail"
    method: "GET"
    status: 200
    duration_ms: 6
[2026-09-27 23:13:43.556 -0300] INFO (83921): request completed
    route: "/v1/dashboard/audit-trail"
    method: "GET"
    status: 200
    duration_ms: 5
[2026-09-27 23:13:43.558 -0300] INFO (83921): request completed
    route: "/v1/dashboard/audit-trail"
    method: "GET"
    status: 403
    duration_ms: 1
[2026-09-27 23:13:43.558 -0300] INFO (83921): request completed
    route: "/v1/dashboard/audit-trail"
    method: "GET"
    status: 403
    duration_ms: 0
[2026-09-27 23:13:43.559 -0300] INFO (83921): request completed
    route: "/v1/dashboard/audit-trail"
    method: "GET"
    status: 403
    duration_ms: 0
[2026-09-27 23:13:43.564 -0300] INFO (83921): request completed
    route: "/v1/dashboard/audit-trail"
    method: "GET"
    status: 200
    duration_ms: 5
[2026-09-27 23:13:43.566 -0300] INFO (83921): request completed
    route: "/v1/dashboard/audit-trail"
    method: "GET"
    status: 403
    duration_ms: 1
[2026-09-27 23:13:43.566 -0300] INFO (83921): request completed
    route: "/v1/dashboard/audit-trail"
    method: "GET"
    status: 403
    duration_ms: 0
[2026-09-27 23:13:43.567 -0300] INFO (83921): request completed
    route: "/v1/dashboard/audit-trail"
    method: "GET"
    status: 403
    duration_ms: 0
[2026-09-27 23:13:43.567 -0300] INFO (83921): request completed
    route: "/v1/dashboard/audit-trail"
    method: "GET"
    status: 403
    duration_ms: 0
[2026-09-27 23:13:43.573 -0300] INFO (83921): request completed
    route: "/v1/dashboard/audit-trail"
    method: "GET"
    status: 200
    duration_ms: 5
[2026-09-27 23:13:43.579 -0300] INFO (83921): request completed
    route: "/v1/dashboard/audit-trail"
    method: "GET"
    status: 200
    duration_ms: 5
[2026-09-27 23:13:43.580 -0300] INFO (83921): request completed
    route: "/v1/dashboard/audit-trail"
    method: "GET"
    status: 403
    duration_ms: 0
[2026-09-27 23:13:43.581 -0300] INFO (83921): request completed
    route: "/v1/dashboard/audit-trail"
    method: "GET"
    status: 403
    duration_ms: 0
[2026-09-27 23:13:43.582 -0300] INFO (83921): request completed
    route: "/v1/dashboard/audit-trail"
    method: "GET"
    status: 403
    duration_ms: 1
[2026-09-27 23:13:43.582 -0300] INFO (83921): request completed
    route: "/v1/dashboard/audit-trail"
    method: "GET"
    status: 403
    duration_ms: 0
[2026-09-27 23:13:43.582 -0300] INFO (83921): request completed
    route: "/v1/dashboard/audit-trail"
    method: "GET"
    status: 403
    duration_ms: 0
[2026-09-27 23:13:43.586 -0300] INFO (83921): request completed
    route: "/v1/dashboard/comparisons?dimension=pool"
    method: "GET"
    status: 403
    duration_ms: 3
[2026-09-27 23:13:43.587 -0300] INFO (83921): request completed
    route: "/v1/dashboard/comparisons?dimension=pool"
    method: "GET"
    status: 403
    duration_ms: 0
[2026-09-27 23:13:43.588 -0300] INFO (83921): request completed
    route: "/v1/dashboard/comparisons?dimension=pool"
    method: "GET"
    status: 403
    duration_ms: 0
[2026-09-27 23:13:43.591 -0300] INFO (83921): request completed
    route: "/v1/dashboard/comparisons?dimension=pool"
    method: "GET"
    status: 403
    duration_ms: 0
[2026-09-27 23:13:43.592 -0300] INFO (83921): request completed
    route: "/v1/dashboard/comparisons?dimension=pool"
    method: "GET"
    status: 403
    duration_ms: 0
[2026-09-27 23:13:43.592 -0300] INFO (83921): request completed
    route: "/v1/dashboard/comparisons?dimension=pool"
    method: "GET"
    status: 403
    duration_ms: 0
[2026-09-27 23:13:43.603 -0300] INFO (83921): request completed
    route: "/v1/dashboard/comparisons?dimension=pool"
    method: "GET"
    status: 200
    duration_ms: 10
[2026-09-27 23:13:43.609 -0300] INFO (83921): request completed
    route: "/v1/dashboard/comparisons?dimension=pool"
    method: "GET"
    status: 200
    duration_ms: 6
[2026-09-27 23:13:43.610 -0300] INFO (83921): request completed
    route: "/v1/dashboard/comparisons?dimension=pool"
    method: "GET"
    status: 403
    duration_ms: 0
[2026-09-27 23:13:43.616 -0300] INFO (83921): request completed
    route: "/v1/dashboard/comparisons?dimension=pool"
    method: "GET"
    status: 200
    duration_ms: 5
[2026-09-27 23:13:43.617 -0300] INFO (83921): request completed
    route: "/v1/dashboard/comparisons?dimension=pool"
    method: "GET"
    status: 403
    duration_ms: 0
[2026-09-27 23:13:43.618 -0300] INFO (83921): request completed
    route: "/v1/dashboard/comparisons?dimension=pool"
    method: "GET"
    status: 403
    duration_ms: 0
[2026-09-27 23:13:43.619 -0300] INFO (83921): request completed
    route: "/v1/dashboard/comparisons?dimension=pool"
    method: "GET"
    status: 403
    duration_ms: 0
[2026-09-27 23:13:43.622 -0300] INFO (83921): request completed
    route: "/v1/dashboard/comparisons?dimension=pool"
    method: "GET"
    status: 403
    duration_ms: 3
[2026-09-27 23:13:43.623 -0300] INFO (83921): request completed
    route: "/v1/dashboard/comparisons?dimension=pool"
    method: "GET"
    status: 403
    duration_ms: 0
[2026-09-27 23:13:43.624 -0300] INFO (83921): request completed
    route: "/v1/dashboard/comparisons?dimension=pool"
    method: "GET"
    status: 403
    duration_ms: 0
[2026-09-27 23:13:43.624 -0300] INFO (83921): request completed
    route: "/v1/dashboard/comparisons?dimension=pool"
    method: "GET"
    status: 403
    duration_ms: 0
[2026-09-27 23:13:43.625 -0300] INFO (83921): request completed
    route: "/v1/dashboard/comparisons?dimension=pool"
    method: "GET"
    status: 403
    duration_ms: 0
[2026-09-27 23:13:43.632 -0300] INFO (83921): request completed
    route: "/v1/dashboard/comparisons?dimension=pool"
    method: "GET"
    status: 200
    duration_ms: 7
[2026-09-27 23:13:43.638 -0300] INFO (83921): request completed
    route: "/v1/dashboard/comparisons?dimension=pool"
    method: "GET"
    status: 200
    duration_ms: 6
[2026-09-27 23:13:43.644 -0300] INFO (83921): request completed
    route: "/v1/dashboard/comparisons?dimension=pool"
    method: "GET"
    status: 200
    duration_ms: 6
[2026-09-27 23:13:43.651 -0300] INFO (83921): request completed
    route: "/v1/dashboard/comparisons?dimension=pool"
    method: "GET"
    status: 200
    duration_ms: 6
[2026-09-27 23:13:43.652 -0300] INFO (83921): request completed
    route: "/v1/dashboard/comparisons?dimension=pool"
    method: "GET"
    status: 403
    duration_ms: 0
[2026-09-27 23:13:43.653 -0300] INFO (83921): request completed
    route: "/v1/dashboard/comparisons?dimension=pool"
    method: "GET"
    status: 403
    duration_ms: 0
[2026-09-27 23:13:43.659 -0300] INFO (83921): request completed
    route: "/v1/dashboard/comparisons?dimension=pool"
    method: "GET"
    status: 200
    duration_ms: 6
[2026-09-27 23:13:43.660 -0300] INFO (83921): request completed
    route: "/v1/dashboard/comparisons?dimension=pool"
    method: "GET"
    status: 403
    duration_ms: 0
[2026-09-27 23:13:43.661 -0300] INFO (83921): request completed
    route: "/v1/dashboard/comparisons?dimension=pool"
    method: "GET"
    status: 403
    duration_ms: 1
[2026-09-27 23:13:43.661 -0300] INFO (83921): request completed
    route: "/v1/dashboard/comparisons?dimension=pool"
    method: "GET"
    status: 403
    duration_ms: 0
[2026-09-27 23:13:43.662 -0300] INFO (83921): request completed
    route: "/v1/dashboard/comparisons?dimension=pool"
    method: "GET"
    status: 403
    duration_ms: 0
[2026-09-27 23:13:43.669 -0300] INFO (83921): request completed
    route: "/v1/dashboard/comparisons?dimension=pool"
    method: "GET"
    status: 200
    duration_ms: 6
[2026-09-27 23:13:43.675 -0300] INFO (83921): request completed
    route: "/v1/dashboard/comparisons?dimension=pool"
    method: "GET"
    status: 200
    duration_ms: 6
[2026-09-27 23:13:43.676 -0300] INFO (83921): request completed
    route: "/v1/dashboard/comparisons?dimension=pool"
    method: "GET"
    status: 403
    duration_ms: 0
[2026-09-27 23:13:43.677 -0300] INFO (83921): request completed
    route: "/v1/dashboard/comparisons?dimension=pool"
    method: "GET"
    status: 403
    duration_ms: 0
[2026-09-27 23:13:43.677 -0300] INFO (83921): request completed
    route: "/v1/dashboard/comparisons?dimension=pool"
    method: "GET"
    status: 403
    duration_ms: 0
[2026-09-27 23:13:43.678 -0300] INFO (83921): request completed
    route: "/v1/dashboard/comparisons?dimension=pool"
    method: "GET"
    status: 403
    duration_ms: 0
[2026-09-27 23:13:43.678 -0300] INFO (83921): request completed
    route: "/v1/dashboard/comparisons?dimension=pool"
    method: "GET"
    status: 403
    duration_ms: 0
[2026-09-27 23:13:43.687 -0300] INFO (83921): request completed
    route: "/v1/dashboard/transparency/checklist"
    method: "GET"
    status: 200
    duration_ms: 8
[2026-09-27 23:13:43.688 -0300] INFO (83921): request completed
    route: "/v1/dashboard/transparency/checklist"
    method: "GET"
    status: 403
    duration_ms: 0
[2026-09-27 23:13:43.689 -0300] INFO (83921): request completed
    route: "/v1/dashboard/transparency/checklist"
    method: "GET"
    status: 403
    duration_ms: 0
[2026-09-27 23:13:43.690 -0300] INFO (83921): request completed
    route: "/v1/dashboard/transparency/checklist"
    method: "GET"
    status: 403
    duration_ms: 1
[2026-09-27 23:13:43.690 -0300] INFO (83921): request completed
    route: "/v1/dashboard/transparency/checklist"
    method: "GET"
    status: 403
    duration_ms: 0
[2026-09-27 23:13:43.691 -0300] INFO (83921): request completed
    route: "/v1/dashboard/transparency/checklist"
    method: "GET"
    status: 403
    duration_ms: 0
[2026-09-27 23:13:43.697 -0300] INFO (83921): request completed
    route: "/v1/dashboard/transparency/checklist"
    method: "GET"
    status: 200
    duration_ms: 6
[2026-09-27 23:13:43.698 -0300] INFO (83921): request completed
    route: "/v1/dashboard/transparency/checklist"
    method: "GET"
    status: 403
    duration_ms: 1
[2026-09-27 23:13:43.698 -0300] INFO (83921): request completed
    route: "/v1/dashboard/transparency/checklist"
    method: "GET"
    status: 403
    duration_ms: 0
[2026-09-27 23:13:43.704 -0300] INFO (83921): request completed
    route: "/v1/dashboard/transparency/checklist"
    method: "GET"
    status: 200
    duration_ms: 5
[2026-09-27 23:13:43.705 -0300] INFO (83921): request completed
    route: "/v1/dashboard/transparency/checklist"
    method: "GET"
    status: 403
    duration_ms: 0
[2026-09-27 23:13:43.706 -0300] INFO (83921): request completed
    route: "/v1/dashboard/transparency/checklist"
    method: "GET"
    status: 403
    duration_ms: 1
[2026-09-27 23:13:43.706 -0300] INFO (83921): request completed
    route: "/v1/dashboard/transparency/checklist"
    method: "GET"
    status: 403
    duration_ms: 0
[2026-09-27 23:13:43.711 -0300] INFO (83921): request completed
    route: "/v1/dashboard/transparency/checklist"
    method: "GET"
    status: 200
    duration_ms: 5
[2026-09-27 23:13:43.712 -0300] INFO (83921): request completed
    route: "/v1/dashboard/transparency/checklist"
    method: "GET"
    status: 403
    duration_ms: 0
[2026-09-27 23:13:43.712 -0300] INFO (83921): request completed
    route: "/v1/dashboard/transparency/checklist"
    method: "GET"
    status: 403
    duration_ms: 0
[2026-09-27 23:13:43.713 -0300] INFO (83921): request completed
    route: "/v1/dashboard/transparency/checklist"
    method: "GET"
    status: 403
    duration_ms: 0
[2026-09-27 23:13:43.714 -0300] INFO (83921): request completed
    route: "/v1/dashboard/transparency/checklist"
    method: "GET"
    status: 403
    duration_ms: 1
[2026-09-27 23:13:43.714 -0300] INFO (83921): request completed
    route: "/v1/dashboard/transparency/checklist"
    method: "GET"
    status: 403
    duration_ms: 0
[2026-09-27 23:13:43.719 -0300] INFO (83921): request completed
    route: "/v1/dashboard/transparency/checklist"
    method: "GET"
    status: 200
    duration_ms: 5
[2026-09-27 23:13:43.725 -0300] INFO (83921): request completed
    route: "/v1/dashboard/transparency/checklist"
    method: "GET"
    status: 200
    duration_ms: 5
[2026-09-27 23:13:43.726 -0300] INFO (83921): request completed
    route: "/v1/dashboard/transparency/checklist"
    method: "GET"
    status: 403
    duration_ms: 0
[2026-09-27 23:13:43.726 -0300] INFO (83921): request completed
    route: "/v1/dashboard/transparency/checklist"
    method: "GET"
    status: 403
    duration_ms: 0
[2026-09-27 23:13:43.727 -0300] INFO (83921): request completed
    route: "/v1/dashboard/transparency/checklist"
    method: "GET"
    status: 403
    duration_ms: 0
[2026-09-27 23:13:43.727 -0300] INFO (83921): request completed
    route: "/v1/dashboard/transparency/checklist"
    method: "GET"
    status: 403
    duration_ms: 0
[2026-09-27 23:13:43.728 -0300] INFO (83921): request completed
    route: "/v1/dashboard/transparency/checklist"
    method: "GET"
    status: 403
    duration_ms: 0
[2026-09-27 23:13:43.728 -0300] INFO (83921): request completed
    route: "/v1/dashboard/transparency/checklist"
    method: "GET"
    status: 403
    duration_ms: 0
[2026-09-27 23:13:43.729 -0300] INFO (83921): request completed
    route: "/v1/dashboard/transparency/checklist"
    method: "GET"
    status: 403
    duration_ms: 1
[2026-09-27 23:13:43.729 -0300] INFO (83921): request completed
    route: "/v1/dashboard/transparency/checklist"
    method: "GET"
    status: 403
    duration_ms: 0
[2026-09-27 23:13:43.730 -0300] INFO (83921): request completed
    route: "/v1/dashboard/transparency/checklist"
    method: "GET"
    status: 403
    duration_ms: 0
[2026-09-27 23:13:43.730 -0300] INFO (83921): request completed
    route: "/v1/dashboard/transparency/checklist"
    method: "GET"
    status: 403
    duration_ms: 0
[2026-09-27 23:13:43.731 -0300] INFO (83921): request completed
    route: "/v1/dashboard/transparency/checklist"
    method: "GET"
    status: 403
    duration_ms: 1
[2026-09-27 23:13:43.731 -0300] INFO (83921): request completed
    route: "/v1/dashboard/transparency/checklist"
    method: "GET"
    status: 403
    duration_ms: 0
[2026-09-27 23:13:43.731 -0300] INFO (83921): request completed
    route: "/v1/dashboard/transparency/checklist"
    method: "GET"
    status: 403
    duration_ms: 0
[2026-09-27 23:13:43.732 -0300] INFO (83921): request completed
    route: "/v1/dashboard/transparency/checklist"
    method: "GET"
    status: 403
    duration_ms: 0
[2026-09-27 23:13:43.732 -0300] INFO (83921): request completed
    route: "/v1/dashboard/transparency/checklist"
    method: "GET"
    status: 403
    duration_ms: 0
[2026-09-27 23:13:43.748 -0300] INFO (83921): request completed
    route: "/v1/dashboard/transparency/audits"
    method: "POST"
    status: 400
    duration_ms: 15
[2026-09-27 23:13:43.749 -0300] INFO (83921): request completed
    route: "/v1/dashboard/transparency/audits"
    method: "POST"
    status: 403
    duration_ms: 0
[2026-09-27 23:13:43.750 -0300] INFO (83921): request completed
    route: "/v1/dashboard/transparency/audits"
    method: "POST"
    status: 403
    duration_ms: 1
[2026-09-27 23:13:43.750 -0300] INFO (83921): request completed
    route: "/v1/dashboard/transparency/audits"
    method: "POST"
    status: 403
    duration_ms: 0
[2026-09-27 23:13:43.751 -0300] INFO (83921): request completed
    route: "/v1/dashboard/transparency/audits"
    method: "POST"
    status: 403
    duration_ms: 0
[2026-09-27 23:13:43.752 -0300] INFO (83921): request completed
    route: "/v1/dashboard/transparency/audits"
    method: "POST"
    status: 403
    duration_ms: 1
[2026-09-27 23:13:43.752 -0300] INFO (83921): request completed
    route: "/v1/dashboard/transparency/audits"
    method: "POST"
    status: 403
    duration_ms: 0
[2026-09-27 23:13:43.753 -0300] INFO (83921): request completed
    route: "/v1/dashboard/transparency/audits"
    method: "POST"
    status: 403
    duration_ms: 1
[2026-09-27 23:13:43.753 -0300] INFO (83921): request completed
    route: "/v1/dashboard/transparency/audits"
    method: "POST"
    status: 403
    duration_ms: 0
[2026-09-27 23:13:43.769 -0300] INFO (83921): request completed
    route: "/v1/dashboard/transparency/audits"
    method: "POST"
    status: 400
    duration_ms: 16
[2026-09-27 23:13:43.769 -0300] INFO (83921): request completed
    route: "/v1/dashboard/transparency/audits"
    method: "POST"
    status: 403
    duration_ms: 0
[2026-09-27 23:13:43.770 -0300] INFO (83921): request completed
    route: "/v1/dashboard/transparency/audits"
    method: "POST"
    status: 403
    duration_ms: 0
[2026-09-27 23:13:43.771 -0300] INFO (83921): request completed
    route: "/v1/dashboard/transparency/audits"
    method: "POST"
    status: 403
    duration_ms: 1
[2026-09-27 23:13:43.785 -0300] INFO (83921): request completed
    route: "/v1/dashboard/transparency/audits"
    method: "POST"
    status: 400
    duration_ms: 14
[2026-09-27 23:13:43.787 -0300] INFO (83921): request completed
    route: "/v1/dashboard/transparency/audits"
    method: "POST"
    status: 403
    duration_ms: 1
[2026-09-27 23:13:43.787 -0300] INFO (83921): request completed
    route: "/v1/dashboard/transparency/audits"
    method: "POST"
    status: 403
    duration_ms: 0
[2026-09-27 23:13:43.788 -0300] INFO (83921): request completed
    route: "/v1/dashboard/transparency/audits"
    method: "POST"
    status: 403
    duration_ms: 0
[2026-09-27 23:13:43.788 -0300] INFO (83921): request completed
    route: "/v1/dashboard/transparency/audits"
    method: "POST"
    status: 403
    duration_ms: 0
[2026-09-27 23:13:43.789 -0300] INFO (83921): request completed
    route: "/v1/dashboard/transparency/audits"
    method: "POST"
    status: 403
    duration_ms: 0
[2026-09-27 23:13:43.804 -0300] INFO (83921): request completed
    route: "/v1/dashboard/transparency/audits"
    method: "POST"
    status: 400
    duration_ms: 15
[2026-09-27 23:13:43.818 -0300] INFO (83921): request completed
    route: "/v1/dashboard/transparency/audits"
    method: "POST"
    status: 400
    duration_ms: 14
[2026-09-27 23:13:43.819 -0300] INFO (83921): request completed
    route: "/v1/dashboard/transparency/audits"
    method: "POST"
    status: 403
    duration_ms: 0
[2026-09-27 23:13:43.820 -0300] INFO (83921): request completed
    route: "/v1/dashboard/transparency/audits"
    method: "POST"
    status: 403
    duration_ms: 0
[2026-09-27 23:13:43.820 -0300] INFO (83921): request completed
    route: "/v1/dashboard/transparency/audits"
    method: "POST"
    status: 403
    duration_ms: 0
[2026-09-27 23:13:43.821 -0300] INFO (83921): request completed
    route: "/v1/dashboard/transparency/audits"
    method: "POST"
    status: 403
    duration_ms: 0
[2026-09-27 23:13:43.821 -0300] INFO (83921): request completed
    route: "/v1/dashboard/transparency/audits"
    method: "POST"
    status: 403
    duration_ms: 0
[2026-09-27 23:13:43.822 -0300] INFO (83921): request completed
    route: "/v1/dashboard/transparency/audits"
    method: "POST"
    status: 403
    duration_ms: 0
[2026-09-27 23:13:43.822 -0300] INFO (83921): request completed
    route: "/v1/dashboard/transparency/audits"
    method: "POST"
    status: 403
    duration_ms: 0
[2026-09-27 23:13:43.823 -0300] INFO (83921): request completed
    route: "/v1/dashboard/transparency/audits"
    method: "POST"
    status: 403
    duration_ms: 0
[2026-09-27 23:13:43.823 -0300] INFO (83921): request completed
    route: "/v1/dashboard/transparency/audits"
    method: "POST"
    status: 403
    duration_ms: 0
[2026-09-27 23:13:43.824 -0300] INFO (83921): request completed
    route: "/v1/dashboard/transparency/audits"
    method: "POST"
    status: 403
    duration_ms: 0
[2026-09-27 23:13:43.825 -0300] INFO (83921): request completed
    route: "/v1/dashboard/transparency/audits"
    method: "POST"
    status: 403
    duration_ms: 1
[2026-09-27 23:13:43.825 -0300] INFO (83921): request completed
    route: "/v1/dashboard/transparency/audits"
    method: "POST"
    status: 403
    duration_ms: 0
[2026-09-27 23:13:43.826 -0300] INFO (83921): request completed
    route: "/v1/dashboard/transparency/audits"
    method: "POST"
    status: 403
    duration_ms: 0
[2026-09-27 23:13:43.826 -0300] INFO (83921): request completed
    route: "/v1/dashboard/transparency/audits"
    method: "POST"
    status: 403
    duration_ms: 0
[2026-09-27 23:13:43.827 -0300] INFO (83921): request completed
    route: "/v1/dashboard/transparency/audits"
    method: "POST"
    status: 403
    duration_ms: 1
[2026-09-27 23:13:43.831 -0300] INFO (83921): request completed
    route: "/v1/dashboard/datasets"
    method: "GET"
    status: 200
    duration_ms: 4
[2026-09-27 23:13:43.841 -0300] INFO (83921): request completed
    route: "/v1/dashboard/open-data/alerts-by-severity-month"
    method: "GET"
    status: 200
    duration_ms: 9
[2026-09-27 23:13:43.846 -0300] INFO (83921): request completed
    route: "/v1/dashboard/datasets"
    method: "GET"
    status: 200
    duration_ms: 5
[2026-09-27 23:13:43.853 -0300] INFO (83921): request completed
    route: "/v1/dashboard/open-data/alerts-by-severity-month"
    method: "GET"
    status: 200
    duration_ms: 7
[2026-09-27 23:13:43.857 -0300] INFO (83921): request completed
    route: "/v1/dashboard/datasets"
    method: "GET"
    status: 200
    duration_ms: 4
[2026-09-27 23:13:43.864 -0300] INFO (83921): request completed
    route: "/v1/dashboard/open-data/alerts-by-severity-month"
    method: "GET"
    status: 200
    duration_ms: 6
[2026-09-27 23:13:43.868 -0300] INFO (83921): request completed
    route: "/v1/dashboard/datasets"
    method: "GET"
    status: 200
    duration_ms: 4
[2026-09-27 23:13:43.875 -0300] INFO (83921): request completed
    route: "/v1/dashboard/open-data/alerts-by-severity-month"
    method: "GET"
    status: 200
    duration_ms: 6
[2026-09-27 23:13:43.880 -0300] INFO (83921): request completed
    route: "/v1/dashboard/datasets"
    method: "GET"
    status: 200
    duration_ms: 4
[2026-09-27 23:13:43.887 -0300] INFO (83921): request completed
    route: "/v1/dashboard/open-data/alerts-by-severity-month"
    method: "GET"
    status: 200
    duration_ms: 6
[2026-09-27 23:13:43.892 -0300] INFO (83921): request completed
    route: "/v1/dashboard/datasets"
    method: "GET"
    status: 200
    duration_ms: 4
[2026-09-27 23:13:43.898 -0300] INFO (83921): request completed
    route: "/v1/dashboard/open-data/alerts-by-severity-month"
    method: "GET"
    status: 200
    duration_ms: 6
[2026-09-27 23:13:43.903 -0300] INFO (83921): request completed
    route: "/v1/dashboard/datasets"
    method: "GET"
    status: 200
    duration_ms: 4
[2026-09-27 23:13:43.909 -0300] INFO (83921): request completed
    route: "/v1/dashboard/open-data/alerts-by-severity-month"
    method: "GET"
    status: 200
    duration_ms: 6
[2026-09-27 23:13:43.918 -0300] INFO (83921): request completed
    route: "/v1/dashboard/datasets"
    method: "GET"
    status: 200
    duration_ms: 8
[2026-09-27 23:13:43.924 -0300] INFO (83921): request completed
    route: "/v1/dashboard/open-data/alerts-by-severity-month"
    method: "GET"
    status: 200
    duration_ms: 6
[2026-09-27 23:13:43.928 -0300] INFO (83921): request completed
    route: "/v1/dashboard/datasets"
    method: "GET"
    status: 200
    duration_ms: 3
[2026-09-27 23:13:43.935 -0300] INFO (83921): request completed
    route: "/v1/dashboard/open-data/alerts-by-severity-month"
    method: "GET"
    status: 200
    duration_ms: 6
[2026-09-27 23:13:43.939 -0300] INFO (83921): request completed
    route: "/v1/dashboard/datasets"
    method: "GET"
    status: 200
    duration_ms: 3
[2026-09-27 23:13:43.945 -0300] INFO (83921): request completed
    route: "/v1/dashboard/open-data/alerts-by-severity-month"
    method: "GET"
    status: 200
    duration_ms: 5
[2026-09-27 23:13:43.950 -0300] INFO (83921): request completed
    route: "/v1/dashboard/datasets"
    method: "GET"
    status: 200
    duration_ms: 4
[2026-09-27 23:13:43.957 -0300] INFO (83921): request completed
    route: "/v1/dashboard/open-data/alerts-by-severity-month"
    method: "GET"
    status: 200
    duration_ms: 6
[2026-09-27 23:13:43.961 -0300] INFO (83921): request completed
    route: "/v1/dashboard/datasets"
    method: "GET"
    status: 200
    duration_ms: 3
[2026-09-27 23:13:43.968 -0300] INFO (83921): request completed
    route: "/v1/dashboard/open-data/alerts-by-severity-month"
    method: "GET"
    status: 200
    duration_ms: 6
[2026-09-27 23:13:43.972 -0300] INFO (83921): request completed
    route: "/v1/dashboard/datasets"
    method: "GET"
    status: 200
    duration_ms: 4
[2026-09-27 23:13:43.979 -0300] INFO (83921): request completed
    route: "/v1/dashboard/open-data/alerts-by-severity-month"
    method: "GET"
    status: 200
    duration_ms: 6
[2026-09-27 23:13:43.984 -0300] INFO (83921): request completed
    route: "/v1/dashboard/datasets"
    method: "GET"
    status: 200
    duration_ms: 4
[2026-09-27 23:13:43.990 -0300] INFO (83921): request completed
    route: "/v1/dashboard/open-data/alerts-by-severity-month"
    method: "GET"
    status: 200
    duration_ms: 6
[2026-09-27 23:13:43.991 -0300] INFO (83921): request completed
    route: "/v1/dashboard/datasets"
    method: "GET"
    status: 403
    duration_ms: 1
[2026-09-27 23:13:43.991 -0300] INFO (83921): request completed
    route: "/v1/dashboard/open-data/alerts-by-severity-month"
    method: "GET"
    status: 403
    duration_ms: 0
[2026-09-27 23:13:43.995 -0300] INFO (83921): request completed
    route: "/v1/dashboard/datasets"
    method: "GET"
    status: 200
    duration_ms: 4
[2026-09-27 23:13:44.002 -0300] INFO (83921): request completed
    route: "/v1/dashboard/open-data/alerts-by-severity-month"
    method: "GET"
    status: 200
    duration_ms: 6
[2026-09-27 23:13:44.006 -0300] INFO (83921): request completed
    route: "/v1/dashboard/datasets"
    method: "GET"
    status: 200
    duration_ms: 4
[2026-09-27 23:13:44.012 -0300] INFO (83921): request completed
    route: "/v1/dashboard/open-data/alerts-by-severity-month"
    method: "GET"
    status: 200
    duration_ms: 6
[2026-09-27 23:13:44.017 -0300] INFO (83921): request completed
    route: "/v1/dashboard/datasets"
    method: "GET"
    status: 200
    duration_ms: 4
[2026-09-27 23:13:44.025 -0300] INFO (83921): request completed
    route: "/v1/dashboard/open-data/alerts-by-severity-month"
    method: "GET"
    status: 200
    duration_ms: 7
[2026-09-27 23:13:44.032 -0300] INFO (83921): request completed
    route: "/v1/dashboard/datasets"
    method: "GET"
    status: 200
    duration_ms: 7
[2026-09-27 23:13:44.040 -0300] INFO (83921): request completed
    route: "/v1/dashboard/open-data/alerts-by-severity-month"
    method: "GET"
    status: 200
    duration_ms: 7
[2026-09-27 23:13:44.045 -0300] INFO (83921): request completed
    route: "/v1/dashboard/datasets"
    method: "GET"
    status: 200
    duration_ms: 4
[2026-09-27 23:13:44.052 -0300] INFO (83921): request completed
    route: "/v1/dashboard/open-data/alerts-by-severity-month"
    method: "GET"
    status: 200
    duration_ms: 6
[2026-09-27 23:13:44.057 -0300] INFO (83921): request completed
    route: "/v1/dashboard/datasets"
    method: "GET"
    status: 200
    duration_ms: 4
[2026-09-27 23:13:44.064 -0300] INFO (83921): request completed
    route: "/v1/dashboard/open-data/alerts-by-severity-month"
    method: "GET"
    status: 200
    duration_ms: 6
[2026-09-27 23:13:44.068 -0300] INFO (83921): request completed
    route: "/v1/dashboard/datasets"
    method: "GET"
    status: 200
    duration_ms: 4
[2026-09-27 23:13:44.075 -0300] INFO (83921): request completed
    route: "/v1/dashboard/open-data/alerts-by-severity-month"
    method: "GET"
    status: 200
    duration_ms: 6
[2026-09-27 23:13:44.079 -0300] INFO (83921): request completed
    route: "/v1/dashboard/datasets"
    method: "GET"
    status: 200
    duration_ms: 4
[2026-09-27 23:13:44.086 -0300] INFO (83921): request completed
    route: "/v1/dashboard/open-data/alerts-by-severity-month"
    method: "GET"
    status: 200
    duration_ms: 6
[2026-09-27 23:13:44.091 -0300] INFO (83921): request completed
    route: "/v1/dashboard/datasets"
    method: "GET"
    status: 200
    duration_ms: 4
[2026-09-27 23:13:44.098 -0300] INFO (83921): request completed
    route: "/v1/dashboard/open-data/alerts-by-severity-month"
    method: "GET"
    status: 200
    duration_ms: 6
[2026-09-27 23:13:44.103 -0300] INFO (83921): request completed
    route: "/v1/dashboard/datasets"
    method: "GET"
    status: 200
    duration_ms: 4
[2026-09-27 23:13:44.110 -0300] INFO (83921): request completed
    route: "/v1/dashboard/open-data/alerts-by-severity-month"
    method: "GET"
    status: 200
    duration_ms: 6
[2026-09-27 23:13:44.115 -0300] INFO (83921): request completed
    route: "/v1/dashboard/datasets"
    method: "GET"
    status: 200
    duration_ms: 4
[2026-09-27 23:13:44.122 -0300] INFO (83921): request completed
    route: "/v1/dashboard/open-data/alerts-by-severity-month"
    method: "GET"
    status: 200
    duration_ms: 6
[2026-09-27 23:13:44.127 -0300] INFO (83921): request completed
    route: "/v1/dashboard/datasets"
    method: "GET"
    status: 200
    duration_ms: 4
[2026-09-27 23:13:44.134 -0300] INFO (83921): request completed
    route: "/v1/dashboard/open-data/alerts-by-severity-month"
    method: "GET"
    status: 200
    duration_ms: 7
[2026-09-27 23:13:44.138 -0300] INFO (83921): request completed
    route: "/v1/dashboard/datasets"
    method: "GET"
    status: 200
    duration_ms: 4
[2026-09-27 23:13:44.146 -0300] INFO (83921): request completed
    route: "/v1/dashboard/open-data/alerts-by-severity-month"
    method: "GET"
    status: 200
    duration_ms: 7
[2026-09-27 23:13:44.150 -0300] INFO (83921): request completed
    route: "/v1/dashboard/datasets"
    method: "GET"
    status: 200
    duration_ms: 3
[2026-09-27 23:13:44.157 -0300] INFO (83921): request completed
    route: "/v1/dashboard/open-data/alerts-by-severity-month"
    method: "GET"
    status: 200
    duration_ms: 6
[2026-09-27 23:13:44.162 -0300] INFO (83921): request completed
    route: "/v1/dashboard/datasets"
    method: "GET"
    status: 200
    duration_ms: 4
[2026-09-27 23:13:44.170 -0300] INFO (83921): request completed
    route: "/v1/dashboard/open-data/alerts-by-severity-month"
    method: "GET"
    status: 200
    duration_ms: 7
[2026-09-27 23:13:44.175 -0300] INFO (83921): request completed
    route: "/v1/dashboard/datasets"
    method: "GET"
    status: 200
    duration_ms: 5
[2026-09-27 23:13:44.181 -0300] INFO (83921): request completed
    route: "/v1/dashboard/open-data/alerts-by-severity-month"
    method: "GET"
    status: 200
    duration_ms: 6
[2026-09-27 23:13:44.186 -0300] INFO (83921): request completed
    route: "/v1/dashboard/datasets"
    method: "GET"
    status: 200
    duration_ms: 4
[2026-09-27 23:13:44.194 -0300] INFO (83921): request completed
    route: "/v1/dashboard/open-data/alerts-by-severity-month"
    method: "GET"
    status: 200
    duration_ms: 7
[2026-09-27 23:13:44.199 -0300] INFO (83921): request completed
    route: "/v1/dashboard/datasets"
    method: "GET"
    status: 200
    duration_ms: 4
[2026-09-27 23:13:44.206 -0300] INFO (83921): request completed
    route: "/v1/dashboard/open-data/alerts-by-severity-month"
    method: "GET"
    status: 200
    duration_ms: 6
[2026-09-27 23:13:44.211 -0300] INFO (83921): request completed
    route: "/v1/dashboard/datasets"
    method: "GET"
    status: 200
    duration_ms: 4
[2026-09-27 23:13:44.218 -0300] INFO (83921): request completed
    route: "/v1/dashboard/open-data/alerts-by-severity-month"
    method: "GET"
    status: 200
    duration_ms: 6
[2026-09-27 23:13:44.222 -0300] INFO (83921): request completed
    route: "/v1/dashboard/datasets"
    method: "GET"
    status: 200
    duration_ms: 4
[2026-09-27 23:13:44.228 -0300] INFO (83921): request completed
    route: "/v1/dashboard/open-data/alerts-by-severity-month"
    method: "GET"
    status: 200
    duration_ms: 5
[2026-09-27 23:13:44.229 -0300] INFO (83921): request completed
    route: "/v1/dashboard/datasets"
    method: "GET"
    status: 403
    duration_ms: 0
[2026-09-27 23:13:44.230 -0300] INFO (83921): request completed
    route: "/v1/dashboard/open-data/alerts-by-severity-month"
    method: "GET"
    status: 403
    duration_ms: 0
(node:83921) DeprecationWarning: Calling client.query() when the client is already executing a query is deprecated and will be removed in pg@9.0. Use async/await or an external async flow control mechanism instead.
(Use `node --trace-deprecation ...` to show where the warning was created)
[2026-09-27 23:13:44.244 -0300] INFO (83921): request completed
    route: "/v1/dashboard/kpis"
    method: "GET"
    status: 200
    duration_ms: 14
[2026-09-27 23:13:44.245 -0300] INFO (83921): request completed
    route: "/v1/dashboard/kpis"
    method: "GET"
    status: 403
    duration_ms: 0
[2026-09-27 23:13:44.246 -0300] INFO (83921): request completed
    route: "/v1/dashboard/kpis"
    method: "GET"
    status: 403
    duration_ms: 0
[2026-09-27 23:13:44.247 -0300] INFO (83921): request completed
    route: "/v1/dashboard/kpis"
    method: "GET"
    status: 403
    duration_ms: 0
[2026-09-27 23:13:44.248 -0300] INFO (83921): request completed
    route: "/v1/dashboard/kpis"
    method: "GET"
    status: 403
    duration_ms: 1
[2026-09-27 23:13:44.249 -0300] INFO (83921): request completed
    route: "/v1/dashboard/kpis"
    method: "GET"
    status: 403
    duration_ms: 1
[2026-09-27 23:13:44.261 -0300] INFO (83921): request completed
    route: "/v1/dashboard/kpis"
    method: "GET"
    status: 200
    duration_ms: 12
[2026-09-27 23:13:44.262 -0300] INFO (83921): request completed
    route: "/v1/dashboard/kpis"
    method: "GET"
    status: 403
    duration_ms: 0
[2026-09-27 23:13:44.263 -0300] INFO (83921): request completed
    route: "/v1/dashboard/kpis"
    method: "GET"
    status: 403
    duration_ms: 0
[2026-09-27 23:13:44.274 -0300] INFO (83921): request completed
    route: "/v1/dashboard/kpis"
    method: "GET"
    status: 200
    duration_ms: 10
[2026-09-27 23:13:44.275 -0300] INFO (83921): request completed
    route: "/v1/dashboard/kpis"
    method: "GET"
    status: 403
    duration_ms: 0
[2026-09-27 23:13:44.276 -0300] INFO (83921): request completed
    route: "/v1/dashboard/kpis"
    method: "GET"
    status: 403
    duration_ms: 0
[2026-09-27 23:13:44.278 -0300] INFO (83921): request completed
    route: "/v1/dashboard/kpis"
    method: "GET"
    status: 403
    duration_ms: 0
[2026-09-27 23:13:44.289 -0300] INFO (83921): request completed
    route: "/v1/dashboard/kpis"
    method: "GET"
    status: 200
    duration_ms: 10
[2026-09-27 23:13:44.290 -0300] INFO (83921): request completed
    route: "/v1/dashboard/kpis"
    method: "GET"
    status: 403
    duration_ms: 0
[2026-09-27 23:13:44.291 -0300] INFO (83921): request completed
    route: "/v1/dashboard/kpis"
    method: "GET"
    status: 403
    duration_ms: 0
[2026-09-27 23:13:44.292 -0300] INFO (83921): request completed
    route: "/v1/dashboard/kpis"
    method: "GET"
    status: 403
    duration_ms: 1
[2026-09-27 23:13:44.292 -0300] INFO (83921): request completed
    route: "/v1/dashboard/kpis"
    method: "GET"
    status: 403
    duration_ms: 0
[2026-09-27 23:13:44.293 -0300] INFO (83921): request completed
    route: "/v1/dashboard/kpis"
    method: "GET"
    status: 403
    duration_ms: 0
[2026-09-27 23:13:44.302 -0300] INFO (83921): request completed
    route: "/v1/dashboard/kpis"
    method: "GET"
    status: 200
    duration_ms: 9
[2026-09-27 23:13:44.312 -0300] INFO (83921): request completed
    route: "/v1/dashboard/kpis"
    method: "GET"
    status: 200
    duration_ms: 9
[2026-09-27 23:13:44.313 -0300] INFO (83921): request completed
    route: "/v1/dashboard/kpis"
    method: "GET"
    status: 403
    duration_ms: 0
[2026-09-27 23:13:44.314 -0300] INFO (83921): request completed
    route: "/v1/dashboard/kpis"
    method: "GET"
    status: 403
    duration_ms: 0
[2026-09-27 23:13:44.315 -0300] INFO (83921): request completed
    route: "/v1/dashboard/kpis"
    method: "GET"
    status: 403
    duration_ms: 1
[2026-09-27 23:13:44.316 -0300] INFO (83921): request completed
    route: "/v1/dashboard/kpis"
    method: "GET"
    status: 403
    duration_ms: 1
[2026-09-27 23:13:44.316 -0300] INFO (83921): request completed
    route: "/v1/dashboard/kpis"
    method: "GET"
    status: 403
    duration_ms: 0
[2026-09-27 23:13:44.317 -0300] INFO (83921): request completed
    route: "/v1/dashboard/kpis"
    method: "GET"
    status: 403
    duration_ms: 0
[2026-09-27 23:13:44.317 -0300] INFO (83921): request completed
    route: "/v1/dashboard/kpis"
    method: "GET"
    status: 403
    duration_ms: 0
[2026-09-27 23:13:44.318 -0300] INFO (83921): request completed
    route: "/v1/dashboard/kpis"
    method: "GET"
    status: 403
    duration_ms: 0
[2026-09-27 23:13:44.318 -0300] INFO (83921): request completed
    route: "/v1/dashboard/kpis"
    method: "GET"
    status: 403
    duration_ms: 0
[2026-09-27 23:13:44.319 -0300] INFO (83921): request completed
    route: "/v1/dashboard/kpis"
    method: "GET"
    status: 403
    duration_ms: 1
[2026-09-27 23:13:44.319 -0300] INFO (83921): request completed
    route: "/v1/dashboard/kpis"
    method: "GET"
    status: 403
    duration_ms: 0
[2026-09-27 23:13:44.320 -0300] INFO (83921): request completed
    route: "/v1/dashboard/kpis"
    method: "GET"
    status: 403
    duration_ms: 1
[2026-09-27 23:13:44.330 -0300] INFO (83921): request completed
    route: "/v1/dashboard/kpis"
    method: "GET"
    status: 200
    duration_ms: 10
[2026-09-27 23:13:44.331 -0300] INFO (83921): request completed
    route: "/v1/dashboard/kpis"
    method: "GET"
    status: 403
    duration_ms: 0
[2026-09-27 23:13:44.332 -0300] INFO (83921): request completed
    route: "/v1/dashboard/kpis"
    method: "GET"
    status: 403
    duration_ms: 1
[2026-09-27 23:13:46.312 -0300] INFO (83946): request completed
    route: "/v1/portal/identity/me"
    method: "GET"
    status: 200
    duration_ms: 147
[2026-09-27 23:13:46.329 -0300] INFO (83946): request completed
    route: "/v1/portal/identity/me"
    method: "GET"
    status: 200
    duration_ms: 14
[2026-09-27 23:13:46.340 -0300] INFO (83946): request completed
    route: "/v1/portal/identity/me"
    method: "GET"
    status: 200
    duration_ms: 10
[2026-09-27 23:13:46.371 -0300] INFO (83946): request completed
    route: "/v1/portal/aits"
    method: "GET"
    status: 200
    duration_ms: 17
[2026-09-27 23:13:46.382 -0300] INFO (83946): request completed
    route: "/v1/portal/aits?status=em_recurso"
    method: "GET"
    status: 200
    duration_ms: 8
[2026-09-27 23:13:46.390 -0300] INFO (83946): request completed
    route: "/v1/portal/aits?vehicle=FIX2E02"
    method: "GET"
    status: 200
    duration_ms: 7
[2026-09-27 23:13:46.392 -0300] INFO (83946): request completed
    route: "/v1/portal/aits?status=xyz"
    method: "GET"
    status: 400
    duration_ms: 1
[2026-09-27 23:13:46.400 -0300] INFO (83946): request completed
    route: "/v1/portal/aits?page=2&pageSize=5"
    method: "GET"
    status: 200
    duration_ms: 7
[2026-09-27 23:13:46.408 -0300] INFO (83946): request completed
    route: "/v1/portal/aits"
    method: "GET"
    status: 200
    duration_ms: 6
[2026-09-27 23:13:46.417 -0300] INFO (83946): request completed
    route: "/v1/portal/aits/00000000-0000-7000-8000-0000f0000002"
    method: "GET"
    status: 404
    duration_ms: 7
[2026-09-27 23:13:46.419 -0300] INFO (83946): request completed
    route: "/v1/portal/aits/nao-uuid"
    method: "GET"
    status: 400
    duration_ms: 1
[2026-09-27 23:13:46.431 -0300] INFO (83946): request completed
    route: "/v1/portal/aits/00000000-0000-7000-8000-0000f0000002"
    method: "GET"
    status: 200
    duration_ms: 7
[2026-09-27 23:13:46.440 -0300] INFO (83946): request completed
    route: "/v1/portal/aits/00000000-0000-7000-8000-0000f0000001"
    method: "GET"
    status: 404
    duration_ms: 5
[2026-09-27 23:13:46.446 -0300] INFO (83946): request completed
    route: "/v1/portal/aits/00000000-0000-7000-8000-0000f0000002/points"
    method: "GET"
    status: 200
    duration_ms: 5
[2026-09-27 23:13:46.453 -0300] INFO (83946): request completed
    route: "/v1/portal/points-summary"
    method: "GET"
    status: 200
    duration_ms: 5
[2026-09-27 23:13:46.461 -0300] INFO (83946): request completed
    route: "/v1/portal/points-summary"
    method: "GET"
    status: 200
    duration_ms: 5
[2026-09-27 23:13:46.471 -0300] INFO (83946): request completed
    route: "/v1/portal/inbox"
    method: "GET"
    status: 200
    duration_ms: 8
[2026-09-27 23:13:46.478 -0300] INFO (83946): request completed
    route: "/v1/portal/inbox?kind=informativo"
    method: "GET"
    status: 200
    duration_ms: 6
[2026-09-27 23:13:46.484 -0300] INFO (83946): request completed
    route: "/v1/portal/inbox?read=false"
    method: "GET"
    status: 200
    duration_ms: 5
[2026-09-27 23:13:46.489 -0300] INFO (83946): request completed
    route: "/v1/portal/inbox?kind=xyz"
    method: "GET"
    status: 400
    duration_ms: 4
[2026-09-27 23:13:46.534 -0300] INFO (83946): request completed
    route: "/v1/portal/inbox/00000000-0000-7000-8000-000070c000e1/read"
    method: "POST"
    status: 200
    duration_ms: 40
[2026-09-27 23:13:46.558 -0300] INFO (83946): request completed
    route: "/v1/portal/inbox/00000000-0000-7000-8000-000070c000e1/read"
    method: "POST"
    status: 200
    duration_ms: 22
[2026-09-27 23:13:46.589 -0300] INFO (83946): request completed
    route: "/v1/portal/inbox/00000000-0000-7000-8000-000070c000e3/read"
    method: "POST"
    status: 404
    duration_ms: 19
[2026-09-27 23:13:46.595 -0300] INFO (83946): request completed
    route: "/v1/portal/sne/enrollment"
    method: "GET"
    status: 200
    duration_ms: 5
[2026-09-27 23:13:46.608 -0300] INFO (83946): request completed
    route: "/v1/portal/sne/enrollment"
    method: "POST"
    status: 422
    duration_ms: 12
[2026-09-27 23:13:47.039 -0300] INFO (83946): request completed
    route: "/v1/portal/sne/enrollment"
    method: "POST"
    status: 503
    duration_ms: 430
[2026-09-27 23:13:47.070 -0300] INFO (83946): request completed
    route: "/v1/portal/push-subscriptions"
    method: "POST"
    status: 201
    duration_ms: 24
[2026-09-27 23:13:47.088 -0300] INFO (83946): request completed
    route: "/v1/portal/push-subscriptions"
    method: "POST"
    status: 201
    duration_ms: 17
[2026-09-27 23:13:47.102 -0300] INFO (83946): request completed
    route: "/v1/portal/push-subscriptions"
    method: "POST"
    status: 400
    duration_ms: 10
[2026-09-27 23:13:47.119 -0300] INFO (83946): request completed
    route: "/v1/portal/documents/cnh"
    method: "GET"
    status: 200
    duration_ms: 15
[2026-09-27 23:13:47.132 -0300] INFO (83946): request completed
    route: "/v1/portal/documents/cnh"
    method: "GET"
    status: 200
    duration_ms: 12
[2026-09-27 23:13:47.139 -0300] INFO (83946): request completed
    route: "/v1/portal/documents/cnh?documentBytes=true"
    method: "GET"
    status: 422
    duration_ms: 5
[2026-09-27 23:13:47.151 -0300] INFO (83946): request completed
    route: "/v1/portal/vehicles"
    method: "GET"
    status: 200
    duration_ms: 11
[2026-09-27 23:13:47.158 -0300] INFO (83946): request completed
    route: "/v1/portal/vehicles/4bbfee51-2218-40e2-8ba3-7b3e8e2f1dc0/clearance"
    method: "GET"
    status: 404
    duration_ms: 6
[2026-09-27 23:13:47.168 -0300] INFO (83946): request completed
    route: "/v1/portal/vehicles/00000000-0000-7000-8000-00007ff00001/clearance"
    method: "GET"
    status: 503
    duration_ms: 7
[2026-09-27 23:13:47.189 -0300] INFO (83946): request completed
    route: "/v1/portal/vehicles/00000000-0000-7000-8000-00007ff00001/crlv-e"
    method: "POST"
    status: 422
    duration_ms: 19
[2026-09-27 23:13:47.208 -0300] INFO (83946): request completed
    route: "/v1/portal/crashes"
    method: "GET"
    status: 200
    duration_ms: 9
[2026-09-27 23:13:47.217 -0300] INFO (83946): request completed
    route: "/v1/portal/exams"
    method: "GET"
    status: 200
    duration_ms: 8
[2026-09-27 23:13:47.223 -0300] INFO (83946): request completed
    route: "/v1/portal/crashes/00000000-0000-7000-8000-00007ff00003"
    method: "GET"
    status: 404
    duration_ms: 5
[2026-09-27 23:13:47.230 -0300] INFO (83946): request completed
    route: "/v1/portal/exams/00000000-0000-7000-8000-00007ff00002"
    method: "GET"
    status: 404
    duration_ms: 6
[2026-09-27 23:13:47.243 -0300] INFO (83946): request completed
    route: "/v1/portal/crashes/00000000-0000-7000-8000-00007ff00003"
    method: "GET"
    status: 200
    duration_ms: 8
[2026-09-27 23:13:47.252 -0300] INFO (83946): request completed
    route: "/v1/portal/exams/00000000-0000-7000-8000-00007ff00002"
    method: "GET"
    status: 200
    duration_ms: 8
[2026-09-27 23:13:47.261 -0300] INFO (83946): request completed
    route: "/v1/portal/crashes"
    method: "GET"
    status: 200
    duration_ms: 8
[2026-09-27 23:13:47.283 -0300] INFO (83946): request completed
    route: "/v1/portal/manifestations"
    method: "POST"
    status: 201
    duration_ms: 18
[2026-09-27 23:13:47.299 -0300] INFO (83946): request completed
    route: "/v1/portal/manifestations"
    method: "POST"
    status: 201
    duration_ms: 15
[2026-09-27 23:13:47.306 -0300] INFO (83946): request completed
    route: "/v1/portal/manifestations"
    method: "GET"
    status: 200
    duration_ms: 7
[2026-09-27 23:13:47.314 -0300] INFO (83946): request completed
    route: "/v1/portal/manifestations/208cc95d-9567-4346-a188-23247f5e292d"
    method: "GET"
    status: 200
    duration_ms: 7
[2026-09-27 23:13:47.322 -0300] INFO (83946): request completed
    route: "/v1/portal/manifestations"
    method: "POST"
    status: 400
    duration_ms: 7
[2026-09-27 23:13:47.343 -0300] INFO (83946): request completed
    route: "/v1/portal/manifestations"
    method: "POST"
    status: 201
    duration_ms: 20
[2026-09-27 23:13:47.352 -0300] INFO (83946): request completed
    route: "/v1/portal/manifestations"
    method: "POST"
    status: 400
    duration_ms: 8
[2026-09-27 23:13:47.353 -0300] INFO (83946): request completed
    route: "/v1/portal/manifestations"
    method: "GET"
    status: 403
    duration_ms: 0
[2026-09-27 23:13:47.384 -0300] INFO (83946): request completed
    route: "/v1/portal/manifestations/00000000-0000-7000-8000-000070700e01/acknowledge"
    method: "POST"
    status: 200
    duration_ms: 29
[2026-09-27 23:13:47.405 -0300] INFO (83946): request completed
    route: "/v1/portal/manifestations/00000000-0000-7000-8000-000070700e01/acknowledge"
    method: "POST"
    status: 409
    duration_ms: 20
[2026-09-27 23:13:47.426 -0300] INFO (83946): request completed
    route: "/v1/portal/evaluations"
    method: "POST"
    status: 201
    duration_ms: 20
[2026-09-27 23:13:47.437 -0300] INFO (83946): request completed
    route: "/v1/portal/evaluations"
    method: "POST"
    status: 409
    duration_ms: 10
[2026-09-27 23:13:47.448 -0300] INFO (83946): request completed
    route: "/v1/portal/evaluations"
    method: "POST"
    status: 409
    duration_ms: 10
[2026-09-27 23:13:47.464 -0300] INFO (83946): request completed
    route: "/v1/portal/evaluations"
    method: "POST"
    status: 201
    duration_ms: 15
[2026-09-27 23:13:47.474 -0300] INFO (83946): request completed
    route: "/v1/portal/evaluations"
    method: "POST"
    status: 404
    duration_ms: 9
[2026-09-27 23:13:47.486 -0300] INFO (83946): request completed
    route: "/v1/portal/service-charter/manifestar/deadline"
    method: "GET"
    status: 200
    duration_ms: 6
[2026-09-27 23:13:47.492 -0300] INFO (83946): request completed
    route: "/v1/portal/service-charter/nao_existe/deadline"
    method: "GET"
    status: 404
    duration_ms: 5
 ❯ tests/e2e/portal-routes.e2e.spec.ts (10 tests | 1 failed) 1748ms
     × C-0002-75 — dado GET sne/enrollment sem linha então { enrolled:false, cancelable:false }; POST sem email/phone então 422 SNE_CONTACT_REQUIRED; com email e os 4 efeitos então 201; de novo então 409 SNE_ALREADY_ENROLLED; DELETE então 200; DELETE de novo então 409 SNE_NOT_ENROLLED; simples então 403; sem Idempotency-Key então 400 455ms
[2026-09-27 23:13:49.475 -0300] INFO (83970): request completed
    route: "/v1/inf/ait/aits"
    method: "POST"
    status: 201
    duration_ms: 184
[2026-09-27 23:13:49.515 -0300] INFO (83970): request completed
    route: "/v1/inf/ait/aits/7cff14d7-50ca-4bd7-87cb-4ae3741a2ac8/vehicles"
    method: "POST"
    status: 201
    duration_ms: 36
[2026-09-27 23:13:49.546 -0300] INFO (83970): request completed
    route: "/v1/inf/ait/aits/7cff14d7-50ca-4bd7-87cb-4ae3741a2ac8/people"
    method: "POST"
    status: 201
    duration_ms: 30
[2026-09-27 23:13:49.576 -0300] INFO (83970): request completed
    route: "/v1/inf/ait/aits/7cff14d7-50ca-4bd7-87cb-4ae3741a2ac8/science"
    method: "POST"
    status: 201
    duration_ms: 28
[2026-09-27 23:13:49.612 -0300] INFO (83970): request completed
    route: "/v1/inf/ait/aits/7cff14d7-50ca-4bd7-87cb-4ae3741a2ac8/finalize"
    method: "POST"
    status: 200
    duration_ms: 34
[2026-09-27 23:13:49.614 -0300] INFO (83970): request completed
    route: "/v1/inf/ait/aits/43313ed9-0a0a-49c1-ac7c-75129081597c/finalize"
    method: "POST"
    status: 403
    duration_ms: 1
[2026-09-27 23:13:49.641 -0300] INFO (83970): request completed
    route: "/v1/inf/ait/aits"
    method: "POST"
    status: 201
    duration_ms: 25
[2026-09-27 23:13:49.661 -0300] INFO (83970): request completed
    route: "/v1/inf/ait/aits/a325dc07-982c-4f9d-b760-d3d552e263a2/finalize"
    method: "POST"
    status: 428
    duration_ms: 18
[2026-09-27 23:13:49.691 -0300] INFO (83970): request completed
    route: "/v1/inf/ait/aits"
    method: "POST"
    status: 201
    duration_ms: 28
[2026-09-27 23:13:49.710 -0300] INFO (83970): request completed
    route: "/v1/inf/ait/aits/67a21dfd-6208-4ba2-bdea-60c5ac2b3e9b/finalize"
    method: "POST"
    status: 412
    duration_ms: 18
[2026-09-27 23:13:49.730 -0300] INFO (83970): request completed
    route: "/v1/inf/ait/aits"
    method: "POST"
    status: 201
    duration_ms: 19
[2026-09-27 23:13:49.758 -0300] INFO (83970): request completed
    route: "/v1/inf/ait/aits/331fd6fa-ceee-4f7e-ae60-a1dce7af603c/finalize"
    method: "POST"
    status: 200
    duration_ms: 27
[2026-09-27 23:13:49.779 -0300] INFO (83970): request completed
    route: "/v1/inf/ait/aits"
    method: "POST"
    status: 201
    duration_ms: 20
[2026-09-27 23:13:49.780 -0300] INFO (83970): request completed
    route: "/v1/inf/ait/aits/d0af9605-6b02-4867-aca7-a4da07ce7edb/finalize"
    method: "POST"
    status: 403
    duration_ms: 0
[2026-09-27 23:13:49.800 -0300] INFO (83970): request completed
    route: "/v1/inf/ait/aits"
    method: "POST"
    status: 201
    duration_ms: 19
[2026-09-27 23:13:49.825 -0300] INFO (83970): request completed
    route: "/v1/inf/ait/aits/c7cc53ae-9019-499e-9b89-e96f4eefb58e/finalize"
    method: "POST"
    status: 200
    duration_ms: 24
[2026-09-27 23:13:49.845 -0300] INFO (83970): request completed
    route: "/v1/inf/ait/aits"
    method: "POST"
    status: 201
    duration_ms: 19
[2026-09-27 23:13:49.870 -0300] INFO (83970): request completed
    route: "/v1/inf/ait/aits/f110c624-412c-4629-a927-5b825fa89ad7/archive"
    method: "POST"
    status: 200
    duration_ms: 24
[2026-09-27 23:13:49.890 -0300] INFO (83970): request completed
    route: "/v1/inf/ait/aits"
    method: "POST"
    status: 201
    duration_ms: 19
[2026-09-27 23:13:49.892 -0300] INFO (83970): request completed
    route: "/v1/inf/ait/aits/ef07d1ce-f84e-4ade-a1b6-1f01babbd86d/archive"
    method: "POST"
    status: 403
    duration_ms: 1
[2026-09-27 23:13:49.909 -0300] INFO (83970): request completed
    route: "/v1/inf/ait/cancel-requests/fcaba83e-db34-4e5f-b2e0-2bd66570a476/decide"
    method: "POST"
    status: 404
    duration_ms: 16
[2026-09-27 23:13:49.929 -0300] INFO (83970): request completed
    route: "/v1/inf/ait/aits"
    method: "POST"
    status: 201
    duration_ms: 19
[2026-09-27 23:13:49.957 -0300] INFO (83970): request completed
    route: "/v1/inf/ait/cancel-requests"
    method: "POST"
    status: 201
    duration_ms: 27
[2026-09-27 23:13:49.974 -0300] INFO (83970): request completed
    route: "/v1/inf/ait/cancel-requests/3e8fabb8-c667-4b21-a959-6de79e156f87/decide"
    method: "POST"
    status: 412
    duration_ms: 16
[2026-09-27 23:13:49.994 -0300] INFO (83970): request completed
    route: "/v1/inf/ait/aits"
    method: "POST"
    status: 201
    duration_ms: 19
[2026-09-27 23:13:50.020 -0300] INFO (83970): request completed
    route: "/v1/inf/ait/cancel-requests"
    method: "POST"
    status: 201
    duration_ms: 25
[2026-09-27 23:13:50.042 -0300] INFO (83970): request completed
    route: "/v1/inf/ait/cancel-requests/94114129-fd12-4b49-b0e4-a854f10537e4/decide"
    method: "POST"
    status: 403
    duration_ms: 21
[2026-09-27 23:13:50.062 -0300] INFO (83970): request completed
    route: "/v1/inf/ait/aits"
    method: "POST"
    status: 201
    duration_ms: 19
[2026-09-27 23:13:50.089 -0300] INFO (83970): request completed
    route: "/v1/inf/ait/cancel-requests"
    method: "POST"
    status: 201
    duration_ms: 26
[2026-09-27 23:13:50.118 -0300] INFO (83970): request completed
    route: "/v1/inf/ait/cancel-requests/066a9ad7-d471-4f5c-ae02-cbf439938a89/decide"
    method: "POST"
    status: 200
    duration_ms: 28
[2026-09-27 23:13:50.139 -0300] INFO (83970): request completed
    route: "/v1/inf/ait/aits"
    method: "POST"
    status: 201
    duration_ms: 20
[2026-09-27 23:13:50.166 -0300] INFO (83970): request completed
    route: "/v1/inf/ait/cancel-requests"
    method: "POST"
    status: 201
    duration_ms: 26
[2026-09-27 23:13:50.186 -0300] INFO (83970): request completed
    route: "/v1/inf/ait/cancel-requests/82e6b833-8f6e-4e9b-a607-0f66c9d93174/decide"
    method: "POST"
    status: 403
    duration_ms: 19
[2026-09-27 23:13:50.208 -0300] INFO (83970): request completed
    route: "/v1/inf/ait/cancel-requests"
    method: "POST"
    status: 202
    duration_ms: 21
[2026-09-27 23:13:50.230 -0300] INFO (83970): request completed
    route: "/v1/inf/ait/cancel-requests/261ba250-175c-430f-a735-af8d862814ee/decide"
    method: "POST"
    status: 200
    duration_ms: 21
[2026-09-27 23:13:50.255 -0300] INFO (83970): request completed
    route: "/v1/inf/ait/cancel-requests"
    method: "POST"
    status: 202
    duration_ms: 23
[2026-09-27 23:13:50.274 -0300] INFO (83970): request completed
    route: "/v1/inf/ait/cancel-requests/6348fa57-9c06-4f1e-bd5b-41198a8501f6/review"
    method: "POST"
    status: 428
    duration_ms: 18
[2026-09-27 23:13:50.297 -0300] INFO (83970): request completed
    route: "/v1/inf/ait/cancel-requests/6348fa57-9c06-4f1e-bd5b-41198a8501f6/review"
    method: "POST"
    status: 412
    duration_ms: 22
[2026-09-27 23:13:50.325 -0300] INFO (83970): request completed
    route: "/v1/inf/ait/cancel-requests/6348fa57-9c06-4f1e-bd5b-41198a8501f6/review"
    method: "POST"
    status: 200
    duration_ms: 26
[2026-09-27 23:13:50.347 -0300] INFO (83970): request completed
    route: "/v1/inf/ait/cancel-requests"
    method: "POST"
    status: 202
    duration_ms: 21
[2026-09-27 23:13:50.363 -0300] INFO (83970): request completed
    route: "/v1/inf/ait/cancel-requests/1b42ea5f-ff64-40a7-b8e7-0128d68406d1/decide"
    method: "POST"
    status: 428
    duration_ms: 15
[2026-09-27 23:13:50.378 -0300] INFO (83970): request completed
    route: "/v1/inf/ait/cancel-requests/1b42ea5f-ff64-40a7-b8e7-0128d68406d1/decide"
    method: "POST"
    status: 412
    duration_ms: 14
[2026-09-27 23:13:50.402 -0300] INFO (83970): request completed
    route: "/v1/inf/ait/cancel-requests/1b42ea5f-ff64-40a7-b8e7-0128d68406d1/decide"
    method: "POST"
    status: 200
    duration_ms: 23
[2026-09-27 23:13:50.422 -0300] INFO (83970): request completed
    route: "/v1/inf/ait/aits"
    method: "POST"
    status: 201
    duration_ms: 18
[2026-09-27 23:13:50.464 -0300] INFO (83970): request completed
    route: "/v1/inf/ait/aits/1d8be3da-fea5-4b25-8382-5a71bd9956a3/concurrency-review"
    method: "POST"
    status: 200
    duration_ms: 36
[2026-09-27 23:13:50.486 -0300] INFO (83970): request completed
    route: "/v1/inf/ait/aits"
    method: "POST"
    status: 201
    duration_ms: 20
[2026-09-27 23:13:50.490 -0300] INFO (83970): request completed
    route: "/v1/inf/ait/aits/25c119ea-3798-4e14-b491-7e29304c920d/concurrency-review"
    method: "POST"
    status: 403
    duration_ms: 1
[2026-09-27 23:13:50.510 -0300] INFO (83970): request completed
    route: "/v1/inf/ait/aits"
    method: "POST"
    status: 201
    duration_ms: 19
[2026-09-27 23:13:50.533 -0300] INFO (83970): request completed
    route: "/v1/inf/ait/aits/52254da3-fbb2-489b-8827-21bb1721fe61/concurrency-review"
    method: "POST"
    status: 409
    duration_ms: 22
[2026-09-27 23:13:50.555 -0300] INFO (83970): request completed
    route: "/v1/inf/ait/aits"
    method: "POST"
    status: 201
    duration_ms: 21
[2026-09-27 23:13:50.581 -0300] INFO (83970): request completed
    route: "/v1/inf/ait/aits/83d10910-b424-4ffa-b79e-ed4022e6cd6f/receive-protocol"
    method: "POST"
    status: 200
    duration_ms: 25
[2026-09-27 23:13:50.602 -0300] INFO (83970): request completed
    route: "/v1/inf/ait/aits"
    method: "POST"
    status: 201
    duration_ms: 20
[2026-09-27 23:13:50.603 -0300] INFO (83970): request completed
    route: "/v1/inf/ait/aits/6a240ee2-fdd4-420f-8529-dd4b8d902e4a/receive-protocol"
    method: "POST"
    status: 403
    duration_ms: 0
[2026-09-27 23:13:50.610 -0300] INFO (83970): request completed
    route: "/v1/inf/ait/cancel-requests/outcomes/local-e3b96325-bc34-4160-b7c0-fc92db32ebda"
    method: "GET"
    status: 404
    duration_ms: 6
[2026-09-27 23:13:50.632 -0300] INFO (83970): request completed
    route: "/v1/inf/ait/aits"
    method: "POST"
    status: 201
    duration_ms: 19
[2026-09-27 23:13:50.654 -0300] INFO (83970): request completed
    route: "/v1/inf/ait/cancel-requests"
    method: "POST"
    status: 201
    duration_ms: 22
[2026-09-27 23:13:50.659 -0300] INFO (83970): request completed
    route: "/v1/inf/ait/cancel-requests/outcomes/local-030017eb-aa80-4272-bbea-8ea0708917e8"
    method: "GET"
    status: 200
    duration_ms: 5
[2026-09-27 23:13:50.680 -0300] INFO (83970): request completed
    route: "/v1/inf/ait/aits"
    method: "POST"
    status: 201
    duration_ms: 19
[2026-09-27 23:13:50.706 -0300] INFO (83970): request completed
    route: "/v1/inf/ait/aits/6aeb5186-01db-4193-97d6-dc6fb2155f86/vehicles"
    method: "POST"
    status: 201
    duration_ms: 25
[2026-09-27 23:13:50.732 -0300] INFO (83970): request completed
    route: "/v1/inf/ait/aits/6aeb5186-01db-4193-97d6-dc6fb2155f86/people"
    method: "POST"
    status: 201
    duration_ms: 24
[2026-09-27 23:13:50.755 -0300] INFO (83970): request completed
    route: "/v1/inf/ait/aits/6aeb5186-01db-4193-97d6-dc6fb2155f86/science"
    method: "POST"
    status: 201
    duration_ms: 22
[2026-09-27 23:13:50.778 -0300] INFO (83970): request completed
    route: "/v1/inf/ait/aits/6aeb5186-01db-4193-97d6-dc6fb2155f86/finalize"
    method: "POST"
    status: 200
    duration_ms: 22
[2026-09-27 23:13:50.785 -0300] INFO (83970): request completed
    route: "/v1/inf/ait/aits/6aeb5186-01db-4193-97d6-dc6fb2155f86/finalize"
    method: "POST"
    status: 200
    duration_ms: 6
[2026-09-27 23:13:50.790 -0300] INFO (83970): request completed
    route: "/v1/inf/ait/aits/6aeb5186-01db-4193-97d6-dc6fb2155f86/finalize"
    method: "POST"
    status: 422
    duration_ms: 4
[2026-09-27 23:13:50.808 -0300] INFO (83970): request completed
    route: "/v1/inf/ait/aits"
    method: "POST"
    status: 201
    duration_ms: 17
[2026-09-27 23:13:50.831 -0300] INFO (83970): request completed
    route: "/v1/inf/ait/cancel-requests"
    method: "POST"
    status: 201
    duration_ms: 22
[2026-09-27 23:13:50.839 -0300] INFO (83970): request completed
    route: "/v1/inf/ait/cancel-requests"
    method: "POST"
    status: 201
    duration_ms: 7
[2026-09-27 23:13:50.844 -0300] INFO (83970): request completed
    route: "/v1/inf/ait/cancel-requests"
    method: "POST"
    status: 422
    duration_ms: 4
[2026-09-27 23:13:52.770 -0300] INFO (84006): request completed
    route: "/v1/portal/identity/me"
    method: "GET"
    status: 200
    duration_ms: 146
[2026-09-27 23:13:52.789 -0300] INFO (84006): request completed
    route: "/v1/portal/identity/me"
    method: "GET"
    status: 200
    duration_ms: 15
[2026-09-27 23:13:52.799 -0300] INFO (84006): request completed
    route: "/v1/portal/identity/me"
    method: "GET"
    status: 200
    duration_ms: 9
[2026-09-27 23:13:52.836 -0300] INFO (84006): request completed
    route: "/v1/portal/identity/assurance/elevations"
    method: "POST"
    status: 422
    duration_ms: 21
[2026-09-27 23:13:52.853 -0300] INFO (84006): request completed
    route: "/v1/portal/identity/assurance/elevations/3ef97e86-2114-42d7-8485-57b119334a9b/complete"
    method: "POST"
    status: 422
    duration_ms: 15
[2026-09-27 23:13:52.868 -0300] INFO (84006): request completed
    route: "/v1/portal/identity/assurance/elevations"
    method: "POST"
    status: 400
    duration_ms: 13
[2026-09-27 23:13:52.882 -0300] INFO (84006): request completed
    route: "/v1/portal/identity/assurance/elevations/nao-uuid/complete"
    method: "POST"
    status: 400
    duration_ms: 12
[2026-09-27 23:13:52.908 -0300] INFO (84006): request completed
    route: "/v1/portal/identity/representations"
    method: "POST"
    status: 201
    duration_ms: 24
[2026-09-27 23:13:52.928 -0300] INFO (84006): request completed
    route: "/v1/portal/identity/representations"
    method: "POST"
    status: 400
    duration_ms: 19
[2026-09-27 23:13:52.944 -0300] INFO (84006): request completed
    route: "/v1/portal/identity/representations"
    method: "POST"
    status: 403
    duration_ms: 15
[2026-09-27 23:13:52.950 -0300] INFO (84006): request completed
    route: "/v1/portal/identity/representations"
    method: "GET"
    status: 200
    duration_ms: 5
[2026-09-27 23:13:52.977 -0300] INFO (84006): request completed
    route: "/v1/portal/identity/representations/a015d8b7-7951-4b1c-9dd7-b93d19126519"
    method: "DELETE"
    status: 200
    duration_ms: 26
[2026-09-27 23:13:52.986 -0300] INFO (84006): request completed
    route: "/v1/portal/identity/me"
    method: "GET"
    status: 200
    duration_ms: 8
[2026-09-27 23:13:53.003 -0300] INFO (84006): request completed
    route: "/v1/portal/identity/representations/c8e6abaf-c009-4f5d-987b-eff8c72e3210"
    method: "DELETE"
    status: 404
    duration_ms: 16
[2026-09-27 23:13:53.017 -0300] INFO (84006): request completed
    route: "/v1/portal/identity/preferences"
    method: "PUT"
    status: 428
    duration_ms: 13
[2026-09-27 23:13:53.032 -0300] INFO (84006): request completed
    route: "/v1/portal/identity/preferences"
    method: "PUT"
    status: 422
    duration_ms: 14
[2026-09-27 23:13:53.043 -0300] INFO (84006): request completed
    route: "/v1/portal/requests"
    method: "POST"
    status: 400
    duration_ms: 9
[2026-09-27 23:13:53.069 -0300] INFO (84006): request completed
    route: "/v1/portal/requests"
    method: "POST"
    status: 201
    duration_ms: 25
[2026-09-27 23:13:53.083 -0300] INFO (84006): request completed
    route: "/v1/portal/requests"
    method: "POST"
    status: 201
    duration_ms: 12
[2026-09-27 23:13:53.092 -0300] INFO (84006): request completed
    route: "/v1/portal/requests"
    method: "POST"
    status: 409
    duration_ms: 8
[2026-09-27 23:13:53.118 -0300] INFO (84006): request completed
    route: "/v1/portal/requests/a20f585a-c816-4c21-994d-e42b8504df4e/withdraw"
    method: "POST"
    status: 200
    duration_ms: 25
[2026-09-27 23:13:53.128 -0300] INFO (84006): request completed
    route: "/v1/portal/requests"
    method: "POST"
    status: 422
    duration_ms: 8
[2026-09-27 23:13:53.138 -0300] INFO (84006): request completed
    route: "/v1/portal/requests"
    method: "POST"
    status: 422
    duration_ms: 9
[2026-09-27 23:13:53.149 -0300] INFO (84006): request completed
    route: "/v1/portal/requests"
    method: "POST"
    status: 404
    duration_ms: 10
[2026-09-27 23:13:53.280 -0300] INFO (84006): request completed
    route: "/v1/portal/requests"
    method: "POST"
    status: 201
    duration_ms: 19
[2026-09-27 23:13:53.314 -0300] INFO (84006): request completed
    route: "/v1/portal/requests/b9b982af-694e-41df-8a57-2fe16dd51bb2/draft"
    method: "PUT"
    status: 428
    duration_ms: 33
[2026-09-27 23:13:53.344 -0300] INFO (84006): request completed
    route: "/v1/portal/requests/b9b982af-694e-41df-8a57-2fe16dd51bb2/draft"
    method: "PUT"
    status: 200
    duration_ms: 29
[2026-09-27 23:13:53.377 -0300] INFO (84006): request completed
    route: "/v1/portal/requests/b9b982af-694e-41df-8a57-2fe16dd51bb2/submit"
    method: "POST"
    status: 200
    duration_ms: 29
[2026-09-27 23:13:53.401 -0300] INFO (84006): request completed
    route: "/v1/portal/requests"
    method: "GET"
    status: 200
    duration_ms: 21
[2026-09-27 23:13:53.409 -0300] INFO (84006): request completed
    route: "/v1/portal/requests?state=INVENTADO"
    method: "GET"
    status: 400
    duration_ms: 6
[2026-09-27 23:13:53.420 -0300] INFO (84006): request completed
    route: "/v1/portal/requests/b9b982af-694e-41df-8a57-2fe16dd51bb2"
    method: "GET"
    status: 200
    duration_ms: 10
[2026-09-27 23:13:53.437 -0300] INFO (84006): request completed
    route: "/v1/portal/requests/b9b982af-694e-41df-8a57-2fe16dd51bb2/evaluation"
    method: "POST"
    status: 201
    duration_ms: 16
[2026-09-27 23:13:53.447 -0300] INFO (84006): request completed
    route: "/v1/portal/requests/b9b982af-694e-41df-8a57-2fe16dd51bb2/evaluation"
    method: "POST"
    status: 409
    duration_ms: 9
[2026-09-27 23:13:53.462 -0300] INFO (84006): request completed
    route: "/v1/portal/requests"
    method: "POST"
    status: 201
    duration_ms: 14
[2026-09-27 23:13:53.487 -0300] INFO (84006): request completed
    route: "/v1/portal/requests/bbb8c70a-e315-4cd7-84f1-6a463553d85d/draft"
    method: "PUT"
    status: 200
    duration_ms: 24
[2026-09-27 23:13:53.499 -0300] INFO (84006): request completed
    route: "/v1/portal/requests/bbb8c70a-e315-4cd7-84f1-6a463553d85d/submit"
    method: "POST"
    status: 403
    duration_ms: 11
[2026-09-27 23:13:53.506 -0300] INFO (84006): request completed
    route: "/v1/portal/requests/bbb8c70a-e315-4cd7-84f1-6a463553d85d"
    method: "GET"
    status: 200
    duration_ms: 6
[2026-09-27 23:13:53.955 -0300] INFO (84006): request completed
    route: "/v1/portal/requests/bbb8c70a-e315-4cd7-84f1-6a463553d85d/submit"
    method: "POST"
    status: 502
    duration_ms: 448
[2026-09-27 23:13:54.279 -0300] INFO (84006): request completed
    route: "/v1/portal/requests"
    method: "POST"
    status: 201
    duration_ms: 176
[2026-09-27 23:13:54.309 -0300] INFO (84006): request completed
    route: "/v1/portal/requests/4cfcc2f0-e509-48b5-90fd-d8a9c64aa282/submit"
    method: "POST"
    status: 502
    duration_ms: 29
[2026-09-27 23:13:54.323 -0300] INFO (84006): request completed
    route: "/v1/portal/requests/4cfcc2f0-e509-48b5-90fd-d8a9c64aa282"
    method: "GET"
    status: 200
    duration_ms: 13
[2026-09-27 23:13:54.341 -0300] INFO (84006): request completed
    route: "/v1/portal/requests/4cfcc2f0-e509-48b5-90fd-d8a9c64aa282/submit"
    method: "POST"
    status: 502
    duration_ms: 17
[2026-09-27 23:13:54.357 -0300] INFO (84006): request completed
    route: "/v1/portal/requests/4cfcc2f0-e509-48b5-90fd-d8a9c64aa282/submit"
    method: "POST"
    status: 409
    duration_ms: 15
[2026-09-27 23:13:54.392 -0300] INFO (84006): request completed
    route: "/v1/portal/requests"
    method: "POST"
    status: 201
    duration_ms: 27
[2026-09-27 23:13:54.424 -0300] INFO (84006): request completed
    route: "/v1/portal/requests/cbfd606b-5a86-4740-853d-aae8ddf1b4f9/withdraw"
    method: "POST"
    status: 200
    duration_ms: 31
[2026-09-27 23:13:54.432 -0300] INFO (84006): request completed
    route: "/v1/portal/requests/b9b982af-694e-41df-8a57-2fe16dd51bb2"
    method: "GET"
    status: 404
    duration_ms: 6
[2026-09-27 23:13:54.439 -0300] INFO (84006): request completed
    route: "/v1/portal/requests/b9b982af-694e-41df-8a57-2fe16dd51bb2/receipt"
    method: "GET"
    status: 422
    duration_ms: 6
[2026-09-27 23:13:54.459 -0300] INFO (84006): request completed
    route: "/v1/portal/requests"
    method: "POST"
    status: 201
    duration_ms: 19
[2026-09-27 23:13:54.466 -0300] INFO (84006): request completed
    route: "/v1/portal/requests/9ab1346f-32e6-42a7-ac2c-edcba6bd77b7/receipt"
    method: "GET"
    status: 404
    duration_ms: 6
[2026-09-27 23:13:54.474 -0300] INFO (84006): request completed
    route: "/v1/portal/requests/b9b982af-694e-41df-8a57-2fe16dd51bb2/decision"
    method: "GET"
    status: 404
    duration_ms: 7
[2026-09-27 23:13:54.496 -0300] INFO (84006): request completed
    route: "/v1/portal/requests/9ab1346f-32e6-42a7-ac2c-edcba6bd77b7/attachments"
    method: "POST"
    status: 422
    duration_ms: 21
[2026-09-27 23:13:54.521 -0300] INFO (84006): request completed
    route: "/v1/portal/requests/9ab1346f-32e6-42a7-ac2c-edcba6bd77b7/withdraw"
    method: "POST"
    status: 200
    duration_ms: 23
[2026-09-27 23:13:54.532 -0300] INFO (84006): request completed
    route: "/v1/portal/requests/undefined/diligences/f81f7839-109d-445d-a8a9-b191bf3c6a96/responses"
    method: "POST"
    status: 400
    duration_ms: 10
[2026-09-27 23:13:54.534 -0300] INFO (84006): request completed
    route: "/v1/portal/requests"
    method: "POST"
    status: 403
    duration_ms: 0
[2026-09-27 23:13:54.536 -0300] INFO (84006): request completed
    route: "/v1/portal/requests"
    method: "GET"
    status: 403
    duration_ms: 1
 ❯ tests/e2e/portal-requests.e2e.spec.ts (14 tests | 4 failed | 2 todo) 2341ms
     × C-0002-65 — dado defesa_previa sobre ait com vínculo então 422 SERVICE_UNAVAILABLE { unavailableReason, alternativeChannelNote presencial }; manifestar então 422 INELIGIBLE; consulta_multas sobre ait sem vínculo então 404 { kind: 'ait' } 141ms
     × C-0002-67 — dado CPF 11111111111 simples quando adesao_sne (create + draft + submit) então 403 { actKey: 'adesao_sne' } e 'AGUARDANDO_NIVEL_ASSINATURA' persistido; o MESMO CPF avancada quando submit de novo então 200 'EM_ANDAMENTO_NO_ORGAO' delegated e GET sne/enrollment enrolled; outro CPF então 404 512ms
     × C-0002-69 — dado request PEDIDO_EM_COMPOSICAO quando POST withdraw { confirm:true } com If-Match então 200 'DESISTIDO'; dado EM_ANDAMENTO_NO_ORGAO então 409 { state, allowed:[3] }; { confirm:false } então 400 60ms
     × C-0002-70 — dado request de outro CPF então GET 404 { kind:'request' }; GET receipt com protocolo então 422 'documento_assinado_pendente_r0014'; sem protocolo então 404 { kind:'protocol' }; GET decision então 404 { kind:'decision' }; POST diligences em EM_ANDAMENTO_NO_ORGAO então 422 'delegacao_indisponivel_r0007' 108ms
[2026-09-27 23:13:56.643 -0300] INFO (84661): request completed
    route: "/v1/inf/rait/cases"
    method: "POST"
    status: 200
    duration_ms: 216
[2026-09-27 23:13:56.673 -0300] INFO (84661): request completed
    route: "/v1/inf/rait/cases"
    method: "POST"
    status: 403
    duration_ms: 5
[2026-09-27 23:13:56.699 -0300] INFO (84661): request completed
    route: "/v1/inf/rait/cases"
    method: "POST"
    status: 403
    duration_ms: 1
[2026-09-27 23:13:56.719 -0300] INFO (84661): request completed
    route: "/v1/inf/rait/cases"
    method: "POST"
    status: 403
    duration_ms: 0
[2026-09-27 23:13:56.738 -0300] INFO (84661): request completed
    route: "/v1/inf/rait/cases"
    method: "POST"
    status: 403
    duration_ms: 1
[2026-09-27 23:13:56.757 -0300] INFO (84661): request completed
    route: "/v1/inf/rait/cases"
    method: "POST"
    status: 403
    duration_ms: 0
[2026-09-27 23:13:56.779 -0300] INFO (84661): request completed
    route: "/v1/inf/rait/cases"
    method: "POST"
    status: 403
    duration_ms: 1
[2026-09-27 23:13:56.798 -0300] INFO (84661): request completed
    route: "/v1/inf/rait/cases"
    method: "POST"
    status: 403
    duration_ms: 0
[2026-09-27 23:13:56.817 -0300] INFO (84661): request completed
    route: "/v1/inf/rait/cases"
    method: "POST"
    status: 403
    duration_ms: 1
[2026-09-27 23:13:56.838 -0300] INFO (84661): request completed
    route: "/v1/inf/rait/cases"
    method: "POST"
    status: 403
    duration_ms: 1
[2026-09-27 23:13:56.858 -0300] INFO (84661): request completed
    route: "/v1/inf/rait/cases"
    method: "POST"
    status: 403
    duration_ms: 1
[2026-09-27 23:13:56.882 -0300] INFO (84661): request completed
    route: "/v1/inf/rait/cases"
    method: "POST"
    status: 403
    duration_ms: 0
[2026-09-27 23:13:56.904 -0300] INFO (84661): request completed
    route: "/v1/inf/rait/cases"
    method: "POST"
    status: 403
    duration_ms: 1
[2026-09-27 23:13:56.925 -0300] INFO (84661): request completed
    route: "/v1/inf/rait/cases"
    method: "POST"
    status: 403
    duration_ms: 1
[2026-09-27 23:13:56.952 -0300] INFO (84661): request completed
    route: "/v1/inf/rait/cases"
    method: "POST"
    status: 403
    duration_ms: 1
[2026-09-27 23:13:56.978 -0300] INFO (84661): request completed
    route: "/v1/inf/rait/cases"
    method: "POST"
    status: 403
    duration_ms: 1
[2026-09-27 23:13:57.002 -0300] INFO (84661): request completed
    route: "/v1/inf/rait/cases"
    method: "POST"
    status: 403
    duration_ms: 1
[2026-09-27 23:13:57.024 -0300] INFO (84661): request completed
    route: "/v1/inf/rait/cases"
    method: "POST"
    status: 403
    duration_ms: 0
[2026-09-27 23:13:57.053 -0300] INFO (84661): request completed
    route: "/v1/inf/rait/cases"
    method: "POST"
    status: 403
    duration_ms: 2
[2026-09-27 23:13:57.076 -0300] INFO (84661): request completed
    route: "/v1/inf/rait/cases"
    method: "POST"
    status: 403
    duration_ms: 1
[2026-09-27 23:13:57.101 -0300] INFO (84661): request completed
    route: "/v1/inf/rait/cases"
    method: "POST"
    status: 403
    duration_ms: 1
[2026-09-27 23:13:57.125 -0300] INFO (84661): request completed
    route: "/v1/inf/rait/cases"
    method: "POST"
    status: 403
    duration_ms: 1
[2026-09-27 23:13:57.146 -0300] INFO (84661): request completed
    route: "/v1/inf/rait/cases"
    method: "POST"
    status: 403
    duration_ms: 1
[2026-09-27 23:13:57.168 -0300] INFO (84661): request completed
    route: "/v1/inf/rait/cases"
    method: "POST"
    status: 403
    duration_ms: 0
[2026-09-27 23:13:57.193 -0300] INFO (84661): request completed
    route: "/v1/inf/rait/cases"
    method: "POST"
    status: 403
    duration_ms: 1
[2026-09-27 23:13:57.222 -0300] INFO (84661): request completed
    route: "/v1/inf/rait/cases"
    method: "POST"
    status: 403
    duration_ms: 2
[2026-09-27 23:13:57.244 -0300] INFO (84661): request completed
    route: "/v1/inf/rait/cases"
    method: "POST"
    status: 403
    duration_ms: 1
[2026-09-27 23:13:57.268 -0300] INFO (84661): request completed
    route: "/v1/inf/rait/cases"
    method: "POST"
    status: 403
    duration_ms: 1
[2026-09-27 23:13:57.294 -0300] INFO (84661): request completed
    route: "/v1/inf/rait/cases"
    method: "POST"
    status: 403
    duration_ms: 0
[2026-09-27 23:13:57.316 -0300] INFO (84661): request completed
    route: "/v1/inf/rait/cases"
    method: "POST"
    status: 403
    duration_ms: 0
[2026-09-27 23:13:57.340 -0300] INFO (84661): request completed
    route: "/v1/inf/rait/cases"
    method: "POST"
    status: 403
    duration_ms: 3
[2026-09-27 23:13:57.363 -0300] INFO (84661): request completed
    route: "/v1/inf/rait/cases"
    method: "POST"
    status: 403
    duration_ms: 0
[2026-09-27 23:13:57.401 -0300] INFO (84661): request completed
    route: "/v1/inf/rait/cases"
    method: "POST"
    status: 403
    duration_ms: 0
[2026-09-27 23:13:57.422 -0300] INFO (84661): request completed
    route: "/v1/inf/rait/cases"
    method: "POST"
    status: 403
    duration_ms: 1
[2026-09-27 23:13:57.446 -0300] INFO (84661): request completed
    route: "/v1/inf/rait/cases"
    method: "POST"
    status: 403
    duration_ms: 2
[2026-09-27 23:13:57.470 -0300] INFO (84661): request completed
    route: "/v1/inf/rait/cases"
    method: "POST"
    status: 403
    duration_ms: 1
[2026-09-27 23:13:57.514 -0300] INFO (84661): request completed
    route: "/v1/inf/rait/cases"
    method: "POST"
    status: 400
    duration_ms: 20
[2026-09-27 23:13:57.560 -0300] INFO (84661): request completed
    route: "/v1/inf/rait/cases"
    method: "POST"
    status: 400
    duration_ms: 20
[2026-09-27 23:13:57.602 -0300] INFO (84661): request completed
    route: "/v1/inf/rait/cases"
    method: "POST"
    status: 400
    duration_ms: 13
[2026-09-27 23:13:57.639 -0300] INFO (84661): request completed
    route: "/v1/inf/rait/cases"
    method: "POST"
    status: 400
    duration_ms: 14
[2026-09-27 23:13:57.675 -0300] INFO (84661): request completed
    route: "/v1/inf/rait/cases"
    method: "POST"
    status: 400
    duration_ms: 14
[2026-09-27 23:13:57.709 -0300] INFO (84661): request completed
    route: "/v1/inf/rait/cases"
    method: "POST"
    status: 400
    duration_ms: 14
[2026-09-27 23:13:57.739 -0300] INFO (84661): request completed
    route: "/v1/inf/rait/cases"
    method: "POST"
    status: 400
    duration_ms: 12
[2026-09-27 23:13:57.778 -0300] INFO (84661): request completed
    route: "/v1/inf/rait/cases"
    method: "POST"
    status: 403
    duration_ms: 21
[2026-09-27 23:13:57.858 -0300] INFO (84661): request completed
    route: "/v1/inf/rait/cases/00000000-0000-7000-8000-000010000002/commands/admit"
    method: "POST"
    status: 200
    duration_ms: 38
[2026-09-27 23:13:57.907 -0300] INFO (84661): request completed
    route: "/v1/inf/rait/cases/00000000-0000-7000-8000-000010000002/commands/admit"
    method: "POST"
    status: 403
    duration_ms: 0
[2026-09-27 23:13:57.980 -0300] INFO (84661): request completed
    route: "/v1/inf/rait/cases/00000000-0000-7000-8000-000010000002/commands/non-admission"
    method: "POST"
    status: 200
    duration_ms: 27
[2026-09-27 23:13:58.031 -0300] INFO (84661): request completed
    route: "/v1/inf/rait/cases/00000000-0000-7000-8000-000010000002/commands/non-admission"
    method: "POST"
    status: 403
    duration_ms: 1
[2026-09-27 23:13:58.140 -0300] INFO (84661): request completed
    route: "/v1/inf/rait/cases/00000000-0000-7000-8000-000010000005/commands/remit"
    method: "POST"
    status: 200
    duration_ms: 46
[2026-09-27 23:13:58.200 -0300] INFO (84661): request completed
    route: "/v1/inf/rait/cases/00000000-0000-7000-8000-000010000005/commands/remit"
    method: "POST"
    status: 403
    duration_ms: 1
[2026-09-27 23:13:58.274 -0300] INFO (84661): request completed
    route: "/v1/inf/rait/cases/00000000-0000-7000-8000-000010000005/commands/receive"
    method: "POST"
    status: 200
    duration_ms: 30
[2026-09-27 23:13:58.317 -0300] INFO (84661): request completed
    route: "/v1/inf/rait/cases/00000000-0000-7000-8000-000010000005/commands/receive"
    method: "POST"
    status: 403
    duration_ms: 1
[2026-09-27 23:13:58.386 -0300] INFO (84661): request completed
    route: "/v1/inf/rait/cases/00000000-0000-7000-8000-000010000007/commands/ready"
    method: "POST"
    status: 200
    duration_ms: 34
[2026-09-27 23:13:58.425 -0300] INFO (84661): request completed
    route: "/v1/inf/rait/cases/00000000-0000-7000-8000-000010000007/commands/ready"
    method: "POST"
    status: 403
    duration_ms: 1
[2026-09-27 23:13:58.498 -0300] INFO (84661): request completed
    route: "/v1/inf/rait/cases/00000000-0000-7000-8000-000010000009/commands/decide"
    method: "POST"
    status: 200
    duration_ms: 33
[2026-09-27 23:13:58.551 -0300] INFO (84661): request completed
    route: "/v1/inf/rait/cases/00000000-0000-7000-8000-000010000009/commands/decide"
    method: "POST"
    status: 403
    duration_ms: 1
[2026-09-27 23:13:58.612 -0300] INFO (84661): request completed
    route: "/v1/inf/rait/cases/00000000-0000-7000-8000-000010000009/commands/return-draft"
    method: "POST"
    status: 200
    duration_ms: 23
[2026-09-27 23:13:58.652 -0300] INFO (84661): request completed
    route: "/v1/inf/rait/cases/00000000-0000-7000-8000-000010000009/commands/return-draft"
    method: "POST"
    status: 403
    duration_ms: 0
[2026-09-27 23:13:58.722 -0300] INFO (84661): request completed
    route: "/v1/inf/rait/cases/00000000-0000-7000-8000-000010000007/commands/withdraw"
    method: "POST"
    status: 200
    duration_ms: 32
[2026-09-27 23:13:58.757 -0300] INFO (84661): request completed
    route: "/v1/inf/rait/cases/00000000-0000-7000-8000-000010000007/commands/withdraw"
    method: "POST"
    status: 403
    duration_ms: 0
[2026-09-27 23:13:58.810 -0300] INFO (84661): request completed
    route: "/v1/inf/rait/cases/00000000-0000-7000-8000-000010000002/commands/redirect"
    method: "POST"
    status: 200
    duration_ms: 20
[2026-09-27 23:13:58.844 -0300] INFO (84661): request completed
    route: "/v1/inf/rait/cases/00000000-0000-7000-8000-000010000002/commands/redirect"
    method: "POST"
    status: 403
    duration_ms: 0
[2026-09-27 23:13:58.910 -0300] INFO (84661): request completed
    route: "/v1/inf/rait/cases/00000000-0000-7000-8000-000010000001/commands/resolve-pending"
    method: "POST"
    status: 200
    duration_ms: 28
[2026-09-27 23:13:58.958 -0300] INFO (84661): request completed
    route: "/v1/inf/rait/cases/00000000-0000-7000-8000-000010000001/commands/resolve-pending"
    method: "POST"
    status: 403
    duration_ms: 2
[2026-09-27 23:13:59.041 -0300] INFO (84661): request completed
    route: "/v1/inf/rait/pools/00000000-0000-7000-8000-000020000001/claim-next"
    method: "POST"
    status: 200
    duration_ms: 38
[2026-09-27 23:13:59.095 -0300] INFO (84661): request completed
    route: "/v1/inf/rait/pools/00000000-0000-7000-8000-000020000001/claim-next"
    method: "POST"
    status: 403
    duration_ms: 2
[2026-09-27 23:13:59.168 -0300] INFO (84661): request completed
    route: "/v1/inf/rait/inquiries/00000000-0000-7000-8000-000015000001/commands/answer"
    method: "POST"
    status: 200
    duration_ms: 29
[2026-09-27 23:13:59.250 -0300] INFO (84661): request completed
    route: "/v1/inf/rait/inquiries/00000000-0000-7000-8000-000015000001/commands/answer"
    method: "POST"
    status: 200
    duration_ms: 34
[2026-09-27 23:13:59.301 -0300] INFO (84661): request completed
    route: "/v1/inf/rait/inquiries/00000000-0000-7000-8000-000015000001/commands/answer"
    method: "POST"
    status: 403
    duration_ms: 2
[2026-09-27 23:13:59.378 -0300] INFO (84661): request completed
    route: "/v1/inf/rait/inquiries/00000000-0000-7000-8000-000015000001/commands/extend"
    method: "POST"
    status: 200
    duration_ms: 38
[2026-09-27 23:13:59.449 -0300] INFO (84661): request completed
    route: "/v1/inf/rait/inquiries/00000000-0000-7000-8000-000015000001/commands/extend"
    method: "POST"
    status: 200
    duration_ms: 29
[2026-09-27 23:13:59.499 -0300] INFO (84661): request completed
    route: "/v1/inf/rait/inquiries/00000000-0000-7000-8000-000015000001/commands/extend"
    method: "POST"
    status: 403
    duration_ms: 4
[2026-09-27 23:13:59.526 -0300] INFO (84661): request completed
    route: "/v1/inf/rait/inquiries/00000000-0000-7000-8000-000015000001/commands/expire"
    method: "POST"
    status: 403
    duration_ms: 1
[2026-09-27 23:13:59.611 -0300] INFO (84661): request completed
    route: "/v1/inf/rait/cases"
    method: "POST"
    status: 200
    duration_ms: 66
[2026-09-27 23:13:59.659 -0300] INFO (84661): request completed
    route: "/v1/inf/rait/cases/9f586e50-f467-4f40-9f16-1868a88259ed/commands/admit"
    method: "POST"
    status: 200
    duration_ms: 23
[2026-09-27 23:13:59.753 -0300] INFO (84661): request completed
    route: "/v1/inf/rait/cases"
    method: "POST"
    status: 200
    duration_ms: 70
[2026-09-27 23:13:59.800 -0300] INFO (84661): request completed
    route: "/v1/inf/rait/cases/3d9def18-9bf6-4bb8-ae80-1097751f749a/commands/admit"
    method: "POST"
    status: 200
    duration_ms: 21
[2026-09-27 23:13:59.882 -0300] INFO (84661): request completed
    route: "/v1/inf/rait/cases"
    method: "POST"
    status: 200
    duration_ms: 64
[2026-09-27 23:13:59.935 -0300] INFO (84661): request completed
    route: "/v1/inf/rait/cases/5c05143a-7ef7-4222-a640-14ad968abe6b/commands/admit"
    method: "POST"
    status: 200
    duration_ms: 26
[2026-09-27 23:14:00.030 -0300] INFO (84661): request completed
    route: "/v1/inf/rait/cases"
    method: "POST"
    status: 200
    duration_ms: 69
[2026-09-27 23:14:00.085 -0300] INFO (84661): request completed
    route: "/v1/inf/rait/cases/a830a29b-922c-4793-9789-d06239ab8b1e/commands/admit"
    method: "POST"
    status: 200
    duration_ms: 28
[2026-09-27 23:14:00.175 -0300] INFO (84661): request completed
    route: "/v1/inf/rait/cases"
    method: "POST"
    status: 200
    duration_ms: 66
[2026-09-27 23:14:00.215 -0300] INFO (84661): request completed
    route: "/v1/inf/rait/cases/21c7cf46-b367-43ce-9e05-ba92d67cb14a/commands/admit"
    method: "POST"
    status: 422
    duration_ms: 18
[2026-09-27 23:14:00.309 -0300] INFO (84661): request completed
    route: "/v1/inf/rait/cases"
    method: "POST"
    status: 200
    duration_ms: 73
[2026-09-27 23:14:00.359 -0300] INFO (84661): request completed
    route: "/v1/inf/rait/cases/37316a0f-4486-4102-9c86-5e45a0d85690/commands/admit"
    method: "POST"
    status: 422
    duration_ms: 24
[2026-09-27 23:14:00.442 -0300] INFO (84661): request completed
    route: "/v1/inf/rait/cases"
    method: "POST"
    status: 200
    duration_ms: 62
[2026-09-27 23:14:00.484 -0300] INFO (84661): request completed
    route: "/v1/inf/rait/cases/2a64d732-e9a7-443f-b584-a195896a6aab/commands/admit"
    method: "POST"
    status: 422
    duration_ms: 19
[2026-09-27 23:14:00.570 -0300] INFO (84661): request completed
    route: "/v1/inf/rait/cases"
    method: "POST"
    status: 200
    duration_ms: 66
[2026-09-27 23:14:00.618 -0300] INFO (84661): request completed
    route: "/v1/inf/rait/cases/2d62a0c1-dd90-4619-90e0-c0d829d8e80e/commands/admit"
    method: "POST"
    status: 422
    duration_ms: 23
[2026-09-27 23:14:00.708 -0300] INFO (84661): request completed
    route: "/v1/inf/rait/cases"
    method: "POST"
    status: 200
    duration_ms: 61
[2026-09-27 23:14:00.759 -0300] INFO (84661): request completed
    route: "/v1/inf/rait/cases/8ed47a80-6b5e-494f-9da2-e3aa42cb6ee9/commands/admit"
    method: "POST"
    status: 422
    duration_ms: 23
[2026-09-27 23:14:00.852 -0300] INFO (84661): request completed
    route: "/v1/inf/rait/cases"
    method: "POST"
    status: 200
    duration_ms: 68
[2026-09-27 23:14:00.903 -0300] INFO (84661): request completed
    route: "/v1/inf/rait/cases/72beb34f-4358-4cba-ae2f-c6ad6aaaa7d0/commands/admit"
    method: "POST"
    status: 422
    duration_ms: 22
[2026-09-27 23:14:00.990 -0300] INFO (84661): request completed
    route: "/v1/inf/rait/cases"
    method: "POST"
    status: 200
    duration_ms: 64
[2026-09-27 23:14:01.041 -0300] INFO (84661): request completed
    route: "/v1/inf/rait/cases/0634feec-3106-4ea0-a3e1-b0334b0b64b2/commands/admit"
    method: "POST"
    status: 422
    duration_ms: 22
[2026-09-27 23:14:01.108 -0300] INFO (84661): request completed
    route: "/v1/inf/rait/cases/00000000-0000-7000-8000-000010000002/commands/non-admission"
    method: "POST"
    status: 200
    duration_ms: 23
[2026-09-27 23:14:01.115 -0300] INFO (84661): request completed
    route: "/v1/inf/rait/cases/00000000-0000-7000-8000-000010000002/commands/non-admission"
    method: "POST"
    status: 200
    duration_ms: 4
[2026-09-27 23:14:01.191 -0300] INFO (84661): request completed
    route: "/v1/inf/rait/cases/00000000-0000-7000-8000-000010000002/commands/non-admission"
    method: "POST"
    status: 200
    duration_ms: 29
[2026-09-27 23:14:01.235 -0300] INFO (84661): request completed
    route: "/v1/inf/rait/cases/00000000-0000-7000-8000-000010000002/commands/non-admission"
    method: "POST"
    status: 200
    duration_ms: 72
[2026-09-27 23:14:01.400 -0300] INFO (84661): request completed
    route: "/v1/inf/rait/cases/00000000-0000-7000-8000-000010000002/commands/non-admission"
    method: "POST"
    status: 500
    duration_ms: 98
[2026-09-27 23:14:01.500 -0300] INFO (84661): request completed
    route: "/v1/inf/rait/cases/00000000-0000-7000-8000-000010000005/commands/remit"
    method: "POST"
    status: 422
    duration_ms: 46
[2026-09-27 23:14:01.614 -0300] INFO (84661): request completed
    route: "/v1/inf/rait/cases/00000000-0000-7000-8000-000010000005/commands/remit"
    method: "POST"
    status: 200
    duration_ms: 40
[2026-09-27 23:14:01.695 -0300] INFO (84661): request completed
    route: "/v1/inf/rait/cases/00000000-0000-7000-8000-000010000005/commands/remit"
    method: "POST"
    status: 422
    duration_ms: 23
[2026-09-27 23:14:01.777 -0300] INFO (84661): request completed
    route: "/v1/inf/rait/cases/00000000-0000-7000-8000-000010000005/commands/remit"
    method: "POST"
    status: 422
    duration_ms: 25
[2026-09-27 23:14:01.868 -0300] INFO (84661): request completed
    route: "/v1/inf/rait/cases/00000000-0000-7000-8000-000010000005/commands/remit"
    method: "POST"
    status: 422
    duration_ms: 28
[2026-09-27 23:14:01.959 -0300] INFO (84661): request completed
    route: "/v1/inf/rait/cases/00000000-0000-7000-8000-000010000005/commands/remit"
    method: "POST"
    status: 200
    duration_ms: 33
[2026-09-27 23:14:02.042 -0300] INFO (84661): request completed
    route: "/v1/inf/rait/cases/00000000-0000-7000-8000-000010000005/commands/remit"
    method: "POST"
    status: 422
    duration_ms: 27
[2026-09-27 23:14:02.130 -0300] INFO (84661): request completed
    route: "/v1/inf/rait/cases/00000000-0000-7000-8000-000010000005/commands/remit"
    method: "POST"
    status: 422
    duration_ms: 26
[2026-09-27 23:14:02.212 -0300] INFO (84661): request completed
    route: "/v1/inf/rait/cases/00000000-0000-7000-8000-000010000005/commands/remit"
    method: "POST"
    status: 422
    duration_ms: 29
[2026-09-27 23:14:02.307 -0300] INFO (84661): request completed
    route: "/v1/inf/rait/cases/00000000-0000-7000-8000-000010000005/commands/remit"
    method: "POST"
    status: 200
    duration_ms: 33
[2026-09-27 23:14:04.184 -0300] INFO (84865): request completed
    request_id: "01a0e5ca-6e7e-75d7-8256-1713fb64ed81"
    tenant_id: "00000000-0000-7000-8000-00000000a001"
    actor_id: "00000000-0000-4000-8000-0000b0000001"
    route: "/v1/est/crash/records/00000000-0000-7000-8000-0000a1000001/start"
    method: "POST"
    status: 200
    duration_ms: 161
[2026-09-27 23:14:04.236 -0300] INFO (84865): request completed
    route: "/v1/est/crash/records/00000000-0000-7000-8000-0000a1000001/start"
    method: "POST"
    status: 428
    duration_ms: 27
[2026-09-27 23:14:04.254 -0300] INFO (84865): request completed
    route: "/v1/est/crash/records/00000000-0000-7000-8000-0000a1000001/start"
    method: "POST"
    status: 412
    duration_ms: 17
[2026-09-27 23:14:04.275 -0300] INFO (84865): request completed
    route: "/v1/est/crash/records/00000000-0000-7000-8000-0000a1000003/start"
    method: "POST"
    status: 409
    duration_ms: 20
[2026-09-27 23:14:04.277 -0300] INFO (84865): request completed
    route: "/v1/est/crash/records/00000000-0000-7000-8000-0000a1000001/start"
    method: "POST"
    status: 403
    duration_ms: 1
[2026-09-27 23:14:04.298 -0300] INFO (84865): request completed
    route: "/v1/est/crash/records/00000000-0000-7000-8000-0000a1000005/transmit"
    method: "POST"
    status: 409
    duration_ms: 19
[2026-09-27 23:14:04.327 -0300] INFO (84865): request completed
    route: "/v1/est/crash/records/00000000-0000-7000-8000-0000a1000011/renaest/correct"
    method: "POST"
    status: 409
    duration_ms: 27
[2026-09-27 23:14:04.345 -0300] INFO (84865): request completed
    route: "/v1/est/crash/records/00000000-0000-7000-8000-0000a1000010/renaest/correct"
    method: "POST"
    status: 422
    duration_ms: 16
[2026-09-27 23:14:04.354 -0300] INFO (84865): request completed
    route: "/v1/est/crash/records/00000000-0000-7000-8000-0000a1000007/renaest"
    method: "GET"
    status: 200
    duration_ms: 8
[2026-09-27 23:14:04.381 -0300] INFO (84865): request completed
    route: "/v1/est/crash/records/00000000-0000-7000-8000-0000a1000001/scene-duties"
    method: "POST"
    status: 422
    duration_ms: 23
[2026-09-27 23:14:04.401 -0300] INFO (84865): request completed
    route: "/v1/est/crash/records/00000000-0000-7000-8000-0000a1000004/scene-duties"
    method: "POST"
    status: 422
    duration_ms: 19
[2026-09-27 23:14:04.416 -0300] INFO (84865): request completed
    request_id: "01a0e5ca-6f7c-7f91-bed1-143dd661f37d"
    tenant_id: "00000000-0000-7000-8000-00000000a001"
    actor_id: "00000000-0000-4000-8000-0000b0000001"
    route: "/v1/est/crash/records/00000000-0000-7000-8000-0000a1000003/report"
    method: "GET"
    status: 200
    duration_ms: 14
[2026-09-27 23:14:04.515 -0300] INFO (84865): request completed
    request_id: "01a0e5ca-6fde-75fc-9d96-0d5a4f320e4a"
    tenant_id: "00000000-0000-7000-8000-00000000a001"
    actor_id: "00000000-0000-4000-8000-0000b0000001"
    route: "/v1/est/crash/records/00000000-0000-7000-8000-0000a1000003/report"
    method: "GET"
    status: 200
    duration_ms: 98
[2026-09-27 23:14:04.516 -0300] INFO (84865): request completed
    route: "/v1/est/crash/records/00000000-0000-7000-8000-0000a1000003/report"
    method: "GET"
    status: 403
    duration_ms: 0
[2026-09-27 23:14:04.518 -0300] INFO (84865): request completed
    route: "/v1/est/crash/records/00000000-0000-7000-8000-0000a1000003/report"
    method: "GET"
    status: 403
    duration_ms: 1
[2026-09-27 23:14:04.519 -0300] INFO (84865): request completed
    route: "/v1/est/crash/records/00000000-0000-7000-8000-0000a1000003/report"
    method: "GET"
    status: 403
    duration_ms: 1
[2026-09-27 23:14:04.520 -0300] INFO (84865): request completed
    route: "/v1/est/crash/records/00000000-0000-7000-8000-0000a1000003/report"
    method: "GET"
    status: 403
    duration_ms: 1
[2026-09-27 23:14:04.520 -0300] INFO (84865): request completed
    route: "/v1/est/crash/records/00000000-0000-7000-8000-0000a1000003/report"
    method: "GET"
    status: 403
    duration_ms: 0
[2026-09-27 23:14:04.521 -0300] INFO (84865): request completed
    route: "/v1/est/crash/records/00000000-0000-7000-8000-0000a1000003/report"
    method: "GET"
    status: 403
    duration_ms: 0
[2026-09-27 23:14:04.522 -0300] INFO (84865): request completed
    route: "/v1/est/crash/records/00000000-0000-7000-8000-0000a1000003/report"
    method: "GET"
    status: 403
    duration_ms: 0
[2026-09-27 23:14:04.524 -0300] INFO (84865): request completed
    route: "/v1/est/crash/records/00000000-0000-7000-8000-0000a1000003/report"
    method: "GET"
    status: 403
    duration_ms: 1
[2026-09-27 23:14:04.540 -0300] INFO (84865): request completed
    request_id: "01a0e5ca-6ff8-761a-83be-f2353fc41707"
    tenant_id: "00000000-0000-7000-8000-00000000a001"
    actor_id: "00000000-0000-4000-8000-0000b0000001"
    route: "/v1/est/crash/records/00000000-0000-7000-8000-0000a1000003/report"
    method: "GET"
    status: 200
    duration_ms: 15
[2026-09-27 23:14:04.541 -0300] INFO (84865): request completed
    route: "/v1/est/crash/records/00000000-0000-7000-8000-0000a1000003/report"
    method: "GET"
    status: 403
    duration_ms: 0
[2026-09-27 23:14:04.543 -0300] INFO (84865): request completed
    route: "/v1/est/crash/records/00000000-0000-7000-8000-0000a1000003/report"
    method: "GET"
    status: 403
    duration_ms: 1
[2026-09-27 23:14:04.544 -0300] INFO (84865): request completed
    route: "/v1/est/crash/records/00000000-0000-7000-8000-0000a1000003/report"
    method: "GET"
    status: 403
    duration_ms: 1
[2026-09-27 23:14:04.563 -0300] INFO (84865): request completed
    request_id: "01a0e5ca-700b-746c-a2e5-bbee9f44e3fe"
    tenant_id: "00000000-0000-7000-8000-00000000a001"
    actor_id: "00000000-0000-4000-8000-0000b0000001"
    route: "/v1/est/crash/records/00000000-0000-7000-8000-0000a1000003/report"
    method: "GET"
    status: 200
    duration_ms: 18
[2026-09-27 23:14:04.565 -0300] INFO (84865): request completed
    route: "/v1/est/crash/records/00000000-0000-7000-8000-0000a1000003/report"
    method: "GET"
    status: 403
    duration_ms: 1
[2026-09-27 23:14:04.582 -0300] INFO (84865): request completed
    request_id: "01a0e5ca-7023-7e23-9075-f74173595272"
    tenant_id: "00000000-0000-7000-8000-00000000a001"
    actor_id: "00000000-0000-4000-8000-0000b0000001"
    route: "/v1/est/crash/records/00000000-0000-7000-8000-0000a1000003/report"
    method: "GET"
    status: 200
    duration_ms: 16
[2026-09-27 23:14:04.584 -0300] INFO (84865): request completed
    route: "/v1/est/crash/records/00000000-0000-7000-8000-0000a1000003/report"
    method: "GET"
    status: 403
    duration_ms: 1
[2026-09-27 23:14:04.597 -0300] INFO (84865): request completed
    request_id: "01a0e5ca-7032-7f90-b089-1dbbdabcccea"
    tenant_id: "00000000-0000-7000-8000-00000000a001"
    actor_id: "00000000-0000-4000-8000-0000b0000001"
    route: "/v1/est/crash/records/00000000-0000-7000-8000-0000a1000003/report"
    method: "GET"
    status: 200
    duration_ms: 12
[2026-09-27 23:14:04.611 -0300] INFO (84865): request completed
    request_id: "01a0e5ca-7040-76c4-89e8-2d226eb914b4"
    tenant_id: "00000000-0000-7000-8000-00000000a001"
    actor_id: "00000000-0000-4000-8000-0000b0000001"
    route: "/v1/est/crash/records/00000000-0000-7000-8000-0000a1000003/report"
    method: "GET"
    status: 200
    duration_ms: 13
[2026-09-27 23:14:04.612 -0300] INFO (84865): request completed
    route: "/v1/est/crash/records/00000000-0000-7000-8000-0000a1000003/report"
    method: "GET"
    status: 403
    duration_ms: 0
[2026-09-27 23:14:04.627 -0300] INFO (84865): request completed
    request_id: "01a0e5ca-704f-7839-a3c4-280e2f65c863"
    tenant_id: "00000000-0000-7000-8000-00000000a001"
    actor_id: "00000000-0000-4000-8000-0000b0000001"
    route: "/v1/est/crash/records/00000000-0000-7000-8000-0000a1000003/report"
    method: "GET"
    status: 200
    duration_ms: 14
[2026-09-27 23:14:04.628 -0300] INFO (84865): request completed
    route: "/v1/est/crash/records/00000000-0000-7000-8000-0000a1000003/report"
    method: "GET"
    status: 403
    duration_ms: 1
[2026-09-27 23:14:04.629 -0300] INFO (84865): request completed
    route: "/v1/est/crash/records/00000000-0000-7000-8000-0000a1000003/report"
    method: "GET"
    status: 403
    duration_ms: 0
[2026-09-27 23:14:04.631 -0300] INFO (84865): request completed
    route: "/v1/est/crash/records/00000000-0000-7000-8000-0000a1000003/report"
    method: "GET"
    status: 403
    duration_ms: 0
[2026-09-27 23:14:04.631 -0300] INFO (84865): request completed
    route: "/v1/est/crash/records/00000000-0000-7000-8000-0000a1000003/report"
    method: "GET"
    status: 403
    duration_ms: 0
[2026-09-27 23:14:04.633 -0300] INFO (84865): request completed
    route: "/v1/est/crash/records/00000000-0000-7000-8000-0000a1000003/report"
    method: "GET"
    status: 403
    duration_ms: 1
[2026-09-27 23:14:04.633 -0300] INFO (84865): request completed
    route: "/v1/est/crash/records/00000000-0000-7000-8000-0000a1000003/report"
    method: "GET"
    status: 403
    duration_ms: 0
[2026-09-27 23:14:04.634 -0300] INFO (84865): request completed
    route: "/v1/est/crash/records/00000000-0000-7000-8000-0000a1000003/report"
    method: "GET"
    status: 403
    duration_ms: 0
[2026-09-27 23:14:04.635 -0300] INFO (84865): request completed
    route: "/v1/est/crash/records/00000000-0000-7000-8000-0000a1000003/report"
    method: "GET"
    status: 403
    duration_ms: 1
[2026-09-27 23:14:04.635 -0300] INFO (84865): request completed
    route: "/v1/est/crash/records/00000000-0000-7000-8000-0000a1000003/report"
    method: "GET"
    status: 403
    duration_ms: 0
[2026-09-27 23:14:04.636 -0300] INFO (84865): request completed
    route: "/v1/est/crash/records/00000000-0000-7000-8000-0000a1000003/report"
    method: "GET"
    status: 403
    duration_ms: 0
[2026-09-27 23:14:04.637 -0300] INFO (84865): request completed
    route: "/v1/est/crash/records/00000000-0000-7000-8000-0000a1000003/report"
    method: "GET"
    status: 403
    duration_ms: 1
[2026-09-27 23:14:04.637 -0300] INFO (84865): request completed
    route: "/v1/est/crash/records/00000000-0000-7000-8000-0000a1000003/report"
    method: "GET"
    status: 403
    duration_ms: 0
[2026-09-27 23:14:04.638 -0300] INFO (84865): request completed
    route: "/v1/est/crash/records/00000000-0000-7000-8000-0000a1000003/report"
    method: "GET"
    status: 403
    duration_ms: 0
[2026-09-27 23:14:04.639 -0300] INFO (84865): request completed
    route: "/v1/est/crash/records/00000000-0000-7000-8000-0000a1000003/report"
    method: "GET"
    status: 403
    duration_ms: 0
[2026-09-27 23:14:04.640 -0300] INFO (84865): request completed
    route: "/v1/est/crash/records/00000000-0000-7000-8000-0000a1000003/report"
    method: "GET"
    status: 403
    duration_ms: 0
[2026-09-27 23:14:04.641 -0300] INFO (84865): request completed
    route: "/v1/est/crash/records/00000000-0000-7000-8000-0000a1000003/report"
    method: "GET"
    status: 403
    duration_ms: 0
[2026-09-27 23:14:04.717 -0300] INFO (84865): request completed
    route: "/v1/ops/offline-sync/sync-batches"
    method: "POST"
    status: 200
    duration_ms: 75
(node:84865) DeprecationWarning: Calling client.query() when the client is already executing a query is deprecated and will be removed in pg@9.0. Use async/await or an external async flow control mechanism instead.
(Use `node --trace-deprecation ...` to show where the warning was created)
[2026-09-27 23:14:04.796 -0300] INFO (84865): request completed
    route: "/v1/ops/offline-sync/sync-batches"
    method: "POST"
    status: 200
    duration_ms: 51
[2026-09-27 23:14:04.849 -0300] INFO (84865): request completed
    route: "/v1/ops/offline-sync/sync-batches"
    method: "POST"
    status: 200
    duration_ms: 46
[2026-09-27 23:14:04.898 -0300] INFO (84865): request completed
    route: "/v1/ops/offline-sync/sync-batches"
    method: "POST"
    status: 200
    duration_ms: 44
[2026-09-27 23:14:04.949 -0300] INFO (84865): request completed
    route: "/v1/ops/offline-sync/sync-batches"
    method: "POST"
    status: 200
    duration_ms: 45
[2026-09-27 23:14:04.996 -0300] INFO (84865): request completed
    route: "/v1/ops/offline-sync/sync-batches"
    method: "POST"
    status: 200
    duration_ms: 40
[2026-09-27 23:14:05.047 -0300] INFO (84865): request completed
    route: "/v1/ops/offline-sync/sync-batches"
    method: "POST"
    status: 200
    duration_ms: 50
[2026-09-27 23:14:06.932 -0300] INFO (84873): request completed
    route: "/v1/ops/mobile-bootstrap?device_id=00000000-0000-7000-8000-0000e4000002&app_version=1.0.0"
    method: "GET"
    status: 200
    duration_ms: 182
[2026-09-27 23:14:06.943 -0300] INFO (84873): request completed
    route: "/v1/ops/mobile-bootstrap?device_id=00000000-0000-7000-8000-0000e4000002&app_version=1.0.0"
    method: "GET"
    status: 403
    duration_ms: 7
[2026-09-27 23:14:07.067 -0300] INFO (84873): request completed
    route: "/v1/ops/offline-sync/sync-batches"
    method: "POST"
    status: 200
    duration_ms: 117
(node:84873) DeprecationWarning: Calling client.query() when the client is already executing a query is deprecated and will be removed in pg@9.0. Use async/await or an external async flow control mechanism instead.
(Use `node --trace-deprecation ...` to show where the warning was created)
[2026-09-27 23:14:07.094 -0300] INFO (84873): request completed
    route: "/v1/ops/offline-sync/sync-batches"
    method: "POST"
    status: 403
    duration_ms: 1
[2026-09-27 23:14:07.098 -0300] INFO (84873): request completed
    route: "/v1/ops/offline-sync/receipts/00000000-0000-7000-8000-00000000a002"
    method: "GET"
    status: 404
    duration_ms: 3
[2026-09-27 23:14:07.106 -0300] INFO (84873): request completed
    route: "/v1/ops/offline-sync/receipts/00000000-0000-7000-8000-00000000a001/by-idempotency/item-inexistente"
    method: "GET"
    status: 404
    duration_ms: 7
[2026-09-27 23:14:07.112 -0300] INFO (84873): request completed
    route: "/v1/ops/offline-sync/receipts/00000000-0000-7000-8000-00000000a001/by-idempotency/item-001"
    method: "GET"
    status: 200
    duration_ms: 5
[2026-09-27 23:14:07.133 -0300] INFO (84873): request completed
    route: "/v1/ops/offline-sync/sync-batches"
    method: "POST"
    status: 400
    duration_ms: 19
[2026-09-27 23:14:07.152 -0300] INFO (84873): request completed
    route: "/v1/ops/offline-sync/sync-batches"
    method: "POST"
    status: 400
    duration_ms: 15
[2026-09-27 23:14:07.171 -0300] INFO (84873): request completed
    route: "/v1/ops/offline-sync/sync-batches"
    method: "POST"
    status: 400
    duration_ms: 15
[2026-09-27 23:14:07.190 -0300] INFO (84873): request completed
    route: "/v1/ops/offline-sync/sync-batches"
    method: "POST"
    status: 400
    duration_ms: 15
[2026-09-27 23:14:07.207 -0300] INFO (84873): request completed
    route: "/v1/ops/offline-sync/sync-batches"
    method: "POST"
    status: 400
    duration_ms: 14
[2026-09-27 23:14:07.231 -0300] INFO (84873): request completed
    route: "/v1/ops/offline-sync/sync-conflicts/00000000-0000-7000-8000-0000eb100001/resolve"
    method: "POST"
    status: 200
    duration_ms: 21
[2026-09-27 23:14:07.251 -0300] INFO (84873): request completed
    route: "/v1/ops/offline-sync/sync-conflicts/00000000-0000-7000-8000-0000eb100001/resolve"
    method: "POST"
    status: 409
    duration_ms: 17
[2026-09-27 23:14:07.253 -0300] INFO (84873): request completed
    route: "/v1/ops/offline-sync/sync-conflicts/00000000-0000-7000-8000-0000eb100001/resolve"
    method: "POST"
    status: 403
    duration_ms: 1
[2026-09-27 23:14:07.292 -0300] INFO (84873): request completed
    route: "/v1/ops/field/devices/00000000-0000-7000-8000-0000e4000004/block"
    method: "POST"
    status: 200
    duration_ms: 37
[2026-09-27 23:14:07.294 -0300] INFO (84873): request completed
    route: "/v1/ops/field/devices/00000000-0000-7000-8000-0000e4000004/block"
    method: "POST"
    status: 403
    duration_ms: 1
[2026-09-27 23:14:07.317 -0300] INFO (84873): request completed
    route: "/v1/ops/field/homologations/00000000-0000-7000-8000-0000e2200002/renew"
    method: "POST"
    status: 200
    duration_ms: 23
[2026-09-27 23:14:07.319 -0300] INFO (84873): request completed
    route: "/v1/ops/field/homologations/00000000-0000-7000-8000-0000e2200002/renew"
    method: "POST"
    status: 403
    duration_ms: 1
[2026-09-27 23:14:07.346 -0300] INFO (84873): request completed
    route: "/v1/ops/field/homologations/00000000-0000-7000-8000-0000e2200001/cancel-by-audit"
    method: "POST"
    status: 200
    duration_ms: 26
[2026-09-27 23:14:07.348 -0300] INFO (84873): request completed
    route: "/v1/ops/field/homologations/00000000-0000-7000-8000-0000e2200001/cancel-by-audit"
    method: "POST"
    status: 403
    duration_ms: 1
[2026-09-27 23:14:07.349 -0300] INFO (84873): request completed
    route: "/v1/ops/mobile-bootstrap/sessions/handoff"
    method: "POST"
    status: 403
    duration_ms: 0
[2026-09-27 23:14:07.386 -0300] INFO (84873): request completed
    route: "/v1/ops/mobile-bootstrap/sessions/handoff"
    method: "POST"
    status: 200
    duration_ms: 36
[2026-09-27 23:14:07.389 -0300] INFO (84873): request completed
    route: "/ops/agents"
    method: "GET"
    status: 404
    duration_ms: 1
[2026-09-27 23:14:07.390 -0300] INFO (84873): request completed
    route: "/ops/devices"
    method: "GET"
    status: 404
    duration_ms: 0
[2026-09-27 23:14:07.391 -0300] INFO (84873): request completed
    route: "/ops/teams"
    method: "GET"
    status: 404
    duration_ms: 0
[2026-09-27 23:14:07.392 -0300] INFO (84873): request completed
    route: "/ops/homologations"
    method: "GET"
    status: 404
    duration_ms: 0
[2026-09-27 23:14:07.393 -0300] INFO (84873): request completed
    route: "/ops/app-versions"
    method: "GET"
    status: 404
    duration_ms: 0
[2026-09-27 23:14:07.394 -0300] INFO (84873): request completed
    route: "/ops/evidence/evidence"
    method: "GET"
    status: 404
    duration_ms: 0
[2026-09-27 23:14:07.394 -0300] INFO (84873): request completed
    route: "/ops/snapshots/people"
    method: "GET"
    status: 404
    duration_ms: 0
[2026-09-27 23:14:07.399 -0300] INFO (84873): request completed
    route: "/v1/ops/field/agents"
    method: "GET"
    status: 200
    duration_ms: 4
[2026-09-27 23:14:09.150 -0300] INFO (84892): request completed
    route: "/v1/portal/identity/me"
    method: "GET"
    status: 403
    duration_ms: 6
[2026-09-27 23:14:09.300 -0300] INFO (84892): request completed
    route: "/v1/portal/identity/me"
    method: "GET"
    status: 200
    duration_ms: 147
[2026-09-27 23:14:09.314 -0300] INFO (84892): request completed
    route: "/v1/portal/identity/me"
    method: "GET"
    status: 200
    duration_ms: 12
[2026-09-27 23:14:09.343 -0300] INFO (84892): request completed
    route: "/v1/portal/identity/me"
    method: "GET"
    status: 200
    duration_ms: 10
[2026-09-27 23:14:09.355 -0300] INFO (84892): request completed
    route: "/v1/portal/identity/me"
    method: "GET"
    status: 200
    duration_ms: 10
[2026-09-27 23:14:09.372 -0300] INFO (84892): request completed
    route: "/v1/portal/identity/me"
    method: "GET"
    status: 200
    duration_ms: 10
[2026-09-27 23:14:09.374 -0300] INFO (84892): request completed
    route: "/v1/portal/identity/me"
    method: "GET"
    status: 403
    duration_ms: 0
[2026-09-27 23:14:09.377 -0300] INFO (84892): request completed
    route: "/v1/portal/identity/me"
    method: "GET"
    status: 403
    duration_ms: 1
[2026-09-27 23:14:09.387 -0300] INFO (84892): request completed
    route: "/v1/portal/identity/me"
    method: "GET"
    status: 200
    duration_ms: 9
[2026-09-27 23:14:09.401 -0300] INFO (84892): request completed
    route: "/v1/portal/brand"
    method: "GET"
    status: 200
    duration_ms: 6
[2026-09-27 23:14:09.412 -0300] INFO (84892): request completed
    route: "/v1/portal/services"
    method: "GET"
    status: 200
    duration_ms: 9
[2026-09-27 23:14:09.419 -0300] INFO (84892): request completed
    route: "/v1/portal/services/manifestar"
    method: "GET"
    status: 200
    duration_ms: 5
[2026-09-27 23:14:09.426 -0300] INFO (84892): request completed
    route: "/v1/portal/services/nao_existe"
    method: "GET"
    status: 404
    duration_ms: 6
[2026-09-27 23:14:09.432 -0300] INFO (84892): request completed
    route: "/v1/portal/brand"
    method: "GET"
    status: 200
    duration_ms: 4
[2026-09-27 23:14:09.434 -0300] INFO (84892): request completed
    route: "/v1/portal/brand"
    method: "GET"
    status: 421
    duration_ms: 0
[2026-09-27 23:14:09.435 -0300] INFO (84892): request completed
    route: "/v1/portal/brand"
    method: "GET"
    status: 403
    duration_ms: 0
[2026-09-27 23:14:09.441 -0300] INFO (84892): request completed
    route: "/v1/portal/brand"
    method: "GET"
    status: 200
    duration_ms: 5
[2026-09-27 23:14:11.357 -0300] INFO (84897): request completed
    route: "/v1/portal/identity/me"
    method: "GET"
    status: 200
    duration_ms: 146
[2026-09-27 23:14:11.374 -0300] INFO (84897): request completed
    route: "/v1/portal/identity/me"
    method: "GET"
    status: 200
    duration_ms: 14
[2026-09-27 23:14:11.394 -0300] INFO (84897): request completed
    route: "/v1/portal/stream"
    method: "GET"
    status: 403
    duration_ms: 0
[2026-09-27 23:14:11.395 -0300] INFO (84897): request completed
    route: "/v1/portal/stream"
    method: "GET"
    status: 403
    duration_ms: 0
[2026-09-27 23:14:12.412 -0300] INFO (84897): request completed
    request_id: "01a0e5ca-8eaa-7a07-9c4f-1b6a5de4ff47"
    tenant_id: "00000000-0000-7000-8000-000000000001"
    actor_id: "00000000-0000-4000-8000-000000000002"
    route: "/v1/portal/stream"
    method: "GET"
    status: 204
    duration_ms: 20
[2026-09-27 23:14:14.623 -0300] INFO (84907): request completed
    route: "/v1/portal/identity/me"
    method: "GET"
    status: 200
    duration_ms: 150
[2026-09-27 23:14:14.643 -0300] INFO (84907): request completed
    route: "/v1/portal/identity/me"
    method: "GET"
    status: 200
    duration_ms: 17
[2026-09-27 23:14:14.657 -0300] INFO (84907): request completed
    route: "/v1/portal/identity/me"
    method: "GET"
    status: 200
    duration_ms: 12
[2026-09-27 23:14:14.696 -0300] INFO (84907): request completed
    route: "/v1/portal/aits/00000000-0000-7000-8000-0000f0000002"
    method: "GET"
    status: 200
    duration_ms: 11
[2026-09-27 23:14:14.706 -0300] INFO (84907): request completed
    route: "/v1/portal/services/defesa_previa"
    method: "GET"
    status: 200
    duration_ms: 8
[2026-09-27 23:14:14.728 -0300] INFO (84907): request completed
    route: "/v1/portal/requests"
    method: "POST"
    status: 422
    duration_ms: 15
[2026-09-27 23:14:14.740 -0300] INFO (84907): request completed
    route: "/v1/portal/requests"
    method: "POST"
    status: 422
    duration_ms: 10
[2026-09-27 23:14:14.749 -0300] INFO (84907): request completed
    route: "/v1/portal/aits/00000000-0000-7000-8000-0000f0000002"
    method: "GET"
    status: 200
    duration_ms: 8
[2026-09-27 23:14:14.755 -0300] INFO (84907): request completed
    route: "/v1/portal/services/indicacao_condutor"
    method: "GET"
    status: 200
    duration_ms: 5
[2026-09-27 23:14:14.766 -0300] INFO (84907): request completed
    route: "/v1/portal/requests"
    method: "POST"
    status: 422
    duration_ms: 10
[2026-09-27 23:14:14.778 -0300] INFO (84907): request completed
    route: "/v1/portal/requests"
    method: "POST"
    status: 422
    duration_ms: 10
[2026-09-27 23:14:14.798 -0300] INFO (84907): request completed
    route: "/v1/portal/requests?state=PROTOCOLADO&kind=defesa_previa&periodFrom=2026-01-01&periodTo=2026-12-31"
    method: "GET"
    status: 200
    duration_ms: 19
[2026-09-27 23:14:14.808 -0300] INFO (84907): request completed
    route: "/v1/portal/requests/00000000-0000-7000-8000-000070400e09"
    method: "GET"
    status: 200
    duration_ms: 9
[2026-09-27 23:14:14.815 -0300] INFO (84907): request completed
    route: "/v1/portal/requests/00000000-0000-7000-8000-000070400e09/decision"
    method: "GET"
    status: 200
    duration_ms: 6
[2026-09-27 23:14:14.823 -0300] INFO (84907): request completed
    route: "/v1/portal/requests/00000000-0000-7000-8000-000070400e09"
    method: "GET"
    status: 200
    duration_ms: 7
[2026-09-27 23:14:14.835 -0300] INFO (84907): request completed
    route: "/v1/portal/requests"
    method: "POST"
    status: 422
    duration_ms: 10
[2026-09-27 23:14:14.844 -0300] INFO (84907): request completed
    route: "/v1/portal/aits?status=em_recurso&page=1"
    method: "GET"
    status: 200
    duration_ms: 8
[2026-09-27 23:14:14.853 -0300] INFO (84907): request completed
    route: "/v1/portal/aits/00000000-0000-7000-8000-0000f0000001"
    method: "GET"
    status: 200
    duration_ms: 7
[2026-09-27 23:14:14.860 -0300] INFO (84907): request completed
    route: "/v1/portal/aits/00000000-0000-7000-8000-0000f0000001/points"
    method: "GET"
    status: 200
    duration_ms: 6
[2026-09-27 23:14:14.866 -0300] INFO (84907): request completed
    route: "/v1/portal/points-summary"
    method: "GET"
    status: 200
    duration_ms: 5
[2026-09-27 23:14:14.874 -0300] INFO (84907): request completed
    route: "/v1/portal/sne/enrollment"
    method: "GET"
    status: 200
    duration_ms: 7
[2026-09-27 23:14:14.883 -0300] INFO (84907): request completed
    route: "/v1/portal/sne/enrollment"
    method: "GET"
    status: 200
    duration_ms: 7
[2026-09-27 23:14:14.890 -0300] INFO (84907): request completed
    route: "/v1/portal/sne/enrollment"
    method: "GET"
    status: 200
    duration_ms: 6
[2026-09-27 23:14:14.923 -0300] INFO (84907): request completed
    route: "/v1/portal/sne/enrollment"
    method: "DELETE"
    status: 200
    duration_ms: 32
[2026-09-27 23:14:15.353 -0300] INFO (84907): request completed
    route: "/v1/portal/sne/enrollment"
    method: "POST"
    status: 503
    duration_ms: 428
[2026-09-27 23:14:15.801 -0300] INFO (84907): request completed
    route: "/v1/portal/sne/enrollment"
    method: "POST"
    status: 503
    duration_ms: 432
[2026-09-27 23:14:15.831 -0300] INFO (84907): request completed
    route: "/v1/portal/sne/enrollment"
    method: "POST"
    status: 400
    duration_ms: 26
[2026-09-27 23:14:16.282 -0300] INFO (84907): request completed
    route: "/v1/portal/documents/cnh"
    method: "GET"
    status: 503
    duration_ms: 447
[2026-09-27 23:14:16.712 -0300] INFO (84907): request completed
    route: "/v1/portal/vehicles"
    method: "GET"
    status: 503
    duration_ms: 427
[2026-09-27 23:14:16.728 -0300] INFO (84907): request completed
    route: "/v1/portal/vehicles/00000000-0000-7000-8000-00007ff00001/clearance"
    method: "GET"
    status: 503
    duration_ms: 14
[2026-09-27 23:14:16.774 -0300] INFO (84907): request completed
    route: "/v1/portal/vehicles/00000000-0000-7000-8000-00007ff00001/crlv-e"
    method: "POST"
    status: 422
    duration_ms: 44
[2026-09-27 23:14:16.787 -0300] INFO (84907): request completed
    route: "/v1/portal/documents/cnh"
    method: "GET"
    status: 503
    duration_ms: 10
[2026-09-27 23:14:16.796 -0300] INFO (84907): request completed
    route: "/v1/portal/documents/cnh"
    method: "GET"
    status: 503
    duration_ms: 7
[2026-09-27 23:14:16.804 -0300] INFO (84907): request completed
    route: "/v1/portal/vehicles"
    method: "GET"
    status: 503
    duration_ms: 7
[2026-09-27 23:14:16.817 -0300] INFO (84907): request completed
    route: "/v1/portal/crashes"
    method: "GET"
    status: 200
    duration_ms: 12
[2026-09-27 23:14:16.829 -0300] INFO (84907): request completed
    route: "/v1/portal/crashes/00000000-0000-7000-8000-00007ff00003"
    method: "GET"
    status: 200
    duration_ms: 10
[2026-09-27 23:14:16.839 -0300] INFO (84907): request completed
    route: "/v1/portal/crashes"
    method: "GET"
    status: 200
    duration_ms: 8
[2026-09-27 23:14:16.849 -0300] INFO (84907): request completed
    route: "/v1/portal/exams"
    method: "GET"
    status: 200
    duration_ms: 9
[2026-09-27 23:14:16.860 -0300] INFO (84907): request completed
    route: "/v1/portal/exams/00000000-0000-7000-8000-00007ff00002"
    method: "GET"
    status: 200
    duration_ms: 10
[2026-09-27 23:14:16.871 -0300] INFO (84907): request completed
    route: "/v1/portal/requests"
    method: "POST"
    status: 404
    duration_ms: 9
[2026-09-27 23:14:16.881 -0300] INFO (84907): request completed
    route: "/v1/portal/exams"
    method: "GET"
    status: 200
    duration_ms: 9
[2026-09-27 23:14:16.900 -0300] INFO (84907): request completed
    route: "/v1/portal/manifestations"
    method: "POST"
    status: 201
    duration_ms: 17
[2026-09-27 23:14:16.916 -0300] INFO (84907): request completed
    route: "/v1/portal/manifestations"
    method: "POST"
    status: 201
    duration_ms: 15
[2026-09-27 23:14:16.934 -0300] INFO (84907): request completed
    route: "/v1/portal/manifestations"
    method: "POST"
    status: 201
    duration_ms: 17
[2026-09-27 23:14:16.954 -0300] INFO (84907): request completed
    route: "/v1/portal/evaluations"
    method: "POST"
    status: 201
    duration_ms: 18
[2026-09-27 23:14:16.969 -0300] INFO (84907): request completed
    route: "/v1/portal/manifestations"
    method: "POST"
    status: 201
    duration_ms: 14
[2026-09-27 23:14:16.977 -0300] INFO (84907): request completed
    route: "/v1/portal/aits/00000000-0000-7000-8000-0000f0000005"
    method: "GET"
    status: 200
    duration_ms: 7
[2026-09-27 23:14:16.987 -0300] INFO (84907): request completed
    route: "/v1/portal/requests"
    method: "POST"
    status: 422
    duration_ms: 9
[2026-09-27 23:14:17.005 -0300] INFO (84907): request completed
    route: "/v1/portal/requests/00000000-0000-7000-8000-000070400e99/draft"
    method: "PUT"
    status: 404
    duration_ms: 17
[2026-09-27 23:14:17.016 -0300] INFO (84907): request completed
    route: "/v1/portal/requests/00000000-0000-7000-8000-000070400e99/submit"
    method: "POST"
    status: 404
    duration_ms: 10
[2026-09-27 23:14:17.026 -0300] INFO (84907): request completed
    route: "/v1/portal/requests"
    method: "POST"
    status: 422
    duration_ms: 9
[2026-09-27 23:14:17.040 -0300] INFO (84907): request completed
    route: "/v1/portal/requests"
    method: "POST"
    status: 422
    duration_ms: 11
[2026-09-27 23:14:17.055 -0300] INFO (84907): request completed
    route: "/v1/portal/identity/me"
    method: "GET"
    status: 200
    duration_ms: 12
[2026-09-27 23:14:17.066 -0300] INFO (84907): request completed
    route: "/v1/portal/requests"
    method: "POST"
    status: 422
    duration_ms: 10
[2026-09-27 23:14:17.075 -0300] INFO (84907): request completed
    route: "/v1/portal/requests"
    method: "POST"
    status: 422
    duration_ms: 8
[2026-09-27 23:14:17.087 -0300] INFO (84907): request completed
    route: "/v1/portal/requests"
    method: "POST"
    status: 422
    duration_ms: 9
[2026-09-27 23:14:17.101 -0300] INFO (84907): request completed
    route: "/v1/portal/identity/me"
    method: "GET"
    status: 200
    duration_ms: 13
 ❯ tests/e2e/portal-journeys.e2e.spec.ts (52 tests | 7 failed) 3048ms
     × C-4-22 — dado já aderido quando POST SNE então devolve 409 SNE_ALREADY_ENROLLED 435ms
     × C-4-23 — dado mesma chave e corpo diverso quando POST SNE então 409 canônico 474ms
     × C-4-24 — dado Prata no CDT quando GET CNH então devolve cachedAt 450ms
     × C-4-25 — dado Prata no CDT quando GET vehicles então devolve coleção cidadã 430ms
     × C-4-28 — dado falha de fonte CNH sem cache então não troca provider nem skip 13ms
     × C-4-29 — dado resposta nacional cacheada quando GET então preserva cachedAt 9ms
     × C-4-30 — dado mock desligado quando lê nacional então 503 canônico 7ms
[2026-09-27 23:14:19.007 -0300] INFO (84941): request completed
    route: "/v1/dashboard/generated-reports"
    method: "POST"
    status: 400
    duration_ms: 136
[2026-09-27 23:14:19.039 -0300] INFO (84941): request completed
    route: "/v1/dashboard/generated-reports"
    method: "POST"
    status: 403
    duration_ms: 28
[2026-09-27 23:14:19.058 -0300] INFO (84941): request completed
    route: "/v1/dashboard/generated-reports"
    method: "POST"
    status: 400
    duration_ms: 16
[2026-09-27 23:14:19.106 -0300] INFO (84941): request completed
    route: "/v1/dashboard/generated-reports"
    method: "POST"
    status: 201
    duration_ms: 47
[2026-09-27 23:14:19.135 -0300] INFO (84941): request completed
    route: "/v1/dashboard/generated-reports/b1874034-6007-4f3c-885e-152b245a7e16/complete"
    method: "POST"
    status: 422
    duration_ms: 21
[2026-09-27 23:14:19.161 -0300] INFO (84941): request completed
    route: "/v1/dashboard/generated-reports/b1874034-6007-4f3c-885e-152b245a7e16/complete"
    method: "POST"
    status: 200
    duration_ms: 25
[2026-09-27 23:14:19.184 -0300] INFO (84941): request completed
    route: "/v1/dashboard/generated-reports/b1874034-6007-4f3c-885e-152b245a7e16/complete"
    method: "POST"
    status: 409
    duration_ms: 18
[2026-09-27 23:14:19.204 -0300] INFO (84941): request completed
    route: "/v1/dashboard/generated-reports/b1874034-6007-4f3c-885e-152b245a7e16/fail"
    method: "POST"
    status: 409
    duration_ms: 18
[2026-09-27 23:14:19.227 -0300] INFO (84941): request completed
    route: "/v1/dashboard/generated-reports"
    method: "POST"
    status: 201
    duration_ms: 22
[2026-09-27 23:14:19.250 -0300] INFO (84941): request completed
    route: "/v1/dashboard/generated-reports/ebe846ef-7aeb-4cb0-803a-e48718ee39ad/fail"
    method: "POST"
    status: 200
    duration_ms: 22
[2026-09-27 23:14:19.274 -0300] INFO (84941): request completed
    route: "/v1/dashboard/indicator-configs/00000000-0000-7000-8000-000084000321"
    method: "PATCH"
    status: 400
    duration_ms: 20
[2026-09-27 23:14:19.294 -0300] INFO (84941): request completed
    route: "/v1/dashboard/indicator-configs/00000000-0000-7000-8000-000084000321"
    method: "PATCH"
    status: 422
    duration_ms: 19
[2026-09-27 23:14:19.316 -0300] INFO (84941): request completed
    route: "/v1/dashboard/indicator-configs/00000000-0000-7000-8000-000084000321/publish"
    method: "POST"
    status: 422
    duration_ms: 21
[2026-09-27 23:14:19.341 -0300] INFO (84941): request completed
    route: "/v1/dashboard/indicator-configs/00000000-0000-7000-8000-000084000322/publish"
    method: "POST"
    status: 200
    duration_ms: 24
[2026-09-27 23:14:19.360 -0300] INFO (84941): request completed
    route: "/v1/dashboard/indicator-configs/00000000-0000-7000-8000-000084000322/publish"
    method: "POST"
    status: 400
    duration_ms: 16
[2026-09-27 23:14:19.387 -0300] INFO (84941): request completed
    route: "/v1/dashboard/indicator-configs/00000000-0000-7000-8000-000084000322"
    method: "PATCH"
    status: 200
    duration_ms: 26
[2026-09-27 23:14:19.402 -0300] INFO (84941): request completed
    route: "/v1/dashboard/indicator-configs/00000000-0000-7000-8000-000084000321"
    method: "PATCH"
    status: 400
    duration_ms: 13
[2026-09-27 23:14:19.417 -0300] INFO (84941): request completed
    route: "/v1/dashboard/bi-panels"
    method: "POST"
    status: 403
    duration_ms: 14
[2026-09-27 23:14:19.431 -0300] INFO (84941): request completed
    route: "/v1/dashboard/bi-panels"
    method: "POST"
    status: 403
    duration_ms: 13
[2026-09-27 23:14:19.453 -0300] INFO (84941): request completed
    route: "/v1/dashboard/bi-panels"
    method: "POST"
    status: 201
    duration_ms: 21
[2026-09-27 23:14:19.475 -0300] INFO (84941): request completed
    route: "/v1/dashboard/bi-panels/b32531f5-28c7-4a29-a34e-3d7639e85eb3/publish"
    method: "POST"
    status: 200
    duration_ms: 21
[2026-09-27 23:14:19.482 -0300] INFO (84941): request completed
    route: "/v1/dashboard/bi-panels"
    method: "GET"
    status: 200
    duration_ms: 6
[2026-09-27 23:14:19.489 -0300] INFO (84941): request completed
    route: "/v1/dashboard/bi-panels/00000000-0000-7000-8000-000084000421"
    method: "GET"
    status: 403
    duration_ms: 4
[2026-09-27 23:14:19.494 -0300] INFO (84941): request completed
    route: "/v1/dashboard/bi-panels"
    method: "GET"
    status: 200
    duration_ms: 4
[2026-09-27 23:14:19.509 -0300] INFO (84941): request completed
    route: "/v1/dashboard/bi-panels"
    method: "POST"
    status: 400
    duration_ms: 14
[2026-09-27 23:14:19.514 -0300] INFO (84941): request completed
    route: "/v1/dashboard/indicators/IND-DASH-999"
    method: "GET"
    status: 404
    duration_ms: 4
[2026-09-27 23:14:19.521 -0300] INFO (84941): request completed
    route: "/v1/dashboard/indicators?pageSize=200"
    method: "GET"
    status: 200
    duration_ms: 6
[2026-09-27 23:14:19.532 -0300] INFO (84941): request completed
    route: "/v1/dashboard/indicators/IND-DASH-203"
    method: "GET"
    status: 423
    duration_ms: 8
[2026-09-27 23:14:19.554 -0300] INFO (84941): request completed
    route: "/v1/dashboard/indicators/IND-DASH-101"
    method: "GET"
    status: 200
    duration_ms: 21
[2026-09-27 23:14:19.567 -0300] INFO (84941): request completed
    route: "/v1/dashboard/indicators/IND-DASH-304"
    method: "GET"
    status: 200
    duration_ms: 12
[2026-09-27 23:14:19.573 -0300] INFO (84941): request completed
    route: "/v1/dashboard/indicator-configs/00000000-0000-7000-8000-000084000321"
    method: "GET"
    status: 200
    duration_ms: 5
[2026-09-27 23:14:21.447 -0300] INFO (84959): request completed
    route: "/v1/est/crash/victims/00000000-0000-7000-8000-0000a3000001"
    method: "GET"
    status: 400
    duration_ms: 10
[2026-09-27 23:14:21.635 -0300] INFO (84959): request completed
    route: "/v1/est/crash/victims/00000000-0000-7000-8000-0000a3000001?purpose=revisao%20do%20atendimento%20de%20sinistro"
    method: "GET"
    status: 200
    duration_ms: 185
[2026-09-27 23:14:21.664 -0300] INFO (84959): request completed
    route: "/v1/est/crash/victims"
    method: "GET"
    status: 400
    duration_ms: 2
[2026-09-27 23:14:21.680 -0300] INFO (84959): request completed
    route: "/v1/est/crash/victims?purpose=consulta%20de%20vitimas%20do%20sinistro"
    method: "GET"
    status: 200
    duration_ms: 15
[2026-09-27 23:14:23.554 -0300] INFO (84970): request completed
    route: "/v1/ops/evidence/upload-intents"
    method: "POST"
    status: 200
    duration_ms: 190
[2026-09-27 23:14:23.569 -0300] INFO (84970): request completed
    route: "/v1/ops/evidence/upload-intents"
    method: "POST"
    status: 403
    duration_ms: 10
[2026-09-27 23:14:23.599 -0300] INFO (84970): request completed
    route: "/v1/ops/evidence/00000000-0000-7000-8000-0000ef000001/validate"
    method: "POST"
    status: 200
    duration_ms: 28
[2026-09-27 23:14:23.601 -0300] INFO (84970): request completed
    route: "/v1/ops/evidence/00000000-0000-7000-8000-0000ef000001/validate"
    method: "POST"
    status: 403
    duration_ms: 1
[2026-09-27 23:14:23.638 -0300] INFO (84970): request completed
    route: "/v1/ops/evidence/maintenance/purge-expired-unverified"
    method: "POST"
    status: 200
    duration_ms: 35
[2026-09-27 23:14:23.641 -0300] INFO (84970): request completed
    route: "/v1/ops/evidence/maintenance/purge-expired-unverified"
    method: "POST"
    status: 403
    duration_ms: 1
[2026-09-27 23:14:23.664 -0300] INFO (84970): request completed
    route: "/v1/ops/evidence-access-requests/00000000-0000-7000-8000-0000ef400002/approve"
    method: "POST"
    status: 409
    duration_ms: 22
[2026-09-27 23:14:23.666 -0300] INFO (84970): request completed
    route: "/v1/ops/evidence-access-requests/00000000-0000-7000-8000-0000ef400002/approve"
    method: "POST"
    status: 403
    duration_ms: 1
[2026-09-27 23:14:23.673 -0300] INFO (84970): request completed
    route: "/v1/inf/normative/mobile-packages/sync-metadata"
    method: "GET"
    status: 200
    duration_ms: 6
[2026-09-27 23:14:23.817 -0300] INFO (84970): request completed
    route: "/v1/inf/normative/mobile-packages/generate"
    method: "POST"
    status: 201
    duration_ms: 142
[2026-09-27 23:14:23.854 -0300] INFO (84970): request completed
    route: "/v1/inf/normative/mobile-packages/9fe45f4c-749d-4f6a-87bc-2cd37713c02a/publish"
    method: "POST"
    status: 200
    duration_ms: 36
[2026-09-27 23:14:23.866 -0300] INFO (84970): request completed
    route: "/v1/inf/normative/mobile-packages/9fe45f4c-749d-4f6a-87bc-2cd37713c02a/content"
    method: "GET"
    status: 200
    duration_ms: 11
[2026-09-27 23:14:23.995 -0300] INFO (84970): request completed
    route: "/v1/inf/normative/mobile-packages/generate"
    method: "POST"
    status: 201
    duration_ms: 127
[2026-09-27 23:14:24.056 -0300] INFO (84970): request completed
    route: "/v1/inf/normative/mobile-packages/25052509-506c-472b-b193-92f0eca7ba86/publish"
    method: "POST"
    status: 200
    duration_ms: 57
[2026-09-27 23:14:24.110 -0300] INFO (84970): request completed
    route: "/v1/inf/normative/mobile-packages/25052509-506c-472b-b193-92f0eca7ba86/content"
    method: "GET"
    status: 422
    duration_ms: 15
[2026-09-27 23:14:24.226 -0300] INFO (84970): request completed
    route: "/v1/inf/normative/mobile-packages/generate"
    method: "POST"
    status: 201
    duration_ms: 114
[2026-09-27 23:14:24.267 -0300] INFO (84970): request completed
    route: "/v1/inf/normative/mobile-packages/b0d2740c-cd85-413b-97e9-9e371ed07a18/publish"
    method: "POST"
    status: 200
    duration_ms: 38
[2026-09-27 23:14:24.281 -0300] INFO (84970): request completed
    route: "/v1/inf/normative/mobile-packages/b0d2740c-cd85-413b-97e9-9e371ed07a18/content"
    method: "GET"
    status: 200
    duration_ms: 13
[2026-09-27 23:14:24.296 -0300] INFO (84970): request completed
    route: "/v1/inf/normative/mobile-packages/b0d2740c-cd85-413b-97e9-9e371ed07a18/content"
    method: "GET"
    status: 304
    duration_ms: 13
[2026-09-27 23:14:24.310 -0300] INFO (84970): request completed
    route: "/v1/inf/normative/mobile-packages/b0d2740c-cd85-413b-97e9-9e371ed07a18/content"
    method: "GET"
    status: 200
    duration_ms: 13
[2026-09-27 23:14:24.353 -0300] INFO (84970): request completed
    route: "/v1/inf/normative/mobile-packages/generate"
    method: "POST"
    status: 201
    duration_ms: 41
[2026-09-27 23:14:24.354 -0300] INFO (84970): request completed
    route: "/v1/inf/normative/mobile-packages/generate"
    method: "POST"
    status: 403
    duration_ms: 0
[2026-09-27 23:14:26.338 -0300] INFO (84985): request completed
    route: "/v1/dashboard/exports"
    method: "POST"
    status: 400
    duration_ms: 144
[2026-09-27 23:14:26.369 -0300] INFO (84985): request completed
    route: "/v1/dashboard/exports"
    method: "POST"
    status: 403
    duration_ms: 26
[2026-09-27 23:14:26.388 -0300] INFO (84985): request completed
    route: "/v1/dashboard/exports"
    method: "POST"
    status: 400
    duration_ms: 18
[2026-09-27 23:14:26.413 -0300] INFO (84985): request completed
    route: "/v1/dashboard/exports"
    method: "POST"
    status: 400
    duration_ms: 24
[2026-09-27 23:14:26.428 -0300] INFO (84985): request completed
    route: "/v1/dashboard/exports"
    method: "POST"
    status: 403
    duration_ms: 13
[2026-09-27 23:14:26.449 -0300] INFO (84985): request completed
    route: "/v1/dashboard/exports"
    method: "POST"
    status: 403
    duration_ms: 19
[2026-09-27 23:14:26.507 -0300] INFO (84985): request completed
    route: "/v1/dashboard/exports"
    method: "POST"
    status: 201
    duration_ms: 56
[2026-09-27 23:14:26.519 -0300] INFO (84985): request completed
    route: "/v1/dashboard/comparisons?dimension=pool"
    method: "GET"
    status: 200
    duration_ms: 7
[2026-09-27 23:14:26.561 -0300] INFO (84985): request completed
    route: "/v1/dashboard/exports"
    method: "POST"
    status: 202
    duration_ms: 40
[2026-09-27 23:14:26.564 -0300] INFO (84985): request completed
    route: "/v1/dashboard/exports/176acc60-2683-4319-afa0-437d4f5e2793/approve"
    method: "POST"
    status: 403
    duration_ms: 1
[2026-09-27 23:14:26.592 -0300] INFO (84985): request completed
    route: "/v1/dashboard/exports/176acc60-2683-4319-afa0-437d4f5e2793/approve"
    method: "POST"
    status: 200
    duration_ms: 27
[2026-09-27 23:14:26.617 -0300] INFO (84985): request completed
    route: "/v1/dashboard/exports/176acc60-2683-4319-afa0-437d4f5e2793/approve"
    method: "POST"
    status: 400
    duration_ms: 18
[2026-09-27 23:14:26.645 -0300] INFO (84985): request completed
    route: "/v1/dashboard/exports"
    method: "POST"
    status: 201
    duration_ms: 26
[2026-09-27 23:14:26.683 -0300] INFO (84985): request completed
    route: "/v1/dashboard/exports"
    method: "POST"
    status: 201
    duration_ms: 31
[2026-09-27 23:14:26.710 -0300] INFO (84985): request completed
    route: "/v1/dashboard/exports"
    method: "POST"
    status: 422
    duration_ms: 18
[2026-09-27 23:14:28.741 -0300] INFO (84997): request completed
    route: "/v1/dashboard/stream"
    method: "GET"
    status: 403
    duration_ms: 2
[2026-09-27 23:14:28.873 -0300] INFO (84997): request completed
    request_id: "01a0e5ca-cf02-725c-82d7-f4b12552b2f1"
    tenant_id: "00000000-0000-7000-8000-00000000a001"
    actor_id: "00000000-0000-4000-8000-0000b0000001"
    route: "/v1/dashboard/stream"
    method: "GET"
    status: 204
    duration_ms: 8
[2026-09-27 23:14:31.398 -0300] INFO (84997): request completed
    request_id: "01a0e5ca-d8e1-70fc-b3dc-c9f777d2facf"
    tenant_id: "00000000-0000-7000-8000-00000000a001"
    actor_id: "00000000-0000-4000-8000-0000b0000001"
    route: "/v1/dashboard/stream"
    method: "GET"
    status: 429
    duration_ms: 6
[2026-09-27 23:14:33.565 -0300] INFO (86077): request completed
    route: "/v1/dashboard/alerts?layer=N2"
    method: "GET"
    status: 403
    duration_ms: 75
[2026-09-27 23:14:33.602 -0300] INFO (86077): request completed
    route: "/v1/dashboard/alerts?layer=N2"
    method: "GET"
    status: 400
    duration_ms: 33
[2026-09-27 23:14:33.612 -0300] INFO (86077): request completed
    route: "/v1/dashboard/alerts?layer=N2"
    method: "GET"
    status: 400
    duration_ms: 7
[2026-09-27 23:14:33.657 -0300] INFO (86077): request completed
    route: "/v1/dashboard/alerts?layer=N2&pageSize=200"
    method: "GET"
    status: 200
    duration_ms: 43
[2026-09-27 23:14:33.713 -0300] INFO (86077): request completed
    route: "/v1/dashboard/alerts/00000000-0000-7000-8000-000081000105"
    method: "GET"
    status: 200
    duration_ms: 43
[2026-09-27 23:14:33.720 -0300] INFO (86077): request completed
    route: "/v1/dashboard/alerts/00000000-0000-7000-8000-000081000105"
    method: "GET"
    status: 403
    duration_ms: 6
[2026-09-27 23:14:33.737 -0300] INFO (86077): request completed
    route: "/v1/dashboard/alerts/00000000-0000-7000-8000-000081000105"
    method: "GET"
    status: 200
    duration_ms: 15
[2026-09-27 23:14:33.750 -0300] INFO (86077): request completed
    route: "/v1/dashboard/alerts/00000000-0000-7000-8000-000081000105"
    method: "GET"
    status: 200
    duration_ms: 12
[2026-09-27 23:14:33.753 -0300] INFO (86077): request completed
    route: "/v1/dashboard/alerts?layer=N3"
    method: "GET"
    status: 403
    duration_ms: 1
[2026-09-27 23:14:33.755 -0300] INFO (86077): request completed
    route: "/v1/dashboard/alerts?layer=N3"
    method: "GET"
    status: 403
    duration_ms: 1
[2026-09-27 23:14:33.757 -0300] INFO (86077): request completed
    route: "/v1/dashboard/alerts?layer=N3"
    method: "GET"
    status: 403
    duration_ms: 1
[2026-09-27 23:14:33.791 -0300] INFO (86077): request completed
    route: "/v1/dashboard/bi-panels"
    method: "POST"
    status: 403
    duration_ms: 29
[2026-09-27 23:14:33.807 -0300] INFO (86077): request completed
    route: "/v1/dashboard/exports"
    method: "POST"
    status: 403
    duration_ms: 15
[2026-09-27 23:14:33.823 -0300] INFO (86077): request completed
    route: "/v1/dashboard/generated-reports"
    method: "POST"
    status: 403
    duration_ms: 15
[2026-09-27 23:14:33.832 -0300] INFO (86077): request completed
    route: "/v1/dashboard/alerts"
    method: "GET"
    status: 200
    duration_ms: 8
[2026-09-27 23:14:33.845 -0300] INFO (86077): request completed
    route: "/v1/dashboard/alerts/00000000-0000-7000-8000-000081000102"
    method: "GET"
    status: 200
    duration_ms: 11
[2026-09-27 23:14:33.857 -0300] INFO (86077): request completed
    route: "/v1/dashboard/alerts/00000000-0000-7000-8000-000081000118/incident"
    method: "GET"
    status: 200
    duration_ms: 11
[2026-09-27 23:14:33.866 -0300] INFO (86077): request completed
    route: "/v1/dashboard/duties"
    method: "GET"
    status: 200
    duration_ms: 8
[2026-09-27 23:14:33.873 -0300] INFO (86077): request completed
    route: "/v1/dashboard/duties/00000000-0000-7000-8000-000080001001/cycles"
    method: "GET"
    status: 200
    duration_ms: 6
[2026-09-27 23:14:33.879 -0300] INFO (86077): request completed
    route: "/v1/dashboard/duties/00000000-0000-7000-8000-000080001001/cycles/2026-09"
    method: "GET"
    status: 200
    duration_ms: 5
[2026-09-27 23:14:33.885 -0300] INFO (86077): request completed
    route: "/v1/dashboard/indicators"
    method: "GET"
    status: 200
    duration_ms: 5
[2026-09-27 23:14:33.898 -0300] INFO (86077): request completed
    route: "/v1/dashboard/indicators/IND-DASH-101"
    method: "GET"
    status: 200
    duration_ms: 12
[2026-09-27 23:14:33.905 -0300] INFO (86077): request completed
    route: "/v1/dashboard/indicator-configs"
    method: "GET"
    status: 200
    duration_ms: 6
[2026-09-27 23:14:33.910 -0300] INFO (86077): request completed
    route: "/v1/dashboard/indicator-configs/00000000-0000-7000-8000-000084000311"
    method: "GET"
    status: 200
    duration_ms: 4
[2026-09-27 23:14:33.916 -0300] INFO (86077): request completed
    route: "/v1/dashboard/bi-panels"
    method: "GET"
    status: 200
    duration_ms: 5
[2026-09-27 23:14:33.922 -0300] INFO (86077): request completed
    route: "/v1/dashboard/bi-panels/00000000-0000-7000-8000-000084000411"
    method: "GET"
    status: 200
    duration_ms: 5
[2026-09-27 23:14:33.929 -0300] INFO (86077): request completed
    route: "/v1/dashboard/generated-reports"
    method: "GET"
    status: 200
    duration_ms: 6
[2026-09-27 23:14:33.935 -0300] INFO (86077): request completed
    route: "/v1/dashboard/generated-reports/00000000-0000-7000-8000-000084000511"
    method: "GET"
    status: 200
    duration_ms: 5
[2026-09-27 23:14:33.941 -0300] INFO (86077): request completed
    route: "/v1/dashboard/sources"
    method: "GET"
    status: 200
    duration_ms: 5
[2026-09-27 23:14:33.946 -0300] INFO (86077): request completed
    route: "/v1/dashboard/sources/00000000-0000-7000-8000-000081000401"
    method: "GET"
    status: 200
    duration_ms: 4
[2026-09-27 23:14:33.959 -0300] INFO (86077): request completed
    route: "/v1/dashboard/audit-trail"
    method: "GET"
    status: 200
    duration_ms: 12
[2026-09-27 23:14:33.967 -0300] INFO (86077): request completed
    route: "/v1/dashboard/comparisons?dimension=pool"
    method: "GET"
    status: 200
    duration_ms: 7
[2026-09-27 23:14:33.976 -0300] INFO (86077): request completed
    route: "/v1/dashboard/transparency/checklist"
    method: "GET"
    status: 200
    duration_ms: 8
(node:86077) DeprecationWarning: Calling client.query() when the client is already executing a query is deprecated and will be removed in pg@9.0. Use async/await or an external async flow control mechanism instead.
(Use `node --trace-deprecation ...` to show where the warning was created)
[2026-09-27 23:14:33.992 -0300] INFO (86077): request completed
    route: "/v1/dashboard/kpis"
    method: "GET"
    status: 200
    duration_ms: 15
[2026-09-27 23:14:33.998 -0300] INFO (86077): request completed
    route: "/v1/dashboard/datasets"
    method: "GET"
    status: 200
    duration_ms: 5
[2026-09-27 23:14:34.009 -0300] INFO (86077): request completed
    route: "/v1/dashboard/open-data/alerts-by-severity-month"
    method: "GET"
    status: 200
    duration_ms: 10
[2026-09-27 23:14:34.018 -0300] INFO (86077): request completed
    route: "/v1/dashboard/indicators/IND-DASH-106"
    method: "GET"
    status: 200
    duration_ms: 8
[2026-09-27 23:14:34.026 -0300] INFO (86077): request completed
    route: "/v1/dashboard/duties"
    method: "GET"
    status: 200
    duration_ms: 7
[2026-09-27 23:14:34.033 -0300] INFO (86077): request completed
    route: "/v1/dashboard/alerts/00000000-0000-7000-8000-000084000111/ack"
    method: "POST"
    status: 400
    duration_ms: 5
[2026-09-27 23:14:34.053 -0300] INFO (86077): request completed
    route: "/v1/dashboard/alerts/00000000-0000-7000-8000-000084000111/ack"
    method: "POST"
    status: 428
    duration_ms: 19
[2026-09-27 23:14:34.095 -0300] INFO (86077): request completed
    route: "/v1/dashboard/alerts/00000000-0000-7000-8000-000084000111/ack"
    method: "POST"
    status: 200
    duration_ms: 41
[2026-09-27 23:14:34.103 -0300] INFO (86077): request completed
    route: "/v1/dashboard/alerts/00000000-0000-7000-8000-000084000111/ack"
    method: "POST"
    status: 200
    duration_ms: 7
[2026-09-27 23:14:34.122 -0300] INFO (86077): request completed
    route: "/v1/dashboard/alerts/00000000-0000-7000-8000-000084000111/ack"
    method: "POST"
    status: 412
    duration_ms: 18
[2026-09-27 23:14:34.128 -0300] INFO (86077): request completed
    route: "/v1/dashboard/alerts/00000000-0000-7000-8000-000084000111/ack"
    method: "POST"
    status: 422
    duration_ms: 5
[2026-09-27 23:14:34.141 -0300] INFO (86077): request completed
    route: "/v1/dashboard/alerts/00000000-0000-7000-8000-000081000102"
    method: "GET"
    status: 200
    duration_ms: 12
[2026-09-27 23:14:36.031 -0300] INFO (86082): request completed
    route: "/v1/dashboard/alerts"
    method: "GET"
    status: 200
    duration_ms: 127
[2026-09-27 23:14:36.056 -0300] INFO (86082): request completed
    route: "/v1/dashboard/audit-trail?pageSize=200"
    method: "GET"
    status: 200
    duration_ms: 22
[2026-09-27 23:14:36.080 -0300] INFO (86082): request completed
    route: "/v1/dashboard/audit-trail?object=00000000-0000-7000-8000-000010000002"
    method: "GET"
    status: 200
    duration_ms: 15
[2026-09-27 23:14:36.093 -0300] INFO (86082): request completed
    route: "/v1/dashboard/audit-trail?object=00000000-0000-7000-8000-000010000002"
    method: "GET"
    status: 400
    duration_ms: 9
[2026-09-27 23:14:36.101 -0300] INFO (86082): request completed
    route: "/v1/dashboard/audit-trail?app=pec"
    method: "GET"
    status: 403
    duration_ms: 7
[2026-09-27 23:14:36.108 -0300] INFO (86082): request completed
    route: "/v1/dashboard/comparisons?dimension=pool&person=true"
    method: "GET"
    status: 403
    duration_ms: 6
[2026-09-27 23:14:36.117 -0300] INFO (86082): request completed
    route: "/v1/dashboard/comparisons?dimension=unit"
    method: "GET"
    status: 200
    duration_ms: 8
[2026-09-27 23:14:36.119 -0300] INFO (86082): request completed
    route: "/v1/dashboard/comparisons"
    method: "GET"
    status: 400
    duration_ms: 1
[2026-09-27 23:14:36.121 -0300] INFO (86082): request completed
    route: "/v1/dashboard/comparisons?dimension=pessoa"
    method: "GET"
    status: 400
    duration_ms: 1
[2026-09-27 23:14:36.124 -0300] INFO (86082): request completed
    route: "/v1/dashboard/open-data/alerts-by-severity-month?from=2026-01"
    method: "GET"
    status: 400
    duration_ms: 1
[2026-09-27 23:14:36.132 -0300] INFO (86082): request completed
    route: "/v1/dashboard/open-data/duties-compliance-year"
    method: "GET"
    status: 404
    duration_ms: 7
[2026-09-27 23:14:36.137 -0300] INFO (86082): request completed
    route: "/v1/dashboard/open-data/inexistente"
    method: "GET"
    status: 404
    duration_ms: 4
[2026-09-27 23:14:36.155 -0300] INFO (86082): request completed
    route: "/v1/dashboard/open-data/alerts-by-severity-month"
    method: "GET"
    status: 200
    duration_ms: 17
[2026-09-27 23:14:36.163 -0300] INFO (86082): request completed
    route: "/v1/dashboard/datasets"
    method: "GET"
    status: 200
    duration_ms: 6
[2026-09-27 23:14:36.208 -0300] INFO (86082): request completed
    route: "/v1/dashboard/transparency/audits"
    method: "POST"
    status: 400
    duration_ms: 40
[2026-09-27 23:14:36.252 -0300] INFO (86082): request completed
    route: "/v1/dashboard/transparency/audits"
    method: "POST"
    status: 201
    duration_ms: 43
[2026-09-27 23:14:36.261 -0300] INFO (86082): request completed
    route: "/v1/dashboard/transparency/checklist?period=2026-08"
    method: "GET"
    status: 200
    duration_ms: 7
[2026-09-27 23:14:36.283 -0300] INFO (86082): request completed
    route: "/v1/dashboard/transparency/audits"
    method: "POST"
    status: 400
    duration_ms: 21
[2026-09-27 23:14:36.284 -0300] INFO (86082): request completed
    route: "/v1/dashboard/transparency/checklist?period=2026-9"
    method: "GET"
    status: 400
    duration_ms: 0
(node:86082) DeprecationWarning: Calling client.query() when the client is already executing a query is deprecated and will be removed in pg@9.0. Use async/await or an external async flow control mechanism instead.
(Use `node --trace-deprecation ...` to show where the warning was created)
[2026-09-27 23:14:36.300 -0300] INFO (86082): request completed
    route: "/v1/dashboard/kpis"
    method: "GET"
    status: 200
    duration_ms: 15
[2026-09-27 23:14:36.302 -0300] INFO (86082): request completed
    route: "/v1/dashboard/kpis?from=2026-13"
    method: "GET"
    status: 400
    duration_ms: 1
[2026-09-27 23:14:39.132 -0300] INFO (86095): request completed
    route: "/v1/dashboard/alerts/00000000-0000-7000-8000-000084000121/ack"
    method: "POST"
    status: 200
    duration_ms: 193
[2026-09-27 23:14:39.184 -0300] INFO (86095): request completed
    route: "/v1/dashboard/alerts/00000000-0000-7000-8000-000084000122/treating"
    method: "POST"
    status: 200
    duration_ms: 46
[2026-09-27 23:14:39.224 -0300] INFO (86095): request completed
    route: "/v1/dashboard/alerts/00000000-0000-7000-8000-000084000123/close"
    method: "POST"
    status: 200
    duration_ms: 38
[2026-09-27 23:14:39.259 -0300] INFO (86095): request completed
    route: "/v1/dashboard/alerts/00000000-0000-7000-8000-000084000124/root-cause"
    method: "POST"
    status: 200
    duration_ms: 33
[2026-09-27 23:14:39.289 -0300] INFO (86095): request completed
    route: "/v1/dashboard/duties/00000000-0000-7000-8000-000080001001/cycles/2026-09/start"
    method: "POST"
    status: 200
    duration_ms: 28
[2026-09-27 23:14:39.318 -0300] INFO (86095): request completed
    route: "/v1/dashboard/duties/00000000-0000-7000-8000-000080001001/cycles/2026-09/prepare"
    method: "POST"
    status: 200
    duration_ms: 26
[2026-09-27 23:14:39.351 -0300] INFO (86095): request completed
    route: "/v1/dashboard/duties/00000000-0000-7000-8000-000080001001/cycles/2026-09/submit"
    method: "POST"
    status: 200
    duration_ms: 31
[2026-09-27 23:14:39.381 -0300] INFO (86095): request completed
    route: "/v1/dashboard/duties/00000000-0000-7000-8000-000080001001/cycles/2026-09/prove"
    method: "POST"
    status: 200
    duration_ms: 28
[2026-09-27 23:14:39.408 -0300] INFO (86095): request completed
    route: "/v1/dashboard/duties/00000000-0000-7000-8000-000080001001/cycles/2026-09/archive"
    method: "POST"
    status: 200
    duration_ms: 25
[2026-09-27 23:14:39.440 -0300] INFO (86095): request completed
    route: "/v1/dashboard/indicator-configs/00000000-0000-7000-8000-000084000331"
    method: "PATCH"
    status: 200
    duration_ms: 30
[2026-09-27 23:14:39.467 -0300] INFO (86095): request completed
    route: "/v1/dashboard/indicator-configs/00000000-0000-7000-8000-000084000331/publish"
    method: "POST"
    status: 200
    duration_ms: 26
[2026-09-27 23:14:39.493 -0300] INFO (86095): request completed
    route: "/v1/dashboard/bi-panels"
    method: "POST"
    status: 201
    duration_ms: 24
[2026-09-27 23:14:39.514 -0300] INFO (86095): request completed
    route: "/v1/dashboard/bi-panels/50839c8b-e3f6-46da-96a7-868fe3c8f4c5"
    method: "PATCH"
    status: 200
    duration_ms: 19
[2026-09-27 23:14:39.538 -0300] INFO (86095): request completed
    route: "/v1/dashboard/bi-panels/50839c8b-e3f6-46da-96a7-868fe3c8f4c5/publish"
    method: "POST"
    status: 200
    duration_ms: 22
[2026-09-27 23:14:39.562 -0300] INFO (86095): request completed
    route: "/v1/dashboard/generated-reports/00000000-0000-7000-8000-000084000531/complete"
    method: "POST"
    status: 200
    duration_ms: 23
[2026-09-27 23:14:39.585 -0300] INFO (86095): request completed
    route: "/v1/dashboard/generated-reports"
    method: "POST"
    status: 201
    duration_ms: 21
[2026-09-27 23:14:39.608 -0300] INFO (86095): request completed
    route: "/v1/dashboard/generated-reports/03c9f4b9-d8f0-4a11-aeb3-894aeeb33a1a/fail"
    method: "POST"
    status: 200
    duration_ms: 21
[2026-09-27 23:14:39.651 -0300] INFO (86095): request completed
    route: "/v1/dashboard/exports"
    method: "POST"
    status: 201
    duration_ms: 42
[2026-09-27 23:14:39.676 -0300] INFO (86095): request completed
    route: "/v1/dashboard/exports"
    method: "POST"
    status: 202
    duration_ms: 23
[2026-09-27 23:14:39.703 -0300] INFO (86095): request completed
    route: "/v1/dashboard/exports/94b6a136-2ad9-4f86-becd-7265199a8e15/approve"
    method: "POST"
    status: 200
    duration_ms: 25
[2026-09-27 23:14:39.726 -0300] INFO (86095): request completed
    route: "/v1/dashboard/transparency/audits"
    method: "POST"
    status: 201
    duration_ms: 22
[2026-09-27 23:14:39.742 -0300] INFO (86095): request completed
    route: "/v1/dashboard/alerts/00000000-0000-7000-8000-000081000105/ack"
    method: "POST"
    status: 400
    duration_ms: 14
[2026-09-27 23:14:39.756 -0300] INFO (86095): request completed
    route: "/v1/dashboard/alerts/00000000-0000-7000-8000-000081000105/ack"
    method: "POST"
    status: 400
    duration_ms: 13
[2026-09-27 23:14:39.767 -0300] INFO (86095): request completed
    route: "/v1/dashboard/alerts/00000000-0000-7000-8000-000081000105/object/archive"
    method: "POST"
    status: 404
    duration_ms: 9
[2026-09-27 23:14:39.773 -0300] INFO (86095): request completed
    route: "/v1/dashboard/cases/00000000-0000-7000-8000-000010000002/archive"
    method: "POST"
    status: 404
    duration_ms: 4
[2026-09-27 23:14:39.775 -0300] INFO (86095): request completed
    route: "/v1/dashboard/alerts/00000000-0000-7000-8000-000081000105/case-state"
    method: "POST"
    status: 404
    duration_ms: 1
[2026-09-27 23:14:43.040 -0300] INFO (86916): request completed
    route: "/v1/ops/stream"
    method: "GET"
    status: 403
    duration_ms: 3
[2026-09-27 23:14:46.174 -0300] INFO (86916): request completed
    request_id: "01a0e5cb-1296-714c-a507-91f4b4b1d188"
    tenant_id: "00000000-0000-7000-8000-00000000a001"
    actor_id: "00000000-0000-4000-8000-0000b0000001"
    route: "/v1/ops/stream"
    method: "GET"
    status: 204
    duration_ms: 9
[2026-09-27 23:14:51.171 -0300] INFO (87569): request completed
    route: "/v1/inf/measures/administrative-measures/00000000-0000-7000-8000-0000ed000001/start"
    method: "POST"
    status: 200
    duration_ms: 203
[2026-09-27 23:14:51.179 -0300] INFO (87569): request completed
    route: "/v1/inf/measures/administrative-measures/00000000-0000-7000-8000-0000ed000001/start"
    method: "POST"
    status: 403
    duration_ms: 4
[2026-09-27 23:14:51.216 -0300] INFO (87569): request completed
    route: "/v1/inf/measures/administrative-measures/00000000-0000-7000-8000-0000ed000003/conclude"
    method: "POST"
    status: 200
    duration_ms: 35
[2026-09-27 23:14:51.218 -0300] INFO (87569): request completed
    route: "/v1/inf/measures/administrative-measures/00000000-0000-7000-8000-0000ed000003/conclude"
    method: "POST"
    status: 403
    duration_ms: 1
[2026-09-27 23:14:51.308 -0300] INFO (87569): request completed
    route: "/v1/inf/measures/retentions/bde0468a-088f-43cf-bb3f-7b6570ad7f21/release"
    method: "POST"
    status: 200
    duration_ms: 30
[2026-09-27 23:14:51.311 -0300] INFO (87569): request completed
    route: "/v1/inf/measures/retentions/bde0468a-088f-43cf-bb3f-7b6570ad7f21/release"
    method: "POST"
    status: 403
    duration_ms: 1
[2026-09-27 23:14:51.362 -0300] INFO (87569): request completed
    route: "/v1/inf/alcohol/procedures/00000000-0000-7000-8000-0000ee000002/tests"
    method: "POST"
    status: 201
    duration_ms: 39
[2026-09-27 23:14:51.365 -0300] INFO (87569): request completed
    route: "/v1/inf/alcohol/procedures/00000000-0000-7000-8000-0000ee000002/tests"
    method: "POST"
    status: 403
    duration_ms: 1
[2026-09-27 23:14:51.390 -0300] INFO (87569): request completed
    route: "/v1/inf/alcohol/procedures/00000000-0000-7000-8000-0000ee000006/close"
    method: "POST"
    status: 200
    duration_ms: 24
[2026-09-27 23:14:51.392 -0300] INFO (87569): request completed
    route: "/v1/inf/alcohol/procedures/00000000-0000-7000-8000-0000ee000006/close"
    method: "POST"
    status: 403
    duration_ms: 1
[2026-09-27 23:14:51.399 -0300] INFO (87569): request completed
    route: "/v1/inf/speed/measurements"
    method: "POST"
    status: 404
    duration_ms: 6
[2026-09-27 23:14:51.406 -0300] INFO (87569): request completed
    route: "/v1/ops/integrations/outbox"
    method: "GET"
    status: 200
    duration_ms: 6
[2026-09-27 23:14:51.408 -0300] INFO (87569): request completed
    route: "/v1/ops/integrations/outbox"
    method: "GET"
    status: 403
    duration_ms: 1
[2026-09-27 23:14:51.432 -0300] INFO (87569): request completed
    route: "/v1/ops/integrations/outbox/5fa2406f-9e9c-42cf-88ea-71333ef08507/retry"
    method: "POST"
    status: 409
    duration_ms: 19
[2026-09-27 23:14:53.364 -0300] INFO (87591): request completed
    route: "/v1/portal/identity/me"
    method: "GET"
    status: 200
    duration_ms: 149
[2026-09-27 23:14:53.381 -0300] INFO (87591): request completed
    route: "/v1/portal/identity/me"
    method: "GET"
    status: 200
    duration_ms: 14
[2026-09-27 23:14:53.394 -0300] INFO (87591): request completed
    route: "/v1/portal/identity/me"
    method: "GET"
    status: 200
    duration_ms: 11
[2026-09-27 23:14:53.859 -0300] INFO (87591): request completed
    route: "/v1/portal/documents/cnh"
    method: "GET"
    status: 503
    duration_ms: 441
[2026-09-27 23:14:54.305 -0300] INFO (87591): request completed
    route: "/v1/portal/documents/cnh"
    method: "GET"
    status: 503
    duration_ms: 436
[2026-09-27 23:14:54.779 -0300] INFO (87591): request completed
    route: "/v1/portal/sne/enrollment"
    method: "POST"
    status: 503
    duration_ms: 445
[2026-09-27 23:14:54.794 -0300] INFO (87591): request completed
    route: "/v1/portal/sne/enrollment"
    method: "GET"
    status: 200
    duration_ms: 11
[2026-09-27 23:14:54.811 -0300] INFO (87591): request completed
    route: "/v1/portal/sne/enrollment"
    method: "POST"
    status: 400
    duration_ms: 15
[2026-09-27 23:14:55.250 -0300] INFO (87591): request completed
    route: "/v1/portal/sne/enrollment"
    method: "POST"
    status: 503
    duration_ms: 432
[2026-09-27 23:14:55.281 -0300] INFO (87591): request completed
    route: "/v1/portal/sne/enrollment"
    method: "POST"
    status: 503
    duration_ms: 27
[2026-09-27 23:14:55.303 -0300] INFO (87591): request completed
    route: "/v1/portal/documents/cnh"
    method: "GET"
    status: 503
    duration_ms: 18
[2026-09-27 23:14:55.327 -0300] INFO (87591): request completed
    route: "/v1/portal/vehicles"
    method: "GET"
    status: 503
    duration_ms: 20
[2026-09-27 23:14:55.351 -0300] INFO (87591): request completed
    route: "/v1/portal/vehicles/00000000-0000-7000-8000-00007ff00001/clearance"
    method: "GET"
    status: 503
    duration_ms: 20
[2026-09-27 23:14:55.399 -0300] INFO (87591): request completed
    route: "/v1/portal/vehicles/00000000-0000-7000-8000-00007ff00001/crlv-e"
    method: "POST"
    status: 422
    duration_ms: 45
[2026-09-27 23:14:55.420 -0300] INFO (87591): request completed
    route: "/v1/portal/push-subscriptions"
    method: "POST"
    status: 201
    duration_ms: 17
[2026-09-27 23:14:55.438 -0300] INFO (87591): request completed
    route: "/v1/portal/push-subscriptions"
    method: "POST"
    status: 201
    duration_ms: 17
[2026-09-27 23:14:55.456 -0300] INFO (87591): request completed
    route: "/v1/portal/push-subscriptions"
    method: "POST"
    status: 201
    duration_ms: 15
[2026-09-27 23:14:55.463 -0300] INFO (87591): request completed
    route: "/v1/portal/documents/cnh"
    method: "GET"
    status: 503
    duration_ms: 6
[2026-09-27 23:14:55.471 -0300] INFO (87591): request completed
    route: "/v1/portal/documents/cnh"
    method: "GET"
    status: 503
    duration_ms: 6
[2026-09-27 23:14:55.479 -0300] INFO (87591): request completed
    route: "/v1/portal/documents/cnh"
    method: "GET"
    status: 503
    duration_ms: 7
[2026-09-27 23:14:55.493 -0300] INFO (87591): request completed
    route: "/v1/portal/vehicles"
    method: "GET"
    status: 503
    duration_ms: 13
 ❯ tests/e2e/portal-national-mock.e2e.spec.ts (16 tests | 10 failed) 2700ms
     × C-4-53 — dado app e2e quando lê nacional então usa as portas reais do adapter 449ms
     × C-4-55 — dado CPF Prata no mock quando lê CNH então a fixture [DIVERGE-1] existe 441ms
     × C-4-56 — dado adesão quando POST então SnePort precede persistência e outbox 474ms
     × C-4-59 — dado adesão e push repetidos com a mesma chave então repetem status/corpo; dado corpo divergente então 409 canônico 470ms
     × C-4-60 — dado CNH Prata quando GET então normaliza status, validade, categorias, restrições e cachedAt 23ms
     × C-4-61 — dado veículo Prata quando GET então usa UUIDv5, placa e modelo canônicos 23ms
     × C-4-71 — dado situacaoCnh B quando normaliza então expõe status null, nunca rótulo inventado 8ms
     × C-4-72 — dado dataValidadeCnh ISO quando normaliza então expõe somente yyyy-mm-dd 7ms
     × C-4-73 — dado quadroObservacoesCnh vazio quando normaliza então expõe restrictions [] 8ms
     × C-4-74 — dado vehicleId normalizado quando clearance então usa a mesma chave do veículo 14ms
[2026-09-27 23:14:57.314 -0300] INFO (87601): request completed
    route: "/v1/ops/provisioning/devices/f27432c9-e894-4188-901b-d84541f00095/key-challenges"
    method: "POST"
    status: 428
    duration_ms: 15
[2026-09-27 23:14:57.554 -0300] INFO (87601): request completed
    route: "/v1/ops/provisioning/devices/ccef3cc0-cae7-43db-90f4-9f01f1f1bfdb/keys"
    method: "POST"
    status: 428
    duration_ms: 10
[2026-09-27 23:14:57.787 -0300] INFO (87601): request completed
    route: "/v1/ops/provisioning/packages"
    method: "POST"
    status: 428
    duration_ms: 1
[2026-09-27 23:14:58.034 -0300] INFO (87601): request completed
    route: "/v1/ops/provisioning/packages/a215ef7c-0ed3-44a9-97e9-183005b10329/receipts"
    method: "POST"
    status: 428
    duration_ms: 1
[2026-09-27 23:14:58.266 -0300] INFO (87601): request completed
    route: "/v1/ops/provisioning/grants/dd5c974f-4627-430a-9f4d-46999d70349c/revoke"
    method: "POST"
    status: 428
    duration_ms: 2
[2026-09-27 23:14:58.499 -0300] INFO (87601): request completed
    route: "/v1/ops/provisioning/grants/a7239cb3-c402-42af-9c14-5e01f98d7571/reconcile"
    method: "POST"
    status: 428
    duration_ms: 5
[2026-09-27 23:14:58.889 -0300] INFO (87601): request completed
    route: "/v1/ops/provisioning/devices/5680fb6c-bc25-4d0a-8422-bf3cf490d785/readiness"
    method: "GET"
    status: 200
    duration_ms: 169
[2026-09-27 23:14:58.926 -0300] INFO (87601): request completed
    route: "/v1/ops/provisioning/devices/5680fb6c-bc25-4d0a-8422-bf3cf490d785/key-challenges"
    method: "POST"
    status: 400
    duration_ms: 12
[2026-09-27 23:14:59.140 -0300] INFO (87601): request completed
    route: "/v1/ops/provisioning/devices/9bbdf03a-45db-4a97-b5d1-a16accfed0a1/readiness"
    method: "GET"
    status: 200
    duration_ms: 24
[2026-09-27 23:14:59.193 -0300] INFO (87601): request completed
    route: "/v1/ops/provisioning/devices/9bbdf03a-45db-4a97-b5d1-a16accfed0a1/key-challenges"
    method: "POST"
    status: 201
    duration_ms: 51
[2026-09-27 23:14:59.249 -0300] INFO (87601): request completed
    route: "/v1/ops/provisioning/devices/9bbdf03a-45db-4a97-b5d1-a16accfed0a1/key-challenges"
    method: "POST"
    status: 201
    duration_ms: 30
[2026-09-27 23:14:59.490 -0300] INFO (87601): request completed
    route: "/v1/ops/provisioning/devices/fbc8186f-61a1-4263-9f11-498e6c6f5026/readiness"
    method: "GET"
    status: 200
    duration_ms: 28
[2026-09-27 23:14:59.523 -0300] INFO (87601): request completed
    route: "/v1/ops/provisioning/devices/fbc8186f-61a1-4263-9f11-498e6c6f5026/readiness"
    method: "GET"
    status: 200
    duration_ms: 25
[2026-09-27 23:14:59.569 -0300] INFO (87601): request completed
    route: "/v1/ops/provisioning/devices/fbc8186f-61a1-4263-9f11-498e6c6f5026/key-challenges"
    method: "POST"
    status: 412
    duration_ms: 20
[2026-09-27 23:14:59.824 -0300] INFO (87601): request completed
    route: "/v1/ops/provisioning/grants/83002d01-99ae-430f-a830-e79e7033f9bb/revoke"
    method: "POST"
    status: 200
    duration_ms: 46
[2026-09-27 23:14:59.868 -0300] INFO (87601): request completed
    route: "/v1/ops/provisioning/grants/83002d01-99ae-430f-a830-e79e7033f9bb/revoke"
    method: "POST"
    status: 200
    duration_ms: 34
[2026-09-27 23:15:00.106 -0300] INFO (87601): request completed
    route: "/v1/ops/provisioning/devices/934ea7c7-e0aa-4beb-a64c-b5c4bf3a8e01/readiness"
    method: "GET"
    status: 200
    duration_ms: 22
[2026-09-27 23:15:00.340 -0300] INFO (87601): request completed
    route: "/v1/ops/provisioning/devices/46c7c8cc-7895-4131-bdad-1bf8ca5b18ad/readiness"
    method: "GET"
    status: 200
    duration_ms: 28
[2026-09-27 23:15:00.369 -0300] INFO (87601): request completed
    route: "/v1/ops/provisioning/devices/46c7c8cc-7895-4131-bdad-1bf8ca5b18ad/key-challenges"
    method: "POST"
    status: 403
    duration_ms: 1
[2026-09-27 23:15:00.618 -0300] INFO (87601): request completed
    route: "/v1/ops/provisioning/devices/16dbcccb-e2ed-4519-9b69-41ad2be62aeb/readiness"
    method: "GET"
    status: 200
    duration_ms: 22
[2026-09-27 23:15:00.650 -0300] INFO (87601): request completed
    route: "/v1/ops/provisioning/devices/16dbcccb-e2ed-4519-9b69-41ad2be62aeb/key-challenges"
    method: "POST"
    status: 403
    duration_ms: 2
[2026-09-27 23:15:00.873 -0300] INFO (87601): request completed
    route: "/v1/ops/provisioning/devices/07753428-0e98-4ddc-b2d0-e3fbd51e03f7/readiness"
    method: "GET"
    status: 200
    duration_ms: 22
[2026-09-27 23:15:00.904 -0300] INFO (87601): request completed
    route: "/v1/ops/provisioning/devices/07753428-0e98-4ddc-b2d0-e3fbd51e03f7/key-challenges"
    method: "POST"
    status: 403
    duration_ms: 2
[2026-09-27 23:15:02.869 -0300] INFO (87651): request completed
    route: "/v1/portal/identity/me"
    method: "GET"
    status: 200
    duration_ms: 145
[2026-09-27 23:15:02.888 -0300] INFO (87651): request completed
    route: "/v1/portal/identity/me"
    method: "GET"
    status: 200
    duration_ms: 15
[2026-09-27 23:15:02.898 -0300] INFO (87651): request completed
    route: "/v1/portal/identity/me"
    method: "GET"
    status: 200
    duration_ms: 8
[2026-09-27 23:15:02.934 -0300] INFO (87651): request completed
    route: "/v1/portal/identity/representations"
    method: "GET"
    status: 200
    duration_ms: 6
[2026-09-27 23:15:02.943 -0300] INFO (87651): request completed
    route: "/v1/portal/services"
    method: "GET"
    status: 200
    duration_ms: 8
[2026-09-27 23:15:02.957 -0300] INFO (87651): request completed
    route: "/v1/portal/aits/00000000-0000-7000-8000-0000f0000002"
    method: "GET"
    status: 200
    duration_ms: 12
[2026-09-27 23:15:02.967 -0300] INFO (87651): request completed
    route: "/v1/portal/aits/00000000-0000-7000-8000-0000f0000002/points"
    method: "GET"
    status: 200
    duration_ms: 8
[2026-09-27 23:15:02.977 -0300] INFO (87651): request completed
    route: "/v1/portal/points-summary"
    method: "GET"
    status: 200
    duration_ms: 9
[2026-09-27 23:15:03.003 -0300] INFO (87651): request completed
    route: "/v1/portal/requests"
    method: "GET"
    status: 200
    duration_ms: 20
[2026-09-27 23:15:03.015 -0300] INFO (87651): request completed
    route: "/v1/portal/requests/00000000-0000-7000-8000-000070400e09"
    method: "GET"
    status: 200
    duration_ms: 10
[2026-09-27 23:15:03.026 -0300] INFO (87651): request completed
    route: "/v1/portal/requests/00000000-0000-7000-8000-000070400e09/receipt"
    method: "GET"
    status: 404
    duration_ms: 10
[2026-09-27 23:15:03.036 -0300] INFO (87651): request completed
    route: "/v1/portal/requests/00000000-0000-7000-8000-000070400e09/decision"
    method: "GET"
    status: 200
    duration_ms: 9
[2026-09-27 23:15:03.044 -0300] INFO (87651): request completed
    route: "/v1/portal/inbox"
    method: "GET"
    status: 200
    duration_ms: 7
[2026-09-27 23:15:03.050 -0300] INFO (87651): request completed
    route: "/v1/portal/sne/enrollment"
    method: "GET"
    status: 200
    duration_ms: 5
[2026-09-27 23:15:03.481 -0300] INFO (87651): request completed
    route: "/v1/portal/documents/cnh"
    method: "GET"
    status: 503
    duration_ms: 430
[2026-09-27 23:15:03.919 -0300] INFO (87651): request completed
    route: "/v1/portal/vehicles"
    method: "GET"
    status: 503
    duration_ms: 436
[2026-09-27 23:15:03.941 -0300] INFO (87651): request completed
    route: "/v1/portal/vehicles/00000000-0000-7000-8000-00007ff00001/clearance"
    method: "GET"
    status: 503
    duration_ms: 20
[2026-09-27 23:15:03.968 -0300] INFO (87651): request completed
    route: "/v1/portal/crashes"
    method: "GET"
    status: 200
    duration_ms: 25
[2026-09-27 23:15:03.995 -0300] INFO (87651): request completed
    route: "/v1/portal/crashes/00000000-0000-7000-8000-00007ff00003"
    method: "GET"
    status: 200
    duration_ms: 25
[2026-09-27 23:15:04.018 -0300] INFO (87651): request completed
    route: "/v1/portal/exams"
    method: "GET"
    status: 200
    duration_ms: 21
[2026-09-27 23:15:04.034 -0300] INFO (87651): request completed
    route: "/v1/portal/exams/00000000-0000-7000-8000-00007ff00002"
    method: "GET"
    status: 404
    duration_ms: 14
[2026-09-27 23:15:04.057 -0300] INFO (87651): request completed
    route: "/v1/portal/manifestations"
    method: "GET"
    status: 200
    duration_ms: 21
[2026-09-27 23:15:04.069 -0300] INFO (87651): request completed
    route: "/v1/portal/service-charter/manifestar/deadline"
    method: "GET"
    status: 200
    duration_ms: 10
[2026-09-27 23:15:04.083 -0300] INFO (87651): request completed
    route: "/v1/portal/identity/representations"
    method: "GET"
    status: 200
    duration_ms: 12
[2026-09-27 23:15:04.094 -0300] INFO (87651): request completed
    route: "/v1/portal/services"
    method: "GET"
    status: 200
    duration_ms: 9
[2026-09-27 23:15:04.106 -0300] INFO (87651): request completed
    route: "/v1/portal/aits/00000000-0000-7000-8000-0000f0000002"
    method: "GET"
    status: 404
    duration_ms: 10
[2026-09-27 23:15:04.114 -0300] INFO (87651): request completed
    route: "/v1/portal/aits/00000000-0000-7000-8000-0000f0000002/points"
    method: "GET"
    status: 404
    duration_ms: 7
[2026-09-27 23:15:04.122 -0300] INFO (87651): request completed
    route: "/v1/portal/points-summary"
    method: "GET"
    status: 200
    duration_ms: 7
[2026-09-27 23:15:04.130 -0300] INFO (87651): request completed
    route: "/v1/portal/requests"
    method: "GET"
    status: 200
    duration_ms: 7
[2026-09-27 23:15:04.144 -0300] INFO (87651): request completed
    route: "/v1/portal/requests/00000000-0000-7000-8000-000070400e09"
    method: "GET"
    status: 404
    duration_ms: 13
[2026-09-27 23:15:04.152 -0300] INFO (87651): request completed
    route: "/v1/portal/requests/00000000-0000-7000-8000-000070400e09/receipt"
    method: "GET"
    status: 404
    duration_ms: 7
[2026-09-27 23:15:04.165 -0300] INFO (87651): request completed
    route: "/v1/portal/requests/00000000-0000-7000-8000-000070400e09/decision"
    method: "GET"
    status: 404
    duration_ms: 12
[2026-09-27 23:15:04.174 -0300] INFO (87651): request completed
    route: "/v1/portal/inbox"
    method: "GET"
    status: 200
    duration_ms: 8
[2026-09-27 23:15:04.180 -0300] INFO (87651): request completed
    route: "/v1/portal/sne/enrollment"
    method: "GET"
    status: 200
    duration_ms: 5
[2026-09-27 23:15:04.189 -0300] INFO (87651): request completed
    route: "/v1/portal/documents/cnh"
    method: "GET"
    status: 503
    duration_ms: 8
[2026-09-27 23:15:04.196 -0300] INFO (87651): request completed
    route: "/v1/portal/vehicles"
    method: "GET"
    status: 503
    duration_ms: 6
[2026-09-27 23:15:04.204 -0300] INFO (87651): request completed
    route: "/v1/portal/vehicles/00000000-0000-7000-8000-00007ff00001/clearance"
    method: "GET"
    status: 404
    duration_ms: 6
[2026-09-27 23:15:04.215 -0300] INFO (87651): request completed
    route: "/v1/portal/crashes"
    method: "GET"
    status: 200
    duration_ms: 10
[2026-09-27 23:15:04.221 -0300] INFO (87651): request completed
    route: "/v1/portal/crashes/00000000-0000-7000-8000-00007ff00003"
    method: "GET"
    status: 404
    duration_ms: 5
[2026-09-27 23:15:04.231 -0300] INFO (87651): request completed
    route: "/v1/portal/exams"
    method: "GET"
    status: 200
    duration_ms: 9
[2026-09-27 23:15:04.236 -0300] INFO (87651): request completed
    route: "/v1/portal/exams/00000000-0000-7000-8000-00007ff00002"
    method: "GET"
    status: 404
    duration_ms: 5
[2026-09-27 23:15:04.243 -0300] INFO (87651): request completed
    route: "/v1/portal/manifestations"
    method: "GET"
    status: 200
    duration_ms: 6
[2026-09-27 23:15:04.248 -0300] INFO (87651): request completed
    route: "/v1/portal/service-charter/manifestar/deadline"
    method: "GET"
    status: 200
    duration_ms: 4
[2026-09-27 23:15:04.253 -0300] INFO (87651): request completed
    route: "/v1/portal/identity/representations"
    method: "GET"
    status: 200
    duration_ms: 4
[2026-09-27 23:15:04.258 -0300] INFO (87651): request completed
    route: "/v1/portal/services"
    method: "GET"
    status: 200
    duration_ms: 4
[2026-09-27 23:15:04.263 -0300] INFO (87651): request completed
    route: "/v1/portal/aits/00000000-0000-7000-8000-0000f0000002"
    method: "GET"
    status: 404
    duration_ms: 4
[2026-09-27 23:15:04.268 -0300] INFO (87651): request completed
    route: "/v1/portal/aits/00000000-0000-7000-8000-0000f0000002/points"
    method: "GET"
    status: 404
    duration_ms: 4
[2026-09-27 23:15:04.275 -0300] INFO (87651): request completed
    route: "/v1/portal/points-summary"
    method: "GET"
    status: 200
    duration_ms: 6
[2026-09-27 23:15:04.282 -0300] INFO (87651): request completed
    route: "/v1/portal/requests"
    method: "GET"
    status: 200
    duration_ms: 6
[2026-09-27 23:15:04.288 -0300] INFO (87651): request completed
    route: "/v1/portal/requests/00000000-0000-7000-8000-000070400e09"
    method: "GET"
    status: 404
    duration_ms: 5
[2026-09-27 23:15:04.294 -0300] INFO (87651): request completed
    route: "/v1/portal/requests/00000000-0000-7000-8000-000070400e09/receipt"
    method: "GET"
    status: 404
    duration_ms: 5
[2026-09-27 23:15:04.301 -0300] INFO (87651): request completed
    route: "/v1/portal/requests/00000000-0000-7000-8000-000070400e09/decision"
    method: "GET"
    status: 404
    duration_ms: 6
[2026-09-27 23:15:04.307 -0300] INFO (87651): request completed
    route: "/v1/portal/inbox"
    method: "GET"
    status: 200
    duration_ms: 6
[2026-09-27 23:15:04.312 -0300] INFO (87651): request completed
    route: "/v1/portal/sne/enrollment"
    method: "GET"
    status: 200
    duration_ms: 4
[2026-09-27 23:15:04.320 -0300] INFO (87651): request completed
    route: "/v1/portal/documents/cnh"
    method: "GET"
    status: 503
    duration_ms: 7
[2026-09-27 23:15:04.327 -0300] INFO (87651): request completed
    route: "/v1/portal/vehicles"
    method: "GET"
    status: 503
    duration_ms: 6
[2026-09-27 23:15:04.334 -0300] INFO (87651): request completed
    route: "/v1/portal/vehicles/00000000-0000-7000-8000-00007ff00001/clearance"
    method: "GET"
    status: 404
    duration_ms: 6
[2026-09-27 23:15:04.344 -0300] INFO (87651): request completed
    route: "/v1/portal/crashes"
    method: "GET"
    status: 200
    duration_ms: 9
[2026-09-27 23:15:04.350 -0300] INFO (87651): request completed
    route: "/v1/portal/crashes/00000000-0000-7000-8000-00007ff00003"
    method: "GET"
    status: 404
    duration_ms: 5
[2026-09-27 23:15:04.359 -0300] INFO (87651): request completed
    route: "/v1/portal/exams"
    method: "GET"
    status: 200
    duration_ms: 8
[2026-09-27 23:15:04.368 -0300] INFO (87651): request completed
    route: "/v1/portal/exams/00000000-0000-7000-8000-00007ff00002"
    method: "GET"
    status: 200
    duration_ms: 8
[2026-09-27 23:15:04.375 -0300] INFO (87651): request completed
    route: "/v1/portal/manifestations"
    method: "GET"
    status: 200
    duration_ms: 6
[2026-09-27 23:15:04.380 -0300] INFO (87651): request completed
    route: "/v1/portal/service-charter/manifestar/deadline"
    method: "GET"
    status: 200
    duration_ms: 4
[2026-09-27 23:15:04.386 -0300] INFO (87651): request completed
    route: "/v1/portal/identity/representations"
    method: "GET"
    status: 200
    duration_ms: 5
[2026-09-27 23:15:04.391 -0300] INFO (87651): request completed
    route: "/v1/portal/services"
    method: "GET"
    status: 200
    duration_ms: 4
[2026-09-27 23:15:04.397 -0300] INFO (87651): request completed
    route: "/v1/portal/aits/00000000-0000-7000-8000-0000f0000002"
    method: "GET"
    status: 200
    duration_ms: 5
[2026-09-27 23:15:04.404 -0300] INFO (87651): request completed
    route: "/v1/portal/aits/00000000-0000-7000-8000-0000f0000002/points"
    method: "GET"
    status: 200
    duration_ms: 6
[2026-09-27 23:15:04.410 -0300] INFO (87651): request completed
    route: "/v1/portal/points-summary"
    method: "GET"
    status: 200
    duration_ms: 5
[2026-09-27 23:15:04.418 -0300] INFO (87651): request completed
    route: "/v1/portal/requests"
    method: "GET"
    status: 200
    duration_ms: 7
[2026-09-27 23:15:04.426 -0300] INFO (87651): request completed
    route: "/v1/portal/requests/00000000-0000-7000-8000-000070400e09"
    method: "GET"
    status: 200
    duration_ms: 7
[2026-09-27 23:15:04.433 -0300] INFO (87651): request completed
    route: "/v1/portal/requests/00000000-0000-7000-8000-000070400e09/receipt"
    method: "GET"
    status: 404
    duration_ms: 6
[2026-09-27 23:15:04.439 -0300] INFO (87651): request completed
    route: "/v1/portal/requests/00000000-0000-7000-8000-000070400e09/decision"
    method: "GET"
    status: 200
    duration_ms: 5
[2026-09-27 23:15:04.445 -0300] INFO (87651): request completed
    route: "/v1/portal/inbox"
    method: "GET"
    status: 200
    duration_ms: 5
[2026-09-27 23:15:04.450 -0300] INFO (87651): request completed
    route: "/v1/portal/sne/enrollment"
    method: "GET"
    status: 200
    duration_ms: 5
[2026-09-27 23:15:04.458 -0300] INFO (87651): request completed
    route: "/v1/portal/documents/cnh"
    method: "GET"
    status: 503
    duration_ms: 7
[2026-09-27 23:15:04.464 -0300] INFO (87651): request completed
    route: "/v1/portal/vehicles"
    method: "GET"
    status: 503
    duration_ms: 6
[2026-09-27 23:15:04.472 -0300] INFO (87651): request completed
    route: "/v1/portal/vehicles/00000000-0000-7000-8000-00007ff00001/clearance"
    method: "GET"
    status: 503
    duration_ms: 8
[2026-09-27 23:15:04.483 -0300] INFO (87651): request completed
    route: "/v1/portal/crashes"
    method: "GET"
    status: 200
    duration_ms: 10
[2026-09-27 23:15:04.495 -0300] INFO (87651): request completed
    route: "/v1/portal/crashes/00000000-0000-7000-8000-00007ff00003"
    method: "GET"
    status: 200
    duration_ms: 11
[2026-09-27 23:15:04.504 -0300] INFO (87651): request completed
    route: "/v1/portal/exams"
    method: "GET"
    status: 200
    duration_ms: 8
[2026-09-27 23:15:04.509 -0300] INFO (87651): request completed
    route: "/v1/portal/exams/00000000-0000-7000-8000-00007ff00002"
    method: "GET"
    status: 404
    duration_ms: 4
[2026-09-27 23:15:04.517 -0300] INFO (87651): request completed
    route: "/v1/portal/manifestations"
    method: "GET"
    status: 200
    duration_ms: 7
[2026-09-27 23:15:04.522 -0300] INFO (87651): request completed
    route: "/v1/portal/service-charter/manifestar/deadline"
    method: "GET"
    status: 200
    duration_ms: 4
[2026-09-27 23:15:04.528 -0300] INFO (87651): request completed
    route: "/v1/portal/identity/representations"
    method: "GET"
    status: 200
    duration_ms: 5
[2026-09-27 23:15:04.533 -0300] INFO (87651): request completed
    route: "/v1/portal/services"
    method: "GET"
    status: 200
    duration_ms: 4
[2026-09-27 23:15:04.538 -0300] INFO (87651): request completed
    route: "/v1/portal/aits/00000000-0000-7000-8000-0000f0000002"
    method: "GET"
    status: 404
    duration_ms: 4
[2026-09-27 23:15:04.545 -0300] INFO (87651): request completed
    route: "/v1/portal/aits/00000000-0000-7000-8000-0000f0000002/points"
    method: "GET"
    status: 404
    duration_ms: 6
[2026-09-27 23:15:04.552 -0300] INFO (87651): request completed
    route: "/v1/portal/points-summary"
    method: "GET"
    status: 200
    duration_ms: 6
[2026-09-27 23:15:04.560 -0300] INFO (87651): request completed
    route: "/v1/portal/requests"
    method: "GET"
    status: 200
    duration_ms: 7
[2026-09-27 23:15:04.566 -0300] INFO (87651): request completed
    route: "/v1/portal/requests/00000000-0000-7000-8000-000070400e09"
    method: "GET"
    status: 404
    duration_ms: 5
[2026-09-27 23:15:04.571 -0300] INFO (87651): request completed
    route: "/v1/portal/requests/00000000-0000-7000-8000-000070400e09/receipt"
    method: "GET"
    status: 404
    duration_ms: 4
[2026-09-27 23:15:04.578 -0300] INFO (87651): request completed
    route: "/v1/portal/requests/00000000-0000-7000-8000-000070400e09/decision"
    method: "GET"
    status: 404
    duration_ms: 6
[2026-09-27 23:15:04.586 -0300] INFO (87651): request completed
    route: "/v1/portal/inbox"
    method: "GET"
    status: 200
    duration_ms: 7
[2026-09-27 23:15:04.591 -0300] INFO (87651): request completed
    route: "/v1/portal/sne/enrollment"
    method: "GET"
    status: 200
    duration_ms: 5
[2026-09-27 23:15:04.598 -0300] INFO (87651): request completed
    route: "/v1/portal/documents/cnh"
    method: "GET"
    status: 503
    duration_ms: 6
[2026-09-27 23:15:04.605 -0300] INFO (87651): request completed
    route: "/v1/portal/vehicles"
    method: "GET"
    status: 503
    duration_ms: 6
[2026-09-27 23:15:04.611 -0300] INFO (87651): request completed
    route: "/v1/portal/vehicles/00000000-0000-7000-8000-00007ff00001/clearance"
    method: "GET"
    status: 404
    duration_ms: 5
[2026-09-27 23:15:04.623 -0300] INFO (87651): request completed
    route: "/v1/portal/crashes"
    method: "GET"
    status: 200
    duration_ms: 11
[2026-09-27 23:15:04.629 -0300] INFO (87651): request completed
    route: "/v1/portal/crashes/00000000-0000-7000-8000-00007ff00003"
    method: "GET"
    status: 404
    duration_ms: 5
[2026-09-27 23:15:04.638 -0300] INFO (87651): request completed
    route: "/v1/portal/exams"
    method: "GET"
    status: 200
    duration_ms: 8
[2026-09-27 23:15:04.644 -0300] INFO (87651): request completed
    route: "/v1/portal/exams/00000000-0000-7000-8000-00007ff00002"
    method: "GET"
    status: 404
    duration_ms: 5
[2026-09-27 23:15:04.654 -0300] INFO (87651): request completed
    route: "/v1/portal/manifestations"
    method: "GET"
    status: 200
    duration_ms: 9
[2026-09-27 23:15:04.659 -0300] INFO (87651): request completed
    route: "/v1/portal/service-charter/manifestar/deadline"
    method: "GET"
    status: 200
    duration_ms: 4
[2026-09-27 23:15:04.665 -0300] INFO (87651): request completed
    route: "/v1/portal/identity/representations"
    method: "GET"
    status: 200
    duration_ms: 5
[2026-09-27 23:15:04.669 -0300] INFO (87651): request completed
    route: "/v1/portal/services"
    method: "GET"
    status: 200
    duration_ms: 3
[2026-09-27 23:15:04.674 -0300] INFO (87651): request completed
    route: "/v1/portal/aits/00000000-0000-7000-8000-0000f0000002"
    method: "GET"
    status: 404
    duration_ms: 4
[2026-09-27 23:15:04.680 -0300] INFO (87651): request completed
    route: "/v1/portal/aits/00000000-0000-7000-8000-0000f0000002/points"
    method: "GET"
    status: 404
    duration_ms: 5
[2026-09-27 23:15:04.687 -0300] INFO (87651): request completed
    route: "/v1/portal/points-summary"
    method: "GET"
    status: 200
    duration_ms: 7
[2026-09-27 23:15:04.694 -0300] INFO (87651): request completed
    route: "/v1/portal/requests"
    method: "GET"
    status: 200
    duration_ms: 6
[2026-09-27 23:15:04.700 -0300] INFO (87651): request completed
    route: "/v1/portal/requests/00000000-0000-7000-8000-000070400e09"
    method: "GET"
    status: 404
    duration_ms: 5
[2026-09-27 23:15:04.706 -0300] INFO (87651): request completed
    route: "/v1/portal/requests/00000000-0000-7000-8000-000070400e09/receipt"
    method: "GET"
    status: 404
    duration_ms: 5
[2026-09-27 23:15:04.712 -0300] INFO (87651): request completed
    route: "/v1/portal/requests/00000000-0000-7000-8000-000070400e09/decision"
    method: "GET"
    status: 404
    duration_ms: 5
[2026-09-27 23:15:04.719 -0300] INFO (87651): request completed
    route: "/v1/portal/inbox"
    method: "GET"
    status: 200
    duration_ms: 6
[2026-09-27 23:15:04.724 -0300] INFO (87651): request completed
    route: "/v1/portal/sne/enrollment"
    method: "GET"
    status: 200
    duration_ms: 4
[2026-09-27 23:15:04.731 -0300] INFO (87651): request completed
    route: "/v1/portal/documents/cnh"
    method: "GET"
    status: 503
    duration_ms: 6
[2026-09-27 23:15:04.737 -0300] INFO (87651): request completed
    route: "/v1/portal/vehicles"
    method: "GET"
    status: 503
    duration_ms: 5
[2026-09-27 23:15:04.743 -0300] INFO (87651): request completed
    route: "/v1/portal/vehicles/00000000-0000-7000-8000-00007ff00001/clearance"
    method: "GET"
    status: 404
    duration_ms: 5
[2026-09-27 23:15:04.754 -0300] INFO (87651): request completed
    route: "/v1/portal/crashes"
    method: "GET"
    status: 200
    duration_ms: 10
[2026-09-27 23:15:04.761 -0300] INFO (87651): request completed
    route: "/v1/portal/crashes/00000000-0000-7000-8000-00007ff00003"
    method: "GET"
    status: 404
    duration_ms: 5
[2026-09-27 23:15:04.769 -0300] INFO (87651): request completed
    route: "/v1/portal/exams"
    method: "GET"
    status: 200
    duration_ms: 7
[2026-09-27 23:15:04.778 -0300] INFO (87651): request completed
    route: "/v1/portal/exams/00000000-0000-7000-8000-00007ff00002"
    method: "GET"
    status: 200
    duration_ms: 8
[2026-09-27 23:15:04.784 -0300] INFO (87651): request completed
    route: "/v1/portal/manifestations"
    method: "GET"
    status: 200
    duration_ms: 5
[2026-09-27 23:15:04.789 -0300] INFO (87651): request completed
    route: "/v1/portal/service-charter/manifestar/deadline"
    method: "GET"
    status: 200
    duration_ms: 4
[2026-09-27 23:15:04.794 -0300] INFO (87651): request completed
    route: "/v1/portal/identity/representations"
    method: "GET"
    status: 200
    duration_ms: 4
[2026-09-27 23:15:04.799 -0300] INFO (87651): request completed
    route: "/v1/portal/services"
    method: "GET"
    status: 200
    duration_ms: 4
[2026-09-27 23:15:04.805 -0300] INFO (87651): request completed
    route: "/v1/portal/aits/00000000-0000-7000-8000-0000f0000002"
    method: "GET"
    status: 200
    duration_ms: 5
[2026-09-27 23:15:04.810 -0300] INFO (87651): request completed
    route: "/v1/portal/aits/00000000-0000-7000-8000-0000f0000002/points"
    method: "GET"
    status: 200
    duration_ms: 4
[2026-09-27 23:15:04.815 -0300] INFO (87651): request completed
    route: "/v1/portal/points-summary"
    method: "GET"
    status: 200
    duration_ms: 4
[2026-09-27 23:15:04.822 -0300] INFO (87651): request completed
    route: "/v1/portal/requests"
    method: "GET"
    status: 200
    duration_ms: 6
[2026-09-27 23:15:04.828 -0300] INFO (87651): request completed
    route: "/v1/portal/requests/00000000-0000-7000-8000-000070400e09"
    method: "GET"
    status: 200
    duration_ms: 5
[2026-09-27 23:15:04.834 -0300] INFO (87651): request completed
    route: "/v1/portal/requests/00000000-0000-7000-8000-000070400e09/receipt"
    method: "GET"
    status: 404
    duration_ms: 5
[2026-09-27 23:15:04.840 -0300] INFO (87651): request completed
    route: "/v1/portal/requests/00000000-0000-7000-8000-000070400e09/decision"
    method: "GET"
    status: 200
    duration_ms: 5
[2026-09-27 23:15:04.846 -0300] INFO (87651): request completed
    route: "/v1/portal/inbox"
    method: "GET"
    status: 200
    duration_ms: 5
[2026-09-27 23:15:04.851 -0300] INFO (87651): request completed
    route: "/v1/portal/sne/enrollment"
    method: "GET"
    status: 200
    duration_ms: 5
[2026-09-27 23:15:04.858 -0300] INFO (87651): request completed
    route: "/v1/portal/documents/cnh"
    method: "GET"
    status: 503
    duration_ms: 7
[2026-09-27 23:15:04.864 -0300] INFO (87651): request completed
    route: "/v1/portal/vehicles"
    method: "GET"
    status: 503
    duration_ms: 5
[2026-09-27 23:15:04.872 -0300] INFO (87651): request completed
    route: "/v1/portal/vehicles/00000000-0000-7000-8000-00007ff00001/clearance"
    method: "GET"
    status: 503
    duration_ms: 7
[2026-09-27 23:15:04.882 -0300] INFO (87651): request completed
    route: "/v1/portal/crashes"
    method: "GET"
    status: 200
    duration_ms: 9
[2026-09-27 23:15:04.892 -0300] INFO (87651): request completed
    route: "/v1/portal/crashes/00000000-0000-7000-8000-00007ff00003"
    method: "GET"
    status: 200
    duration_ms: 9
[2026-09-27 23:15:04.901 -0300] INFO (87651): request completed
    route: "/v1/portal/exams"
    method: "GET"
    status: 200
    duration_ms: 8
[2026-09-27 23:15:04.906 -0300] INFO (87651): request completed
    route: "/v1/portal/exams/00000000-0000-7000-8000-00007ff00002"
    method: "GET"
    status: 404
    duration_ms: 5
[2026-09-27 23:15:04.913 -0300] INFO (87651): request completed
    route: "/v1/portal/manifestations"
    method: "GET"
    status: 200
    duration_ms: 6
[2026-09-27 23:15:04.918 -0300] INFO (87651): request completed
    route: "/v1/portal/service-charter/manifestar/deadline"
    method: "GET"
    status: 200
    duration_ms: 4
[2026-09-27 23:15:04.923 -0300] INFO (87651): request completed
    route: "/v1/portal/identity/representations"
    method: "GET"
    status: 200
    duration_ms: 4
[2026-09-27 23:15:04.928 -0300] INFO (87651): request completed
    route: "/v1/portal/services"
    method: "GET"
    status: 200
    duration_ms: 4
[2026-09-27 23:15:04.933 -0300] INFO (87651): request completed
    route: "/v1/portal/aits/00000000-0000-7000-8000-0000f0000002"
    method: "GET"
    status: 404
    duration_ms: 4
[2026-09-27 23:15:04.938 -0300] INFO (87651): request completed
    route: "/v1/portal/aits/00000000-0000-7000-8000-0000f0000002/points"
    method: "GET"
    status: 404
    duration_ms: 4
[2026-09-27 23:15:04.943 -0300] INFO (87651): request completed
    route: "/v1/portal/points-summary"
    method: "GET"
    status: 200
    duration_ms: 5
[2026-09-27 23:15:04.950 -0300] INFO (87651): request completed
    route: "/v1/portal/requests"
    method: "GET"
    status: 200
    duration_ms: 6
[2026-09-27 23:15:04.955 -0300] INFO (87651): request completed
    route: "/v1/portal/requests/00000000-0000-7000-8000-000070400e09"
    method: "GET"
    status: 404
    duration_ms: 5
[2026-09-27 23:15:04.961 -0300] INFO (87651): request completed
    route: "/v1/portal/requests/00000000-0000-7000-8000-000070400e09/receipt"
    method: "GET"
    status: 404
    duration_ms: 5
[2026-09-27 23:15:04.966 -0300] INFO (87651): request completed
    route: "/v1/portal/requests/00000000-0000-7000-8000-000070400e09/decision"
    method: "GET"
    status: 404
    duration_ms: 5
[2026-09-27 23:15:04.973 -0300] INFO (87651): request completed
    route: "/v1/portal/inbox"
    method: "GET"
    status: 200
    duration_ms: 6
[2026-09-27 23:15:04.978 -0300] INFO (87651): request completed
    route: "/v1/portal/sne/enrollment"
    method: "GET"
    status: 200
    duration_ms: 4
[2026-09-27 23:15:04.985 -0300] INFO (87651): request completed
    route: "/v1/portal/documents/cnh"
    method: "GET"
    status: 503
    duration_ms: 6
[2026-09-27 23:15:04.992 -0300] INFO (87651): request completed
    route: "/v1/portal/vehicles"
    method: "GET"
    status: 503
    duration_ms: 6
[2026-09-27 23:15:04.998 -0300] INFO (87651): request completed
    route: "/v1/portal/vehicles/00000000-0000-7000-8000-00007ff00001/clearance"
    method: "GET"
    status: 404
    duration_ms: 5
[2026-09-27 23:15:05.007 -0300] INFO (87651): request completed
    route: "/v1/portal/crashes"
    method: "GET"
    status: 200
    duration_ms: 9
[2026-09-27 23:15:05.013 -0300] INFO (87651): request completed
    route: "/v1/portal/crashes/00000000-0000-7000-8000-00007ff00003"
    method: "GET"
    status: 404
    duration_ms: 5
[2026-09-27 23:15:05.023 -0300] INFO (87651): request completed
    route: "/v1/portal/exams"
    method: "GET"
    status: 200
    duration_ms: 10
[2026-09-27 23:15:05.029 -0300] INFO (87651): request completed
    route: "/v1/portal/exams/00000000-0000-7000-8000-00007ff00002"
    method: "GET"
    status: 404
    duration_ms: 5
[2026-09-27 23:15:05.036 -0300] INFO (87651): request completed
    route: "/v1/portal/manifestations"
    method: "GET"
    status: 200
    duration_ms: 6
[2026-09-27 23:15:05.041 -0300] INFO (87651): request completed
    route: "/v1/portal/service-charter/manifestar/deadline"
    method: "GET"
    status: 200
    duration_ms: 4
[2026-09-27 23:15:05.046 -0300] INFO (87651): request completed
    route: "/v1/portal/identity/representations"
    method: "GET"
    status: 200
    duration_ms: 4
[2026-09-27 23:15:05.051 -0300] INFO (87651): request completed
    route: "/v1/portal/services"
    method: "GET"
    status: 200
    duration_ms: 4
[2026-09-27 23:15:05.057 -0300] INFO (87651): request completed
    route: "/v1/portal/aits/00000000-0000-7000-8000-0000f0000002"
    method: "GET"
    status: 404
    duration_ms: 5
[2026-09-27 23:15:05.062 -0300] INFO (87651): request completed
    route: "/v1/portal/aits/00000000-0000-7000-8000-0000f0000002/points"
    method: "GET"
    status: 404
    duration_ms: 4
[2026-09-27 23:15:05.069 -0300] INFO (87651): request completed
    route: "/v1/portal/points-summary"
    method: "GET"
    status: 200
    duration_ms: 6
[2026-09-27 23:15:05.076 -0300] INFO (87651): request completed
    route: "/v1/portal/requests"
    method: "GET"
    status: 200
    duration_ms: 6
[2026-09-27 23:15:05.082 -0300] INFO (87651): request completed
    route: "/v1/portal/requests/00000000-0000-7000-8000-000070400e09"
    method: "GET"
    status: 404
    duration_ms: 5
[2026-09-27 23:15:05.088 -0300] INFO (87651): request completed
    route: "/v1/portal/requests/00000000-0000-7000-8000-000070400e09/receipt"
    method: "GET"
    status: 404
    duration_ms: 5
[2026-09-27 23:15:05.094 -0300] INFO (87651): request completed
    route: "/v1/portal/requests/00000000-0000-7000-8000-000070400e09/decision"
    method: "GET"
    status: 404
    duration_ms: 5
[2026-09-27 23:15:05.100 -0300] INFO (87651): request completed
    route: "/v1/portal/inbox"
    method: "GET"
    status: 200
    duration_ms: 5
[2026-09-27 23:15:05.106 -0300] INFO (87651): request completed
    route: "/v1/portal/sne/enrollment"
    method: "GET"
    status: 200
    duration_ms: 5
[2026-09-27 23:15:05.113 -0300] INFO (87651): request completed
    route: "/v1/portal/documents/cnh"
    method: "GET"
    status: 503
    duration_ms: 6
[2026-09-27 23:15:05.120 -0300] INFO (87651): request completed
    route: "/v1/portal/vehicles"
    method: "GET"
    status: 503
    duration_ms: 6
[2026-09-27 23:15:05.126 -0300] INFO (87651): request completed
    route: "/v1/portal/vehicles/00000000-0000-7000-8000-00007ff00001/clearance"
    method: "GET"
    status: 404
    duration_ms: 6
[2026-09-27 23:15:05.138 -0300] INFO (87651): request completed
    route: "/v1/portal/crashes"
    method: "GET"
    status: 200
    duration_ms: 11
[2026-09-27 23:15:05.143 -0300] INFO (87651): request completed
    route: "/v1/portal/crashes/00000000-0000-7000-8000-00007ff00003"
    method: "GET"
    status: 404
    duration_ms: 4
[2026-09-27 23:15:05.153 -0300] INFO (87651): request completed
    route: "/v1/portal/exams"
    method: "GET"
    status: 200
    duration_ms: 9
[2026-09-27 23:15:05.163 -0300] INFO (87651): request completed
    route: "/v1/portal/exams/00000000-0000-7000-8000-00007ff00002"
    method: "GET"
    status: 200
    duration_ms: 9
[2026-09-27 23:15:05.169 -0300] INFO (87651): request completed
    route: "/v1/portal/manifestations"
    method: "GET"
    status: 200
    duration_ms: 5
[2026-09-27 23:15:05.174 -0300] INFO (87651): request completed
    route: "/v1/portal/service-charter/manifestar/deadline"
    method: "GET"
    status: 200
    duration_ms: 4
[2026-09-27 23:15:05.180 -0300] INFO (87651): request completed
    route: "/v1/portal/identity/representations"
    method: "GET"
    status: 200
    duration_ms: 5
[2026-09-27 23:15:05.185 -0300] INFO (87651): request completed
    route: "/v1/portal/services"
    method: "GET"
    status: 200
    duration_ms: 4
[2026-09-27 23:15:05.191 -0300] INFO (87651): request completed
    route: "/v1/portal/aits/00000000-0000-7000-8000-0000f0000002"
    method: "GET"
    status: 200
    duration_ms: 6
[2026-09-27 23:15:05.197 -0300] INFO (87651): request completed
    route: "/v1/portal/aits/00000000-0000-7000-8000-0000f0000002/points"
    method: "GET"
    status: 200
    duration_ms: 5
[2026-09-27 23:15:05.203 -0300] INFO (87651): request completed
    route: "/v1/portal/points-summary"
    method: "GET"
    status: 200
    duration_ms: 5
[2026-09-27 23:15:05.210 -0300] INFO (87651): request completed
    route: "/v1/portal/requests"
    method: "GET"
    status: 200
    duration_ms: 6
[2026-09-27 23:15:05.217 -0300] INFO (87651): request completed
    route: "/v1/portal/requests/00000000-0000-7000-8000-000070400e09"
    method: "GET"
    status: 200
    duration_ms: 7
[2026-09-27 23:15:05.223 -0300] INFO (87651): request completed
    route: "/v1/portal/requests/00000000-0000-7000-8000-000070400e09/receipt"
    method: "GET"
    status: 404
    duration_ms: 5
[2026-09-27 23:15:05.230 -0300] INFO (87651): request completed
    route: "/v1/portal/requests/00000000-0000-7000-8000-000070400e09/decision"
    method: "GET"
    status: 200
    duration_ms: 6
[2026-09-27 23:15:05.235 -0300] INFO (87651): request completed
    route: "/v1/portal/inbox"
    method: "GET"
    status: 200
    duration_ms: 4
[2026-09-27 23:15:05.240 -0300] INFO (87651): request completed
    route: "/v1/portal/sne/enrollment"
    method: "GET"
    status: 200
    duration_ms: 4
[2026-09-27 23:15:05.246 -0300] INFO (87651): request completed
    route: "/v1/portal/documents/cnh"
    method: "GET"
    status: 503
    duration_ms: 5
[2026-09-27 23:15:05.253 -0300] INFO (87651): request completed
    route: "/v1/portal/vehicles"
    method: "GET"
    status: 503
    duration_ms: 6
[2026-09-27 23:15:05.261 -0300] INFO (87651): request completed
    route: "/v1/portal/vehicles/00000000-0000-7000-8000-00007ff00001/clearance"
    method: "GET"
    status: 503
    duration_ms: 7
[2026-09-27 23:15:05.272 -0300] INFO (87651): request completed
    route: "/v1/portal/crashes"
    method: "GET"
    status: 200
    duration_ms: 10
[2026-09-27 23:15:05.281 -0300] INFO (87651): request completed
    route: "/v1/portal/crashes/00000000-0000-7000-8000-00007ff00003"
    method: "GET"
    status: 200
    duration_ms: 8
[2026-09-27 23:15:05.290 -0300] INFO (87651): request completed
    route: "/v1/portal/exams"
    method: "GET"
    status: 200
    duration_ms: 8
[2026-09-27 23:15:05.296 -0300] INFO (87651): request completed
    route: "/v1/portal/exams/00000000-0000-7000-8000-00007ff00002"
    method: "GET"
    status: 404
    duration_ms: 5
[2026-09-27 23:15:05.303 -0300] INFO (87651): request completed
    route: "/v1/portal/manifestations"
    method: "GET"
    status: 200
    duration_ms: 6
[2026-09-27 23:15:05.308 -0300] INFO (87651): request completed
    route: "/v1/portal/service-charter/manifestar/deadline"
    method: "GET"
    status: 200
    duration_ms: 4
[2026-09-27 23:15:05.312 -0300] INFO (87651): request completed
    route: "/v1/portal/identity/representations"
    method: "GET"
    status: 200
    duration_ms: 4
[2026-09-27 23:15:05.317 -0300] INFO (87651): request completed
    route: "/v1/portal/services"
    method: "GET"
    status: 200
    duration_ms: 4
[2026-09-27 23:15:05.322 -0300] INFO (87651): request completed
    route: "/v1/portal/aits/00000000-0000-7000-8000-0000f0000002"
    method: "GET"
    status: 404
    duration_ms: 4
[2026-09-27 23:15:05.328 -0300] INFO (87651): request completed
    route: "/v1/portal/aits/00000000-0000-7000-8000-0000f0000002/points"
    method: "GET"
    status: 404
    duration_ms: 5
[2026-09-27 23:15:05.334 -0300] INFO (87651): request completed
    route: "/v1/portal/points-summary"
    method: "GET"
    status: 200
    duration_ms: 6
[2026-09-27 23:15:05.342 -0300] INFO (87651): request completed
    route: "/v1/portal/requests"
    method: "GET"
    status: 200
    duration_ms: 7
[2026-09-27 23:15:05.348 -0300] INFO (87651): request completed
    route: "/v1/portal/requests/00000000-0000-7000-8000-000070400e09"
    method: "GET"
    status: 404
    duration_ms: 5
[2026-09-27 23:15:05.353 -0300] INFO (87651): request completed
    route: "/v1/portal/requests/00000000-0000-7000-8000-000070400e09/receipt"
    method: "GET"
    status: 404
    duration_ms: 4
[2026-09-27 23:15:05.358 -0300] INFO (87651): request completed
    route: "/v1/portal/requests/00000000-0000-7000-8000-000070400e09/decision"
    method: "GET"
    status: 404
    duration_ms: 4
[2026-09-27 23:15:05.364 -0300] INFO (87651): request completed
    route: "/v1/portal/inbox"
    method: "GET"
    status: 200
    duration_ms: 5
[2026-09-27 23:15:05.373 -0300] INFO (87651): request completed
    route: "/v1/portal/sne/enrollment"
    method: "GET"
    status: 200
    duration_ms: 8
[2026-09-27 23:15:05.381 -0300] INFO (87651): request completed
    route: "/v1/portal/documents/cnh"
    method: "GET"
    status: 503
    duration_ms: 7
[2026-09-27 23:15:05.389 -0300] INFO (87651): request completed
    route: "/v1/portal/vehicles"
    method: "GET"
    status: 503
    duration_ms: 7
[2026-09-27 23:15:05.396 -0300] INFO (87651): request completed
    route: "/v1/portal/vehicles/00000000-0000-7000-8000-00007ff00001/clearance"
    method: "GET"
    status: 404
    duration_ms: 6
[2026-09-27 23:15:05.406 -0300] INFO (87651): request completed
    route: "/v1/portal/crashes"
    method: "GET"
    status: 200
    duration_ms: 9
[2026-09-27 23:15:05.411 -0300] INFO (87651): request completed
    route: "/v1/portal/crashes/00000000-0000-7000-8000-00007ff00003"
    method: "GET"
    status: 404
    duration_ms: 4
[2026-09-27 23:15:05.420 -0300] INFO (87651): request completed
    route: "/v1/portal/exams"
    method: "GET"
    status: 200
    duration_ms: 8
[2026-09-27 23:15:05.425 -0300] INFO (87651): request completed
    route: "/v1/portal/exams/00000000-0000-7000-8000-00007ff00002"
    method: "GET"
    status: 404
    duration_ms: 4
[2026-09-27 23:15:05.432 -0300] INFO (87651): request completed
    route: "/v1/portal/manifestations"
    method: "GET"
    status: 200
    duration_ms: 6
[2026-09-27 23:15:05.437 -0300] INFO (87651): request completed
    route: "/v1/portal/service-charter/manifestar/deadline"
    method: "GET"
    status: 200
    duration_ms: 4
[2026-09-27 23:15:05.443 -0300] INFO (87651): request completed
    route: "/v1/portal/identity/representations"
    method: "GET"
    status: 200
    duration_ms: 5
[2026-09-27 23:15:05.447 -0300] INFO (87651): request completed
    route: "/v1/portal/services"
    method: "GET"
    status: 200
    duration_ms: 4
[2026-09-27 23:15:05.452 -0300] INFO (87651): request completed
    route: "/v1/portal/aits/00000000-0000-7000-8000-0000f0000002"
    method: "GET"
    status: 404
    duration_ms: 4
[2026-09-27 23:15:05.457 -0300] INFO (87651): request completed
    route: "/v1/portal/aits/00000000-0000-7000-8000-0000f0000002/points"
    method: "GET"
    status: 404
    duration_ms: 4
[2026-09-27 23:15:05.464 -0300] INFO (87651): request completed
    route: "/v1/portal/points-summary"
    method: "GET"
    status: 200
    duration_ms: 6
[2026-09-27 23:15:05.470 -0300] INFO (87651): request completed
    route: "/v1/portal/requests"
    method: "GET"
    status: 200
    duration_ms: 5
[2026-09-27 23:15:05.476 -0300] INFO (87651): request completed
    route: "/v1/portal/requests/00000000-0000-7000-8000-000070400e09"
    method: "GET"
    status: 404
    duration_ms: 4
[2026-09-27 23:15:05.481 -0300] INFO (87651): request completed
    route: "/v1/portal/requests/00000000-0000-7000-8000-000070400e09/receipt"
    method: "GET"
    status: 404
    duration_ms: 5
[2026-09-27 23:15:05.487 -0300] INFO (87651): request completed
    route: "/v1/portal/requests/00000000-0000-7000-8000-000070400e09/decision"
    method: "GET"
    status: 404
    duration_ms: 5
[2026-09-27 23:15:05.494 -0300] INFO (87651): request completed
    route: "/v1/portal/inbox"
    method: "GET"
    status: 200
    duration_ms: 6
[2026-09-27 23:15:05.499 -0300] INFO (87651): request completed
    route: "/v1/portal/sne/enrollment"
    method: "GET"
    status: 200
    duration_ms: 4
[2026-09-27 23:15:05.508 -0300] INFO (87651): request completed
    route: "/v1/portal/documents/cnh"
    method: "GET"
    status: 503
    duration_ms: 8
[2026-09-27 23:15:05.515 -0300] INFO (87651): request completed
    route: "/v1/portal/vehicles"
    method: "GET"
    status: 503
    duration_ms: 6
[2026-09-27 23:15:05.523 -0300] INFO (87651): request completed
    route: "/v1/portal/vehicles/00000000-0000-7000-8000-00007ff00001/clearance"
    method: "GET"
    status: 404
    duration_ms: 7
[2026-09-27 23:15:05.535 -0300] INFO (87651): request completed
    route: "/v1/portal/crashes"
    method: "GET"
    status: 200
    duration_ms: 11
[2026-09-27 23:15:05.542 -0300] INFO (87651): request completed
    route: "/v1/portal/crashes/00000000-0000-7000-8000-00007ff00003"
    method: "GET"
    status: 404
    duration_ms: 6
[2026-09-27 23:15:05.552 -0300] INFO (87651): request completed
    route: "/v1/portal/exams"
    method: "GET"
    status: 200
    duration_ms: 9
[2026-09-27 23:15:05.561 -0300] INFO (87651): request completed
    route: "/v1/portal/exams/00000000-0000-7000-8000-00007ff00002"
    method: "GET"
    status: 200
    duration_ms: 8
[2026-09-27 23:15:05.568 -0300] INFO (87651): request completed
    route: "/v1/portal/manifestations"
    method: "GET"
    status: 200
    duration_ms: 6
[2026-09-27 23:15:05.573 -0300] INFO (87651): request completed
    route: "/v1/portal/service-charter/manifestar/deadline"
    method: "GET"
    status: 200
    duration_ms: 4
[2026-09-27 23:15:05.579 -0300] INFO (87651): request completed
    route: "/v1/portal/identity/representations"
    method: "GET"
    status: 200
    duration_ms: 5
[2026-09-27 23:15:05.584 -0300] INFO (87651): request completed
    route: "/v1/portal/services"
    method: "GET"
    status: 200
    duration_ms: 5
[2026-09-27 23:15:05.591 -0300] INFO (87651): request completed
    route: "/v1/portal/aits/00000000-0000-7000-8000-0000f0000002"
    method: "GET"
    status: 200
    duration_ms: 6
[2026-09-27 23:15:05.598 -0300] INFO (87651): request completed
    route: "/v1/portal/aits/00000000-0000-7000-8000-0000f0000002/points"
    method: "GET"
    status: 200
    duration_ms: 6
[2026-09-27 23:15:05.603 -0300] INFO (87651): request completed
    route: "/v1/portal/points-summary"
    method: "GET"
    status: 200
    duration_ms: 4
[2026-09-27 23:15:05.610 -0300] INFO (87651): request completed
    route: "/v1/portal/requests"
    method: "GET"
    status: 200
    duration_ms: 6
[2026-09-27 23:15:05.618 -0300] INFO (87651): request completed
    route: "/v1/portal/requests/00000000-0000-7000-8000-000070400e09"
    method: "GET"
    status: 200
    duration_ms: 7
[2026-09-27 23:15:05.626 -0300] INFO (87651): request completed
    route: "/v1/portal/requests/00000000-0000-7000-8000-000070400e09/receipt"
    method: "GET"
    status: 404
    duration_ms: 8
[2026-09-27 23:15:05.633 -0300] INFO (87651): request completed
    route: "/v1/portal/requests/00000000-0000-7000-8000-000070400e09/decision"
    method: "GET"
    status: 200
    duration_ms: 6
[2026-09-27 23:15:05.641 -0300] INFO (87651): request completed
    route: "/v1/portal/inbox"
    method: "GET"
    status: 200
    duration_ms: 7
[2026-09-27 23:15:05.647 -0300] INFO (87651): request completed
    route: "/v1/portal/sne/enrollment"
    method: "GET"
    status: 200
    duration_ms: 5
[2026-09-27 23:15:05.656 -0300] INFO (87651): request completed
    route: "/v1/portal/documents/cnh"
    method: "GET"
    status: 503
    duration_ms: 8
[2026-09-27 23:15:05.665 -0300] INFO (87651): request completed
    route: "/v1/portal/vehicles"
    method: "GET"
    status: 503
    duration_ms: 8
[2026-09-27 23:15:05.675 -0300] INFO (87651): request completed
    route: "/v1/portal/vehicles/00000000-0000-7000-8000-00007ff00001/clearance"
    method: "GET"
    status: 503
    duration_ms: 9
[2026-09-27 23:15:05.686 -0300] INFO (87651): request completed
    route: "/v1/portal/crashes"
    method: "GET"
    status: 200
    duration_ms: 10
[2026-09-27 23:15:05.695 -0300] INFO (87651): request completed
    route: "/v1/portal/crashes/00000000-0000-7000-8000-00007ff00003"
    method: "GET"
    status: 200
    duration_ms: 9
[2026-09-27 23:15:05.704 -0300] INFO (87651): request completed
    route: "/v1/portal/exams"
    method: "GET"
    status: 200
    duration_ms: 8
[2026-09-27 23:15:05.710 -0300] INFO (87651): request completed
    route: "/v1/portal/exams/00000000-0000-7000-8000-00007ff00002"
    method: "GET"
    status: 404
    duration_ms: 5
[2026-09-27 23:15:05.717 -0300] INFO (87651): request completed
    route: "/v1/portal/manifestations"
    method: "GET"
    status: 200
    duration_ms: 6
[2026-09-27 23:15:05.722 -0300] INFO (87651): request completed
    route: "/v1/portal/service-charter/manifestar/deadline"
    method: "GET"
    status: 200
    duration_ms: 4
[2026-09-27 23:15:05.727 -0300] INFO (87651): request completed
    route: "/v1/portal/identity/representations"
    method: "GET"
    status: 200
    duration_ms: 4
[2026-09-27 23:15:05.731 -0300] INFO (87651): request completed
    route: "/v1/portal/services"
    method: "GET"
    status: 200
    duration_ms: 3
[2026-09-27 23:15:05.736 -0300] INFO (87651): request completed
    route: "/v1/portal/aits/00000000-0000-7000-8000-0000f0000002"
    method: "GET"
    status: 404
    duration_ms: 4
[2026-09-27 23:15:05.741 -0300] INFO (87651): request completed
    route: "/v1/portal/aits/00000000-0000-7000-8000-0000f0000002/points"
    method: "GET"
    status: 404
    duration_ms: 5
[2026-09-27 23:15:05.747 -0300] INFO (87651): request completed
    route: "/v1/portal/points-summary"
    method: "GET"
    status: 200
    duration_ms: 5
[2026-09-27 23:15:05.754 -0300] INFO (87651): request completed
    route: "/v1/portal/requests"
    method: "GET"
    status: 200
    duration_ms: 6
[2026-09-27 23:15:05.759 -0300] INFO (87651): request completed
    route: "/v1/portal/requests/00000000-0000-7000-8000-000070400e09"
    method: "GET"
    status: 404
    duration_ms: 4
[2026-09-27 23:15:05.764 -0300] INFO (87651): request completed
    route: "/v1/portal/requests/00000000-0000-7000-8000-000070400e09/receipt"
    method: "GET"
    status: 404
    duration_ms: 4
[2026-09-27 23:15:05.769 -0300] INFO (87651): request completed
    route: "/v1/portal/requests/00000000-0000-7000-8000-000070400e09/decision"
    method: "GET"
    status: 404
    duration_ms: 4
[2026-09-27 23:15:05.776 -0300] INFO (87651): request completed
    route: "/v1/portal/inbox"
    method: "GET"
    status: 200
    duration_ms: 6
[2026-09-27 23:15:05.782 -0300] INFO (87651): request completed
    route: "/v1/portal/sne/enrollment"
    method: "GET"
    status: 200
    duration_ms: 5
[2026-09-27 23:15:05.789 -0300] INFO (87651): request completed
    route: "/v1/portal/documents/cnh"
    method: "GET"
    status: 503
    duration_ms: 6
[2026-09-27 23:15:05.796 -0300] INFO (87651): request completed
    route: "/v1/portal/vehicles"
    method: "GET"
    status: 503
    duration_ms: 6
[2026-09-27 23:15:05.801 -0300] INFO (87651): request completed
    route: "/v1/portal/vehicles/00000000-0000-7000-8000-00007ff00001/clearance"
    method: "GET"
    status: 404
    duration_ms: 4
[2026-09-27 23:15:05.810 -0300] INFO (87651): request completed
    route: "/v1/portal/crashes"
    method: "GET"
    status: 200
    duration_ms: 8
[2026-09-27 23:15:05.816 -0300] INFO (87651): request completed
    route: "/v1/portal/crashes/00000000-0000-7000-8000-00007ff00003"
    method: "GET"
    status: 404
    duration_ms: 5
[2026-09-27 23:15:05.826 -0300] INFO (87651): request completed
    route: "/v1/portal/exams"
    method: "GET"
    status: 200
    duration_ms: 9
[2026-09-27 23:15:05.832 -0300] INFO (87651): request completed
    route: "/v1/portal/exams/00000000-0000-7000-8000-00007ff00002"
    method: "GET"
    status: 404
    duration_ms: 5
[2026-09-27 23:15:05.839 -0300] INFO (87651): request completed
    route: "/v1/portal/manifestations"
    method: "GET"
    status: 200
    duration_ms: 7
[2026-09-27 23:15:05.843 -0300] INFO (87651): request completed
    route: "/v1/portal/service-charter/manifestar/deadline"
    method: "GET"
    status: 200
    duration_ms: 4
[2026-09-27 23:15:05.848 -0300] INFO (87651): request completed
    route: "/v1/portal/identity/representations"
    method: "GET"
    status: 200
    duration_ms: 4
[2026-09-27 23:15:05.852 -0300] INFO (87651): request completed
    route: "/v1/portal/services"
    method: "GET"
    status: 200
    duration_ms: 3
[2026-09-27 23:15:05.858 -0300] INFO (87651): request completed
    route: "/v1/portal/aits/00000000-0000-7000-8000-0000f0000002"
    method: "GET"
    status: 404
    duration_ms: 5
[2026-09-27 23:15:05.863 -0300] INFO (87651): request completed
    route: "/v1/portal/aits/00000000-0000-7000-8000-0000f0000002/points"
    method: "GET"
    status: 404
    duration_ms: 4
[2026-09-27 23:15:05.869 -0300] INFO (87651): request completed
    route: "/v1/portal/points-summary"
    method: "GET"
    status: 200
    duration_ms: 5
[2026-09-27 23:15:05.875 -0300] INFO (87651): request completed
    route: "/v1/portal/requests"
    method: "GET"
    status: 200
    duration_ms: 5
[2026-09-27 23:15:05.880 -0300] INFO (87651): request completed
    route: "/v1/portal/requests/00000000-0000-7000-8000-000070400e09"
    method: "GET"
    status: 404
    duration_ms: 4
[2026-09-27 23:15:05.885 -0300] INFO (87651): request completed
    route: "/v1/portal/requests/00000000-0000-7000-8000-000070400e09/receipt"
    method: "GET"
    status: 404
    duration_ms: 4
[2026-09-27 23:15:05.891 -0300] INFO (87651): request completed
    route: "/v1/portal/requests/00000000-0000-7000-8000-000070400e09/decision"
    method: "GET"
    status: 404
    duration_ms: 5
[2026-09-27 23:15:05.897 -0300] INFO (87651): request completed
    route: "/v1/portal/inbox"
    method: "GET"
    status: 200
    duration_ms: 5
[2026-09-27 23:15:05.902 -0300] INFO (87651): request completed
    route: "/v1/portal/sne/enrollment"
    method: "GET"
    status: 200
    duration_ms: 4
[2026-09-27 23:15:05.909 -0300] INFO (87651): request completed
    route: "/v1/portal/documents/cnh"
    method: "GET"
    status: 503
    duration_ms: 6
[2026-09-27 23:15:05.915 -0300] INFO (87651): request completed
    route: "/v1/portal/vehicles"
    method: "GET"
    status: 503
    duration_ms: 5
[2026-09-27 23:15:05.922 -0300] INFO (87651): request completed
    route: "/v1/portal/vehicles/00000000-0000-7000-8000-00007ff00001/clearance"
    method: "GET"
    status: 404
    duration_ms: 6
[2026-09-27 23:15:05.931 -0300] INFO (87651): request completed
    route: "/v1/portal/crashes"
    method: "GET"
    status: 200
    duration_ms: 9
[2026-09-27 23:15:05.936 -0300] INFO (87651): request completed
    route: "/v1/portal/crashes/00000000-0000-7000-8000-00007ff00003"
    method: "GET"
    status: 404
    duration_ms: 4
[2026-09-27 23:15:05.945 -0300] INFO (87651): request completed
    route: "/v1/portal/exams"
    method: "GET"
    status: 200
    duration_ms: 8
[2026-09-27 23:15:05.954 -0300] INFO (87651): request completed
    route: "/v1/portal/exams/00000000-0000-7000-8000-00007ff00002"
    method: "GET"
    status: 200
    duration_ms: 8
[2026-09-27 23:15:05.961 -0300] INFO (87651): request completed
    route: "/v1/portal/manifestations"
    method: "GET"
    status: 200
    duration_ms: 6
[2026-09-27 23:15:05.965 -0300] INFO (87651): request completed
    route: "/v1/portal/service-charter/manifestar/deadline"
    method: "GET"
    status: 200
    duration_ms: 3
[2026-09-27 23:15:05.969 -0300] INFO (87651): request completed
    route: "/v1/portal/identity/representations"
    method: "GET"
    status: 200
    duration_ms: 4
[2026-09-27 23:15:05.973 -0300] INFO (87651): request completed
    route: "/v1/portal/services"
    method: "GET"
    status: 200
    duration_ms: 3
[2026-09-27 23:15:05.979 -0300] INFO (87651): request completed
    route: "/v1/portal/aits/00000000-0000-7000-8000-0000f0000002"
    method: "GET"
    status: 200
    duration_ms: 5
[2026-09-27 23:15:05.985 -0300] INFO (87651): request completed
    route: "/v1/portal/aits/00000000-0000-7000-8000-0000f0000002/points"
    method: "GET"
    status: 200
    duration_ms: 5
[2026-09-27 23:15:05.990 -0300] INFO (87651): request completed
    route: "/v1/portal/points-summary"
    method: "GET"
    status: 200
    duration_ms: 4
[2026-09-27 23:15:05.996 -0300] INFO (87651): request completed
    route: "/v1/portal/requests"
    method: "GET"
    status: 200
    duration_ms: 5
[2026-09-27 23:15:06.003 -0300] INFO (87651): request completed
    route: "/v1/portal/requests/00000000-0000-7000-8000-000070400e09"
    method: "GET"
    status: 200
    duration_ms: 6
[2026-09-27 23:15:06.008 -0300] INFO (87651): request completed
    route: "/v1/portal/requests/00000000-0000-7000-8000-000070400e09/receipt"
    method: "GET"
    status: 404
    duration_ms: 4
[2026-09-27 23:15:06.014 -0300] INFO (87651): request completed
    route: "/v1/portal/requests/00000000-0000-7000-8000-000070400e09/decision"
    method: "GET"
    status: 200
    duration_ms: 5
[2026-09-27 23:15:06.023 -0300] INFO (87651): request completed
    route: "/v1/portal/inbox"
    method: "GET"
    status: 200
    duration_ms: 8
[2026-09-27 23:15:06.029 -0300] INFO (87651): request completed
    route: "/v1/portal/sne/enrollment"
    method: "GET"
    status: 200
    duration_ms: 5
[2026-09-27 23:15:06.036 -0300] INFO (87651): request completed
    route: "/v1/portal/documents/cnh"
    method: "GET"
    status: 503
    duration_ms: 6
[2026-09-27 23:15:06.044 -0300] INFO (87651): request completed
    route: "/v1/portal/vehicles"
    method: "GET"
    status: 503
    duration_ms: 7
[2026-09-27 23:15:06.052 -0300] INFO (87651): request completed
    route: "/v1/portal/vehicles/00000000-0000-7000-8000-00007ff00001/clearance"
    method: "GET"
    status: 503
    duration_ms: 7
[2026-09-27 23:15:06.062 -0300] INFO (87651): request completed
    route: "/v1/portal/crashes"
    method: "GET"
    status: 200
    duration_ms: 9
[2026-09-27 23:15:06.071 -0300] INFO (87651): request completed
    route: "/v1/portal/crashes/00000000-0000-7000-8000-00007ff00003"
    method: "GET"
    status: 200
    duration_ms: 8
[2026-09-27 23:15:06.079 -0300] INFO (87651): request completed
    route: "/v1/portal/exams"
    method: "GET"
    status: 200
    duration_ms: 7
[2026-09-27 23:15:06.085 -0300] INFO (87651): request completed
    route: "/v1/portal/exams/00000000-0000-7000-8000-00007ff00002"
    method: "GET"
    status: 404
    duration_ms: 5
[2026-09-27 23:15:06.092 -0300] INFO (87651): request completed
    route: "/v1/portal/manifestations"
    method: "GET"
    status: 200
    duration_ms: 6
[2026-09-27 23:15:06.097 -0300] INFO (87651): request completed
    route: "/v1/portal/service-charter/manifestar/deadline"
    method: "GET"
    status: 200
    duration_ms: 4
[2026-09-27 23:15:06.103 -0300] INFO (87651): request completed
    route: "/v1/portal/identity/representations"
    method: "GET"
    status: 200
    duration_ms: 5
[2026-09-27 23:15:06.108 -0300] INFO (87651): request completed
    route: "/v1/portal/services"
    method: "GET"
    status: 200
    duration_ms: 4
[2026-09-27 23:15:06.112 -0300] INFO (87651): request completed
    route: "/v1/portal/aits/00000000-0000-7000-8000-0000f0000002"
    method: "GET"
    status: 404
    duration_ms: 3
[2026-09-27 23:15:06.119 -0300] INFO (87651): request completed
    route: "/v1/portal/aits/00000000-0000-7000-8000-0000f0000002/points"
    method: "GET"
    status: 404
    duration_ms: 6
[2026-09-27 23:15:06.125 -0300] INFO (87651): request completed
    route: "/v1/portal/points-summary"
    method: "GET"
    status: 200
    duration_ms: 5
[2026-09-27 23:15:06.133 -0300] INFO (87651): request completed
    route: "/v1/portal/requests"
    method: "GET"
    status: 200
    duration_ms: 7
[2026-09-27 23:15:06.138 -0300] INFO (87651): request completed
    route: "/v1/portal/requests/00000000-0000-7000-8000-000070400e09"
    method: "GET"
    status: 404
    duration_ms: 5
[2026-09-27 23:15:06.144 -0300] INFO (87651): request completed
    route: "/v1/portal/requests/00000000-0000-7000-8000-000070400e09/receipt"
    method: "GET"
    status: 404
    duration_ms: 5
[2026-09-27 23:15:06.150 -0300] INFO (87651): request completed
    route: "/v1/portal/requests/00000000-0000-7000-8000-000070400e09/decision"
    method: "GET"
    status: 404
    duration_ms: 5
[2026-09-27 23:15:06.158 -0300] INFO (87651): request completed
    route: "/v1/portal/inbox"
    method: "GET"
    status: 200
    duration_ms: 7
[2026-09-27 23:15:06.163 -0300] INFO (87651): request completed
    route: "/v1/portal/sne/enrollment"
    method: "GET"
    status: 200
    duration_ms: 4
[2026-09-27 23:15:06.171 -0300] INFO (87651): request completed
    route: "/v1/portal/documents/cnh"
    method: "GET"
    status: 503
    duration_ms: 7
[2026-09-27 23:15:06.177 -0300] INFO (87651): request completed
    route: "/v1/portal/vehicles"
    method: "GET"
    status: 503
    duration_ms: 5
[2026-09-27 23:15:06.184 -0300] INFO (87651): request completed
    route: "/v1/portal/vehicles/00000000-0000-7000-8000-00007ff00001/clearance"
    method: "GET"
    status: 404
    duration_ms: 6
[2026-09-27 23:15:06.194 -0300] INFO (87651): request completed
    route: "/v1/portal/crashes"
    method: "GET"
    status: 200
    duration_ms: 10
[2026-09-27 23:15:06.200 -0300] INFO (87651): request completed
    route: "/v1/portal/crashes/00000000-0000-7000-8000-00007ff00003"
    method: "GET"
    status: 404
    duration_ms: 5
[2026-09-27 23:15:06.209 -0300] INFO (87651): request completed
    route: "/v1/portal/exams"
    method: "GET"
    status: 200
    duration_ms: 8
[2026-09-27 23:15:06.214 -0300] INFO (87651): request completed
    route: "/v1/portal/exams/00000000-0000-7000-8000-00007ff00002"
    method: "GET"
    status: 404
    duration_ms: 4
[2026-09-27 23:15:06.220 -0300] INFO (87651): request completed
    route: "/v1/portal/manifestations"
    method: "GET"
    status: 200
    duration_ms: 5
[2026-09-27 23:15:06.225 -0300] INFO (87651): request completed
    route: "/v1/portal/service-charter/manifestar/deadline"
    method: "GET"
    status: 200
    duration_ms: 4
[2026-09-27 23:15:06.229 -0300] INFO (87651): request completed
    route: "/v1/portal/identity/representations"
    method: "GET"
    status: 200
    duration_ms: 3
[2026-09-27 23:15:06.234 -0300] INFO (87651): request completed
    route: "/v1/portal/services"
    method: "GET"
    status: 200
    duration_ms: 4
[2026-09-27 23:15:06.239 -0300] INFO (87651): request completed
    route: "/v1/portal/aits/00000000-0000-7000-8000-0000f0000002"
    method: "GET"
    status: 404
    duration_ms: 4
[2026-09-27 23:15:06.244 -0300] INFO (87651): request completed
    route: "/v1/portal/aits/00000000-0000-7000-8000-0000f0000002/points"
    method: "GET"
    status: 404
    duration_ms: 4
[2026-09-27 23:15:06.250 -0300] INFO (87651): request completed
    route: "/v1/portal/points-summary"
    method: "GET"
    status: 200
    duration_ms: 5
[2026-09-27 23:15:06.257 -0300] INFO (87651): request completed
    route: "/v1/portal/requests"
    method: "GET"
    status: 200
    duration_ms: 6
[2026-09-27 23:15:06.263 -0300] INFO (87651): request completed
    route: "/v1/portal/requests/00000000-0000-7000-8000-000070400e09"
    method: "GET"
    status: 404
    duration_ms: 5
[2026-09-27 23:15:06.268 -0300] INFO (87651): request completed
    route: "/v1/portal/requests/00000000-0000-7000-8000-000070400e09/receipt"
    method: "GET"
    status: 404
    duration_ms: 4
[2026-09-27 23:15:06.274 -0300] INFO (87651): request completed
    route: "/v1/portal/requests/00000000-0000-7000-8000-000070400e09/decision"
    method: "GET"
    status: 404
    duration_ms: 5
[2026-09-27 23:15:06.280 -0300] INFO (87651): request completed
    route: "/v1/portal/inbox"
    method: "GET"
    status: 200
    duration_ms: 5
[2026-09-27 23:15:06.285 -0300] INFO (87651): request completed
    route: "/v1/portal/sne/enrollment"
    method: "GET"
    status: 200
    duration_ms: 4
[2026-09-27 23:15:06.292 -0300] INFO (87651): request completed
    route: "/v1/portal/documents/cnh"
    method: "GET"
    status: 503
    duration_ms: 6
[2026-09-27 23:15:06.298 -0300] INFO (87651): request completed
    route: "/v1/portal/vehicles"
    method: "GET"
    status: 503
    duration_ms: 5
[2026-09-27 23:15:06.304 -0300] INFO (87651): request completed
    route: "/v1/portal/vehicles/00000000-0000-7000-8000-00007ff00001/clearance"
    method: "GET"
    status: 404
    duration_ms: 5
[2026-09-27 23:15:06.314 -0300] INFO (87651): request completed
    route: "/v1/portal/crashes"
    method: "GET"
    status: 200
    duration_ms: 9
[2026-09-27 23:15:06.319 -0300] INFO (87651): request completed
    route: "/v1/portal/crashes/00000000-0000-7000-8000-00007ff00003"
    method: "GET"
    status: 404
    duration_ms: 4
[2026-09-27 23:15:06.328 -0300] INFO (87651): request completed
    route: "/v1/portal/exams"
    method: "GET"
    status: 200
    duration_ms: 8
[2026-09-27 23:15:06.338 -0300] INFO (87651): request completed
    route: "/v1/portal/exams/00000000-0000-7000-8000-00007ff00002"
    method: "GET"
    status: 200
    duration_ms: 9
[2026-09-27 23:15:06.345 -0300] INFO (87651): request completed
    route: "/v1/portal/manifestations"
    method: "GET"
    status: 200
    duration_ms: 6
[2026-09-27 23:15:06.349 -0300] INFO (87651): request completed
    route: "/v1/portal/service-charter/manifestar/deadline"
    method: "GET"
    status: 200
    duration_ms: 4
[2026-09-27 23:15:06.355 -0300] INFO (87651): request completed
    route: "/v1/portal/identity/representations"
    method: "GET"
    status: 200
    duration_ms: 5
[2026-09-27 23:15:06.359 -0300] INFO (87651): request completed
    route: "/v1/portal/services"
    method: "GET"
    status: 200
    duration_ms: 3
[2026-09-27 23:15:06.365 -0300] INFO (87651): request completed
    route: "/v1/portal/aits/00000000-0000-7000-8000-0000f0000002"
    method: "GET"
    status: 200
    duration_ms: 5
[2026-09-27 23:15:06.370 -0300] INFO (87651): request completed
    route: "/v1/portal/aits/00000000-0000-7000-8000-0000f0000002/points"
    method: "GET"
    status: 200
    duration_ms: 5
[2026-09-27 23:15:06.374 -0300] INFO (87651): request completed
    route: "/v1/portal/points-summary"
    method: "GET"
    status: 200
    duration_ms: 4
[2026-09-27 23:15:06.380 -0300] INFO (87651): request completed
    route: "/v1/portal/requests"
    method: "GET"
    status: 200
    duration_ms: 5
[2026-09-27 23:15:06.387 -0300] INFO (87651): request completed
    route: "/v1/portal/requests/00000000-0000-7000-8000-000070400e09"
    method: "GET"
    status: 200
    duration_ms: 6
[2026-09-27 23:15:06.393 -0300] INFO (87651): request completed
    route: "/v1/portal/requests/00000000-0000-7000-8000-000070400e09/receipt"
    method: "GET"
    status: 404
    duration_ms: 5
[2026-09-27 23:15:06.399 -0300] INFO (87651): request completed
    route: "/v1/portal/requests/00000000-0000-7000-8000-000070400e09/decision"
    method: "GET"
    status: 200
    duration_ms: 5
[2026-09-27 23:15:06.404 -0300] INFO (87651): request completed
    route: "/v1/portal/inbox"
    method: "GET"
    status: 200
    duration_ms: 4
[2026-09-27 23:15:06.409 -0300] INFO (87651): request completed
    route: "/v1/portal/sne/enrollment"
    method: "GET"
    status: 200
    duration_ms: 4
[2026-09-27 23:15:06.416 -0300] INFO (87651): request completed
    route: "/v1/portal/documents/cnh"
    method: "GET"
    status: 503
    duration_ms: 6
[2026-09-27 23:15:06.423 -0300] INFO (87651): request completed
    route: "/v1/portal/vehicles"
    method: "GET"
    status: 503
    duration_ms: 6
[2026-09-27 23:15:06.431 -0300] INFO (87651): request completed
    route: "/v1/portal/vehicles/00000000-0000-7000-8000-00007ff00001/clearance"
    method: "GET"
    status: 503
    duration_ms: 7
[2026-09-27 23:15:06.441 -0300] INFO (87651): request completed
    route: "/v1/portal/crashes"
    method: "GET"
    status: 200
    duration_ms: 9
[2026-09-27 23:15:06.450 -0300] INFO (87651): request completed
    route: "/v1/portal/crashes/00000000-0000-7000-8000-00007ff00003"
    method: "GET"
    status: 200
    duration_ms: 8
[2026-09-27 23:15:06.459 -0300] INFO (87651): request completed
    route: "/v1/portal/exams"
    method: "GET"
    status: 200
    duration_ms: 8
[2026-09-27 23:15:06.464 -0300] INFO (87651): request completed
    route: "/v1/portal/exams/00000000-0000-7000-8000-00007ff00002"
    method: "GET"
    status: 404
    duration_ms: 4
[2026-09-27 23:15:06.471 -0300] INFO (87651): request completed
    route: "/v1/portal/manifestations"
    method: "GET"
    status: 200
    duration_ms: 6
[2026-09-27 23:15:06.475 -0300] INFO (87651): request completed
    route: "/v1/portal/service-charter/manifestar/deadline"
    method: "GET"
    status: 200
    duration_ms: 3
[2026-09-27 23:15:06.480 -0300] INFO (87651): request completed
    route: "/v1/portal/identity/representations"
    method: "GET"
    status: 200
    duration_ms: 4
[2026-09-27 23:15:06.485 -0300] INFO (87651): request completed
    route: "/v1/portal/services"
    method: "GET"
    status: 200
    duration_ms: 4
[2026-09-27 23:15:06.490 -0300] INFO (87651): request completed
    route: "/v1/portal/aits/00000000-0000-7000-8000-0000f0000002"
    method: "GET"
    status: 404
    duration_ms: 4
[2026-09-27 23:15:06.496 -0300] INFO (87651): request completed
    route: "/v1/portal/aits/00000000-0000-7000-8000-0000f0000002/points"
    method: "GET"
    status: 404
    duration_ms: 5
[2026-09-27 23:15:06.503 -0300] INFO (87651): request completed
    route: "/v1/portal/points-summary"
    method: "GET"
    status: 200
    duration_ms: 6
[2026-09-27 23:15:06.511 -0300] INFO (87651): request completed
    route: "/v1/portal/requests"
    method: "GET"
    status: 200
    duration_ms: 7
[2026-09-27 23:15:06.517 -0300] INFO (87651): request completed
    route: "/v1/portal/requests/00000000-0000-7000-8000-000070400e09"
    method: "GET"
    status: 404
    duration_ms: 6
[2026-09-27 23:15:06.531 -0300] INFO (87651): request completed
    route: "/v1/portal/requests/00000000-0000-7000-8000-000070400e09/receipt"
    method: "GET"
    status: 404
    duration_ms: 14
[2026-09-27 23:15:06.538 -0300] INFO (87651): request completed
    route: "/v1/portal/requests/00000000-0000-7000-8000-000070400e09/decision"
    method: "GET"
    status: 404
    duration_ms: 6
[2026-09-27 23:15:06.545 -0300] INFO (87651): request completed
    route: "/v1/portal/inbox"
    method: "GET"
    status: 200
    duration_ms: 6
[2026-09-27 23:15:06.551 -0300] INFO (87651): request completed
    route: "/v1/portal/sne/enrollment"
    method: "GET"
    status: 200
    duration_ms: 4
[2026-09-27 23:15:06.558 -0300] INFO (87651): request completed
    route: "/v1/portal/documents/cnh"
    method: "GET"
    status: 503
    duration_ms: 6
[2026-09-27 23:15:06.566 -0300] INFO (87651): request completed
    route: "/v1/portal/vehicles"
    method: "GET"
    status: 503
    duration_ms: 7
[2026-09-27 23:15:06.572 -0300] INFO (87651): request completed
    route: "/v1/portal/vehicles/00000000-0000-7000-8000-00007ff00001/clearance"
    method: "GET"
    status: 404
    duration_ms: 5
[2026-09-27 23:15:06.583 -0300] INFO (87651): request completed
    route: "/v1/portal/crashes"
    method: "GET"
    status: 200
    duration_ms: 10
[2026-09-27 23:15:06.589 -0300] INFO (87651): request completed
    route: "/v1/portal/crashes/00000000-0000-7000-8000-00007ff00003"
    method: "GET"
    status: 404
    duration_ms: 5
[2026-09-27 23:15:06.599 -0300] INFO (87651): request completed
    route: "/v1/portal/exams"
    method: "GET"
    status: 200
    duration_ms: 9
[2026-09-27 23:15:06.606 -0300] INFO (87651): request completed
    route: "/v1/portal/exams/00000000-0000-7000-8000-00007ff00002"
    method: "GET"
    status: 404
    duration_ms: 6
[2026-09-27 23:15:06.615 -0300] INFO (87651): request completed
    route: "/v1/portal/manifestations"
    method: "GET"
    status: 200
    duration_ms: 8
[2026-09-27 23:15:06.620 -0300] INFO (87651): request completed
    route: "/v1/portal/service-charter/manifestar/deadline"
    method: "GET"
    status: 200
    duration_ms: 4
[2026-09-27 23:15:06.626 -0300] INFO (87651): request completed
    route: "/v1/portal/identity/representations"
    method: "GET"
    status: 200
    duration_ms: 5
[2026-09-27 23:15:06.632 -0300] INFO (87651): request completed
    route: "/v1/portal/services"
    method: "GET"
    status: 200
    duration_ms: 5
[2026-09-27 23:15:06.638 -0300] INFO (87651): request completed
    route: "/v1/portal/aits/00000000-0000-7000-8000-0000f0000002"
    method: "GET"
    status: 404
    duration_ms: 5
[2026-09-27 23:15:06.644 -0300] INFO (87651): request completed
    route: "/v1/portal/aits/00000000-0000-7000-8000-0000f0000002/points"
    method: "GET"
    status: 404
    duration_ms: 5
[2026-09-27 23:15:06.651 -0300] INFO (87651): request completed
    route: "/v1/portal/points-summary"
    method: "GET"
    status: 200
    duration_ms: 6
[2026-09-27 23:15:06.658 -0300] INFO (87651): request completed
    route: "/v1/portal/requests"
    method: "GET"
    status: 200
    duration_ms: 6
[2026-09-27 23:15:06.665 -0300] INFO (87651): request completed
    route: "/v1/portal/requests/00000000-0000-7000-8000-000070400e09"
    method: "GET"
    status: 404
    duration_ms: 6
[2026-09-27 23:15:06.672 -0300] INFO (87651): request completed
    route: "/v1/portal/requests/00000000-0000-7000-8000-000070400e09/receipt"
    method: "GET"
    status: 404
    duration_ms: 6
[2026-09-27 23:15:06.679 -0300] INFO (87651): request completed
    route: "/v1/portal/requests/00000000-0000-7000-8000-000070400e09/decision"
    method: "GET"
    status: 404
    duration_ms: 6
[2026-09-27 23:15:06.685 -0300] INFO (87651): request completed
    route: "/v1/portal/inbox"
    method: "GET"
    status: 200
    duration_ms: 6
[2026-09-27 23:15:06.702 -0300] INFO (87651): request completed
    route: "/v1/portal/sne/enrollment"
    method: "GET"
    status: 200
    duration_ms: 8
[2026-09-27 23:15:06.710 -0300] INFO (87651): request completed
    route: "/v1/portal/documents/cnh"
    method: "GET"
    status: 503
    duration_ms: 7
[2026-09-27 23:15:06.717 -0300] INFO (87651): request completed
    route: "/v1/portal/vehicles"
    method: "GET"
    status: 503
    duration_ms: 6
[2026-09-27 23:15:06.724 -0300] INFO (87651): request completed
    route: "/v1/portal/vehicles/00000000-0000-7000-8000-00007ff00001/clearance"
    method: "GET"
    status: 404
    duration_ms: 6
[2026-09-27 23:15:06.734 -0300] INFO (87651): request completed
    route: "/v1/portal/crashes"
    method: "GET"
    status: 200
    duration_ms: 9
[2026-09-27 23:15:06.741 -0300] INFO (87651): request completed
    route: "/v1/portal/crashes/00000000-0000-7000-8000-00007ff00003"
    method: "GET"
    status: 404
    duration_ms: 6
[2026-09-27 23:15:06.753 -0300] INFO (87651): request completed
    route: "/v1/portal/exams"
    method: "GET"
    status: 200
    duration_ms: 11
[2026-09-27 23:15:06.766 -0300] INFO (87651): request completed
    route: "/v1/portal/exams/00000000-0000-7000-8000-00007ff00002"
    method: "GET"
    status: 200
    duration_ms: 12
[2026-09-27 23:15:06.776 -0300] INFO (87651): request completed
    route: "/v1/portal/manifestations"
    method: "GET"
    status: 200
    duration_ms: 9
[2026-09-27 23:15:06.783 -0300] INFO (87651): request completed
    route: "/v1/portal/service-charter/manifestar/deadline"
    method: "GET"
    status: 200
    duration_ms: 6
[2026-09-27 23:15:06.791 -0300] INFO (87651): request completed
    route: "/v1/portal/identity/representations"
    method: "GET"
    status: 200
    duration_ms: 7
[2026-09-27 23:15:06.798 -0300] INFO (87651): request completed
    route: "/v1/portal/services"
    method: "GET"
    status: 200
    duration_ms: 6
[2026-09-27 23:15:06.811 -0300] INFO (87651): request completed
    route: "/v1/portal/aits/00000000-0000-7000-8000-0000f0000002"
    method: "GET"
    status: 200
    duration_ms: 11
[2026-09-27 23:15:06.823 -0300] INFO (87651): request completed
    route: "/v1/portal/aits/00000000-0000-7000-8000-0000f0000002/points"
    method: "GET"
    status: 200
    duration_ms: 9
[2026-09-27 23:15:06.832 -0300] INFO (87651): request completed
    route: "/v1/portal/points-summary"
    method: "GET"
    status: 200
    duration_ms: 7
[2026-09-27 23:15:06.842 -0300] INFO (87651): request completed
    route: "/v1/portal/requests"
    method: "GET"
    status: 200
    duration_ms: 9
[2026-09-27 23:15:06.852 -0300] INFO (87651): request completed
    route: "/v1/portal/requests/00000000-0000-7000-8000-000070400e09"
    method: "GET"
    status: 200
    duration_ms: 9
[2026-09-27 23:15:06.861 -0300] INFO (87651): request completed
    route: "/v1/portal/requests/00000000-0000-7000-8000-000070400e09/receipt"
    method: "GET"
    status: 404
    duration_ms: 7
[2026-09-27 23:15:06.868 -0300] INFO (87651): request completed
    route: "/v1/portal/requests/00000000-0000-7000-8000-000070400e09/decision"
    method: "GET"
    status: 200
    duration_ms: 6
[2026-09-27 23:15:06.875 -0300] INFO (87651): request completed
    route: "/v1/portal/inbox"
    method: "GET"
    status: 200
    duration_ms: 6
[2026-09-27 23:15:06.883 -0300] INFO (87651): request completed
    route: "/v1/portal/sne/enrollment"
    method: "GET"
    status: 200
    duration_ms: 7
[2026-09-27 23:15:06.892 -0300] INFO (87651): request completed
    route: "/v1/portal/documents/cnh"
    method: "GET"
    status: 503
    duration_ms: 9
[2026-09-27 23:15:06.900 -0300] INFO (87651): request completed
    route: "/v1/portal/vehicles"
    method: "GET"
    status: 503
    duration_ms: 6
[2026-09-27 23:15:06.910 -0300] INFO (87651): request completed
    route: "/v1/portal/vehicles/00000000-0000-7000-8000-00007ff00001/clearance"
    method: "GET"
    status: 503
    duration_ms: 9
[2026-09-27 23:15:06.923 -0300] INFO (87651): request completed
    route: "/v1/portal/crashes"
    method: "GET"
    status: 200
    duration_ms: 11
[2026-09-27 23:15:06.934 -0300] INFO (87651): request completed
    route: "/v1/portal/crashes/00000000-0000-7000-8000-00007ff00003"
    method: "GET"
    status: 200
    duration_ms: 10
[2026-09-27 23:15:06.944 -0300] INFO (87651): request completed
    route: "/v1/portal/exams"
    method: "GET"
    status: 200
    duration_ms: 9
[2026-09-27 23:15:06.950 -0300] INFO (87651): request completed
    route: "/v1/portal/exams/00000000-0000-7000-8000-00007ff00002"
    method: "GET"
    status: 404
    duration_ms: 4
[2026-09-27 23:15:06.959 -0300] INFO (87651): request completed
    route: "/v1/portal/manifestations"
    method: "GET"
    status: 200
    duration_ms: 8
[2026-09-27 23:15:06.966 -0300] INFO (87651): request completed
    route: "/v1/portal/service-charter/manifestar/deadline"
    method: "GET"
    status: 200
    duration_ms: 5
[2026-09-27 23:15:06.973 -0300] INFO (87651): request completed
    route: "/v1/portal/identity/representations"
    method: "GET"
    status: 200
    duration_ms: 5
[2026-09-27 23:15:06.979 -0300] INFO (87651): request completed
    route: "/v1/portal/services"
    method: "GET"
    status: 200
    duration_ms: 4
[2026-09-27 23:15:06.986 -0300] INFO (87651): request completed
    route: "/v1/portal/aits/00000000-0000-7000-8000-0000f0000002"
    method: "GET"
    status: 404
    duration_ms: 5
[2026-09-27 23:15:06.993 -0300] INFO (87651): request completed
    route: "/v1/portal/aits/00000000-0000-7000-8000-0000f0000002/points"
    method: "GET"
    status: 404
    duration_ms: 6
[2026-09-27 23:15:06.999 -0300] INFO (87651): request completed
    route: "/v1/portal/points-summary"
    method: "GET"
    status: 200
    duration_ms: 6
[2026-09-27 23:15:07.006 -0300] INFO (87651): request completed
    route: "/v1/portal/requests"
    method: "GET"
    status: 200
    duration_ms: 6
[2026-09-27 23:15:07.011 -0300] INFO (87651): request completed
    route: "/v1/portal/requests/00000000-0000-7000-8000-000070400e09"
    method: "GET"
    status: 404
    duration_ms: 5
[2026-09-27 23:15:07.016 -0300] INFO (87651): request completed
    route: "/v1/portal/requests/00000000-0000-7000-8000-000070400e09/receipt"
    method: "GET"
    status: 404
    duration_ms: 4
[2026-09-27 23:15:07.024 -0300] INFO (87651): request completed
    route: "/v1/portal/requests/00000000-0000-7000-8000-000070400e09/decision"
    method: "GET"
    status: 404
    duration_ms: 7
[2026-09-27 23:15:07.032 -0300] INFO (87651): request completed
    route: "/v1/portal/inbox"
    method: "GET"
    status: 200
    duration_ms: 7
[2026-09-27 23:15:07.037 -0300] INFO (87651): request completed
    route: "/v1/portal/sne/enrollment"
    method: "GET"
    status: 200
    duration_ms: 4
[2026-09-27 23:15:07.044 -0300] INFO (87651): request completed
    route: "/v1/portal/documents/cnh"
    method: "GET"
    status: 503
    duration_ms: 6
[2026-09-27 23:15:07.051 -0300] INFO (87651): request completed
    route: "/v1/portal/vehicles"
    method: "GET"
    status: 503
    duration_ms: 6
[2026-09-27 23:15:07.058 -0300] INFO (87651): request completed
    route: "/v1/portal/vehicles/00000000-0000-7000-8000-00007ff00001/clearance"
    method: "GET"
    status: 404
    duration_ms: 6
[2026-09-27 23:15:07.067 -0300] INFO (87651): request completed
    route: "/v1/portal/crashes"
    method: "GET"
    status: 200
    duration_ms: 9
[2026-09-27 23:15:07.074 -0300] INFO (87651): request completed
    route: "/v1/portal/crashes/00000000-0000-7000-8000-00007ff00003"
    method: "GET"
    status: 404
    duration_ms: 6
[2026-09-27 23:15:07.085 -0300] INFO (87651): request completed
    route: "/v1/portal/exams"
    method: "GET"
    status: 200
    duration_ms: 8
[2026-09-27 23:15:07.092 -0300] INFO (87651): request completed
    route: "/v1/portal/exams/00000000-0000-7000-8000-00007ff00002"
    method: "GET"
    status: 404
    duration_ms: 6
[2026-09-27 23:15:07.101 -0300] INFO (87651): request completed
    route: "/v1/portal/manifestations"
    method: "GET"
    status: 200
    duration_ms: 6
[2026-09-27 23:15:07.106 -0300] INFO (87651): request completed
    route: "/v1/portal/service-charter/manifestar/deadline"
    method: "GET"
    status: 200
    duration_ms: 4
[2026-09-27 23:15:07.111 -0300] INFO (87651): request completed
    route: "/v1/portal/identity/representations"
    method: "GET"
    status: 200
    duration_ms: 4
[2026-09-27 23:15:07.116 -0300] INFO (87651): request completed
    route: "/v1/portal/services"
    method: "GET"
    status: 200
    duration_ms: 4
[2026-09-27 23:15:07.122 -0300] INFO (87651): request completed
    route: "/v1/portal/aits/00000000-0000-7000-8000-0000f0000002"
    method: "GET"
    status: 404
    duration_ms: 5
[2026-09-27 23:15:07.127 -0300] INFO (87651): request completed
    route: "/v1/portal/aits/00000000-0000-7000-8000-0000f0000002/points"
    method: "GET"
    status: 404
    duration_ms: 4
[2026-09-27 23:15:07.134 -0300] INFO (87651): request completed
    route: "/v1/portal/points-summary"
    method: "GET"
    status: 200
    duration_ms: 6
[2026-09-27 23:15:07.140 -0300] INFO (87651): request completed
    route: "/v1/portal/requests"
    method: "GET"
    status: 200
    duration_ms: 6
[2026-09-27 23:15:07.146 -0300] INFO (87651): request completed
    route: "/v1/portal/requests/00000000-0000-7000-8000-000070400e09"
    method: "GET"
    status: 404
    duration_ms: 5
[2026-09-27 23:15:07.151 -0300] INFO (87651): request completed
    route: "/v1/portal/requests/00000000-0000-7000-8000-000070400e09/receipt"
    method: "GET"
    status: 404
    duration_ms: 4
[2026-09-27 23:15:07.159 -0300] INFO (87651): request completed
    route: "/v1/portal/requests/00000000-0000-7000-8000-000070400e09/decision"
    method: "GET"
    status: 404
    duration_ms: 6
[2026-09-27 23:15:07.167 -0300] INFO (87651): request completed
    route: "/v1/portal/inbox"
    method: "GET"
    status: 200
    duration_ms: 7
[2026-09-27 23:15:07.175 -0300] INFO (87651): request completed
    route: "/v1/portal/sne/enrollment"
    method: "GET"
    status: 200
    duration_ms: 6
[2026-09-27 23:15:07.184 -0300] INFO (87651): request completed
    route: "/v1/portal/documents/cnh"
    method: "GET"
    status: 503
    duration_ms: 7
[2026-09-27 23:15:07.192 -0300] INFO (87651): request completed
    route: "/v1/portal/vehicles"
    method: "GET"
    status: 503
    duration_ms: 8
[2026-09-27 23:15:07.200 -0300] INFO (87651): request completed
    route: "/v1/portal/vehicles/00000000-0000-7000-8000-00007ff00001/clearance"
    method: "GET"
    status: 404
    duration_ms: 7
[2026-09-27 23:15:07.210 -0300] INFO (87651): request completed
    route: "/v1/portal/crashes"
    method: "GET"
    status: 200
    duration_ms: 9
[2026-09-27 23:15:07.218 -0300] INFO (87651): request completed
    route: "/v1/portal/crashes/00000000-0000-7000-8000-00007ff00003"
    method: "GET"
    status: 404
    duration_ms: 7
[2026-09-27 23:15:07.230 -0300] INFO (87651): request completed
    route: "/v1/portal/exams"
    method: "GET"
    status: 200
    duration_ms: 10
[2026-09-27 23:15:07.240 -0300] INFO (87651): request completed
    route: "/v1/portal/exams/00000000-0000-7000-8000-00007ff00002"
    method: "GET"
    status: 200
    duration_ms: 8
[2026-09-27 23:15:07.250 -0300] INFO (87651): request completed
    route: "/v1/portal/manifestations"
    method: "GET"
    status: 200
    duration_ms: 9
[2026-09-27 23:15:07.255 -0300] INFO (87651): request completed
    route: "/v1/portal/service-charter/manifestar/deadline"
    method: "GET"
    status: 200
    duration_ms: 4
[2026-09-27 23:15:07.261 -0300] INFO (87651): request completed
    route: "/v1/portal/identity/representations"
    method: "GET"
    status: 200
    duration_ms: 5
[2026-09-27 23:15:07.268 -0300] INFO (87651): request completed
    route: "/v1/portal/services"
    method: "GET"
    status: 200
    duration_ms: 6
[2026-09-27 23:15:07.276 -0300] INFO (87651): request completed
    route: "/v1/portal/aits/00000000-0000-7000-8000-0000f0000002"
    method: "GET"
    status: 200
    duration_ms: 7
[2026-09-27 23:15:07.285 -0300] INFO (87651): request completed
    route: "/v1/portal/aits/00000000-0000-7000-8000-0000f0000002/points"
    method: "GET"
    status: 200
    duration_ms: 8
[2026-09-27 23:15:07.291 -0300] INFO (87651): request completed
    route: "/v1/portal/points-summary"
    method: "GET"
    status: 200
    duration_ms: 5
[2026-09-27 23:15:07.298 -0300] INFO (87651): request completed
    route: "/v1/portal/requests"
    method: "GET"
    status: 200
    duration_ms: 6
[2026-09-27 23:15:07.305 -0300] INFO (87651): request completed
    route: "/v1/portal/requests/00000000-0000-7000-8000-000070400e09"
    method: "GET"
    status: 200
    duration_ms: 5
[2026-09-27 23:15:07.312 -0300] INFO (87651): request completed
    route: "/v1/portal/requests/00000000-0000-7000-8000-000070400e09/receipt"
    method: "GET"
    status: 404
    duration_ms: 6
[2026-09-27 23:15:07.322 -0300] INFO (87651): request completed
    route: "/v1/portal/requests/00000000-0000-7000-8000-000070400e09/decision"
    method: "GET"
    status: 200
    duration_ms: 8
[2026-09-27 23:15:07.329 -0300] INFO (87651): request completed
    route: "/v1/portal/inbox"
    method: "GET"
    status: 200
    duration_ms: 5
[2026-09-27 23:15:07.336 -0300] INFO (87651): request completed
    route: "/v1/portal/sne/enrollment"
    method: "GET"
    status: 200
    duration_ms: 6
[2026-09-27 23:15:07.345 -0300] INFO (87651): request completed
    route: "/v1/portal/documents/cnh"
    method: "GET"
    status: 503
    duration_ms: 8
[2026-09-27 23:15:07.356 -0300] INFO (87651): request completed
    route: "/v1/portal/vehicles"
    method: "GET"
    status: 503
    duration_ms: 9
[2026-09-27 23:15:07.369 -0300] INFO (87651): request completed
    route: "/v1/portal/vehicles/00000000-0000-7000-8000-00007ff00001/clearance"
    method: "GET"
    status: 503
    duration_ms: 12
[2026-09-27 23:15:07.385 -0300] INFO (87651): request completed
    route: "/v1/portal/crashes"
    method: "GET"
    status: 200
    duration_ms: 14
[2026-09-27 23:15:07.396 -0300] INFO (87651): request completed
    route: "/v1/portal/crashes/00000000-0000-7000-8000-00007ff00003"
    method: "GET"
    status: 200
    duration_ms: 10
[2026-09-27 23:15:07.408 -0300] INFO (87651): request completed
    route: "/v1/portal/exams"
    method: "GET"
    status: 200
    duration_ms: 11
[2026-09-27 23:15:07.416 -0300] INFO (87651): request completed
    route: "/v1/portal/exams/00000000-0000-7000-8000-00007ff00002"
    method: "GET"
    status: 404
    duration_ms: 7
[2026-09-27 23:15:07.424 -0300] INFO (87651): request completed
    route: "/v1/portal/manifestations"
    method: "GET"
    status: 200
    duration_ms: 7
[2026-09-27 23:15:07.430 -0300] INFO (87651): request completed
    route: "/v1/portal/service-charter/manifestar/deadline"
    method: "GET"
    status: 200
    duration_ms: 4
[2026-09-27 23:15:07.436 -0300] INFO (87651): request completed
    route: "/v1/portal/identity/representations"
    method: "GET"
    status: 200
    duration_ms: 5
[2026-09-27 23:15:07.443 -0300] INFO (87651): request completed
    route: "/v1/portal/services"
    method: "GET"
    status: 200
    duration_ms: 7
[2026-09-27 23:15:07.449 -0300] INFO (87651): request completed
    route: "/v1/portal/aits/00000000-0000-7000-8000-0000f0000002"
    method: "GET"
    status: 404
    duration_ms: 4
[2026-09-27 23:15:07.454 -0300] INFO (87651): request completed
    route: "/v1/portal/aits/00000000-0000-7000-8000-0000f0000002/points"
    method: "GET"
    status: 404
    duration_ms: 4
[2026-09-27 23:15:07.460 -0300] INFO (87651): request completed
    route: "/v1/portal/points-summary"
    method: "GET"
    status: 200
    duration_ms: 5
[2026-09-27 23:15:07.468 -0300] INFO (87651): request completed
    route: "/v1/portal/requests"
    method: "GET"
    status: 200
    duration_ms: 7
[2026-09-27 23:15:07.474 -0300] INFO (87651): request completed
    route: "/v1/portal/requests/00000000-0000-7000-8000-000070400e09"
    method: "GET"
    status: 404
    duration_ms: 6
[2026-09-27 23:15:07.483 -0300] INFO (87651): request completed
    route: "/v1/portal/requests/00000000-0000-7000-8000-000070400e09/receipt"
    method: "GET"
    status: 404
    duration_ms: 6
[2026-09-27 23:15:07.491 -0300] INFO (87651): request completed
    route: "/v1/portal/requests/00000000-0000-7000-8000-000070400e09/decision"
    method: "GET"
    status: 404
    duration_ms: 6
[2026-09-27 23:15:07.498 -0300] INFO (87651): request completed
    route: "/v1/portal/inbox"
    method: "GET"
    status: 200
    duration_ms: 6
[2026-09-27 23:15:07.503 -0300] INFO (87651): request completed
    route: "/v1/portal/sne/enrollment"
    method: "GET"
    status: 200
    duration_ms: 4
[2026-09-27 23:15:07.512 -0300] INFO (87651): request completed
    route: "/v1/portal/documents/cnh"
    method: "GET"
    status: 503
    duration_ms: 8
[2026-09-27 23:15:07.519 -0300] INFO (87651): request completed
    route: "/v1/portal/vehicles"
    method: "GET"
    status: 503
    duration_ms: 6
[2026-09-27 23:15:07.527 -0300] INFO (87651): request completed
    route: "/v1/portal/vehicles/00000000-0000-7000-8000-00007ff00001/clearance"
    method: "GET"
    status: 404
    duration_ms: 7
[2026-09-27 23:15:07.539 -0300] INFO (87651): request completed
    route: "/v1/portal/crashes"
    method: "GET"
    status: 200
    duration_ms: 11
[2026-09-27 23:15:07.545 -0300] INFO (87651): request completed
    route: "/v1/portal/crashes/00000000-0000-7000-8000-00007ff00003"
    method: "GET"
    status: 404
    duration_ms: 5
[2026-09-27 23:15:07.553 -0300] INFO (87651): request completed
    route: "/v1/portal/exams"
    method: "GET"
    status: 200
    duration_ms: 7
[2026-09-27 23:15:07.559 -0300] INFO (87651): request completed
    route: "/v1/portal/exams/00000000-0000-7000-8000-00007ff00002"
    method: "GET"
    status: 404
    duration_ms: 5
[2026-09-27 23:15:07.567 -0300] INFO (87651): request completed
    route: "/v1/portal/manifestations"
    method: "GET"
    status: 200
    duration_ms: 7
[2026-09-27 23:15:07.571 -0300] INFO (87651): request completed
    route: "/v1/portal/service-charter/manifestar/deadline"
    method: "GET"
    status: 200
    duration_ms: 3
[2026-09-27 23:15:07.577 -0300] INFO (87651): request completed
    route: "/v1/portal/identity/representations"
    method: "GET"
    status: 200
    duration_ms: 5
[2026-09-27 23:15:07.582 -0300] INFO (87651): request completed
    route: "/v1/portal/services"
    method: "GET"
    status: 200
    duration_ms: 5
[2026-09-27 23:15:07.586 -0300] INFO (87651): request completed
    route: "/v1/portal/aits/00000000-0000-7000-8000-0000f0000002"
    method: "GET"
    status: 404
    duration_ms: 4
[2026-09-27 23:15:07.592 -0300] INFO (87651): request completed
    route: "/v1/portal/aits/00000000-0000-7000-8000-0000f0000002/points"
    method: "GET"
    status: 404
    duration_ms: 5
[2026-09-27 23:15:07.597 -0300] INFO (87651): request completed
    route: "/v1/portal/points-summary"
    method: "GET"
    status: 200
    duration_ms: 5
[2026-09-27 23:15:07.605 -0300] INFO (87651): request completed
    route: "/v1/portal/requests"
    method: "GET"
    status: 200
    duration_ms: 7
[2026-09-27 23:15:07.612 -0300] INFO (87651): request completed
    route: "/v1/portal/requests/00000000-0000-7000-8000-000070400e09"
    method: "GET"
    status: 404
    duration_ms: 6
[2026-09-27 23:15:07.619 -0300] INFO (87651): request completed
    route: "/v1/portal/requests/00000000-0000-7000-8000-000070400e09/receipt"
    method: "GET"
    status: 404
    duration_ms: 6
[2026-09-27 23:15:07.627 -0300] INFO (87651): request completed
    route: "/v1/portal/requests/00000000-0000-7000-8000-000070400e09/decision"
    method: "GET"
    status: 404
    duration_ms: 7
[2026-09-27 23:15:07.636 -0300] INFO (87651): request completed
    route: "/v1/portal/inbox"
    method: "GET"
    status: 200
    duration_ms: 8
[2026-09-27 23:15:07.642 -0300] INFO (87651): request completed
    route: "/v1/portal/sne/enrollment"
    method: "GET"
    status: 200
    duration_ms: 5
[2026-09-27 23:15:07.651 -0300] INFO (87651): request completed
    route: "/v1/portal/documents/cnh"
    method: "GET"
    status: 503
    duration_ms: 8
[2026-09-27 23:15:07.658 -0300] INFO (87651): request completed
    route: "/v1/portal/vehicles"
    method: "GET"
    status: 503
    duration_ms: 6
[2026-09-27 23:15:07.665 -0300] INFO (87651): request completed
    route: "/v1/portal/vehicles/00000000-0000-7000-8000-00007ff00001/clearance"
    method: "GET"
    status: 404
    duration_ms: 6
[2026-09-27 23:15:07.678 -0300] INFO (87651): request completed
    route: "/v1/portal/crashes"
    method: "GET"
    status: 200
    duration_ms: 12
[2026-09-27 23:15:07.684 -0300] INFO (87651): request completed
    route: "/v1/portal/crashes/00000000-0000-7000-8000-00007ff00003"
    method: "GET"
    status: 404
    duration_ms: 5
[2026-09-27 23:15:07.694 -0300] INFO (87651): request completed
    route: "/v1/portal/exams"
    method: "GET"
    status: 200
    duration_ms: 9
[2026-09-27 23:15:07.705 -0300] INFO (87651): request completed
    route: "/v1/portal/exams/00000000-0000-7000-8000-00007ff00002"
    method: "GET"
    status: 200
    duration_ms: 10
[2026-09-27 23:15:07.712 -0300] INFO (87651): request completed
    route: "/v1/portal/manifestations"
    method: "GET"
    status: 200
    duration_ms: 6
[2026-09-27 23:15:07.717 -0300] INFO (87651): request completed
    route: "/v1/portal/service-charter/manifestar/deadline"
    method: "GET"
    status: 200
    duration_ms: 4
[2026-09-27 23:15:07.722 -0300] INFO (87651): request completed
    route: "/v1/portal/identity/representations"
    method: "GET"
    status: 200
    duration_ms: 5
[2026-09-27 23:15:07.727 -0300] INFO (87651): request completed
    route: "/v1/portal/services"
    method: "GET"
    status: 200
    duration_ms: 4
[2026-09-27 23:15:07.734 -0300] INFO (87651): request completed
    route: "/v1/portal/aits/00000000-0000-7000-8000-0000f0000002"
    method: "GET"
    status: 200
    duration_ms: 6
[2026-09-27 23:15:07.740 -0300] INFO (87651): request completed
    route: "/v1/portal/aits/00000000-0000-7000-8000-0000f0000002/points"
    method: "GET"
    status: 200
    duration_ms: 5
[2026-09-27 23:15:07.746 -0300] INFO (87651): request completed
    route: "/v1/portal/points-summary"
    method: "GET"
    status: 200
    duration_ms: 5
[2026-09-27 23:15:07.752 -0300] INFO (87651): request completed
    route: "/v1/portal/requests"
    method: "GET"
    status: 200
    duration_ms: 6
[2026-09-27 23:15:07.764 -0300] INFO (87651): request completed
    route: "/v1/portal/requests/00000000-0000-7000-8000-000070400e09"
    method: "GET"
    status: 200
    duration_ms: 11
[2026-09-27 23:15:07.770 -0300] INFO (87651): request completed
    route: "/v1/portal/requests/00000000-0000-7000-8000-000070400e09/receipt"
    method: "GET"
    status: 404
    duration_ms: 5
[2026-09-27 23:15:07.777 -0300] INFO (87651): request completed
    route: "/v1/portal/requests/00000000-0000-7000-8000-000070400e09/decision"
    method: "GET"
    status: 200
    duration_ms: 6
[2026-09-27 23:15:07.784 -0300] INFO (87651): request completed
    route: "/v1/portal/inbox"
    method: "GET"
    status: 200
    duration_ms: 7
[2026-09-27 23:15:07.789 -0300] INFO (87651): request completed
    route: "/v1/portal/sne/enrollment"
    method: "GET"
    status: 200
    duration_ms: 5
[2026-09-27 23:15:07.797 -0300] INFO (87651): request completed
    route: "/v1/portal/documents/cnh"
    method: "GET"
    status: 503
    duration_ms: 7
[2026-09-27 23:15:07.804 -0300] INFO (87651): request completed
    route: "/v1/portal/vehicles"
    method: "GET"
    status: 503
    duration_ms: 6
[2026-09-27 23:15:07.813 -0300] INFO (87651): request completed
    route: "/v1/portal/vehicles/00000000-0000-7000-8000-00007ff00001/clearance"
    method: "GET"
    status: 503
    duration_ms: 8
[2026-09-27 23:15:07.824 -0300] INFO (87651): request completed
    route: "/v1/portal/crashes"
    method: "GET"
    status: 200
    duration_ms: 10
[2026-09-27 23:15:07.835 -0300] INFO (87651): request completed
    route: "/v1/portal/crashes/00000000-0000-7000-8000-00007ff00003"
    method: "GET"
    status: 200
    duration_ms: 10
[2026-09-27 23:15:07.844 -0300] INFO (87651): request completed
    route: "/v1/portal/exams"
    method: "GET"
    status: 200
    duration_ms: 8
[2026-09-27 23:15:07.850 -0300] INFO (87651): request completed
    route: "/v1/portal/exams/00000000-0000-7000-8000-00007ff00002"
    method: "GET"
    status: 404
    duration_ms: 5
[2026-09-27 23:15:07.859 -0300] INFO (87651): request completed
    route: "/v1/portal/manifestations"
    method: "GET"
    status: 200
    duration_ms: 8
[2026-09-27 23:15:07.864 -0300] INFO (87651): request completed
    route: "/v1/portal/service-charter/manifestar/deadline"
    method: "GET"
    status: 200
    duration_ms: 4
[2026-09-27 23:15:07.869 -0300] INFO (87651): request completed
    route: "/v1/portal/identity/representations"
    method: "GET"
    status: 200
    duration_ms: 4
[2026-09-27 23:15:07.874 -0300] INFO (87651): request completed
    route: "/v1/portal/services"
    method: "GET"
    status: 200
    duration_ms: 4
[2026-09-27 23:15:07.879 -0300] INFO (87651): request completed
    route: "/v1/portal/aits/00000000-0000-7000-8000-0000f0000002"
    method: "GET"
    status: 404
    duration_ms: 4
[2026-09-27 23:15:07.885 -0300] INFO (87651): request completed
    route: "/v1/portal/aits/00000000-0000-7000-8000-0000f0000002/points"
    method: "GET"
    status: 404
    duration_ms: 5
[2026-09-27 23:15:07.891 -0300] INFO (87651): request completed
    route: "/v1/portal/points-summary"
    method: "GET"
    status: 200
    duration_ms: 6
[2026-09-27 23:15:07.899 -0300] INFO (87651): request completed
    route: "/v1/portal/requests"
    method: "GET"
    status: 200
    duration_ms: 7
[2026-09-27 23:15:07.905 -0300] INFO (87651): request completed
    route: "/v1/portal/requests/00000000-0000-7000-8000-000070400e09"
    method: "GET"
    status: 404
    duration_ms: 6
[2026-09-27 23:15:07.910 -0300] INFO (87651): request completed
    route: "/v1/portal/requests/00000000-0000-7000-8000-000070400e09/receipt"
    method: "GET"
    status: 404
    duration_ms: 5
[2026-09-27 23:15:07.917 -0300] INFO (87651): request completed
    route: "/v1/portal/requests/00000000-0000-7000-8000-000070400e09/decision"
    method: "GET"
    status: 404
    duration_ms: 6
[2026-09-27 23:15:07.924 -0300] INFO (87651): request completed
    route: "/v1/portal/inbox"
    method: "GET"
    status: 200
    duration_ms: 6
[2026-09-27 23:15:07.930 -0300] INFO (87651): request completed
    route: "/v1/portal/sne/enrollment"
    method: "GET"
    status: 200
    duration_ms: 5
[2026-09-27 23:15:07.938 -0300] INFO (87651): request completed
    route: "/v1/portal/documents/cnh"
    method: "GET"
    status: 503
    duration_ms: 7
[2026-09-27 23:15:07.947 -0300] INFO (87651): request completed
    route: "/v1/portal/vehicles"
    method: "GET"
    status: 503
    duration_ms: 8
[2026-09-27 23:15:07.954 -0300] INFO (87651): request completed
    route: "/v1/portal/vehicles/00000000-0000-7000-8000-00007ff00001/clearance"
    method: "GET"
    status: 404
    duration_ms: 7
[2026-09-27 23:15:07.967 -0300] INFO (87651): request completed
    route: "/v1/portal/crashes"
    method: "GET"
    status: 200
    duration_ms: 12
[2026-09-27 23:15:07.974 -0300] INFO (87651): request completed
    route: "/v1/portal/crashes/00000000-0000-7000-8000-00007ff00003"
    method: "GET"
    status: 404
    duration_ms: 6
[2026-09-27 23:15:07.984 -0300] INFO (87651): request completed
    route: "/v1/portal/exams"
    method: "GET"
    status: 200
    duration_ms: 10
[2026-09-27 23:15:07.990 -0300] INFO (87651): request completed
    route: "/v1/portal/exams/00000000-0000-7000-8000-00007ff00002"
    method: "GET"
    status: 404
    duration_ms: 5
[2026-09-27 23:15:07.999 -0300] INFO (87651): request completed
    route: "/v1/portal/manifestations"
    method: "GET"
    status: 200
    duration_ms: 8
[2026-09-27 23:15:08.004 -0300] INFO (87651): request completed
    route: "/v1/portal/service-charter/manifestar/deadline"
    method: "GET"
    status: 200
    duration_ms: 4
[2026-09-27 23:15:08.010 -0300] INFO (87651): request completed
    route: "/v1/portal/identity/representations"
    method: "GET"
    status: 200
    duration_ms: 5
[2026-09-27 23:15:08.015 -0300] INFO (87651): request completed
    route: "/v1/portal/services"
    method: "GET"
    status: 200
    duration_ms: 4
[2026-09-27 23:15:08.021 -0300] INFO (87651): request completed
    route: "/v1/portal/aits/00000000-0000-7000-8000-0000f0000002"
    method: "GET"
    status: 404
    duration_ms: 5
[2026-09-27 23:15:08.028 -0300] INFO (87651): request completed
    route: "/v1/portal/aits/00000000-0000-7000-8000-0000f0000002/points"
    method: "GET"
    status: 404
    duration_ms: 5
[2026-09-27 23:15:08.035 -0300] INFO (87651): request completed
    route: "/v1/portal/points-summary"
    method: "GET"
    status: 200
    duration_ms: 7
[2026-09-27 23:15:08.042 -0300] INFO (87651): request completed
    route: "/v1/portal/requests"
    method: "GET"
    status: 200
    duration_ms: 6
[2026-09-27 23:15:08.049 -0300] INFO (87651): request completed
    route: "/v1/portal/requests/00000000-0000-7000-8000-000070400e09"
    method: "GET"
    status: 404
    duration_ms: 6
[2026-09-27 23:15:08.055 -0300] INFO (87651): request completed
    route: "/v1/portal/requests/00000000-0000-7000-8000-000070400e09/receipt"
    method: "GET"
    status: 404
    duration_ms: 5
[2026-09-27 23:15:08.061 -0300] INFO (87651): request completed
    route: "/v1/portal/requests/00000000-0000-7000-8000-000070400e09/decision"
    method: "GET"
    status: 404
    duration_ms: 5
[2026-09-27 23:15:08.067 -0300] INFO (87651): request completed
    route: "/v1/portal/inbox"
    method: "GET"
    status: 200
    duration_ms: 5
[2026-09-27 23:15:08.073 -0300] INFO (87651): request completed
    route: "/v1/portal/sne/enrollment"
    method: "GET"
    status: 200
    duration_ms: 5
[2026-09-27 23:15:08.081 -0300] INFO (87651): request completed
    route: "/v1/portal/documents/cnh"
    method: "GET"
    status: 503
    duration_ms: 7
[2026-09-27 23:15:08.090 -0300] INFO (87651): request completed
    route: "/v1/portal/vehicles"
    method: "GET"
    status: 503
    duration_ms: 8
[2026-09-27 23:15:08.097 -0300] INFO (87651): request completed
    route: "/v1/portal/vehicles/00000000-0000-7000-8000-00007ff00001/clearance"
    method: "GET"
    status: 404
    duration_ms: 6
[2026-09-27 23:15:08.106 -0300] INFO (87651): request completed
    route: "/v1/portal/crashes"
    method: "GET"
    status: 200
    duration_ms: 8
[2026-09-27 23:15:08.112 -0300] INFO (87651): request completed
    route: "/v1/portal/crashes/00000000-0000-7000-8000-00007ff00003"
    method: "GET"
    status: 404
    duration_ms: 5
[2026-09-27 23:15:08.124 -0300] INFO (87651): request completed
    route: "/v1/portal/exams"
    method: "GET"
    status: 200
    duration_ms: 11
[2026-09-27 23:15:08.134 -0300] INFO (87651): request completed
    route: "/v1/portal/exams/00000000-0000-7000-8000-00007ff00002"
    method: "GET"
    status: 200
    duration_ms: 9
[2026-09-27 23:15:08.142 -0300] INFO (87651): request completed
    route: "/v1/portal/manifestations"
    method: "GET"
    status: 200
    duration_ms: 7
[2026-09-27 23:15:08.146 -0300] INFO (87651): request completed
    route: "/v1/portal/service-charter/manifestar/deadline"
    method: "GET"
    status: 200
    duration_ms: 3
[2026-09-27 23:15:08.152 -0300] INFO (87651): request completed
    route: "/v1/portal/identity/representations"
    method: "GET"
    status: 200
    duration_ms: 5
[2026-09-27 23:15:08.157 -0300] INFO (87651): request completed
    route: "/v1/portal/services"
    method: "GET"
    status: 200
    duration_ms: 4
[2026-09-27 23:15:08.164 -0300] INFO (87651): request completed
    route: "/v1/portal/aits/00000000-0000-7000-8000-0000f0000002"
    method: "GET"
    status: 200
    duration_ms: 6
[2026-09-27 23:15:08.171 -0300] INFO (87651): request completed
    route: "/v1/portal/aits/00000000-0000-7000-8000-0000f0000002/points"
    method: "GET"
    status: 200
    duration_ms: 6
[2026-09-27 23:15:08.176 -0300] INFO (87651): request completed
    route: "/v1/portal/points-summary"
    method: "GET"
    status: 200
    duration_ms: 4
[2026-09-27 23:15:08.184 -0300] INFO (87651): request completed
    route: "/v1/portal/requests"
    method: "GET"
    status: 200
    duration_ms: 7
[2026-09-27 23:15:08.192 -0300] INFO (87651): request completed
    route: "/v1/portal/requests/00000000-0000-7000-8000-000070400e09"
    method: "GET"
    status: 200
    duration_ms: 7
[2026-09-27 23:15:08.198 -0300] INFO (87651): request completed
    route: "/v1/portal/requests/00000000-0000-7000-8000-000070400e09/receipt"
    method: "GET"
    status: 404
    duration_ms: 5
[2026-09-27 23:15:08.204 -0300] INFO (87651): request completed
    route: "/v1/portal/requests/00000000-0000-7000-8000-000070400e09/decision"
    method: "GET"
    status: 200
    duration_ms: 5
[2026-09-27 23:15:08.210 -0300] INFO (87651): request completed
    route: "/v1/portal/inbox"
    method: "GET"
    status: 200
    duration_ms: 5
[2026-09-27 23:15:08.215 -0300] INFO (87651): request completed
    route: "/v1/portal/sne/enrollment"
    method: "GET"
    status: 200
    duration_ms: 4
[2026-09-27 23:15:08.222 -0300] INFO (87651): request completed
    route: "/v1/portal/documents/cnh"
    method: "GET"
    status: 503
    duration_ms: 6
[2026-09-27 23:15:08.229 -0300] INFO (87651): request completed
    route: "/v1/portal/vehicles"
    method: "GET"
    status: 503
    duration_ms: 6
[2026-09-27 23:15:08.237 -0300] INFO (87651): request completed
    route: "/v1/portal/vehicles/00000000-0000-7000-8000-00007ff00001/clearance"
    method: "GET"
    status: 503
    duration_ms: 8
[2026-09-27 23:15:08.249 -0300] INFO (87651): request completed
    route: "/v1/portal/crashes"
    method: "GET"
    status: 200
    duration_ms: 9
[2026-09-27 23:15:08.259 -0300] INFO (87651): request completed
    route: "/v1/portal/crashes/00000000-0000-7000-8000-00007ff00003"
    method: "GET"
    status: 200
    duration_ms: 9
[2026-09-27 23:15:08.268 -0300] INFO (87651): request completed
    route: "/v1/portal/exams"
    method: "GET"
    status: 200
    duration_ms: 8
[2026-09-27 23:15:08.273 -0300] INFO (87651): request completed
    route: "/v1/portal/exams/00000000-0000-7000-8000-00007ff00002"
    method: "GET"
    status: 404
    duration_ms: 4
[2026-09-27 23:15:08.280 -0300] INFO (87651): request completed
    route: "/v1/portal/manifestations"
    method: "GET"
    status: 200
    duration_ms: 6
[2026-09-27 23:15:08.285 -0300] INFO (87651): request completed
    route: "/v1/portal/service-charter/manifestar/deadline"
    method: "GET"
    status: 200
    duration_ms: 4
[2026-09-27 23:15:08.291 -0300] INFO (87651): request completed
    route: "/v1/portal/identity/representations"
    method: "GET"
    status: 200
    duration_ms: 5
[2026-09-27 23:15:08.296 -0300] INFO (87651): request completed
    route: "/v1/portal/services"
    method: "GET"
    status: 200
    duration_ms: 4
[2026-09-27 23:15:08.302 -0300] INFO (87651): request completed
    route: "/v1/portal/aits/00000000-0000-7000-8000-0000f0000002"
    method: "GET"
    status: 404
    duration_ms: 5
[2026-09-27 23:15:08.307 -0300] INFO (87651): request completed
    route: "/v1/portal/aits/00000000-0000-7000-8000-0000f0000002/points"
    method: "GET"
    status: 404
    duration_ms: 4
[2026-09-27 23:15:08.314 -0300] INFO (87651): request completed
    route: "/v1/portal/points-summary"
    method: "GET"
    status: 200
    duration_ms: 6
[2026-09-27 23:15:08.321 -0300] INFO (87651): request completed
    route: "/v1/portal/requests"
    method: "GET"
    status: 200
    duration_ms: 6
[2026-09-27 23:15:08.327 -0300] INFO (87651): request completed
    route: "/v1/portal/requests/00000000-0000-7000-8000-000070400e09"
    method: "GET"
    status: 404
    duration_ms: 5
[2026-09-27 23:15:08.333 -0300] INFO (87651): request completed
    route: "/v1/portal/requests/00000000-0000-7000-8000-000070400e09/receipt"
    method: "GET"
    status: 404
    duration_ms: 5
[2026-09-27 23:15:08.339 -0300] INFO (87651): request completed
    route: "/v1/portal/requests/00000000-0000-7000-8000-000070400e09/decision"
    method: "GET"
    status: 404
    duration_ms: 5
[2026-09-27 23:15:08.346 -0300] INFO (87651): request completed
    route: "/v1/portal/inbox"
    method: "GET"
    status: 200
    duration_ms: 6
[2026-09-27 23:15:08.351 -0300] INFO (87651): request completed
    route: "/v1/portal/sne/enrollment"
    method: "GET"
    status: 200
    duration_ms: 4
[2026-09-27 23:15:08.358 -0300] INFO (87651): request completed
    route: "/v1/portal/documents/cnh"
    method: "GET"
    status: 503
    duration_ms: 6
[2026-09-27 23:15:08.365 -0300] INFO (87651): request completed
    route: "/v1/portal/vehicles"
    method: "GET"
    status: 503
    duration_ms: 6
[2026-09-27 23:15:08.371 -0300] INFO (87651): request completed
    route: "/v1/portal/vehicles/00000000-0000-7000-8000-00007ff00001/clearance"
    method: "GET"
    status: 404
    duration_ms: 5
[2026-09-27 23:15:08.382 -0300] INFO (87651): request completed
    route: "/v1/portal/crashes"
    method: "GET"
    status: 200
    duration_ms: 10
[2026-09-27 23:15:08.388 -0300] INFO (87651): request completed
    route: "/v1/portal/crashes/00000000-0000-7000-8000-00007ff00003"
    method: "GET"
    status: 404
    duration_ms: 5
[2026-09-27 23:15:08.397 -0300] INFO (87651): request completed
    route: "/v1/portal/exams"
    method: "GET"
    status: 200
    duration_ms: 8
[2026-09-27 23:15:08.403 -0300] INFO (87651): request completed
    route: "/v1/portal/exams/00000000-0000-7000-8000-00007ff00002"
    method: "GET"
    status: 404
    duration_ms: 5
[2026-09-27 23:15:08.411 -0300] INFO (87651): request completed
    route: "/v1/portal/manifestations"
    method: "GET"
    status: 200
    duration_ms: 7
[2026-09-27 23:15:08.416 -0300] INFO (87651): request completed
    route: "/v1/portal/service-charter/manifestar/deadline"
    method: "GET"
    status: 200
    duration_ms: 4
[2026-09-27 23:15:08.421 -0300] INFO (87651): request completed
    route: "/v1/portal/identity/representations"
    method: "GET"
    status: 200
    duration_ms: 4
[2026-09-27 23:15:08.426 -0300] INFO (87651): request completed
    route: "/v1/portal/services"
    method: "GET"
    status: 200
    duration_ms: 4
[2026-09-27 23:15:08.431 -0300] INFO (87651): request completed
    route: "/v1/portal/aits/00000000-0000-7000-8000-0000f0000002"
    method: "GET"
    status: 404
    duration_ms: 4
[2026-09-27 23:15:08.436 -0300] INFO (87651): request completed
    route: "/v1/portal/aits/00000000-0000-7000-8000-0000f0000002/points"
    method: "GET"
    status: 404
    duration_ms: 4
[2026-09-27 23:15:08.442 -0300] INFO (87651): request completed
    route: "/v1/portal/points-summary"
    method: "GET"
    status: 200
    duration_ms: 5
[2026-09-27 23:15:08.450 -0300] INFO (87651): request completed
    route: "/v1/portal/requests"
    method: "GET"
    status: 200
    duration_ms: 7
[2026-09-27 23:15:08.457 -0300] INFO (87651): request completed
    route: "/v1/portal/requests/00000000-0000-7000-8000-000070400e09"
    method: "GET"
    status: 404
    duration_ms: 6
[2026-09-27 23:15:08.462 -0300] INFO (87651): request completed
    route: "/v1/portal/requests/00000000-0000-7000-8000-000070400e09/receipt"
    method: "GET"
    status: 404
    duration_ms: 4
[2026-09-27 23:15:08.468 -0300] INFO (87651): request completed
    route: "/v1/portal/requests/00000000-0000-7000-8000-000070400e09/decision"
    method: "GET"
    status: 404
    duration_ms: 5
[2026-09-27 23:15:08.475 -0300] INFO (87651): request completed
    route: "/v1/portal/inbox"
    method: "GET"
    status: 200
    duration_ms: 6
[2026-09-27 23:15:08.480 -0300] INFO (87651): request completed
    route: "/v1/portal/sne/enrollment"
    method: "GET"
    status: 200
    duration_ms: 4
[2026-09-27 23:15:08.487 -0300] INFO (87651): request completed
    route: "/v1/portal/documents/cnh"
    method: "GET"
    status: 503
    duration_ms: 6
[2026-09-27 23:15:08.495 -0300] INFO (87651): request completed
    route: "/v1/portal/vehicles"
    method: "GET"
    status: 503
    duration_ms: 7
[2026-09-27 23:15:08.500 -0300] INFO (87651): request completed
    route: "/v1/portal/vehicles/00000000-0000-7000-8000-00007ff00001/clearance"
    method: "GET"
    status: 404
    duration_ms: 5
[2026-09-27 23:15:08.510 -0300] INFO (87651): request completed
    route: "/v1/portal/crashes"
    method: "GET"
    status: 200
    duration_ms: 9
[2026-09-27 23:15:08.515 -0300] INFO (87651): request completed
    route: "/v1/portal/crashes/00000000-0000-7000-8000-00007ff00003"
    method: "GET"
    status: 404
    duration_ms: 4
[2026-09-27 23:15:08.525 -0300] INFO (87651): request completed
    route: "/v1/portal/exams"
    method: "GET"
    status: 200
    duration_ms: 9
[2026-09-27 23:15:08.535 -0300] INFO (87651): request completed
    route: "/v1/portal/exams/00000000-0000-7000-8000-00007ff00002"
    method: "GET"
    status: 200
    duration_ms: 10
[2026-09-27 23:15:08.543 -0300] INFO (87651): request completed
    route: "/v1/portal/manifestations"
    method: "GET"
    status: 200
    duration_ms: 7
[2026-09-27 23:15:08.549 -0300] INFO (87651): request completed
    route: "/v1/portal/service-charter/manifestar/deadline"
    method: "GET"
    status: 200
    duration_ms: 5
[2026-09-27 23:15:08.554 -0300] INFO (87651): request completed
    route: "/v1/portal/identity/representations"
    method: "GET"
    status: 200
    duration_ms: 4
[2026-09-27 23:15:08.559 -0300] INFO (87651): request completed
    route: "/v1/portal/services"
    method: "GET"
    status: 200
    duration_ms: 4
[2026-09-27 23:15:08.569 -0300] INFO (87651): request completed
    route: "/v1/portal/aits/00000000-0000-7000-8000-0000f0000002"
    method: "GET"
    status: 200
    duration_ms: 9
[2026-09-27 23:15:08.576 -0300] INFO (87651): request completed
    route: "/v1/portal/aits/00000000-0000-7000-8000-0000f0000002/points"
    method: "GET"
    status: 200
    duration_ms: 6
[2026-09-27 23:15:08.583 -0300] INFO (87651): request completed
    route: "/v1/portal/points-summary"
    method: "GET"
    status: 200
    duration_ms: 6
[2026-09-27 23:15:08.591 -0300] INFO (87651): request completed
    route: "/v1/portal/requests"
    method: "GET"
    status: 200
    duration_ms: 7
[2026-09-27 23:15:08.600 -0300] INFO (87651): request completed
    route: "/v1/portal/requests/00000000-0000-7000-8000-000070400e09"
    method: "GET"
    status: 200
    duration_ms: 8
[2026-09-27 23:15:08.607 -0300] INFO (87651): request completed
    route: "/v1/portal/requests/00000000-0000-7000-8000-000070400e09/receipt"
    method: "GET"
    status: 404
    duration_ms: 6
[2026-09-27 23:15:08.613 -0300] INFO (87651): request completed
    route: "/v1/portal/requests/00000000-0000-7000-8000-000070400e09/decision"
    method: "GET"
    status: 200
    duration_ms: 5
[2026-09-27 23:15:08.621 -0300] INFO (87651): request completed
    route: "/v1/portal/inbox"
    method: "GET"
    status: 200
    duration_ms: 7
[2026-09-27 23:15:08.628 -0300] INFO (87651): request completed
    route: "/v1/portal/sne/enrollment"
    method: "GET"
    status: 200
    duration_ms: 6
[2026-09-27 23:15:08.636 -0300] INFO (87651): request completed
    route: "/v1/portal/documents/cnh"
    method: "GET"
    status: 503
    duration_ms: 7
[2026-09-27 23:15:08.645 -0300] INFO (87651): request completed
    route: "/v1/portal/vehicles"
    method: "GET"
    status: 503
    duration_ms: 7
[2026-09-27 23:15:08.653 -0300] INFO (87651): request completed
    route: "/v1/portal/vehicles/00000000-0000-7000-8000-00007ff00001/clearance"
    method: "GET"
    status: 503
    duration_ms: 7
[2026-09-27 23:15:08.664 -0300] INFO (87651): request completed
    route: "/v1/portal/crashes"
    method: "GET"
    status: 200
    duration_ms: 10
[2026-09-27 23:15:08.675 -0300] INFO (87651): request completed
    route: "/v1/portal/crashes/00000000-0000-7000-8000-00007ff00003"
    method: "GET"
    status: 200
    duration_ms: 10
[2026-09-27 23:15:08.686 -0300] INFO (87651): request completed
    route: "/v1/portal/exams"
    method: "GET"
    status: 200
    duration_ms: 10
[2026-09-27 23:15:08.693 -0300] INFO (87651): request completed
    route: "/v1/portal/exams/00000000-0000-7000-8000-00007ff00002"
    method: "GET"
    status: 404
    duration_ms: 6
[2026-09-27 23:15:08.704 -0300] INFO (87651): request completed
    route: "/v1/portal/manifestations"
    method: "GET"
    status: 200
    duration_ms: 10
[2026-09-27 23:15:08.709 -0300] INFO (87651): request completed
    route: "/v1/portal/service-charter/manifestar/deadline"
    method: "GET"
    status: 200
    duration_ms: 4
[2026-09-27 23:15:08.715 -0300] INFO (87651): request completed
    route: "/v1/portal/identity/representations"
    method: "GET"
    status: 200
    duration_ms: 5
[2026-09-27 23:15:08.721 -0300] INFO (87651): request completed
    route: "/v1/portal/services"
    method: "GET"
    status: 200
    duration_ms: 5
[2026-09-27 23:15:08.728 -0300] INFO (87651): request completed
    route: "/v1/portal/aits/00000000-0000-7000-8000-0000f0000002"
    method: "GET"
    status: 404
    duration_ms: 6
[2026-09-27 23:15:08.734 -0300] INFO (87651): request completed
    route: "/v1/portal/aits/00000000-0000-7000-8000-0000f0000002/points"
    method: "GET"
    status: 404
    duration_ms: 5
[2026-09-27 23:15:08.741 -0300] INFO (87651): request completed
    route: "/v1/portal/points-summary"
    method: "GET"
    status: 200
    duration_ms: 6
[2026-09-27 23:15:08.748 -0300] INFO (87651): request completed
    route: "/v1/portal/requests"
    method: "GET"
    status: 200
    duration_ms: 6
[2026-09-27 23:15:08.754 -0300] INFO (87651): request completed
    route: "/v1/portal/requests/00000000-0000-7000-8000-000070400e09"
    method: "GET"
    status: 404
    duration_ms: 5
[2026-09-27 23:15:08.760 -0300] INFO (87651): request completed
    route: "/v1/portal/requests/00000000-0000-7000-8000-000070400e09/receipt"
    method: "GET"
    status: 404
    duration_ms: 5
[2026-09-27 23:15:08.767 -0300] INFO (87651): request completed
    route: "/v1/portal/requests/00000000-0000-7000-8000-000070400e09/decision"
    method: "GET"
    status: 404
    duration_ms: 6
[2026-09-27 23:15:08.774 -0300] INFO (87651): request completed
    route: "/v1/portal/inbox"
    method: "GET"
    status: 200
    duration_ms: 6
[2026-09-27 23:15:08.780 -0300] INFO (87651): request completed
    route: "/v1/portal/sne/enrollment"
    method: "GET"
    status: 200
    duration_ms: 5
[2026-09-27 23:15:08.788 -0300] INFO (87651): request completed
    route: "/v1/portal/documents/cnh"
    method: "GET"
    status: 503
    duration_ms: 7
[2026-09-27 23:15:08.796 -0300] INFO (87651): request completed
    route: "/v1/portal/vehicles"
    method: "GET"
    status: 503
    duration_ms: 7
[2026-09-27 23:15:08.802 -0300] INFO (87651): request completed
    route: "/v1/portal/vehicles/00000000-0000-7000-8000-00007ff00001/clearance"
    method: "GET"
    status: 404
    duration_ms: 6
[2026-09-27 23:15:08.813 -0300] INFO (87651): request completed
    route: "/v1/portal/crashes"
    method: "GET"
    status: 200
    duration_ms: 10
[2026-09-27 23:15:08.820 -0300] INFO (87651): request completed
    route: "/v1/portal/crashes/00000000-0000-7000-8000-00007ff00003"
    method: "GET"
    status: 404
    duration_ms: 6
[2026-09-27 23:15:08.831 -0300] INFO (87651): request completed
    route: "/v1/portal/exams"
    method: "GET"
    status: 200
    duration_ms: 10
[2026-09-27 23:15:08.836 -0300] INFO (87651): request completed
    route: "/v1/portal/exams/00000000-0000-7000-8000-00007ff00002"
    method: "GET"
    status: 404
    duration_ms: 4
[2026-09-27 23:15:08.844 -0300] INFO (87651): request completed
    route: "/v1/portal/manifestations"
    method: "GET"
    status: 200
    duration_ms: 7
[2026-09-27 23:15:08.850 -0300] INFO (87651): request completed
    route: "/v1/portal/service-charter/manifestar/deadline"
    method: "GET"
    status: 200
    duration_ms: 5
[2026-09-27 23:15:08.857 -0300] INFO (87651): request completed
    route: "/v1/portal/identity/representations"
    method: "GET"
    status: 200
    duration_ms: 6
[2026-09-27 23:15:08.862 -0300] INFO (87651): request completed
    route: "/v1/portal/services"
    method: "GET"
    status: 200
    duration_ms: 4
[2026-09-27 23:15:08.868 -0300] INFO (87651): request completed
    route: "/v1/portal/aits/00000000-0000-7000-8000-0000f0000002"
    method: "GET"
    status: 404
    duration_ms: 5
[2026-09-27 23:15:08.874 -0300] INFO (87651): request completed
    route: "/v1/portal/aits/00000000-0000-7000-8000-0000f0000002/points"
    method: "GET"
    status: 404
    duration_ms: 5
[2026-09-27 23:15:08.881 -0300] INFO (87651): request completed
    route: "/v1/portal/points-summary"
    method: "GET"
    status: 200
    duration_ms: 6
[2026-09-27 23:15:08.888 -0300] INFO (87651): request completed
    route: "/v1/portal/requests"
    method: "GET"
    status: 200
    duration_ms: 7
[2026-09-27 23:15:08.893 -0300] INFO (87651): request completed
    route: "/v1/portal/requests/00000000-0000-7000-8000-000070400e09"
    method: "GET"
    status: 404
    duration_ms: 4
[2026-09-27 23:15:08.899 -0300] INFO (87651): request completed
    route: "/v1/portal/requests/00000000-0000-7000-8000-000070400e09/receipt"
    method: "GET"
    status: 404
    duration_ms: 5
[2026-09-27 23:15:08.904 -0300] INFO (87651): request completed
    route: "/v1/portal/requests/00000000-0000-7000-8000-000070400e09/decision"
    method: "GET"
    status: 404
    duration_ms: 4
[2026-09-27 23:15:08.911 -0300] INFO (87651): request completed
    route: "/v1/portal/inbox"
    method: "GET"
    status: 200
    duration_ms: 6
[2026-09-27 23:15:08.918 -0300] INFO (87651): request completed
    route: "/v1/portal/sne/enrollment"
    method: "GET"
    status: 200
    duration_ms: 7
[2026-09-27 23:15:08.926 -0300] INFO (87651): request completed
    route: "/v1/portal/documents/cnh"
    method: "GET"
    status: 503
    duration_ms: 7
[2026-09-27 23:15:08.933 -0300] INFO (87651): request completed
    route: "/v1/portal/vehicles"
    method: "GET"
    status: 503
    duration_ms: 6
[2026-09-27 23:15:08.939 -0300] INFO (87651): request completed
    route: "/v1/portal/vehicles/00000000-0000-7000-8000-00007ff00001/clearance"
    method: "GET"
    status: 404
    duration_ms: 5
[2026-09-27 23:15:08.950 -0300] INFO (87651): request completed
    route: "/v1/portal/crashes"
    method: "GET"
    status: 200
    duration_ms: 10
[2026-09-27 23:15:08.956 -0300] INFO (87651): request completed
    route: "/v1/portal/crashes/00000000-0000-7000-8000-00007ff00003"
    method: "GET"
    status: 404
    duration_ms: 5
[2026-09-27 23:15:08.967 -0300] INFO (87651): request completed
    route: "/v1/portal/exams"
    method: "GET"
    status: 200
    duration_ms: 9
[2026-09-27 23:15:08.980 -0300] INFO (87651): request completed
    route: "/v1/portal/exams/00000000-0000-7000-8000-00007ff00002"
    method: "GET"
    status: 200
    duration_ms: 12
[2026-09-27 23:15:08.988 -0300] INFO (87651): request completed
    route: "/v1/portal/manifestations"
    method: "GET"
    status: 200
    duration_ms: 7
[2026-09-27 23:15:08.992 -0300] INFO (87651): request completed
    route: "/v1/portal/service-charter/manifestar/deadline"
    method: "GET"
    status: 200
    duration_ms: 3
[2026-09-27 23:15:08.997 -0300] INFO (87651): request completed
    route: "/v1/portal/identity/representations"
    method: "GET"
    status: 200
    duration_ms: 4
[2026-09-27 23:15:09.001 -0300] INFO (87651): request completed
    route: "/v1/portal/services"
    method: "GET"
    status: 200
    duration_ms: 3
[2026-09-27 23:15:09.009 -0300] INFO (87651): request completed
    route: "/v1/portal/aits/00000000-0000-7000-8000-0000f0000002"
    method: "GET"
    status: 200
    duration_ms: 7
[2026-09-27 23:15:09.015 -0300] INFO (87651): request completed
    route: "/v1/portal/aits/00000000-0000-7000-8000-0000f0000002/points"
    method: "GET"
    status: 200
    duration_ms: 5
[2026-09-27 23:15:09.021 -0300] INFO (87651): request completed
    route: "/v1/portal/points-summary"
    method: "GET"
    status: 200
    duration_ms: 5
[2026-09-27 23:15:09.028 -0300] INFO (87651): request completed
    route: "/v1/portal/requests"
    method: "GET"
    status: 200
    duration_ms: 6
[2026-09-27 23:15:09.037 -0300] INFO (87651): request completed
    route: "/v1/portal/requests/00000000-0000-7000-8000-000070400e09"
    method: "GET"
    status: 200
    duration_ms: 8
[2026-09-27 23:15:09.045 -0300] INFO (87651): request completed
    route: "/v1/portal/requests/00000000-0000-7000-8000-000070400e09/receipt"
    method: "GET"
    status: 404
    duration_ms: 7
[2026-09-27 23:15:09.052 -0300] INFO (87651): request completed
    route: "/v1/portal/requests/00000000-0000-7000-8000-000070400e09/decision"
    method: "GET"
    status: 200
    duration_ms: 6
[2026-09-27 23:15:09.058 -0300] INFO (87651): request completed
    route: "/v1/portal/inbox"
    method: "GET"
    status: 200
    duration_ms: 6
[2026-09-27 23:15:09.063 -0300] INFO (87651): request completed
    route: "/v1/portal/sne/enrollment"
    method: "GET"
    status: 200
    duration_ms: 5
[2026-09-27 23:15:09.071 -0300] INFO (87651): request completed
    route: "/v1/portal/documents/cnh"
    method: "GET"
    status: 503
    duration_ms: 7
[2026-09-27 23:15:09.078 -0300] INFO (87651): request completed
    route: "/v1/portal/vehicles"
    method: "GET"
    status: 503
    duration_ms: 6
[2026-09-27 23:15:09.087 -0300] INFO (87651): request completed
    route: "/v1/portal/vehicles/00000000-0000-7000-8000-00007ff00001/clearance"
    method: "GET"
    status: 503
    duration_ms: 8
[2026-09-27 23:15:09.099 -0300] INFO (87651): request completed
    route: "/v1/portal/crashes"
    method: "GET"
    status: 200
    duration_ms: 11
[2026-09-27 23:15:09.108 -0300] INFO (87651): request completed
    route: "/v1/portal/crashes/00000000-0000-7000-8000-00007ff00003"
    method: "GET"
    status: 200
    duration_ms: 9
[2026-09-27 23:15:09.117 -0300] INFO (87651): request completed
    route: "/v1/portal/exams"
    method: "GET"
    status: 200
    duration_ms: 8
[2026-09-27 23:15:09.124 -0300] INFO (87651): request completed
    route: "/v1/portal/exams/00000000-0000-7000-8000-00007ff00002"
    method: "GET"
    status: 404
    duration_ms: 5
[2026-09-27 23:15:09.132 -0300] INFO (87651): request completed
    route: "/v1/portal/manifestations"
    method: "GET"
    status: 200
    duration_ms: 7
[2026-09-27 23:15:09.137 -0300] INFO (87651): request completed
    route: "/v1/portal/service-charter/manifestar/deadline"
    method: "GET"
    status: 200
    duration_ms: 4
[2026-09-27 23:15:09.142 -0300] INFO (87651): request completed
    route: "/v1/portal/identity/representations"
    method: "GET"
    status: 200
    duration_ms: 4
[2026-09-27 23:15:09.148 -0300] INFO (87651): request completed
    route: "/v1/portal/services"
    method: "GET"
    status: 200
    duration_ms: 4
[2026-09-27 23:15:09.153 -0300] INFO (87651): request completed
    route: "/v1/portal/aits/00000000-0000-7000-8000-0000f0000002"
    method: "GET"
    status: 404
    duration_ms: 5
[2026-09-27 23:15:09.160 -0300] INFO (87651): request completed
    route: "/v1/portal/aits/00000000-0000-7000-8000-0000f0000002/points"
    method: "GET"
    status: 404
    duration_ms: 6
[2026-09-27 23:15:09.166 -0300] INFO (87651): request completed
    route: "/v1/portal/points-summary"
    method: "GET"
    status: 200
    duration_ms: 5
[2026-09-27 23:15:09.173 -0300] INFO (87651): request completed
    route: "/v1/portal/requests"
    method: "GET"
    status: 200
    duration_ms: 6
[2026-09-27 23:15:09.180 -0300] INFO (87651): request completed
    route: "/v1/portal/requests/00000000-0000-7000-8000-000070400e09"
    method: "GET"
    status: 404
    duration_ms: 6
[2026-09-27 23:15:09.186 -0300] INFO (87651): request completed
    route: "/v1/portal/requests/00000000-0000-7000-8000-000070400e09/receipt"
    method: "GET"
    status: 404
    duration_ms: 5
[2026-09-27 23:15:09.193 -0300] INFO (87651): request completed
    route: "/v1/portal/requests/00000000-0000-7000-8000-000070400e09/decision"
    method: "GET"
    status: 404
    duration_ms: 6
[2026-09-27 23:15:09.201 -0300] INFO (87651): request completed
    route: "/v1/portal/inbox"
    method: "GET"
    status: 200
    duration_ms: 7
[2026-09-27 23:15:09.206 -0300] INFO (87651): request completed
    route: "/v1/portal/sne/enrollment"
    method: "GET"
    status: 200
    duration_ms: 5
[2026-09-27 23:15:09.214 -0300] INFO (87651): request completed
    route: "/v1/portal/documents/cnh"
    method: "GET"
    status: 503
    duration_ms: 7
[2026-09-27 23:15:09.220 -0300] INFO (87651): request completed
    route: "/v1/portal/vehicles"
    method: "GET"
    status: 503
    duration_ms: 5
[2026-09-27 23:15:09.228 -0300] INFO (87651): request completed
    route: "/v1/portal/vehicles/00000000-0000-7000-8000-00007ff00001/clearance"
    method: "GET"
    status: 404
    duration_ms: 7
[2026-09-27 23:15:09.239 -0300] INFO (87651): request completed
    route: "/v1/portal/crashes"
    method: "GET"
    status: 200
    duration_ms: 10
[2026-09-27 23:15:09.245 -0300] INFO (87651): request completed
    route: "/v1/portal/crashes/00000000-0000-7000-8000-00007ff00003"
    method: "GET"
    status: 404
    duration_ms: 5
[2026-09-27 23:15:09.255 -0300] INFO (87651): request completed
    route: "/v1/portal/exams"
    method: "GET"
    status: 200
    duration_ms: 9
[2026-09-27 23:15:09.261 -0300] INFO (87651): request completed
    route: "/v1/portal/exams/00000000-0000-7000-8000-00007ff00002"
    method: "GET"
    status: 404
    duration_ms: 5
[2026-09-27 23:15:09.268 -0300] INFO (87651): request completed
    route: "/v1/portal/manifestations"
    method: "GET"
    status: 200
    duration_ms: 6
[2026-09-27 23:15:09.273 -0300] INFO (87651): request completed
    route: "/v1/portal/service-charter/manifestar/deadline"
    method: "GET"
    status: 200
    duration_ms: 4
[2026-09-27 23:15:09.278 -0300] INFO (87651): request completed
    route: "/v1/portal/identity/representations"
    method: "GET"
    status: 200
    duration_ms: 5
[2026-09-27 23:15:09.283 -0300] INFO (87651): request completed
    route: "/v1/portal/services"
    method: "GET"
    status: 200
    duration_ms: 5
[2026-09-27 23:15:09.288 -0300] INFO (87651): request completed
    route: "/v1/portal/aits/00000000-0000-7000-8000-0000f0000002"
    method: "GET"
    status: 404
    duration_ms: 4
[2026-09-27 23:15:09.294 -0300] INFO (87651): request completed
    route: "/v1/portal/aits/00000000-0000-7000-8000-0000f0000002/points"
    method: "GET"
    status: 404
    duration_ms: 5
[2026-09-27 23:15:09.301 -0300] INFO (87651): request completed
    route: "/v1/portal/points-summary"
    method: "GET"
    status: 200
    duration_ms: 6
[2026-09-27 23:15:09.308 -0300] INFO (87651): request completed
    route: "/v1/portal/requests"
    method: "GET"
    status: 200
    duration_ms: 6
[2026-09-27 23:15:09.314 -0300] INFO (87651): request completed
    route: "/v1/portal/requests/00000000-0000-7000-8000-000070400e09"
    method: "GET"
    status: 404
    duration_ms: 5
[2026-09-27 23:15:09.321 -0300] INFO (87651): request completed
    route: "/v1/portal/requests/00000000-0000-7000-8000-000070400e09/receipt"
    method: "GET"
    status: 404
    duration_ms: 6
[2026-09-27 23:15:09.328 -0300] INFO (87651): request completed
    route: "/v1/portal/requests/00000000-0000-7000-8000-000070400e09/decision"
    method: "GET"
    status: 404
    duration_ms: 6
[2026-09-27 23:15:09.336 -0300] INFO (87651): request completed
    route: "/v1/portal/inbox"
    method: "GET"
    status: 200
    duration_ms: 7
[2026-09-27 23:15:09.341 -0300] INFO (87651): request completed
    route: "/v1/portal/sne/enrollment"
    method: "GET"
    status: 200
    duration_ms: 4
[2026-09-27 23:15:09.349 -0300] INFO (87651): request completed
    route: "/v1/portal/documents/cnh"
    method: "GET"
    status: 503
    duration_ms: 7
[2026-09-27 23:15:09.356 -0300] INFO (87651): request completed
    route: "/v1/portal/vehicles"
    method: "GET"
    status: 503
    duration_ms: 6
[2026-09-27 23:15:09.362 -0300] INFO (87651): request completed
    route: "/v1/portal/vehicles/00000000-0000-7000-8000-00007ff00001/clearance"
    method: "GET"
    status: 404
    duration_ms: 5
[2026-09-27 23:15:09.372 -0300] INFO (87651): request completed
    route: "/v1/portal/crashes"
    method: "GET"
    status: 200
    duration_ms: 9
[2026-09-27 23:15:09.378 -0300] INFO (87651): request completed
    route: "/v1/portal/crashes/00000000-0000-7000-8000-00007ff00003"
    method: "GET"
    status: 404
    duration_ms: 5
[2026-09-27 23:15:09.388 -0300] INFO (87651): request completed
    route: "/v1/portal/exams"
    method: "GET"
    status: 200
    duration_ms: 9
[2026-09-27 23:15:09.399 -0300] INFO (87651): request completed
    route: "/v1/portal/exams/00000000-0000-7000-8000-00007ff00002"
    method: "GET"
    status: 200
    duration_ms: 10
[2026-09-27 23:15:09.407 -0300] INFO (87651): request completed
    route: "/v1/portal/manifestations"
    method: "GET"
    status: 200
    duration_ms: 7
[2026-09-27 23:15:09.413 -0300] INFO (87651): request completed
    route: "/v1/portal/service-charter/manifestar/deadline"
    method: "GET"
    status: 200
    duration_ms: 5
[2026-09-27 23:15:09.419 -0300] INFO (87651): request completed
    route: "/v1/portal/identity/representations"
    method: "GET"
    status: 200
    duration_ms: 5
[2026-09-27 23:15:09.424 -0300] INFO (87651): request completed
    route: "/v1/portal/services"
    method: "GET"
    status: 200
    duration_ms: 4
[2026-09-27 23:15:09.431 -0300] INFO (87651): request completed
    route: "/v1/portal/aits/00000000-0000-7000-8000-0000f0000002"
    method: "GET"
    status: 200
    duration_ms: 6
[2026-09-27 23:15:09.437 -0300] INFO (87651): request completed
    route: "/v1/portal/aits/00000000-0000-7000-8000-0000f0000002/points"
    method: "GET"
    status: 200
    duration_ms: 5
[2026-09-27 23:15:09.443 -0300] INFO (87651): request completed
    route: "/v1/portal/points-summary"
    method: "GET"
    status: 200
    duration_ms: 5
[2026-09-27 23:15:09.450 -0300] INFO (87651): request completed
    route: "/v1/portal/requests"
    method: "GET"
    status: 200
    duration_ms: 6
[2026-09-27 23:15:09.459 -0300] INFO (87651): request completed
    route: "/v1/portal/requests/00000000-0000-7000-8000-000070400e09"
    method: "GET"
    status: 200
    duration_ms: 8
[2026-09-27 23:15:09.465 -0300] INFO (87651): request completed
    route: "/v1/portal/requests/00000000-0000-7000-8000-000070400e09/receipt"
    method: "GET"
    status: 404
    duration_ms: 6
[2026-09-27 23:15:09.471 -0300] INFO (87651): request completed
    route: "/v1/portal/requests/00000000-0000-7000-8000-000070400e09/decision"
    method: "GET"
    status: 200
    duration_ms: 5
[2026-09-27 23:15:09.477 -0300] INFO (87651): request completed
    route: "/v1/portal/inbox"
    method: "GET"
    status: 200
    duration_ms: 5
[2026-09-27 23:15:09.483 -0300] INFO (87651): request completed
    route: "/v1/portal/sne/enrollment"
    method: "GET"
    status: 200
    duration_ms: 5
[2026-09-27 23:15:09.491 -0300] INFO (87651): request completed
    route: "/v1/portal/documents/cnh"
    method: "GET"
    status: 503
    duration_ms: 7
[2026-09-27 23:15:09.499 -0300] INFO (87651): request completed
    route: "/v1/portal/vehicles"
    method: "GET"
    status: 503
    duration_ms: 7
[2026-09-27 23:15:09.507 -0300] INFO (87651): request completed
    route: "/v1/portal/vehicles/00000000-0000-7000-8000-00007ff00001/clearance"
    method: "GET"
    status: 503
    duration_ms: 7
[2026-09-27 23:15:09.517 -0300] INFO (87651): request completed
    route: "/v1/portal/crashes"
    method: "GET"
    status: 200
    duration_ms: 9
[2026-09-27 23:15:09.529 -0300] INFO (87651): request completed
    route: "/v1/portal/crashes/00000000-0000-7000-8000-00007ff00003"
    method: "GET"
    status: 200
    duration_ms: 11
[2026-09-27 23:15:09.539 -0300] INFO (87651): request completed
    route: "/v1/portal/exams"
    method: "GET"
    status: 200
    duration_ms: 9
[2026-09-27 23:15:09.546 -0300] INFO (87651): request completed
    route: "/v1/portal/exams/00000000-0000-7000-8000-00007ff00002"
    method: "GET"
    status: 404
    duration_ms: 6
[2026-09-27 23:15:09.555 -0300] INFO (87651): request completed
    route: "/v1/portal/manifestations"
    method: "GET"
    status: 200
    duration_ms: 7
[2026-09-27 23:15:09.561 -0300] INFO (87651): request completed
    route: "/v1/portal/service-charter/manifestar/deadline"
    method: "GET"
    status: 200
    duration_ms: 5
[2026-09-27 23:15:09.567 -0300] INFO (87651): request completed
    route: "/v1/portal/identity/representations"
    method: "GET"
    status: 200
    duration_ms: 6
[2026-09-27 23:15:09.572 -0300] INFO (87651): request completed
    route: "/v1/portal/services"
    method: "GET"
    status: 200
    duration_ms: 4
[2026-09-27 23:15:09.578 -0300] INFO (87651): request completed
    route: "/v1/portal/aits/00000000-0000-7000-8000-0000f0000002"
    method: "GET"
    status: 404
    duration_ms: 5
[2026-09-27 23:15:09.583 -0300] INFO (87651): request completed
    route: "/v1/portal/aits/00000000-0000-7000-8000-0000f0000002/points"
    method: "GET"
    status: 404
    duration_ms: 4
[2026-09-27 23:15:09.590 -0300] INFO (87651): request completed
    route: "/v1/portal/points-summary"
    method: "GET"
    status: 200
    duration_ms: 5
[2026-09-27 23:15:09.598 -0300] INFO (87651): request completed
    route: "/v1/portal/requests"
    method: "GET"
    status: 200
    duration_ms: 7
[2026-09-27 23:15:09.604 -0300] INFO (87651): request completed
    route: "/v1/portal/requests/00000000-0000-7000-8000-000070400e09"
    method: "GET"
    status: 404
    duration_ms: 5
[2026-09-27 23:15:09.610 -0300] INFO (87651): request completed
    route: "/v1/portal/requests/00000000-0000-7000-8000-000070400e09/receipt"
    method: "GET"
    status: 404
    duration_ms: 5
[2026-09-27 23:15:09.616 -0300] INFO (87651): request completed
    route: "/v1/portal/requests/00000000-0000-7000-8000-000070400e09/decision"
    method: "GET"
    status: 404
    duration_ms: 5
[2026-09-27 23:15:09.623 -0300] INFO (87651): request completed
    route: "/v1/portal/inbox"
    method: "GET"
    status: 200
    duration_ms: 6
[2026-09-27 23:15:09.629 -0300] INFO (87651): request completed
    route: "/v1/portal/sne/enrollment"
    method: "GET"
    status: 200
    duration_ms: 5
[2026-09-27 23:15:09.637 -0300] INFO (87651): request completed
    route: "/v1/portal/documents/cnh"
    method: "GET"
    status: 503
    duration_ms: 7
[2026-09-27 23:15:09.645 -0300] INFO (87651): request completed
    route: "/v1/portal/vehicles"
    method: "GET"
    status: 503
    duration_ms: 7
[2026-09-27 23:15:09.653 -0300] INFO (87651): request completed
    route: "/v1/portal/vehicles/00000000-0000-7000-8000-00007ff00001/clearance"
    method: "GET"
    status: 404
    duration_ms: 7
[2026-09-27 23:15:09.663 -0300] INFO (87651): request completed
    route: "/v1/portal/crashes"
    method: "GET"
    status: 200
    duration_ms: 10
[2026-09-27 23:15:09.670 -0300] INFO (87651): request completed
    route: "/v1/portal/crashes/00000000-0000-7000-8000-00007ff00003"
    method: "GET"
    status: 404
    duration_ms: 6
[2026-09-27 23:15:09.680 -0300] INFO (87651): request completed
    route: "/v1/portal/exams"
    method: "GET"
    status: 200
    duration_ms: 9
[2026-09-27 23:15:09.687 -0300] INFO (87651): request completed
    route: "/v1/portal/exams/00000000-0000-7000-8000-00007ff00002"
    method: "GET"
    status: 404
    duration_ms: 6
[2026-09-27 23:15:09.697 -0300] INFO (87651): request completed
    route: "/v1/portal/manifestations"
    method: "GET"
    status: 200
    duration_ms: 9
[2026-09-27 23:15:09.703 -0300] INFO (87651): request completed
    route: "/v1/portal/service-charter/manifestar/deadline"
    method: "GET"
    status: 200
    duration_ms: 5
[2026-09-27 23:15:09.709 -0300] INFO (87651): request completed
    route: "/v1/portal/identity/representations"
    method: "GET"
    status: 200
    duration_ms: 5
[2026-09-27 23:15:09.718 -0300] INFO (87651): request completed
    route: "/v1/portal/services"
    method: "GET"
    status: 200
    duration_ms: 8
[2026-09-27 23:15:09.724 -0300] INFO (87651): request completed
    route: "/v1/portal/aits/00000000-0000-7000-8000-0000f0000002"
    method: "GET"
    status: 404
    duration_ms: 5
[2026-09-27 23:15:09.731 -0300] INFO (87651): request completed
    route: "/v1/portal/aits/00000000-0000-7000-8000-0000f0000002/points"
    method: "GET"
    status: 404
    duration_ms: 6
[2026-09-27 23:15:09.737 -0300] INFO (87651): request completed
    route: "/v1/portal/points-summary"
    method: "GET"
    status: 200
    duration_ms: 5
[2026-09-27 23:15:09.743 -0300] INFO (87651): request completed
    route: "/v1/portal/requests"
    method: "GET"
    status: 200
    duration_ms: 6
[2026-09-27 23:15:09.748 -0300] INFO (87651): request completed
    route: "/v1/portal/requests/00000000-0000-7000-8000-000070400e09"
    method: "GET"
    status: 404
    duration_ms: 4
[2026-09-27 23:15:09.754 -0300] INFO (87651): request completed
    route: "/v1/portal/requests/00000000-0000-7000-8000-000070400e09/receipt"
    method: "GET"
    status: 404
    duration_ms: 5
[2026-09-27 23:15:09.760 -0300] INFO (87651): request completed
    route: "/v1/portal/requests/00000000-0000-7000-8000-000070400e09/decision"
    method: "GET"
    status: 404
    duration_ms: 5
[2026-09-27 23:15:09.767 -0300] INFO (87651): request completed
    route: "/v1/portal/inbox"
    method: "GET"
    status: 200
    duration_ms: 6
[2026-09-27 23:15:09.772 -0300] INFO (87651): request completed
    route: "/v1/portal/sne/enrollment"
    method: "GET"
    status: 200
    duration_ms: 4
[2026-09-27 23:15:09.779 -0300] INFO (87651): request completed
    route: "/v1/portal/documents/cnh"
    method: "GET"
    status: 503
    duration_ms: 6
[2026-09-27 23:15:09.785 -0300] INFO (87651): request completed
    route: "/v1/portal/vehicles"
    method: "GET"
    status: 503
    duration_ms: 5
[2026-09-27 23:15:09.792 -0300] INFO (87651): request completed
    route: "/v1/portal/vehicles/00000000-0000-7000-8000-00007ff00001/clearance"
    method: "GET"
    status: 404
    duration_ms: 6
[2026-09-27 23:15:09.802 -0300] INFO (87651): request completed
    route: "/v1/portal/crashes"
    method: "GET"
    status: 200
    duration_ms: 9
[2026-09-27 23:15:09.807 -0300] INFO (87651): request completed
    route: "/v1/portal/crashes/00000000-0000-7000-8000-00007ff00003"
    method: "GET"
    status: 404
    duration_ms: 4
[2026-09-27 23:15:09.816 -0300] INFO (87651): request completed
    route: "/v1/portal/exams"
    method: "GET"
    status: 200
    duration_ms: 8
[2026-09-27 23:15:09.825 -0300] INFO (87651): request completed
    route: "/v1/portal/exams/00000000-0000-7000-8000-00007ff00002"
    method: "GET"
    status: 200
    duration_ms: 8
[2026-09-27 23:15:09.832 -0300] INFO (87651): request completed
    route: "/v1/portal/manifestations"
    method: "GET"
    status: 200
    duration_ms: 6
[2026-09-27 23:15:09.836 -0300] INFO (87651): request completed
    route: "/v1/portal/service-charter/manifestar/deadline"
    method: "GET"
    status: 200
    duration_ms: 3
[2026-09-27 23:15:09.841 -0300] INFO (87651): request completed
    route: "/v1/portal/identity/representations"
    method: "GET"
    status: 200
    duration_ms: 4
[2026-09-27 23:15:09.844 -0300] INFO (87651): request completed
    route: "/v1/portal/services"
    method: "GET"
    status: 200
    duration_ms: 3
[2026-09-27 23:15:09.850 -0300] INFO (87651): request completed
    route: "/v1/portal/aits/00000000-0000-7000-8000-0000f0000002"
    method: "GET"
    status: 200
    duration_ms: 5
[2026-09-27 23:15:09.856 -0300] INFO (87651): request completed
    route: "/v1/portal/aits/00000000-0000-7000-8000-0000f0000002/points"
    method: "GET"
    status: 200
    duration_ms: 5
[2026-09-27 23:15:09.861 -0300] INFO (87651): request completed
    route: "/v1/portal/points-summary"
    method: "GET"
    status: 200
    duration_ms: 4
[2026-09-27 23:15:09.867 -0300] INFO (87651): request completed
    route: "/v1/portal/requests"
    method: "GET"
    status: 200
    duration_ms: 5
[2026-09-27 23:15:09.874 -0300] INFO (87651): request completed
    route: "/v1/portal/requests/00000000-0000-7000-8000-000070400e09"
    method: "GET"
    status: 200
    duration_ms: 6
[2026-09-27 23:15:09.880 -0300] INFO (87651): request completed
    route: "/v1/portal/requests/00000000-0000-7000-8000-000070400e09/receipt"
    method: "GET"
    status: 404
    duration_ms: 5
[2026-09-27 23:15:09.886 -0300] INFO (87651): request completed
    route: "/v1/portal/requests/00000000-0000-7000-8000-000070400e09/decision"
    method: "GET"
    status: 200
    duration_ms: 5
[2026-09-27 23:15:09.892 -0300] INFO (87651): request completed
    route: "/v1/portal/inbox"
    method: "GET"
    status: 200
    duration_ms: 5
[2026-09-27 23:15:09.897 -0300] INFO (87651): request completed
    route: "/v1/portal/sne/enrollment"
    method: "GET"
    status: 200
    duration_ms: 5
[2026-09-27 23:15:09.903 -0300] INFO (87651): request completed
    route: "/v1/portal/documents/cnh"
    method: "GET"
    status: 503
    duration_ms: 6
[2026-09-27 23:15:09.909 -0300] INFO (87651): request completed
    route: "/v1/portal/vehicles"
    method: "GET"
    status: 503
    duration_ms: 5
[2026-09-27 23:15:09.917 -0300] INFO (87651): request completed
    route: "/v1/portal/vehicles/00000000-0000-7000-8000-00007ff00001/clearance"
    method: "GET"
    status: 503
    duration_ms: 7
[2026-09-27 23:15:09.925 -0300] INFO (87651): request completed
    route: "/v1/portal/crashes"
    method: "GET"
    status: 200
    duration_ms: 7
[2026-09-27 23:15:09.935 -0300] INFO (87651): request completed
    route: "/v1/portal/crashes/00000000-0000-7000-8000-00007ff00003"
    method: "GET"
    status: 200
    duration_ms: 9
[2026-09-27 23:15:09.943 -0300] INFO (87651): request completed
    route: "/v1/portal/exams"
    method: "GET"
    status: 200
    duration_ms: 8
[2026-09-27 23:15:09.948 -0300] INFO (87651): request completed
    route: "/v1/portal/exams/00000000-0000-7000-8000-00007ff00002"
    method: "GET"
    status: 404
    duration_ms: 5
[2026-09-27 23:15:09.955 -0300] INFO (87651): request completed
    route: "/v1/portal/manifestations"
    method: "GET"
    status: 200
    duration_ms: 6
[2026-09-27 23:15:09.959 -0300] INFO (87651): request completed
    route: "/v1/portal/service-charter/manifestar/deadline"
    method: "GET"
    status: 200
    duration_ms: 3
[2026-09-27 23:15:09.964 -0300] INFO (87651): request completed
    route: "/v1/portal/identity/representations"
    method: "GET"
    status: 200
    duration_ms: 4
[2026-09-27 23:15:09.968 -0300] INFO (87651): request completed
    route: "/v1/portal/services"
    method: "GET"
    status: 200
    duration_ms: 3
[2026-09-27 23:15:09.973 -0300] INFO (87651): request completed
    route: "/v1/portal/aits/00000000-0000-7000-8000-0000f0000002"
    method: "GET"
    status: 404
    duration_ms: 4
[2026-09-27 23:15:09.978 -0300] INFO (87651): request completed
    route: "/v1/portal/aits/00000000-0000-7000-8000-0000f0000002/points"
    method: "GET"
    status: 404
    duration_ms: 4
[2026-09-27 23:15:09.983 -0300] INFO (87651): request completed
    route: "/v1/portal/points-summary"
    method: "GET"
    status: 200
    duration_ms: 5
[2026-09-27 23:15:09.990 -0300] INFO (87651): request completed
    route: "/v1/portal/requests"
    method: "GET"
    status: 200
    duration_ms: 6
[2026-09-27 23:15:09.996 -0300] INFO (87651): request completed
    route: "/v1/portal/requests/00000000-0000-7000-8000-000070400e09"
    method: "GET"
    status: 404
    duration_ms: 5
[2026-09-27 23:15:10.001 -0300] INFO (87651): request completed
    route: "/v1/portal/requests/00000000-0000-7000-8000-000070400e09/receipt"
    method: "GET"
    status: 404
    duration_ms: 5
[2026-09-27 23:15:10.006 -0300] INFO (87651): request completed
    route: "/v1/portal/requests/00000000-0000-7000-8000-000070400e09/decision"
    method: "GET"
    status: 404
    duration_ms: 4
[2026-09-27 23:15:10.014 -0300] INFO (87651): request completed
    route: "/v1/portal/inbox"
    method: "GET"
    status: 200
    duration_ms: 7
[2026-09-27 23:15:10.020 -0300] INFO (87651): request completed
    route: "/v1/portal/sne/enrollment"
    method: "GET"
    status: 200
    duration_ms: 5
[2026-09-27 23:15:10.027 -0300] INFO (87651): request completed
    route: "/v1/portal/documents/cnh"
    method: "GET"
    status: 503
    duration_ms: 6
[2026-09-27 23:15:10.034 -0300] INFO (87651): request completed
    route: "/v1/portal/vehicles"
    method: "GET"
    status: 503
    duration_ms: 6
[2026-09-27 23:15:10.041 -0300] INFO (87651): request completed
    route: "/v1/portal/vehicles/00000000-0000-7000-8000-00007ff00001/clearance"
    method: "GET"
    status: 404
    duration_ms: 6
[2026-09-27 23:15:10.051 -0300] INFO (87651): request completed
    route: "/v1/portal/crashes"
    method: "GET"
    status: 200
    duration_ms: 9
[2026-09-27 23:15:10.058 -0300] INFO (87651): request completed
    route: "/v1/portal/crashes/00000000-0000-7000-8000-00007ff00003"
    method: "GET"
    status: 404
    duration_ms: 5
[2026-09-27 23:15:10.066 -0300] INFO (87651): request completed
    route: "/v1/portal/exams"
    method: "GET"
    status: 200
    duration_ms: 8
[2026-09-27 23:15:10.071 -0300] INFO (87651): request completed
    route: "/v1/portal/exams/00000000-0000-7000-8000-00007ff00002"
    method: "GET"
    status: 404
    duration_ms: 4
[2026-09-27 23:15:10.079 -0300] INFO (87651): request completed
    route: "/v1/portal/manifestations"
    method: "GET"
    status: 200
    duration_ms: 7
[2026-09-27 23:15:10.084 -0300] INFO (87651): request completed
    route: "/v1/portal/service-charter/manifestar/deadline"
    method: "GET"
    status: 200
    duration_ms: 4
[2026-09-27 23:15:10.088 -0300] INFO (87651): request completed
    route: "/v1/portal/identity/representations"
    method: "GET"
    status: 200
    duration_ms: 3
[2026-09-27 23:15:10.093 -0300] INFO (87651): request completed
    route: "/v1/portal/services"
    method: "GET"
    status: 200
    duration_ms: 4
[2026-09-27 23:15:10.098 -0300] INFO (87651): request completed
    route: "/v1/portal/aits/00000000-0000-7000-8000-0000f0000002"
    method: "GET"
    status: 404
    duration_ms: 4
[2026-09-27 23:15:10.103 -0300] INFO (87651): request completed
    route: "/v1/portal/aits/00000000-0000-7000-8000-0000f0000002/points"
    method: "GET"
    status: 404
    duration_ms: 4
[2026-09-27 23:15:10.109 -0300] INFO (87651): request completed
    route: "/v1/portal/points-summary"
    method: "GET"
    status: 200
    duration_ms: 5
[2026-09-27 23:15:10.115 -0300] INFO (87651): request completed
    route: "/v1/portal/requests"
    method: "GET"
    status: 200
    duration_ms: 6
[2026-09-27 23:15:10.121 -0300] INFO (87651): request completed
    route: "/v1/portal/requests/00000000-0000-7000-8000-000070400e09"
    method: "GET"
    status: 404
    duration_ms: 5
[2026-09-27 23:15:10.127 -0300] INFO (87651): request completed
    route: "/v1/portal/requests/00000000-0000-7000-8000-000070400e09/receipt"
    method: "GET"
    status: 404
    duration_ms: 5
[2026-09-27 23:15:10.132 -0300] INFO (87651): request completed
    route: "/v1/portal/requests/00000000-0000-7000-8000-000070400e09/decision"
    method: "GET"
    status: 404
    duration_ms: 5
[2026-09-27 23:15:10.138 -0300] INFO (87651): request completed
    route: "/v1/portal/inbox"
    method: "GET"
    status: 200
    duration_ms: 5
[2026-09-27 23:15:10.143 -0300] INFO (87651): request completed
    route: "/v1/portal/sne/enrollment"
    method: "GET"
    status: 200
    duration_ms: 4
[2026-09-27 23:15:10.150 -0300] INFO (87651): request completed
    route: "/v1/portal/documents/cnh"
    method: "GET"
    status: 503
    duration_ms: 6
[2026-09-27 23:15:10.157 -0300] INFO (87651): request completed
    route: "/v1/portal/vehicles"
    method: "GET"
    status: 503
    duration_ms: 6
[2026-09-27 23:15:10.164 -0300] INFO (87651): request completed
    route: "/v1/portal/vehicles/00000000-0000-7000-8000-00007ff00001/clearance"
    method: "GET"
    status: 404
    duration_ms: 6
[2026-09-27 23:15:10.175 -0300] INFO (87651): request completed
    route: "/v1/portal/crashes"
    method: "GET"
    status: 200
    duration_ms: 9
[2026-09-27 23:15:10.180 -0300] INFO (87651): request completed
    route: "/v1/portal/crashes/00000000-0000-7000-8000-00007ff00003"
    method: "GET"
    status: 404
    duration_ms: 4
[2026-09-27 23:15:10.190 -0300] INFO (87651): request completed
    route: "/v1/portal/exams"
    method: "GET"
    status: 200
    duration_ms: 8
[2026-09-27 23:15:10.200 -0300] INFO (87651): request completed
    route: "/v1/portal/exams/00000000-0000-7000-8000-00007ff00002"
    method: "GET"
    status: 200
    duration_ms: 9
[2026-09-27 23:15:10.207 -0300] INFO (87651): request completed
    route: "/v1/portal/manifestations"
    method: "GET"
    status: 200
    duration_ms: 6
[2026-09-27 23:15:10.211 -0300] INFO (87651): request completed
    route: "/v1/portal/service-charter/manifestar/deadline"
    method: "GET"
    status: 200
    duration_ms: 3
[2026-09-27 23:15:10.216 -0300] INFO (87651): request completed
    route: "/v1/portal/identity/representations"
    method: "GET"
    status: 200
    duration_ms: 4
[2026-09-27 23:15:10.220 -0300] INFO (87651): request completed
    route: "/v1/portal/services"
    method: "GET"
    status: 200
    duration_ms: 3
[2026-09-27 23:15:10.226 -0300] INFO (87651): request completed
    route: "/v1/portal/aits/00000000-0000-7000-8000-0000f0000002"
    method: "GET"
    status: 200
    duration_ms: 5
[2026-09-27 23:15:10.232 -0300] INFO (87651): request completed
    route: "/v1/portal/aits/00000000-0000-7000-8000-0000f0000002/points"
    method: "GET"
    status: 200
    duration_ms: 5
[2026-09-27 23:15:10.236 -0300] INFO (87651): request completed
    route: "/v1/portal/points-summary"
    method: "GET"
    status: 200
    duration_ms: 3
[2026-09-27 23:15:10.242 -0300] INFO (87651): request completed
    route: "/v1/portal/requests"
    method: "GET"
    status: 200
    duration_ms: 5
[2026-09-27 23:15:10.249 -0300] INFO (87651): request completed
    route: "/v1/portal/requests/00000000-0000-7000-8000-000070400e09"
    method: "GET"
    status: 200
    duration_ms: 6
[2026-09-27 23:15:10.255 -0300] INFO (87651): request completed
    route: "/v1/portal/requests/00000000-0000-7000-8000-000070400e09/receipt"
    method: "GET"
    status: 404
    duration_ms: 5
[2026-09-27 23:15:10.261 -0300] INFO (87651): request completed
    route: "/v1/portal/requests/00000000-0000-7000-8000-000070400e09/decision"
    method: "GET"
    status: 200
    duration_ms: 5
[2026-09-27 23:15:10.266 -0300] INFO (87651): request completed
    route: "/v1/portal/inbox"
    method: "GET"
    status: 200
    duration_ms: 5
[2026-09-27 23:15:10.270 -0300] INFO (87651): request completed
    route: "/v1/portal/sne/enrollment"
    method: "GET"
    status: 200
    duration_ms: 4
[2026-09-27 23:15:10.277 -0300] INFO (87651): request completed
    route: "/v1/portal/documents/cnh"
    method: "GET"
    status: 503
    duration_ms: 6
[2026-09-27 23:15:10.283 -0300] INFO (87651): request completed
    route: "/v1/portal/vehicles"
    method: "GET"
    status: 503
    duration_ms: 5
[2026-09-27 23:15:10.292 -0300] INFO (87651): request completed
    route: "/v1/portal/vehicles/00000000-0000-7000-8000-00007ff00001/clearance"
    method: "GET"
    status: 503
    duration_ms: 8
[2026-09-27 23:15:10.302 -0300] INFO (87651): request completed
    route: "/v1/portal/crashes"
    method: "GET"
    status: 200
    duration_ms: 8
[2026-09-27 23:15:10.311 -0300] INFO (87651): request completed
    route: "/v1/portal/crashes/00000000-0000-7000-8000-00007ff00003"
    method: "GET"
    status: 200
    duration_ms: 8
[2026-09-27 23:15:10.320 -0300] INFO (87651): request completed
    route: "/v1/portal/exams"
    method: "GET"
    status: 200
    duration_ms: 8
[2026-09-27 23:15:10.325 -0300] INFO (87651): request completed
    route: "/v1/portal/exams/00000000-0000-7000-8000-00007ff00002"
    method: "GET"
    status: 404
    duration_ms: 4
[2026-09-27 23:15:10.332 -0300] INFO (87651): request completed
    route: "/v1/portal/manifestations"
    method: "GET"
    status: 200
    duration_ms: 6
[2026-09-27 23:15:10.336 -0300] INFO (87651): request completed
    route: "/v1/portal/service-charter/manifestar/deadline"
    method: "GET"
    status: 200
    duration_ms: 3
[2026-09-27 23:15:10.342 -0300] INFO (87651): request completed
    route: "/v1/portal/identity/representations"
    method: "GET"
    status: 200
    duration_ms: 5
[2026-09-27 23:15:10.346 -0300] INFO (87651): request completed
    route: "/v1/portal/services"
    method: "GET"
    status: 200
    duration_ms: 3
[2026-09-27 23:15:10.351 -0300] INFO (87651): request completed
    route: "/v1/portal/aits/00000000-0000-7000-8000-0000f0000002"
    method: "GET"
    status: 404
    duration_ms: 4
[2026-09-27 23:15:10.357 -0300] INFO (87651): request completed
    route: "/v1/portal/aits/00000000-0000-7000-8000-0000f0000002/points"
    method: "GET"
    status: 404
    duration_ms: 4
[2026-09-27 23:15:10.363 -0300] INFO (87651): request completed
    route: "/v1/portal/points-summary"
    method: "GET"
    status: 200
    duration_ms: 5
[2026-09-27 23:15:10.371 -0300] INFO (87651): request completed
    route: "/v1/portal/requests"
    method: "GET"
    status: 200
    duration_ms: 8
[2026-09-27 23:15:10.377 -0300] INFO (87651): request completed
    route: "/v1/portal/requests/00000000-0000-7000-8000-000070400e09"
    method: "GET"
    status: 404
    duration_ms: 5
[2026-09-27 23:15:10.382 -0300] INFO (87651): request completed
    route: "/v1/portal/requests/00000000-0000-7000-8000-000070400e09/receipt"
    method: "GET"
    status: 404
    duration_ms: 4
[2026-09-27 23:15:10.388 -0300] INFO (87651): request completed
    route: "/v1/portal/requests/00000000-0000-7000-8000-000070400e09/decision"
    method: "GET"
    status: 404
    duration_ms: 5
[2026-09-27 23:15:10.395 -0300] INFO (87651): request completed
    route: "/v1/portal/inbox"
    method: "GET"
    status: 200
    duration_ms: 6
[2026-09-27 23:15:10.400 -0300] INFO (87651): request completed
    route: "/v1/portal/sne/enrollment"
    method: "GET"
    status: 200
    duration_ms: 5
[2026-09-27 23:15:10.406 -0300] INFO (87651): request completed
    route: "/v1/portal/documents/cnh"
    method: "GET"
    status: 503
    duration_ms: 5
[2026-09-27 23:15:10.412 -0300] INFO (87651): request completed
    route: "/v1/portal/vehicles"
    method: "GET"
    status: 503
    duration_ms: 5
[2026-09-27 23:15:10.418 -0300] INFO (87651): request completed
    route: "/v1/portal/vehicles/00000000-0000-7000-8000-00007ff00001/clearance"
    method: "GET"
    status: 404
    duration_ms: 5
[2026-09-27 23:15:10.429 -0300] INFO (87651): request completed
    route: "/v1/portal/crashes"
    method: "GET"
    status: 200
    duration_ms: 10
[2026-09-27 23:15:10.434 -0300] INFO (87651): request completed
    route: "/v1/portal/crashes/00000000-0000-7000-8000-00007ff00003"
    method: "GET"
    status: 404
    duration_ms: 4
[2026-09-27 23:15:10.443 -0300] INFO (87651): request completed
    route: "/v1/portal/exams"
    method: "GET"
    status: 200
    duration_ms: 8
[2026-09-27 23:15:10.448 -0300] INFO (87651): request completed
    route: "/v1/portal/exams/00000000-0000-7000-8000-00007ff00002"
    method: "GET"
    status: 404
    duration_ms: 5
[2026-09-27 23:15:10.456 -0300] INFO (87651): request completed
    route: "/v1/portal/manifestations"
    method: "GET"
    status: 200
    duration_ms: 7
[2026-09-27 23:15:10.460 -0300] INFO (87651): request completed
    route: "/v1/portal/service-charter/manifestar/deadline"
    method: "GET"
    status: 200
    duration_ms: 3
[2026-09-27 23:15:10.465 -0300] INFO (87651): request completed
    route: "/v1/portal/identity/representations"
    method: "GET"
    status: 200
    duration_ms: 4
[2026-09-27 23:15:10.469 -0300] INFO (87651): request completed
    route: "/v1/portal/services"
    method: "GET"
    status: 200
    duration_ms: 3
[2026-09-27 23:15:10.474 -0300] INFO (87651): request completed
    route: "/v1/portal/aits/00000000-0000-7000-8000-0000f0000002"
    method: "GET"
    status: 404
    duration_ms: 4
[2026-09-27 23:15:10.480 -0300] INFO (87651): request completed
    route: "/v1/portal/aits/00000000-0000-7000-8000-0000f0000002/points"
    method: "GET"
    status: 404
    duration_ms: 5
[2026-09-27 23:15:10.485 -0300] INFO (87651): request completed
    route: "/v1/portal/points-summary"
    method: "GET"
    status: 200
    duration_ms: 4
[2026-09-27 23:15:10.492 -0300] INFO (87651): request completed
    route: "/v1/portal/requests"
    method: "GET"
    status: 200
    duration_ms: 5
[2026-09-27 23:15:10.496 -0300] INFO (87651): request completed
    route: "/v1/portal/requests/00000000-0000-7000-8000-000070400e09"
    method: "GET"
    status: 404
    duration_ms: 4
[2026-09-27 23:15:10.502 -0300] INFO (87651): request completed
    route: "/v1/portal/requests/00000000-0000-7000-8000-000070400e09/receipt"
    method: "GET"
    status: 404
    duration_ms: 4
[2026-09-27 23:15:10.508 -0300] INFO (87651): request completed
    route: "/v1/portal/requests/00000000-0000-7000-8000-000070400e09/decision"
    method: "GET"
    status: 404
    duration_ms: 6
[2026-09-27 23:15:10.514 -0300] INFO (87651): request completed
    route: "/v1/portal/inbox"
    method: "GET"
    status: 200
    duration_ms: 5
[2026-09-27 23:15:10.520 -0300] INFO (87651): request completed
    route: "/v1/portal/sne/enrollment"
    method: "GET"
    status: 200
    duration_ms: 5
[2026-09-27 23:15:10.527 -0300] INFO (87651): request completed
    route: "/v1/portal/documents/cnh"
    method: "GET"
    status: 503
    duration_ms: 6
[2026-09-27 23:15:10.534 -0300] INFO (87651): request completed
    route: "/v1/portal/vehicles"
    method: "GET"
    status: 503
    duration_ms: 6
[2026-09-27 23:15:10.540 -0300] INFO (87651): request completed
    route: "/v1/portal/vehicles/00000000-0000-7000-8000-00007ff00001/clearance"
    method: "GET"
    status: 404
    duration_ms: 5
[2026-09-27 23:15:10.550 -0300] INFO (87651): request completed
    route: "/v1/portal/crashes"
    method: "GET"
    status: 200
    duration_ms: 9
[2026-09-27 23:15:10.555 -0300] INFO (87651): request completed
    route: "/v1/portal/crashes/00000000-0000-7000-8000-00007ff00003"
    method: "GET"
    status: 404
    duration_ms: 4
[2026-09-27 23:15:10.564 -0300] INFO (87651): request completed
    route: "/v1/portal/exams"
    method: "GET"
    status: 200
    duration_ms: 8
[2026-09-27 23:15:10.573 -0300] INFO (87651): request completed
    route: "/v1/portal/exams/00000000-0000-7000-8000-00007ff00002"
    method: "GET"
    status: 200
    duration_ms: 8
[2026-09-27 23:15:10.580 -0300] INFO (87651): request completed
    route: "/v1/portal/manifestations"
    method: "GET"
    status: 200
    duration_ms: 5
[2026-09-27 23:15:10.585 -0300] INFO (87651): request completed
    route: "/v1/portal/service-charter/manifestar/deadline"
    method: "GET"
    status: 200
    duration_ms: 4
[2026-09-27 23:15:10.590 -0300] INFO (87651): request completed
    route: "/v1/portal/identity/representations"
    method: "GET"
    status: 200
    duration_ms: 4
[2026-09-27 23:15:10.595 -0300] INFO (87651): request completed
    route: "/v1/portal/services"
    method: "GET"
    status: 200
    duration_ms: 4
[2026-09-27 23:15:10.601 -0300] INFO (87651): request completed
    route: "/v1/portal/aits/00000000-0000-7000-8000-0000f0000002"
    method: "GET"
    status: 200
    duration_ms: 5
[2026-09-27 23:15:10.607 -0300] INFO (87651): request completed
    route: "/v1/portal/aits/00000000-0000-7000-8000-0000f0000002/points"
    method: "GET"
    status: 200
    duration_ms: 5
[2026-09-27 23:15:10.613 -0300] INFO (87651): request completed
    route: "/v1/portal/points-summary"
    method: "GET"
    status: 200
    duration_ms: 5
[2026-09-27 23:15:10.619 -0300] INFO (87651): request completed
    route: "/v1/portal/requests"
    method: "GET"
    status: 200
    duration_ms: 5
[2026-09-27 23:15:10.626 -0300] INFO (87651): request completed
    route: "/v1/portal/requests/00000000-0000-7000-8000-000070400e09"
    method: "GET"
    status: 200
    duration_ms: 6
[2026-09-27 23:15:10.633 -0300] INFO (87651): request completed
    route: "/v1/portal/requests/00000000-0000-7000-8000-000070400e09/receipt"
    method: "GET"
    status: 404
    duration_ms: 6
[2026-09-27 23:15:10.641 -0300] INFO (87651): request completed
    route: "/v1/portal/requests/00000000-0000-7000-8000-000070400e09/decision"
    method: "GET"
    status: 200
    duration_ms: 7
[2026-09-27 23:15:10.647 -0300] INFO (87651): request completed
    route: "/v1/portal/inbox"
    method: "GET"
    status: 200
    duration_ms: 5
[2026-09-27 23:15:10.653 -0300] INFO (87651): request completed
    route: "/v1/portal/sne/enrollment"
    method: "GET"
    status: 200
    duration_ms: 5
[2026-09-27 23:15:10.662 -0300] INFO (87651): request completed
    route: "/v1/portal/documents/cnh"
    method: "GET"
    status: 503
    duration_ms: 8
[2026-09-27 23:15:10.672 -0300] INFO (87651): request completed
    route: "/v1/portal/vehicles"
    method: "GET"
    status: 503
    duration_ms: 9
[2026-09-27 23:15:10.681 -0300] INFO (87651): request completed
    route: "/v1/portal/vehicles/00000000-0000-7000-8000-00007ff00001/clearance"
    method: "GET"
    status: 503
    duration_ms: 8
[2026-09-27 23:15:10.692 -0300] INFO (87651): request completed
    route: "/v1/portal/crashes"
    method: "GET"
    status: 200
    duration_ms: 10
[2026-09-27 23:15:10.702 -0300] INFO (87651): request completed
    route: "/v1/portal/crashes/00000000-0000-7000-8000-00007ff00003"
    method: "GET"
    status: 200
    duration_ms: 9
[2026-09-27 23:15:10.711 -0300] INFO (87651): request completed
    route: "/v1/portal/exams"
    method: "GET"
    status: 200
    duration_ms: 8
[2026-09-27 23:15:10.717 -0300] INFO (87651): request completed
    route: "/v1/portal/exams/00000000-0000-7000-8000-00007ff00002"
    method: "GET"
    status: 404
    duration_ms: 5
[2026-09-27 23:15:10.726 -0300] INFO (87651): request completed
    route: "/v1/portal/manifestations"
    method: "GET"
    status: 200
    duration_ms: 7
[2026-09-27 23:15:10.730 -0300] INFO (87651): request completed
    route: "/v1/portal/service-charter/manifestar/deadline"
    method: "GET"
    status: 200
    duration_ms: 3
[2026-09-27 23:15:10.736 -0300] INFO (87651): request completed
    route: "/v1/portal/identity/representations"
    method: "GET"
    status: 200
    duration_ms: 5
[2026-09-27 23:15:10.741 -0300] INFO (87651): request completed
    route: "/v1/portal/services"
    method: "GET"
    status: 200
    duration_ms: 4
[2026-09-27 23:15:10.745 -0300] INFO (87651): request completed
    route: "/v1/portal/aits/00000000-0000-7000-8000-0000f0000002"
    method: "GET"
    status: 404
    duration_ms: 4
[2026-09-27 23:15:10.753 -0300] INFO (87651): request completed
    route: "/v1/portal/aits/00000000-0000-7000-8000-0000f0000002/points"
    method: "GET"
    status: 404
    duration_ms: 7
[2026-09-27 23:15:10.765 -0300] INFO (87651): request completed
    route: "/v1/portal/points-summary"
    method: "GET"
    status: 200
    duration_ms: 7
[2026-09-27 23:15:10.771 -0300] INFO (87651): request completed
    route: "/v1/portal/requests"
    method: "GET"
    status: 200
    duration_ms: 5
[2026-09-27 23:15:10.777 -0300] INFO (87651): request completed
    route: "/v1/portal/requests/00000000-0000-7000-8000-000070400e09"
    method: "GET"
    status: 404
    duration_ms: 5
[2026-09-27 23:15:10.783 -0300] INFO (87651): request completed
    route: "/v1/portal/requests/00000000-0000-7000-8000-000070400e09/receipt"
    method: "GET"
    status: 404
    duration_ms: 4
[2026-09-27 23:15:10.790 -0300] INFO (87651): request completed
    route: "/v1/portal/requests/00000000-0000-7000-8000-000070400e09/decision"
    method: "GET"
    status: 404
    duration_ms: 6
[2026-09-27 23:15:10.798 -0300] INFO (87651): request completed
    route: "/v1/portal/inbox"
    method: "GET"
    status: 200
    duration_ms: 6
[2026-09-27 23:15:10.803 -0300] INFO (87651): request completed
    route: "/v1/portal/sne/enrollment"
    method: "GET"
    status: 200
    duration_ms: 4
[2026-09-27 23:15:10.810 -0300] INFO (87651): request completed
    route: "/v1/portal/documents/cnh"
    method: "GET"
    status: 503
    duration_ms: 6
[2026-09-27 23:15:10.822 -0300] INFO (87651): request completed
    route: "/v1/portal/vehicles"
    method: "GET"
    status: 503
    duration_ms: 10
[2026-09-27 23:15:10.829 -0300] INFO (87651): request completed
    route: "/v1/portal/vehicles/00000000-0000-7000-8000-00007ff00001/clearance"
    method: "GET"
    status: 404
    duration_ms: 5
[2026-09-27 23:15:10.838 -0300] INFO (87651): request completed
    route: "/v1/portal/crashes"
    method: "GET"
    status: 200
    duration_ms: 8
[2026-09-27 23:15:10.843 -0300] INFO (87651): request completed
    route: "/v1/portal/crashes/00000000-0000-7000-8000-00007ff00003"
    method: "GET"
    status: 404
    duration_ms: 4
[2026-09-27 23:15:10.853 -0300] INFO (87651): request completed
    route: "/v1/portal/exams"
    method: "GET"
    status: 200
    duration_ms: 9
[2026-09-27 23:15:10.859 -0300] INFO (87651): request completed
    route: "/v1/portal/exams/00000000-0000-7000-8000-00007ff00002"
    method: "GET"
    status: 404
    duration_ms: 5
[2026-09-27 23:15:10.866 -0300] INFO (87651): request completed
    route: "/v1/portal/manifestations"
    method: "GET"
    status: 200
    duration_ms: 6
[2026-09-27 23:15:10.873 -0300] INFO (87651): request completed
    route: "/v1/portal/service-charter/manifestar/deadline"
    method: "GET"
    status: 200
    duration_ms: 6
[2026-09-27 23:15:10.880 -0300] INFO (87651): request completed
    route: "/v1/portal/identity/representations"
    method: "GET"
    status: 200
    duration_ms: 5
[2026-09-27 23:15:10.885 -0300] INFO (87651): request completed
    route: "/v1/portal/services"
    method: "GET"
    status: 200
    duration_ms: 4
[2026-09-27 23:15:10.893 -0300] INFO (87651): request completed
    route: "/v1/portal/aits/00000000-0000-7000-8000-0000f0000002"
    method: "GET"
    status: 404
    duration_ms: 7
[2026-09-27 23:15:10.898 -0300] INFO (87651): request completed
    route: "/v1/portal/aits/00000000-0000-7000-8000-0000f0000002/points"
    method: "GET"
    status: 404
    duration_ms: 4
[2026-09-27 23:15:10.905 -0300] INFO (87651): request completed
    route: "/v1/portal/points-summary"
    method: "GET"
    status: 200
    duration_ms: 5
[2026-09-27 23:15:10.912 -0300] INFO (87651): request completed
    route: "/v1/portal/requests"
    method: "GET"
    status: 200
    duration_ms: 6
[2026-09-27 23:15:10.920 -0300] INFO (87651): request completed
    route: "/v1/portal/requests/00000000-0000-7000-8000-000070400e09"
    method: "GET"
    status: 404
    duration_ms: 5
[2026-09-27 23:15:10.926 -0300] INFO (87651): request completed
    route: "/v1/portal/requests/00000000-0000-7000-8000-000070400e09/receipt"
    method: "GET"
    status: 404
    duration_ms: 5
[2026-09-27 23:15:10.933 -0300] INFO (87651): request completed
    route: "/v1/portal/requests/00000000-0000-7000-8000-000070400e09/decision"
    method: "GET"
    status: 404
    duration_ms: 6
[2026-09-27 23:15:10.939 -0300] INFO (87651): request completed
    route: "/v1/portal/inbox"
    method: "GET"
    status: 200
    duration_ms: 5
[2026-09-27 23:15:10.946 -0300] INFO (87651): request completed
    route: "/v1/portal/sne/enrollment"
    method: "GET"
    status: 200
    duration_ms: 6
[2026-09-27 23:15:10.959 -0300] INFO (87651): request completed
    route: "/v1/portal/documents/cnh"
    method: "GET"
    status: 503
    duration_ms: 11
[2026-09-27 23:15:10.968 -0300] INFO (87651): request completed
    route: "/v1/portal/vehicles"
    method: "GET"
    status: 503
    duration_ms: 7
[2026-09-27 23:15:10.974 -0300] INFO (87651): request completed
    route: "/v1/portal/vehicles/00000000-0000-7000-8000-00007ff00001/clearance"
    method: "GET"
    status: 404
    duration_ms: 5
[2026-09-27 23:15:10.986 -0300] INFO (87651): request completed
    route: "/v1/portal/crashes"
    method: "GET"
    status: 200
    duration_ms: 11
[2026-09-27 23:15:10.993 -0300] INFO (87651): request completed
    route: "/v1/portal/crashes/00000000-0000-7000-8000-00007ff00003"
    method: "GET"
    status: 404
    duration_ms: 6
[2026-09-27 23:15:11.003 -0300] INFO (87651): request completed
    route: "/v1/portal/exams"
    method: "GET"
    status: 200
    duration_ms: 9
[2026-09-27 23:15:11.021 -0300] INFO (87651): request completed
    route: "/v1/portal/exams/00000000-0000-7000-8000-00007ff00002"
    method: "GET"
    status: 200
    duration_ms: 11
[2026-09-27 23:15:11.031 -0300] INFO (87651): request completed
    route: "/v1/portal/manifestations"
    method: "GET"
    status: 200
    duration_ms: 7
[2026-09-27 23:15:11.037 -0300] INFO (87651): request completed
    route: "/v1/portal/service-charter/manifestar/deadline"
    method: "GET"
    status: 200
    duration_ms: 4
[2026-09-27 23:15:11.047 -0300] INFO (87651): request completed
    route: "/v1/portal/identity/me"
    method: "GET"
    status: 200
    duration_ms: 9
[2026-09-27 23:15:11.053 -0300] INFO (87651): request completed
    route: "/v1/portal/identity/representations"
    method: "GET"
    status: 200
    duration_ms: 4
[2026-09-27 23:15:11.057 -0300] INFO (87651): request completed
    route: "/v1/portal/services"
    method: "GET"
    status: 200
    duration_ms: 4
[2026-09-27 23:15:11.063 -0300] INFO (87651): request completed
    route: "/v1/portal/aits/00000000-0000-7000-8000-0000f0000002"
    method: "GET"
    status: 200
    duration_ms: 5
[2026-09-27 23:15:11.069 -0300] INFO (87651): request completed
    route: "/v1/portal/aits/00000000-0000-7000-8000-0000f0000002/points"
    method: "GET"
    status: 200
    duration_ms: 5
[2026-09-27 23:15:11.075 -0300] INFO (87651): request completed
    route: "/v1/portal/points-summary"
    method: "GET"
    status: 200
    duration_ms: 5
[2026-09-27 23:15:11.081 -0300] INFO (87651): request completed
    route: "/v1/portal/requests"
    method: "GET"
    status: 200
    duration_ms: 5
[2026-09-27 23:15:11.088 -0300] INFO (87651): request completed
    route: "/v1/portal/requests/00000000-0000-7000-8000-000070400e09"
    method: "GET"
    status: 200
    duration_ms: 6
[2026-09-27 23:15:11.093 -0300] INFO (87651): request completed
    route: "/v1/portal/requests/00000000-0000-7000-8000-000070400e09/receipt"
    method: "GET"
    status: 404
    duration_ms: 4
[2026-09-27 23:15:11.102 -0300] INFO (87651): request completed
    route: "/v1/portal/requests/00000000-0000-7000-8000-000070400e09/decision"
    method: "GET"
    status: 200
    duration_ms: 8
[2026-09-27 23:15:11.109 -0300] INFO (87651): request completed
    route: "/v1/portal/inbox"
    method: "GET"
    status: 200
    duration_ms: 5
[2026-09-27 23:15:11.115 -0300] INFO (87651): request completed
    route: "/v1/portal/sne/enrollment"
    method: "GET"
    status: 200
    duration_ms: 5
[2026-09-27 23:15:11.121 -0300] INFO (87651): request completed
    route: "/v1/portal/documents/cnh"
    method: "GET"
    status: 503
    duration_ms: 5
[2026-09-27 23:15:11.128 -0300] INFO (87651): request completed
    route: "/v1/portal/vehicles"
    method: "GET"
    status: 503
    duration_ms: 6
[2026-09-27 23:15:11.137 -0300] INFO (87651): request completed
    route: "/v1/portal/vehicles/00000000-0000-7000-8000-00007ff00001/clearance"
    method: "GET"
    status: 503
    duration_ms: 8
[2026-09-27 23:15:11.147 -0300] INFO (87651): request completed
    route: "/v1/portal/crashes"
    method: "GET"
    status: 200
    duration_ms: 9
[2026-09-27 23:15:11.156 -0300] INFO (87651): request completed
    route: "/v1/portal/crashes/00000000-0000-7000-8000-00007ff00003"
    method: "GET"
    status: 200
    duration_ms: 8
[2026-09-27 23:15:11.166 -0300] INFO (87651): request completed
    route: "/v1/portal/exams"
    method: "GET"
    status: 200
    duration_ms: 9
[2026-09-27 23:15:11.172 -0300] INFO (87651): request completed
    route: "/v1/portal/exams/00000000-0000-7000-8000-00007ff00002"
    method: "GET"
    status: 404
    duration_ms: 5
[2026-09-27 23:15:11.179 -0300] INFO (87651): request completed
    route: "/v1/portal/manifestations"
    method: "GET"
    status: 200
    duration_ms: 6
[2026-09-27 23:15:11.184 -0300] INFO (87651): request completed
    route: "/v1/portal/service-charter/manifestar/deadline"
    method: "GET"
    status: 200
    duration_ms: 4
[2026-09-27 23:15:11.193 -0300] INFO (87651): request completed
    route: "/v1/portal/identity/me"
    method: "GET"
    status: 200
    duration_ms: 8
[2026-09-27 23:15:11.211 -0300] INFO (87651): request completed
    route: "/v1/portal/requests"
    method: "POST"
    status: 422
    duration_ms: 12
[2026-09-27 23:15:11.221 -0300] INFO (87651): request completed
    route: "/v1/portal/requests"
    method: "POST"
    status: 422
    duration_ms: 9
[2026-09-27 23:15:11.231 -0300] INFO (87651): request completed
    route: "/v1/portal/requests"
    method: "POST"
    status: 422
    duration_ms: 8
[2026-09-27 23:15:11.239 -0300] INFO (87651): request completed
    route: "/v1/portal/requests"
    method: "POST"
    status: 422
    duration_ms: 7
[2026-09-27 23:15:11.248 -0300] INFO (87651): request completed
    route: "/v1/portal/requests"
    method: "POST"
    status: 422
    duration_ms: 8
[2026-09-27 23:15:11.257 -0300] INFO (87651): request completed
    route: "/v1/portal/requests"
    method: "POST"
    status: 422
    duration_ms: 8
[2026-09-27 23:15:11.273 -0300] INFO (87651): request completed
    route: "/v1/portal/identity/preferences"
    method: "PUT"
    status: 422
    duration_ms: 14
[2026-09-27 23:15:11.282 -0300] INFO (87651): request completed
    route: "/v1/portal/requests"
    method: "POST"
    status: 404
    duration_ms: 8
[2026-09-27 23:15:14.923 -0300] INFO (88161): request completed
    route: "/v1/ops/offline-sync/sync-batches"
    method: "POST"
    status: 200
    duration_ms: 220
[2026-09-27 23:15:14.946 -0300] INFO (88161): request completed
    route: "/v1/ops/offline-sync/sync-batches"
    method: "POST"
    status: 200
    duration_ms: 19
[2026-09-27 23:15:14.955 -0300] INFO (88161): request completed
    route: "/v1/ops/offline-sync/sync-batches"
    method: "POST"
    status: 422
    duration_ms: 7
[2026-09-27 23:15:16.880 -0300] INFO (88520): request completed
    route: "/v1/inf/rait/sessions/00000000-0000-7000-8000-000030000003/commands/close-agenda"
    method: "POST"
    status: 400
    duration_ms: 93
[2026-09-27 23:15:16.898 -0300] INFO (88520): request completed
    route: "/v1/inf/rait/sessions/00000000-0000-7000-8000-000030000003/commands/open"
    method: "POST"
    status: 400
    duration_ms: 10
[2026-09-27 23:15:16.905 -0300] INFO (88520): request completed
    route: "/v1/inf/rait/sessions/00000000-0000-7000-8000-000030000003/commands/adjourn"
    method: "POST"
    status: 400
    duration_ms: 4
[2026-09-27 23:15:16.920 -0300] INFO (88520): request completed
    route: "/v1/inf/rait/sessions/00000000-0000-7000-8000-000030000003/commands/convene-extraordinary"
    method: "POST"
    status: 400
    duration_ms: 12
[2026-09-27 23:15:16.925 -0300] INFO (88520): request completed
    route: "/v1/inf/rait/agenda-items/00000000-0000-7000-8000-000031000002/commands/read"
    method: "POST"
    status: 403
    duration_ms: 1
[2026-09-27 23:15:16.928 -0300] INFO (88520): request completed
    route: "/v1/inf/rait/agenda-items/00000000-0000-7000-8000-000031000002/commands/view"
    method: "POST"
    status: 403
    duration_ms: 0
[2026-09-27 23:15:16.938 -0300] INFO (88520): request completed
    route: "/v1/inf/rait/agenda-items/00000000-0000-7000-8000-000031000002/commands/withdraw"
    method: "POST"
    status: 400
    duration_ms: 6
[2026-09-27 23:15:20.495 -0300] INFO (88654): request completed
    route: "/v1/portal/identity/me"
    method: "GET"
    status: 200
    duration_ms: 146
[2026-09-27 23:15:20.514 -0300] INFO (88654): request completed
    route: "/v1/portal/identity/me"
    method: "GET"
    status: 200
    duration_ms: 14
[2026-09-27 23:15:20.529 -0300] INFO (88654): request completed
    route: "/v1/portal/identity/me"
    method: "GET"
    status: 200
    duration_ms: 13
[2026-09-27 23:15:20.569 -0300] INFO (88654): request completed
    route: "/v1/portal/documents/cnh"
    method: "GET"
    status: 503
    duration_ms: 14
[2026-09-27 23:15:20.853 -0300] INFO (88654): request completed
    route: "/v1/portal/identity/me"
    method: "GET"
    status: 200
    duration_ms: 137
[2026-09-27 23:15:20.877 -0300] INFO (88654): request completed
    route: "/v1/portal/sne/enrollment"
    method: "POST"
    status: 503
    duration_ms: 16
[2026-09-27 23:15:26.522 -0300] INFO (88719): request completed
    route: "/v1/ops/agency/units"
    method: "GET"
    status: 200
    duration_ms: 97
[2026-09-27 23:15:26.537 -0300] INFO (88719): request completed
    route: "/v1/ops/agency/jurisdictions"
    method: "GET"
    status: 200
    duration_ms: 12
[2026-09-27 23:15:26.546 -0300] INFO (88719): request completed
    route: "/v1/ops/agency/competences"
    method: "GET"
    status: 200
    duration_ms: 7
[2026-09-27 23:15:26.553 -0300] INFO (88719): request completed
    route: "/v1/ops/field/agents"
    method: "GET"
    status: 200
    duration_ms: 6
[2026-09-27 23:15:26.561 -0300] INFO (88719): request completed
    route: "/v1/ops/field/shifts"
    method: "GET"
    status: 200
    duration_ms: 7
[2026-09-27 23:15:26.569 -0300] INFO (88719): request completed
    route: "/v1/ops/snapshots/people"
    method: "GET"
    status: 200
    duration_ms: 7
[2026-09-27 23:15:26.578 -0300] INFO (88719): request completed
    route: "/v1/ops/evidence/evidence"
    method: "GET"
    status: 200
    duration_ms: 8
[2026-09-27 23:15:26.587 -0300] INFO (88719): request completed
    route: "/v1/ops/offline-sync/sync-queue-items"
    method: "GET"
    status: 200
    duration_ms: 8
[2026-09-27 23:15:26.593 -0300] INFO (88719): request completed
    route: "/v1/ops/agency/units"
    method: "GET"
    status: 200
    duration_ms: 5
[2026-09-27 23:15:29.996 -0300] INFO (88728): request completed
    route: "/v1/portal/identity/me"
    method: "GET"
    status: 200
    duration_ms: 147
[2026-09-27 23:15:30.043 -0300] INFO (88728): request completed
    route: "/v1/portal/crashes"
    method: "GET"
    status: 200
    duration_ms: 14
[2026-09-27 23:15:31.932 -0300] INFO (89064): request completed
    route: "/v1/ch/admin/process-parameters/e2e.6cd163aa-cbd2-44af-835d-a3a6c0371867"
    method: "PUT"
    status: 200
    duration_ms: 162
[2026-09-27 23:15:31.946 -0300] INFO (89064): request completed
    route: "/v1/ch/admin/process-parameters/e2e.6cd163aa-cbd2-44af-835d-a3a6c0371867"
    method: "PUT"
    status: 200
    duration_ms: 11
[2026-09-27 23:15:31.954 -0300] INFO (89064): request completed
    route: "/v1/ch/admin/process-parameters/e2e.6cd163aa-cbd2-44af-835d-a3a6c0371867"
    method: "PUT"
    status: 422
    duration_ms: 7

⎯⎯⎯⎯⎯⎯ Failed Tests 22 ⎯⎯⎯⎯⎯⎯⎯

 FAIL  tests/e2e/portal-journeys.e2e.spec.ts > CTG-0004 §1 — jornadas cidadãs (C-4-01…52) > C-4-22 — dado já aderido quando POST SNE então devolve 409 SNE_ALREADY_ENROLLED
AssertionError: {"code":"PORTAL.SNE_UPSTREAM_UNAVAILABLE","message":"PORTAL.SNE_UPSTREAM_UNAVAILABLE","context":{"retryAfter":null}}: expected 503 to be 201 // Object.is equality

- Expected
+ Received

- 201
+ 503

 ❯ tests/e2e/portal-journeys.e2e.spec.ts:209:40
    207|       .set(key('adesao_sne', 'sne', body))
    208|       .send(body);
    209|     expect(r.status, bodyText(r.body)).toBe(201);
       |                                        ^
    210|     const alreadyEnrolled = await api()
    211|       .post('/v1/portal/sne/enrollment')

⎯⎯⎯⎯⎯⎯⎯⎯⎯⎯⎯⎯⎯⎯⎯⎯⎯⎯⎯⎯⎯⎯⎯[1/22]⎯

 FAIL  tests/e2e/portal-journeys.e2e.spec.ts > CTG-0004 §1 — jornadas cidadãs (C-4-01…52) > C-4-23 — dado mesma chave e corpo diverso quando POST SNE então 409 canônico
AssertionError: {"code":"PORTAL.VALIDATION_FAILED","message":"PORTAL.VALIDATION_FAILED","context":{"fields":["phone"]}}: expected 400 to be 409 // Object.is equality

- Expected
+ Received

- 409
+ 400

 ❯ tests/e2e/portal-journeys.e2e.spec.ts:241:40
    239|       .send({ ...body, phone: 'x' });
    240|     // CTG-0004.md: C-4-23 (§1), M17 exige conflito por corpo divergen…
    241|     expect(r.status, bodyText(r.body)).toBe(409);
       |                                        ^
    242|     expect(asRecord(r.body).code).toBe(
    243|       'PORTAL.IDEMPOTENT_KEY_REUSE_DIFFERENT_BODY',

⎯⎯⎯⎯⎯⎯⎯⎯⎯⎯⎯⎯⎯⎯⎯⎯⎯⎯⎯⎯⎯⎯⎯[2/22]⎯

 FAIL  tests/e2e/portal-journeys.e2e.spec.ts > CTG-0004 §1 — jornadas cidadãs (C-4-01…52) > C-4-24 — dado Prata no CDT quando GET CNH então devolve cachedAt
AssertionError: {"code":"PORTAL.NATIONAL_READ_UNAVAILABLE","message":"PORTAL.NATIONAL_READ_UNAVAILABLE","context":{"cachedAt":null,"retryAfter":900}}: expected 503 to be 200 // Object.is equality

- Expected
+ Received

- 200
+ 503

 ❯ tests/e2e/portal-journeys.e2e.spec.ts:249:40
    247|     const r = await get('/v1/portal/documents/cnh');
    248|     // CTG-0004.md: C-4-24 (§1), fixture Prata [DIVERGE-1] é leitura 2…
    249|     expect(r.status, bodyText(r.body)).toBe(200);
       |                                        ^
    250|     expect(asRecord(r.body).cachedAt).toEqual(expect.any(String));
    251|   });

⎯⎯⎯⎯⎯⎯⎯⎯⎯⎯⎯⎯⎯⎯⎯⎯⎯⎯⎯⎯⎯⎯⎯[3/22]⎯

 FAIL  tests/e2e/portal-journeys.e2e.spec.ts > CTG-0004 §1 — jornadas cidadãs (C-4-01…52) > C-4-25 — dado Prata no CDT quando GET vehicles então devolve coleção cidadã
AssertionError: {"code":"PORTAL.NATIONAL_READ_UNAVAILABLE","message":"PORTAL.NATIONAL_READ_UNAVAILABLE","context":{"cachedAt":null,"retryAfter":900}}: expected 503 to be 200 // Object.is equality

- Expected
+ Received

- 200
+ 503

 ❯ tests/e2e/portal-journeys.e2e.spec.ts:255:40
    253|     const r = await get('/v1/portal/vehicles');
    254|     // CTG-0004.md: C-4-25 (§1), fixture Prata [DIVERGE-1] é leitura 2…
    255|     expect(r.status, bodyText(r.body)).toBe(200);
       |                                        ^
    256|     expect(asRecord(r.body).items).toEqual(expect.any(Array));
    257|   });

⎯⎯⎯⎯⎯⎯⎯⎯⎯⎯⎯⎯⎯⎯⎯⎯⎯⎯⎯⎯⎯⎯⎯[4/22]⎯

 FAIL  tests/e2e/portal-journeys.e2e.spec.ts > CTG-0004 §1 — jornadas cidadãs (C-4-01…52) > C-4-28 — dado falha de fonte CNH sem cache então não troca provider nem skip
AssertionError: {"code":"PORTAL.NATIONAL_READ_UNAVAILABLE","message":"PORTAL.NATIONAL_READ_UNAVAILABLE","context":{"cachedAt":null,"retryAfter":900}}: expected 503 to be 200 // Object.is equality

- Expected
+ Received

- 200
+ 503

 ❯ tests/e2e/portal-journeys.e2e.spec.ts:274:40
    272|     const r = await get('/v1/portal/documents/cnh');
    273|     // CTG-0004.md: C-4-28 (§1), a leitura configurada usa o mock; fal…
    274|     expect(r.status, bodyText(r.body)).toBe(200);
       |                                        ^
    275|     expect(asRecord(r.body).cachedAt).toEqual(expect.any(String));
    276|   });

⎯⎯⎯⎯⎯⎯⎯⎯⎯⎯⎯⎯⎯⎯⎯⎯⎯⎯⎯⎯⎯⎯⎯[5/22]⎯

 FAIL  tests/e2e/portal-journeys.e2e.spec.ts > CTG-0004 §1 — jornadas cidadãs (C-4-01…52) > C-4-29 — dado resposta nacional cacheada quando GET então preserva cachedAt
AssertionError: {"code":"PORTAL.NATIONAL_READ_UNAVAILABLE","message":"PORTAL.NATIONAL_READ_UNAVAILABLE","context":{"cachedAt":null,"retryAfter":900}}: expected 503 to be 200 // Object.is equality

- Expected
+ Received

- 200
+ 503

 ❯ tests/e2e/portal-journeys.e2e.spec.ts:280:40
    278|     const r = await get('/v1/portal/documents/cnh');
    279|     // CTG-0004.md: C-4-29 (§1), leitura cacheada devolve 200 e cached…
    280|     expect(r.status, bodyText(r.body)).toBe(200);
       |                                        ^
    281|     expect(asRecord(r.body).cachedAt).toEqual(expect.any(String));
    282|   });

⎯⎯⎯⎯⎯⎯⎯⎯⎯⎯⎯⎯⎯⎯⎯⎯⎯⎯⎯⎯⎯⎯⎯[6/22]⎯

 FAIL  tests/e2e/portal-journeys.e2e.spec.ts > CTG-0004 §1 — jornadas cidadãs (C-4-01…52) > C-4-30 — dado mock desligado quando lê nacional então 503 canônico
AssertionError: {"code":"PORTAL.NATIONAL_READ_UNAVAILABLE","message":"PORTAL.NATIONAL_READ_UNAVAILABLE","context":{"cachedAt":null,"retryAfter":900}}: expected 503 to be 200 // Object.is equality

- Expected
+ Received

- 200
+ 503

 ❯ tests/e2e/portal-journeys.e2e.spec.ts:286:40
    284|     const r = await get('/v1/portal/vehicles');
    285|     // CTG-0004.md: C-4-30 (§1), fixture Prata usa leitura CDT 200; mo…
    286|     expect(r.status, bodyText(r.body)).toBe(200);
       |                                        ^
    287|     expect(asRecord(r.body).items).toEqual(expect.any(Array));
    288|   });

⎯⎯⎯⎯⎯⎯⎯⎯⎯⎯⎯⎯⎯⎯⎯⎯⎯⎯⎯⎯⎯⎯⎯[7/22]⎯

 FAIL  tests/e2e/portal-national-mock.e2e.spec.ts > CTG-0004 §§2–5 — mock nacional e portas reais (C-4-53…65, C-4-71…74) > C-4-53 — dado app e2e quando lê nacional então usa as portas reais do adapter
AssertionError: {"code":"PORTAL.NATIONAL_READ_UNAVAILABLE","message":"PORTAL.NATIONAL_READ_UNAVAILABLE","context":{"cachedAt":null,"retryAfter":900}}: expected 503 to be 200 // Object.is equality

- Expected
+ Received

- 200
+ 503

 ❯ tests/e2e/portal-national-mock.e2e.spec.ts:67:40
     65|     const r = await get('/v1/portal/documents/cnh');
     66|     // CTG-0004.md: C-4-53 (§8), adapter real devolve a leitura CDT Pr…
     67|     expect(r.status, bodyText(r.body)).toBe(200);
       |                                        ^
     68|     expect(asRecord(r.body).cachedAt).toEqual(expect.any(String));
     69|   });

⎯⎯⎯⎯⎯⎯⎯⎯⎯⎯⎯⎯⎯⎯⎯⎯⎯⎯⎯⎯⎯⎯⎯[8/22]⎯

 FAIL  tests/e2e/portal-national-mock.e2e.spec.ts > CTG-0004 §§2–5 — mock nacional e portas reais (C-4-53…65, C-4-71…74) > C-4-55 — dado CPF Prata no mock quando lê CNH então a fixture [DIVERGE-1] existe
AssertionError: {"code":"PORTAL.NATIONAL_READ_UNAVAILABLE","message":"PORTAL.NATIONAL_READ_UNAVAILABLE","context":{"cachedAt":null,"retryAfter":900}}: expected 503 to be 200 // Object.is equality

- Expected
+ Received

- 200
+ 503

 ❯ tests/e2e/portal-national-mock.e2e.spec.ts:72:40
     70|   it('C-4-55 — dado CPF Prata no mock quando lê CNH então a fixture [D…
     71|     const r = await get('/v1/portal/documents/cnh');
     72|     expect(r.status, bodyText(r.body)).toBe(200);
       |                                        ^
     73|   });
     74|   it('C-4-56 — dado adesão quando POST então SnePort precede persistên…

⎯⎯⎯⎯⎯⎯⎯⎯⎯⎯⎯⎯⎯⎯⎯⎯⎯⎯⎯⎯⎯⎯⎯[9/22]⎯

 FAIL  tests/e2e/portal-national-mock.e2e.spec.ts > CTG-0004 §§2–5 — mock nacional e portas reais (C-4-53…65, C-4-71…74) > C-4-56 — dado adesão quando POST então SnePort precede persistência e outbox
AssertionError: {"code":"PORTAL.SNE_UPSTREAM_UNAVAILABLE","message":"PORTAL.SNE_UPSTREAM_UNAVAILABLE","context":{"retryAfter":null}}: expected 503 to be 201 // Object.is equality

- Expected
+ Received

- 201
+ 503

 ❯ tests/e2e/portal-national-mock.e2e.spec.ts:103:40
    101|       .set(key('adesao_sne', 'sne', body))
    102|       .send(body);
    103|     expect(r.status, bodyText(r.body)).toBe(201);
       |                                        ^
    104|     expect(asRecord(r.body)).toMatchObject({ enrolled: true, channel: …
    105|     await asOwner(client);

⎯⎯⎯⎯⎯⎯⎯⎯⎯⎯⎯⎯⎯⎯⎯⎯⎯⎯⎯⎯⎯⎯[10/22]⎯

 FAIL  tests/e2e/portal-national-mock.e2e.spec.ts > CTG-0004 §§2–5 — mock nacional e portas reais (C-4-53…65, C-4-71…74) > C-4-59 — dado adesão e push repetidos com a mesma chave então repetem status/corpo; dado corpo divergente então 409 canônico
AssertionError: {"code":"PORTAL.SNE_UPSTREAM_UNAVAILABLE","message":"PORTAL.SNE_UPSTREAM_UNAVAILABLE","context":{"retryAfter":null}}: expected 503 to be 201 // Object.is equality

- Expected
+ Received

- 201
+ 503

 ❯ tests/e2e/portal-national-mock.e2e.spec.ts:171:54
    169|       .set(sneHeaders)
    170|       .send(sneBody);
    171|     expect(sneFirst.status, bodyText(sneFirst.body)).toBe(201);
       |                                                      ^
    172|     expect(sneReplay.status, bodyText(sneReplay.body)).toBe(sneFirst.s…
    173|     expect(sneReplay.body).toEqual(sneFirst.body);

⎯⎯⎯⎯⎯⎯⎯⎯⎯⎯⎯⎯⎯⎯⎯⎯⎯⎯⎯⎯⎯⎯[11/22]⎯

 FAIL  tests/e2e/portal-national-mock.e2e.spec.ts > CTG-0004 §§2–5 — mock nacional e portas reais (C-4-53…65, C-4-71…74) > C-4-60 — dado CNH Prata quando GET então normaliza status, validade, categorias, restrições e cachedAt
AssertionError: {"code":"PORTAL.NATIONAL_READ_UNAVAILABLE","message":"PORTAL.NATIONAL_READ_UNAVAILABLE","context":{"cachedAt":null,"retryAfter":900}}: expected 503 to be 200 // Object.is equality

- Expected
+ Received

- 200
+ 503

 ❯ tests/e2e/portal-national-mock.e2e.spec.ts:215:40
    213|   it('C-4-60 — dado CNH Prata quando GET então normaliza status, valid…
    214|     const r = await get('/v1/portal/documents/cnh');
    215|     expect(r.status, bodyText(r.body)).toBe(200);
       |                                        ^
    216|     const b = asRecord(r.body);
    217|     expect(asRecord(b.license)).toMatchObject({

⎯⎯⎯⎯⎯⎯⎯⎯⎯⎯⎯⎯⎯⎯⎯⎯⎯⎯⎯⎯⎯⎯[12/22]⎯

 FAIL  tests/e2e/portal-national-mock.e2e.spec.ts > CTG-0004 §§2–5 — mock nacional e portas reais (C-4-53…65, C-4-71…74) > C-4-61 — dado veículo Prata quando GET então usa UUIDv5, placa e modelo canônicos
AssertionError: {"code":"PORTAL.NATIONAL_READ_UNAVAILABLE","message":"PORTAL.NATIONAL_READ_UNAVAILABLE","context":{"cachedAt":null,"retryAfter":900}}: expected 503 to be 200 // Object.is equality

- Expected
+ Received

- 200
+ 503

 ❯ tests/e2e/portal-national-mock.e2e.spec.ts:227:40
    225|   it('C-4-61 — dado veículo Prata quando GET então usa UUIDv5, placa e…
    226|     const r = await get('/v1/portal/vehicles');
    227|     expect(r.status, bodyText(r.body)).toBe(200);
       |                                        ^
    228|     const item = (asRecord(r.body).items as unknown[])
    229|       .map(asRecord)

⎯⎯⎯⎯⎯⎯⎯⎯⎯⎯⎯⎯⎯⎯⎯⎯⎯⎯⎯⎯⎯⎯[13/22]⎯

 FAIL  tests/e2e/portal-national-mock.e2e.spec.ts > CTG-0004 §§2–5 — mock nacional e portas reais (C-4-53…65, C-4-71…74) > C-4-71 — dado situacaoCnh B quando normaliza então expõe status null, nunca rótulo inventado
AssertionError: {"code":"PORTAL.NATIONAL_READ_UNAVAILABLE","message":"PORTAL.NATIONAL_READ_UNAVAILABLE","context":{"cachedAt":null,"retryAfter":900}}: expected 503 to be 200 // Object.is equality

- Expected
+ Received

- 200
+ 503

 ❯ tests/e2e/portal-national-mock.e2e.spec.ts:293:40
    291|     const r = await api().get('/v1/portal/documents/cnh').set(headers(…
    292|     // CTG-0004.md §3 (linhas 148–150): B → null; categoria B → ['B'].
    293|     expect(r.status, bodyText(r.body)).toBe(200);
       |                                        ^
    294|     expect(asRecord(asRecord(r.body).license).status).toBeNull();
    295|     expect(asRecord(asRecord(r.body).license).categories).toEqual(['B'…

⎯⎯⎯⎯⎯⎯⎯⎯⎯⎯⎯⎯⎯⎯⎯⎯⎯⎯⎯⎯⎯⎯[14/22]⎯

 FAIL  tests/e2e/portal-national-mock.e2e.spec.ts > CTG-0004 §§2–5 — mock nacional e portas reais (C-4-53…65, C-4-71…74) > C-4-72 — dado dataValidadeCnh ISO quando normaliza então expõe somente yyyy-mm-dd
AssertionError: {"code":"PORTAL.NATIONAL_READ_UNAVAILABLE","message":"PORTAL.NATIONAL_READ_UNAVAILABLE","context":{"cachedAt":null,"retryAfter":900}}: expected 503 to be 200 // Object.is equality

- Expected
+ Received

- 200
+ 503

 ❯ tests/e2e/portal-national-mock.e2e.spec.ts:299:40
    297|   it('C-4-72 — dado dataValidadeCnh ISO quando normaliza então expõe s…
    298|     const r = await get('/v1/portal/documents/cnh');
    299|     expect(r.status, bodyText(r.body)).toBe(200);
       |                                        ^
    300|     expect(asRecord(asRecord(r.body).license).validUntil).toBe('2030-1…
    301|   });

⎯⎯⎯⎯⎯⎯⎯⎯⎯⎯⎯⎯⎯⎯⎯⎯⎯⎯⎯⎯⎯⎯[15/22]⎯

 FAIL  tests/e2e/portal-national-mock.e2e.spec.ts > CTG-0004 §§2–5 — mock nacional e portas reais (C-4-53…65, C-4-71…74) > C-4-73 — dado quadroObservacoesCnh vazio quando normaliza então expõe restrictions []
AssertionError: {"code":"PORTAL.NATIONAL_READ_UNAVAILABLE","message":"PORTAL.NATIONAL_READ_UNAVAILABLE","context":{"cachedAt":null,"retryAfter":900}}: expected 503 to be 200 // Object.is equality

- Expected
+ Received

- 200
+ 503

 ❯ tests/e2e/portal-national-mock.e2e.spec.ts:304:40
    302|   it('C-4-73 — dado quadroObservacoesCnh vazio quando normaliza então …
    303|     const r = await get('/v1/portal/documents/cnh');
    304|     expect(r.status, bodyText(r.body)).toBe(200);
       |                                        ^
    305|     expect(asRecord(asRecord(r.body).license).restrictions).toEqual([]…
    306|   });

⎯⎯⎯⎯⎯⎯⎯⎯⎯⎯⎯⎯⎯⎯⎯⎯⎯⎯⎯⎯⎯⎯[16/22]⎯

 FAIL  tests/e2e/portal-national-mock.e2e.spec.ts > CTG-0004 §§2–5 — mock nacional e portas reais (C-4-53…65, C-4-71…74) > C-4-74 — dado vehicleId normalizado quando clearance então usa a mesma chave do veículo
AssertionError: {"code":"PORTAL.NATIONAL_READ_UNAVAILABLE","message":"PORTAL.NATIONAL_READ_UNAVAILABLE","context":{"cachedAt":null,"retryAfter":900}}: expected 503 to be 200 // Object.is equality

- Expected
+ Received

- 200
+ 503

 ❯ tests/e2e/portal-national-mock.e2e.spec.ts:310:40
    308|     const r = await get('/v1/portal/vehicles');
    309|     // CTG-0004.md: C-4-74 (§8), mesma chave normalizada e sem cache d…
    310|     expect(r.status, bodyText(r.body)).toBe(200);
       |                                        ^
    311|     const id = asRecord((asRecord(r.body).items as unknown[])[0])
    312|       .vehicleId as string;

⎯⎯⎯⎯⎯⎯⎯⎯⎯⎯⎯⎯⎯⎯⎯⎯⎯⎯⎯⎯⎯⎯[17/22]⎯

 FAIL  tests/e2e/portal-requests.e2e.spec.ts > CTG-0002 §2.3/§4 — POST requests: idempotência M9 e elegibilidade (C-0002-64, C-0002-65) > C-0002-65 — dado defesa_previa sobre ait com vínculo então 422 SERVICE_UNAVAILABLE { unavailableReason, alternativeChannelNote presencial }; manifestar então 422 INELIGIBLE; consulta_multas sobre ait sem vínculo então 404 { kind: 'ait' }
Error: Parse Error: Expected HTTP/, RTSP/ or ICE/
⎯⎯⎯⎯⎯⎯⎯⎯⎯⎯⎯⎯⎯⎯⎯⎯⎯⎯⎯⎯⎯⎯[18/22]⎯

 FAIL  tests/e2e/portal-requests.e2e.spec.ts > CTG-0002 §3 — ciclo consulta_multas e adesão SNE (C-0002-66, C-0002-67) > C-0002-67 — dado CPF 11111111111 simples quando adesao_sne (create + draft + submit) então 403 { actKey: 'adesao_sne' } e 'AGUARDANDO_NIVEL_ASSINATURA' persistido; o MESMO CPF avancada quando submit de novo então 200 'EM_ANDAMENTO_NO_ORGAO' delegated e GET sne/enrollment enrolled; outro CPF então 404
AssertionError: {"code":"PORTAL.DELEGATION_FAILED","message":"PORTAL.DELEGATION_FAILED","context":{"protocol":"LOCAL-E2E-2026-0000019","retryPolicy":"pendencia_interna"}}: expected 502 to be 200 // Object.is equality

- Expected
+ Received

- 200
+ 502

 ❯ tests/e2e/portal-requests.e2e.spec.ts:583:62
    581|       .set(headers())
    582|       .send({ ...SIGNATURE, ...CONSEQUENCE_ACK });
    583|     expect(submitted.status, JSON.stringify(submitted.body)).toBe(200);
       |                                                              ^
    584|     expect(submitted.body).toMatchObject({
    585|       state: 'EM_ANDAMENTO_NO_ORGAO',

⎯⎯⎯⎯⎯⎯⎯⎯⎯⎯⎯⎯⎯⎯⎯⎯⎯⎯⎯⎯⎯⎯[19/22]⎯

 FAIL  tests/e2e/portal-requests.e2e.spec.ts > CTG-0002 §2.3 — withdraw, ownership, recibo, decisão, diligência (C-0002-69, C-0002-70) > C-0002-69 — dado request PEDIDO_EM_COMPOSICAO quando POST withdraw { confirm:true } com If-Match então 200 'DESISTIDO'; dado EM_ANDAMENTO_NO_ORGAO então 409 { state, allowed:[3] }; { confirm:false } então 400
AssertionError: C-0002-67 precisa ter deixado um pedido EM_ANDAMENTO_NO_ORGAO: expected undefined to be truthy

- Expected:
true

+ Received:
undefined

 ❯ tests/e2e/portal-requests.e2e.spec.ts:736:7
    734|       created.bronzeInProgress,
    735|       'C-0002-67 precisa ter deixado um pedido EM_ANDAMENTO_NO_ORGAO',
    736|     ).toBeTruthy();
       |       ^
    737|     setCitizen({ cpf: CPF.bronze, level: 'avancada' });
    738|     const inProgress = await api()

⎯⎯⎯⎯⎯⎯⎯⎯⎯⎯⎯⎯⎯⎯⎯⎯⎯⎯⎯⎯⎯⎯[20/22]⎯

 FAIL  tests/e2e/portal-requests.e2e.spec.ts > CTG-0002 §2.3 — withdraw, ownership, recibo, decisão, diligência (C-0002-69, C-0002-70) > C-0002-70 — dado request de outro CPF então GET 404 { kind:'request' }; GET receipt com protocolo então 422 'documento_assinado_pendente_r0014'; sem protocolo então 404 { kind:'protocol' }; GET decision então 404 { kind:'decision' }; POST diligences em EM_ANDAMENTO_NO_ORGAO então 422 'delegacao_indisponivel_r0007'
AssertionError: {"code":"PORTAL.VALIDATION_FAILED","message":"PORTAL.VALIDATION_FAILED","context":{"fields":["id"]}}: expected 400 to be 422 // Object.is equality

- Expected
+ Received

- 422
+ 400

 ❯ tests/e2e/portal-requests.e2e.spec.ts:847:62
    845|       .set(headers())
    846|       .send({ text: 'resposta', attachmentIds: [] });
    847|     expect(diligence.status, JSON.stringify(diligence.body)).toBe(422);
       |                                                              ^
    848|     expect(diligence.body.code).toBe('PORTAL.SERVICE_UNAVAILABLE');
    849|     expect(diligence.body.context).toMatchObject({

⎯⎯⎯⎯⎯⎯⎯⎯⎯⎯⎯⎯⎯⎯⎯⎯⎯⎯⎯⎯⎯⎯[21/22]⎯

 FAIL  tests/e2e/portal-routes.e2e.spec.ts > CTG-0002 §2.4/§6 — caixa, SNE e push (C-0002-74, C-0002-75, C-0002-76) > C-0002-75 — dado GET sne/enrollment sem linha então { enrolled:false, cancelable:false }; POST sem email/phone então 422 SNE_CONTACT_REQUIRED; com email e os 4 efeitos então 201; de novo então 409 SNE_ALREADY_ENROLLED; DELETE então 200; DELETE de novo então 409 SNE_NOT_ENROLLED; simples então 403; sem Idempotency-Key então 400
AssertionError: {"code":"PORTAL.SNE_UPSTREAM_UNAVAILABLE","message":"PORTAL.SNE_UPSTREAM_UNAVAILABLE","context":{"retryAfter":null}}: expected 503 to be 201 // Object.is equality

- Expected
+ Received

- 201
+ 503

 ❯ tests/e2e/portal-routes.e2e.spec.ts:481:60
    479|       .set(headers())
    480|       .send({ email: 'prata@local-e2e.invalid', channel: 'email', cons…
    481|     expect(enrolled.status, JSON.stringify(enrolled.body)).toBe(201);
       |                                                            ^
    482|     expect(enrolled.body).toMatchObject({
    483|       enrolled: true,

⎯⎯⎯⎯⎯⎯⎯⎯⎯⎯⎯⎯⎯⎯⎯⎯⎯⎯⎯⎯⎯⎯[22/22]⎯


 Test Files  4 failed | 33 passed (37)
      Tests  22 failed | 1654 passed | 3 todo (1679)
   Start at  23:13:33
   Duration  118.71s (transform 3.94s, setup 0ms, import 26.51s, tests 88.93s, environment 2ms)

/Users/aarusso/.codex/worktrees/stynx-canonical/detran/backend/app:
 ERR_PNPM_RECURSIVE_RUN_FIRST_FAIL  @detran/app@0.0.1 test:e2e: `DETRAN_TEST_TIER=e2e vitest run`
Exit status 1
 ELIFECYCLE  Command failed with exit code 1.
file:///Users/aarusso/.codex/worktrees/stynx-canonical/detran/backend/database/tests/run-backend-ci.mjs:33
        reject(new Error(`BLOCKED: pnpm ${script} exited ${code ?? signal}`));
               ^

Error: BLOCKED: pnpm backend:test:e2e exited 1
    at ChildProcess.<anonymous> (file:///Users/aarusso/.codex/worktrees/stynx-canonical/detran/backend/database/tests/run-backend-ci.mjs:33:16)
    at ChildProcess.emit (node:events:514:28)
    at maybeClose (node:internal/child_process:1141:16)
    at ChildProcess._handle.onexit (node:internal/child_process:306:5)

Node.js v24.20.0
 ELIFECYCLE  Command failed with exit code 1.
