
> detran@0.0.1 backend:test:ci /Users/aarusso/.codex/worktrees/stynx-canonical/detran
> node backend/database/tests/run-backend-ci.mjs


> detran@0.0.1 backend:test:unit /Users/aarusso/.codex/worktrees/stynx-canonical/detran
> pnpm --filter @detran/shared test && pnpm --filter @detran/est-crash test:unit && pnpm --filter @detran/sefaz-adapter test:unit && pnpm --filter @detran/portal-complaints test:unit && pnpm --filter @detran/ch-clinical-network test:unit && pnpm --filter @detran/ch-patients test:unit && pnpm --filter @detran/ch-encounters test:unit && pnpm --filter @detran/ch-biometrics test:unit && pnpm --filter @detran/ch-exams test:unit && pnpm --filter @detran/ch-clinical-controls test:unit && pnpm --filter @detran/ch-inconsistencies test:unit && pnpm --filter @detran/ch-operational-controls test:unit && pnpm --filter @detran/ch-clinical-reports test:unit && pnpm --filter @detran/ch-process-blocks test:unit && pnpm --filter @detran/ch-telehealth test:unit && pnpm --filter @detran/ch-billing test:unit && pnpm --filter @detran/ch-scheduling test:unit && pnpm --filter @detran/ch-restrictions test:unit && pnpm --filter @detran/ch-retention test:unit && pnpm --filter @detran/inf-normative test:unit && pnpm --filter @detran/inf-ait test:unit && pnpm --filter @detran/inf-measures test:unit && pnpm --filter @detran/inf-alcohol test:unit && pnpm --filter @detran/inf-rait-case test:unit && pnpm --filter @detran/inf-rait-worklist test:unit && pnpm --filter @detran/inf-rait-session test:unit && pnpm --filter @detran/inf-speed test:unit && pnpm --filter @detran/ops-parameter test:unit && pnpm --filter @detran/ops-agency test:unit && pnpm --filter @detran/ops-field test:unit && pnpm --filter @detran/ops-snapshots test:unit && pnpm --filter @detran/ops-evidence test:unit && pnpm --filter @detran/ops-offline-sync test:unit && pnpm --filter @detran/ops-provisioning test:unit && pnpm --filter @detran/app test:unit && pnpm --filter @detran/inf-deadlines test && pnpm --filter @detran/inf-infraction test:unit && pnpm --filter @detran/inf-notification test:unit && pnpm --filter @detran/inf-collection test:unit && pnpm --filter @detran/inf-rait-org test:unit && pnpm --filter @detran/inf-rait-integration test:unit && pnpm --filter @detran/portal-identity test:unit && pnpm --filter @detran/portal-requests test:unit && pnpm --filter @detran/portal-inbox test:unit && pnpm --filter @detran/portal-citizen-service test:unit && pnpm --filter @detran/portal-projections test:unit && pnpm --filter @detran/dashboard-monitor test:unit


> @detran/shared@0.0.1 test /Users/aarusso/.codex/worktrees/stynx-canonical/detran/backend/domains/shared
> vitest run --config vitest.config.ts


 RUN  v4.1.11 /Users/aarusso/.codex/worktrees/stynx-canonical/detran/backend/domains/shared


 Test Files  14 passed (14)
      Tests  432 passed (432)
   Start at  23:52:41
   Duration  1.18s (transform 692ms, setup 0ms, import 2.05s, tests 2.15s, environment 1ms)


> @detran/est-crash@0.0.1 test:unit /Users/aarusso/.codex/worktrees/stynx-canonical/detran/backend/domains/est/crash
> DETRAN_TEST_TIER=unit vitest run --config vitest.config.ts


 RUN  v4.1.11 /Users/aarusso/.codex/worktrees/stynx-canonical/detran/backend/domains/est/crash


 Test Files  1 passed (1)
      Tests  1 passed (1)
   Start at  23:52:43
   Duration  147ms (transform 43ms, setup 0ms, import 56ms, tests 2ms, environment 0ms)


> @detran/sefaz-adapter@0.0.1 test:unit /Users/aarusso/.codex/worktrees/stynx-canonical/detran/packages/sefaz-adapter
> vitest run --config vitest.config.ts


 RUN  v4.1.11 /Users/aarusso/.codex/worktrees/stynx-canonical/detran/packages/sefaz-adapter


 Test Files  2 passed (2)
      Tests  11 passed (11)
   Start at  23:52:43
   Duration  224ms (transform 28ms, setup 0ms, import 45ms, tests 6ms, environment 0ms)


> @detran/portal-complaints@0.0.1 test:unit /Users/aarusso/.codex/worktrees/stynx-canonical/detran/backend/domains/portal/complaints
> DETRAN_TEST_TIER=unit vitest run --config vitest.config.ts


 RUN  v4.1.11 /Users/aarusso/.codex/worktrees/stynx-canonical/detran/backend/domains/portal/complaints


 Test Files  1 passed (1)
      Tests  5 passed (5)
   Start at  23:52:44
   Duration  575ms (transform 89ms, setup 0ms, import 480ms, tests 4ms, environment 0ms)


> @detran/ch-clinical-network@0.0.1 test:unit /Users/aarusso/.codex/worktrees/stynx-canonical/detran/backend/domains/ch/clinical-network
> DETRAN_TEST_TIER=unit vitest run --config vitest.config.ts


 RUN  v4.1.11 /Users/aarusso/.codex/worktrees/stynx-canonical/detran/backend/domains/ch/clinical-network


 Test Files  1 passed (1)
      Tests  8 passed (8)
   Start at  23:52:45
   Duration  581ms (transform 99ms, setup 0ms, import 485ms, tests 7ms, environment 0ms)


> @detran/ch-patients@0.0.1 test:unit /Users/aarusso/.codex/worktrees/stynx-canonical/detran/backend/domains/ch/patients
> DETRAN_TEST_TIER=unit vitest run --config vitest.config.ts


 RUN  v4.1.11 /Users/aarusso/.codex/worktrees/stynx-canonical/detran/backend/domains/ch/patients

No test files found, exiting with code 0

include: src/**/*.spec.ts, tests/unit/**/*.spec.ts
exclude:  **/node_modules/**, **/.git/**


> @detran/ch-encounters@0.0.1 test:unit /Users/aarusso/.codex/worktrees/stynx-canonical/detran/backend/domains/ch/encounters
> DETRAN_TEST_TIER=unit vitest run --config vitest.config.ts


 RUN  v4.1.11 /Users/aarusso/.codex/worktrees/stynx-canonical/detran/backend/domains/ch/encounters


 Test Files  1 passed (1)
      Tests  11 passed (11)
   Start at  23:52:47
   Duration  563ms (transform 88ms, setup 0ms, import 470ms, tests 5ms, environment 0ms)


> @detran/ch-biometrics@0.0.1 test:unit /Users/aarusso/.codex/worktrees/stynx-canonical/detran/backend/domains/ch/biometrics
> DETRAN_TEST_TIER=unit vitest run --config vitest.config.ts


 RUN  v4.1.11 /Users/aarusso/.codex/worktrees/stynx-canonical/detran/backend/domains/ch/biometrics


 Test Files  2 passed (2)
      Tests  12 passed (12)
   Start at  23:52:48
   Duration  704ms (transform 114ms, setup 0ms, import 518ms, tests 12ms, environment 0ms)


> @detran/ch-exams@0.0.1 test:unit /Users/aarusso/.codex/worktrees/stynx-canonical/detran/backend/domains/ch/exams
> DETRAN_TEST_TIER=unit vitest run --config vitest.config.ts


 RUN  v4.1.11 /Users/aarusso/.codex/worktrees/stynx-canonical/detran/backend/domains/ch/exams


 Test Files  1 passed (1)
      Tests  12 passed (12)
   Start at  23:52:49
   Duration  582ms (transform 94ms, setup 0ms, import 487ms, tests 5ms, environment 0ms)


> @detran/ch-clinical-controls@0.0.1 test:unit /Users/aarusso/.codex/worktrees/stynx-canonical/detran/backend/domains/ch/clinical-controls
> DETRAN_TEST_TIER=unit vitest run --config vitest.config.ts


 RUN  v4.1.11 /Users/aarusso/.codex/worktrees/stynx-canonical/detran/backend/domains/ch/clinical-controls


 Test Files  1 passed (1)
      Tests  5 passed (5)
   Start at  23:52:50
   Duration  563ms (transform 90ms, setup 0ms, import 472ms, tests 4ms, environment 0ms)


> @detran/ch-inconsistencies@0.0.1 test:unit /Users/aarusso/.codex/worktrees/stynx-canonical/detran/backend/domains/ch/inconsistencies
> DETRAN_TEST_TIER=unit vitest run --config vitest.config.ts


 RUN  v4.1.11 /Users/aarusso/.codex/worktrees/stynx-canonical/detran/backend/domains/ch/inconsistencies


 Test Files  1 passed (1)
      Tests  7 passed (7)
   Start at  23:52:51
   Duration  580ms (transform 90ms, setup 0ms, import 483ms, tests 4ms, environment 0ms)


> @detran/ch-operational-controls@0.0.1 test:unit /Users/aarusso/.codex/worktrees/stynx-canonical/detran/backend/domains/ch/operational-controls
> DETRAN_TEST_TIER=unit vitest run --config vitest.config.ts


 RUN  v4.1.11 /Users/aarusso/.codex/worktrees/stynx-canonical/detran/backend/domains/ch/operational-controls


 Test Files  1 passed (1)
      Tests  6 passed (6)
   Start at  23:52:52
   Duration  584ms (transform 97ms, setup 0ms, import 487ms, tests 4ms, environment 0ms)


> @detran/ch-clinical-reports@0.0.1 test:unit /Users/aarusso/.codex/worktrees/stynx-canonical/detran/backend/domains/ch/clinical-reports
> DETRAN_TEST_TIER=unit vitest run --config vitest.config.ts


 RUN  v4.1.11 /Users/aarusso/.codex/worktrees/stynx-canonical/detran/backend/domains/ch/clinical-reports


 Test Files  5 passed (5)
      Tests  34 passed (34)
   Start at  23:52:53
   Duration  1.87s (transform 133ms, setup 0ms, import 1.41s, tests 31ms, environment 0ms)


> @detran/ch-process-blocks@0.0.1 test:unit /Users/aarusso/.codex/worktrees/stynx-canonical/detran/backend/domains/ch/process-blocks
> DETRAN_TEST_TIER=unit vitest run --config vitest.config.ts


 RUN  v4.1.11 /Users/aarusso/.codex/worktrees/stynx-canonical/detran/backend/domains/ch/process-blocks


 Test Files  1 passed (1)
      Tests  5 passed (5)
   Start at  23:52:56
   Duration  566ms (transform 89ms, setup 0ms, import 472ms, tests 4ms, environment 0ms)


> @detran/ch-telehealth@0.0.1 test:unit /Users/aarusso/.codex/worktrees/stynx-canonical/detran/backend/domains/ch/telehealth
> DETRAN_TEST_TIER=unit vitest run --config vitest.config.ts


 RUN  v4.1.11 /Users/aarusso/.codex/worktrees/stynx-canonical/detran/backend/domains/ch/telehealth


 Test Files  1 passed (1)
      Tests  4 passed (4)
   Start at  23:52:57
   Duration  567ms (transform 89ms, setup 0ms, import 475ms, tests 4ms, environment 0ms)


> @detran/ch-billing@0.0.1 test:unit /Users/aarusso/.codex/worktrees/stynx-canonical/detran/backend/domains/ch/billing
> DETRAN_TEST_TIER=unit vitest run --config vitest.config.ts


 RUN  v4.1.11 /Users/aarusso/.codex/worktrees/stynx-canonical/detran/backend/domains/ch/billing


 Test Files  1 passed (1)
      Tests  13 passed (13)
   Start at  23:52:58
   Duration  570ms (transform 95ms, setup 0ms, import 476ms, tests 6ms, environment 0ms)


> @detran/ch-scheduling@0.0.1 test:unit /Users/aarusso/.codex/worktrees/stynx-canonical/detran/backend/domains/ch/scheduling
> DETRAN_TEST_TIER=unit vitest run --config vitest.config.ts


 RUN  v4.1.11 /Users/aarusso/.codex/worktrees/stynx-canonical/detran/backend/domains/ch/scheduling


 Test Files  1 passed (1)
      Tests  7 passed (7)
   Start at  23:52:59
   Duration  578ms (transform 92ms, setup 0ms, import 481ms, tests 5ms, environment 0ms)


> @detran/ch-restrictions@0.0.1 test:unit /Users/aarusso/.codex/worktrees/stynx-canonical/detran/backend/domains/ch/restrictions
> DETRAN_TEST_TIER=unit vitest run --config vitest.config.ts


 RUN  v4.1.11 /Users/aarusso/.codex/worktrees/stynx-canonical/detran/backend/domains/ch/restrictions


 Test Files  1 passed (1)
      Tests  3 passed (3)
   Start at  23:53:00
   Duration  565ms (transform 88ms, setup 0ms, import 474ms, tests 3ms, environment 0ms)


> @detran/ch-retention@0.0.1 test:unit /Users/aarusso/.codex/worktrees/stynx-canonical/detran/backend/domains/ch/retention
> DETRAN_TEST_TIER=unit vitest run --config vitest.config.ts


 RUN  v4.1.11 /Users/aarusso/.codex/worktrees/stynx-canonical/detran/backend/domains/ch/retention


 Test Files  1 passed (1)
      Tests  5 passed (5)
   Start at  23:53:01
   Duration  567ms (transform 90ms, setup 0ms, import 476ms, tests 4ms, environment 0ms)


> @detran/inf-normative@0.0.1 test:unit /Users/aarusso/.codex/worktrees/stynx-canonical/detran/backend/domains/inf/normative
> DETRAN_TEST_TIER=unit vitest run --config vitest.config.ts


 RUN  v4.1.11 /Users/aarusso/.codex/worktrees/stynx-canonical/detran/backend/domains/inf/normative


 Test Files  7 passed (7)
      Tests  23 passed (23)
   Start at  23:53:02
   Duration  2.75s (transform 146ms, setup 0ms, import 499ms, tests 1.65s, environment 0ms)


> @detran/inf-ait@0.0.1 test:unit /Users/aarusso/.codex/worktrees/stynx-canonical/detran/backend/domains/inf/ait
> DETRAN_TEST_TIER=unit vitest run --config vitest.config.ts


 RUN  v4.1.11 /Users/aarusso/.codex/worktrees/stynx-canonical/detran/backend/domains/inf/ait


 Test Files  8 passed (8)
      Tests  312 passed (312)
   Start at  23:53:05
   Duration  3.65s (transform 156ms, setup 0ms, import 2.86s, tests 92ms, environment 0ms)


> @detran/inf-measures@0.0.1 test:unit /Users/aarusso/.codex/worktrees/stynx-canonical/detran/backend/domains/inf/measures
> DETRAN_TEST_TIER=unit vitest run --config vitest.config.ts


 RUN  v4.1.11 /Users/aarusso/.codex/worktrees/stynx-canonical/detran/backend/domains/inf/measures


 Test Files  12 passed (12)
      Tests  134 passed (134)
   Start at  23:53:09
   Duration  4.85s (transform 197ms, setup 0ms, import 587ms, tests 3.23s, environment 1ms)


> @detran/inf-alcohol@0.0.1 test:unit /Users/aarusso/.codex/worktrees/stynx-canonical/detran/backend/domains/inf/alcohol
> DETRAN_TEST_TIER=unit vitest run --config vitest.config.ts


 RUN  v4.1.11 /Users/aarusso/.codex/worktrees/stynx-canonical/detran/backend/domains/inf/alcohol


 Test Files  9 passed (9)
      Tests  127 passed (127)
   Start at  23:53:15
   Duration  3.74s (transform 155ms, setup 0ms, import 546ms, tests 2.42s, environment 0ms)


> @detran/inf-rait-case@0.0.1 test:unit /Users/aarusso/.codex/worktrees/stynx-canonical/detran/backend/domains/inf/rait-case
> DETRAN_TEST_TIER=unit vitest run --config vitest.config.ts


 RUN  v4.1.11 /Users/aarusso/.codex/worktrees/stynx-canonical/detran/backend/domains/inf/rait-case


 Test Files  7 passed (7)
      Tests  156 passed (156)
   Start at  23:53:19
   Duration  3.55s (transform 371ms, setup 0ms, import 859ms, tests 2.07s, environment 0ms)


> @detran/inf-rait-worklist@0.0.1 test:unit /Users/aarusso/.codex/worktrees/stynx-canonical/detran/backend/domains/inf/rait-worklist
> DETRAN_TEST_TIER=unit vitest run --config vitest.config.ts


 RUN  v4.1.11 /Users/aarusso/.codex/worktrees/stynx-canonical/detran/backend/domains/inf/rait-worklist


 Test Files  5 passed (5)
      Tests  78 passed (78)
   Start at  23:53:23
   Duration  2.63s (transform 369ms, setup 0ms, import 74ms, tests 2.12s, environment 0ms)


> @detran/inf-rait-session@0.0.1 test:unit /Users/aarusso/.codex/worktrees/stynx-canonical/detran/backend/domains/inf/rait-session
> DETRAN_TEST_TIER=unit vitest run --config vitest.config.ts


 RUN  v4.1.11 /Users/aarusso/.codex/worktrees/stynx-canonical/detran/backend/domains/inf/rait-session


 Test Files  3 passed (3)
      Tests  39 passed (39)
   Start at  23:53:26
   Duration  1.87s (transform 312ms, setup 0ms, import 877ms, tests 736ms, environment 0ms)


> @detran/inf-speed@0.0.1 test:unit /Users/aarusso/.codex/worktrees/stynx-canonical/detran/backend/domains/inf/speed
> DETRAN_TEST_TIER=unit vitest run --config vitest.config.ts


 RUN  v4.1.11 /Users/aarusso/.codex/worktrees/stynx-canonical/detran/backend/domains/inf/speed


 Test Files  1 passed (1)
      Tests  5 passed (5)
   Start at  23:53:29
   Duration  562ms (transform 83ms, setup 0ms, import 23ms, tests 452ms, environment 0ms)


> @detran/ops-parameter@0.0.1 test:unit /Users/aarusso/.codex/worktrees/stynx-canonical/detran/backend/domains/ops/parameter
> DETRAN_TEST_TIER=unit vitest run --config vitest.config.ts


 RUN  v4.1.11 /Users/aarusso/.codex/worktrees/stynx-canonical/detran/backend/domains/ops/parameter

[Nest] 26672  - 27/09/2026, 23:53:30    WARN [StynxErrorFilter] RAIT.VERSION_CONFLICT

 Test Files  1 passed (1)
      Tests  57 passed (57)
   Start at  23:53:30
   Duration  614ms (transform 106ms, setup 0ms, import 485ms, tests 42ms, environment 0ms)


> @detran/ops-agency@0.0.1 test:unit /Users/aarusso/.codex/worktrees/stynx-canonical/detran/backend/domains/ops/agency
> DETRAN_TEST_TIER=unit vitest run --config vitest.config.ts


 RUN  v4.1.11 /Users/aarusso/.codex/worktrees/stynx-canonical/detran/backend/domains/ops/agency

No test files found, exiting with code 0

include: src/**/*.spec.ts, tests/unit/**/*.spec.ts
exclude:  **/node_modules/**, **/.git/**


> @detran/ops-field@0.0.1 test:unit /Users/aarusso/.codex/worktrees/stynx-canonical/detran/backend/domains/ops/field
> DETRAN_TEST_TIER=unit vitest run --config vitest.config.ts


 RUN  v4.1.11 /Users/aarusso/.codex/worktrees/stynx-canonical/detran/backend/domains/ops/field


 Test Files  2 passed (2)
      Tests  54 passed (54)
   Start at  23:53:31
   Duration  1.18s (transform 135ms, setup 0ms, import 446ms, tests 557ms, environment 0ms)


> @detran/ops-snapshots@0.0.1 test:unit /Users/aarusso/.codex/worktrees/stynx-canonical/detran/backend/domains/ops/snapshots
> DETRAN_TEST_TIER=unit vitest run --config vitest.config.ts


 RUN  v4.1.11 /Users/aarusso/.codex/worktrees/stynx-canonical/detran/backend/domains/ops/snapshots


 Test Files  2 passed (2)
      Tests  12 passed (12)
   Start at  23:53:33
   Duration  720ms (transform 110ms, setup 0ms, import 67ms, tests 473ms, environment 0ms)


> @detran/ops-evidence@0.0.1 test:unit /Users/aarusso/.codex/worktrees/stynx-canonical/detran/backend/domains/ops/evidence
> DETRAN_TEST_TIER=unit vitest run --config vitest.config.ts


 RUN  v4.1.11 /Users/aarusso/.codex/worktrees/stynx-canonical/detran/backend/domains/ops/evidence


 Test Files  8 passed (8)
      Tests  45 passed (45)
   Start at  23:53:34
   Duration  3.71s (transform 170ms, setup 0ms, import 491ms, tests 2.54s, environment 0ms)


> @detran/ops-offline-sync@0.0.1 test:unit /Users/aarusso/.codex/worktrees/stynx-canonical/detran/backend/domains/ops/offline-sync
> DETRAN_TEST_TIER=unit vitest run --config vitest.config.ts


 RUN  v4.1.11 /Users/aarusso/.codex/worktrees/stynx-canonical/detran/backend/domains/ops/offline-sync


 Test Files  2 passed (2)
      Tests  33 passed (33)
   Start at  23:53:38
   Duration  1.35s (transform 131ms, setup 0ms, import 455ms, tests 718ms, environment 0ms)


> @detran/ops-provisioning@0.0.1 test:unit /Users/aarusso/.codex/worktrees/stynx-canonical/detran/backend/domains/ops/provisioning
> DETRAN_TEST_TIER=unit vitest run --config vitest.config.ts


 RUN  v4.1.11 /Users/aarusso/.codex/worktrees/stynx-canonical/detran/backend/domains/ops/provisioning


 Test Files  1 passed (1)
      Tests  7 passed (7)
   Start at  23:53:40
   Duration  633ms (transform 111ms, setup 0ms, import 541ms, tests 3ms, environment 0ms)


> @detran/app@0.0.1 test:unit /Users/aarusso/.codex/worktrees/stynx-canonical/detran/backend/app
> DETRAN_TEST_TIER=unit vitest run


 RUN  v4.1.11 /Users/aarusso/.codex/worktrees/stynx-canonical/detran/backend/app

[Nest] 28722  - 27/09/2026, 23:53:55     LOG [PecSefazService] [sefaz] validatePayment ref=DAR-1 correlationId=correlation-1
[Nest] 28722  - 27/09/2026, 23:53:55     LOG [PecSefazService] [sefaz] validatePayment ref=DAR-2 correlationId=n/a

 Test Files  24 passed (24)
      Tests  125 passed (125)
   Start at  23:53:41
   Duration  15.55s (transform 3.58s, setup 0ms, import 11.75s, tests 1.72s, environment 1ms)


> @detran/inf-deadlines@0.0.1 test /Users/aarusso/.codex/worktrees/stynx-canonical/detran/backend/domains/inf/deadlines
> vitest run --config vitest.config.ts


 RUN  v4.1.11 /Users/aarusso/.codex/worktrees/stynx-canonical/detran/backend/domains/inf/deadlines


 Test Files  1 passed (1)
      Tests  23 passed (23)
   Start at  23:53:57
   Duration  172ms (transform 54ms, setup 0ms, import 70ms, tests 11ms, environment 0ms)


> @detran/inf-infraction@0.0.1 test:unit /Users/aarusso/.codex/worktrees/stynx-canonical/detran/backend/domains/inf/infraction
> DETRAN_TEST_TIER=unit vitest run --config vitest.config.ts


 RUN  v4.1.11 /Users/aarusso/.codex/worktrees/stynx-canonical/detran/backend/domains/inf/infraction


 Test Files  3 passed (3)
      Tests  94 passed (94)
   Start at  23:53:58
   Duration  1.66s (transform 123ms, setup 0ms, import 1.38s, tests 30ms, environment 0ms)


> @detran/inf-notification@0.0.1 test:unit /Users/aarusso/.codex/worktrees/stynx-canonical/detran/backend/domains/inf/notification
> DETRAN_TEST_TIER=unit vitest run --config vitest.config.ts


 RUN  v4.1.11 /Users/aarusso/.codex/worktrees/stynx-canonical/detran/backend/domains/inf/notification


 Test Files  1 passed (1)
      Tests  7 passed (7)
   Start at  23:54:00
   Duration  156ms (transform 44ms, setup 0ms, import 61ms, tests 3ms, environment 0ms)


> @detran/inf-collection@0.0.1 test:unit /Users/aarusso/.codex/worktrees/stynx-canonical/detran/backend/domains/inf/collection
> DETRAN_TEST_TIER=unit vitest run --config vitest.config.ts


 RUN  v4.1.11 /Users/aarusso/.codex/worktrees/stynx-canonical/detran/backend/domains/inf/collection


 Test Files  2 passed (2)
      Tests  10 passed (10)
   Start at  23:54:01
   Duration  708ms (transform 119ms, setup 0ms, import 518ms, tests 17ms, environment 0ms)


> @detran/inf-rait-org@0.0.1 test:unit /Users/aarusso/.codex/worktrees/stynx-canonical/detran/backend/domains/inf/rait-org
> DETRAN_TEST_TIER=unit vitest run --config vitest.config.ts


 RUN  v4.1.11 /Users/aarusso/.codex/worktrees/stynx-canonical/detran/backend/domains/inf/rait-org


 Test Files  1 passed (1)
      Tests  2 passed (2)
   Start at  23:54:02
   Duration  608ms (transform 113ms, setup 0ms, import 515ms, tests 4ms, environment 0ms)


> @detran/inf-rait-integration@0.0.1 test:unit /Users/aarusso/.codex/worktrees/stynx-canonical/detran/backend/domains/inf/rait-integration
> DETRAN_TEST_TIER=unit vitest run --config vitest.config.ts


 RUN  v4.1.11 /Users/aarusso/.codex/worktrees/stynx-canonical/detran/backend/domains/inf/rait-integration


 Test Files  1 passed (1)
      Tests  1 passed (1)
   Start at  23:54:03
   Duration  583ms (transform 89ms, setup 0ms, import 490ms, tests 2ms, environment 0ms)


> @detran/portal-identity@0.0.1 test:unit /Users/aarusso/.codex/worktrees/stynx-canonical/detran/backend/domains/portal/identity
> DETRAN_TEST_TIER=unit vitest run --config vitest.config.ts


 RUN  v4.1.11 /Users/aarusso/.codex/worktrees/stynx-canonical/detran/backend/domains/portal/identity


 Test Files  3 passed (3)
      Tests  49 passed (49)
   Start at  23:54:04
   Duration  1.66s (transform 144ms, setup 0ms, import 1.39s, tests 12ms, environment 0ms)


> @detran/portal-requests@0.0.1 test:unit /Users/aarusso/.codex/worktrees/stynx-canonical/detran/backend/domains/portal/requests
> DETRAN_TEST_TIER=unit vitest run --config vitest.config.ts


 RUN  v4.1.11 /Users/aarusso/.codex/worktrees/stynx-canonical/detran/backend/domains/portal/requests


 Test Files  4 passed (4)
      Tests  97 passed | 7 todo (104)
   Start at  23:54:06
   Duration  2.34s (transform 262ms, setup 0ms, import 1.93s, tests 66ms, environment 0ms)


> @detran/portal-inbox@0.0.1 test:unit /Users/aarusso/.codex/worktrees/stynx-canonical/detran/backend/domains/portal/inbox
> DETRAN_TEST_TIER=unit vitest run --config vitest.config.ts


 RUN  v4.1.11 /Users/aarusso/.codex/worktrees/stynx-canonical/detran/backend/domains/portal/inbox


 Test Files  1 passed (1)
      Tests  13 passed (13)
   Start at  23:54:09
   Duration  885ms (transform 305ms, setup 0ms, import 779ms, tests 17ms, environment 0ms)


> @detran/portal-citizen-service@0.0.1 test:unit /Users/aarusso/.codex/worktrees/stynx-canonical/detran/backend/domains/portal/citizen-service
> DETRAN_TEST_TIER=unit vitest run --config vitest.config.ts


 RUN  v4.1.11 /Users/aarusso/.codex/worktrees/stynx-canonical/detran/backend/domains/portal/citizen-service


 Test Files  2 passed (2)
      Tests  78 passed (78)
   Start at  23:54:10
   Duration  1.36s (transform 315ms, setup 0ms, import 1.15s, tests 29ms, environment 0ms)


> @detran/portal-projections@0.0.1 test:unit /Users/aarusso/.codex/worktrees/stynx-canonical/detran/backend/domains/portal/projections
> DETRAN_TEST_TIER=unit vitest run --config vitest.config.ts


 RUN  v4.1.11 /Users/aarusso/.codex/worktrees/stynx-canonical/detran/backend/domains/portal/projections


 Test Files  5 passed (5)
      Tests  32 passed | 1 todo (33)
   Start at  23:54:12
   Duration  2.89s (transform 262ms, setup 0ms, import 2.39s, tests 64ms, environment 0ms)


> @detran/dashboard-monitor@0.0.1 test:unit /Users/aarusso/.codex/worktrees/stynx-canonical/detran/backend/domains/dashboard/monitor
> DETRAN_TEST_TIER=unit vitest run --config vitest.config.ts


 RUN  v4.1.11 /Users/aarusso/.codex/worktrees/stynx-canonical/detran/backend/domains/dashboard/monitor


 Test Files  17 passed (17)
      Tests  231 passed (231)
   Start at  23:54:16
   Duration  4.50s (transform 315ms, setup 0ms, import 2.93s, tests 129ms, environment 1ms)


> detran@0.0.1 backend:test:prepare-legacy /Users/aarusso/.codex/worktrees/stynx-canonical/detran
> node backend/database/tests/prepare-rait-priority-upgraded-legacy.mjs

upgraded legacy fixture: 20 cases and priority schema verified

> detran@0.0.1 backend:test:integration /Users/aarusso/.codex/worktrees/stynx-canonical/detran
> pnpm --filter @detran/app test:integration && pnpm --filter @detran/est-crash test:integration && pnpm --filter @detran/inf-ait test:integration && pnpm --filter @detran/inf-measures test:integration && pnpm --filter @detran/inf-alcohol test:integration && pnpm --filter @detran/ops-parameter test:integration && pnpm --filter @detran/ops-agency test:integration && pnpm --filter @detran/ops-field test:integration && pnpm --filter @detran/ops-snapshots test:integration && pnpm --filter @detran/ops-evidence test:integration && pnpm --filter @detran/ops-offline-sync test:integration && pnpm --filter @detran/ops-provisioning test:integration && pnpm --filter @detran/inf-normative test:integration && pnpm --filter @detran/inf-infraction test:integration && pnpm --filter @detran/inf-notification test:integration && pnpm --filter @detran/inf-collection test:integration && pnpm --filter @detran/inf-rait-case test:integration --exclude '**/rait-priority-upgrade.integration.spec.ts' --passWithNoTests=false && pnpm --filter @detran/inf-rait-worklist test:integration && pnpm --filter @detran/inf-rait-session test:integration && pnpm --filter @detran/inf-rait-org test:integration && pnpm --filter @detran/inf-rait-integration test:integration && pnpm --filter @detran/portal-identity test:integration && pnpm --filter @detran/portal-requests test:integration && pnpm --filter @detran/portal-inbox test:integration && pnpm --filter @detran/portal-citizen-service test:integration && pnpm --filter @detran/portal-projections test:integration && pnpm --filter @detran/dashboard-monitor test:integration


> @detran/app@0.0.1 test:integration /Users/aarusso/.codex/worktrees/stynx-canonical/detran/backend/app
> DETRAN_TEST_TIER=integration vitest run


 RUN  v4.1.11 /Users/aarusso/.codex/worktrees/stynx-canonical/detran/backend/app


 Test Files  6 passed (6)
      Tests  20 passed (20)
   Start at  23:54:29
   Duration  8.95s (transform 3.52s, setup 0ms, import 2.43s, tests 5.99s, environment 0ms)


> @detran/est-crash@0.0.1 test:integration /Users/aarusso/.codex/worktrees/stynx-canonical/detran/backend/domains/est/crash
> DETRAN_TEST_TIER=integration vitest run --config vitest.config.ts


 RUN  v4.1.11 /Users/aarusso/.codex/worktrees/stynx-canonical/detran/backend/domains/est/crash


 Test Files  1 passed (1)
      Tests  21 passed (21)
   Start at  23:54:39
   Duration  1.39s (transform 20ms, setup 0ms, import 43ms, tests 1.26s, environment 0ms)


> @detran/inf-ait@0.0.1 test:integration /Users/aarusso/.codex/worktrees/stynx-canonical/detran/backend/domains/inf/ait
> DETRAN_TEST_TIER=integration vitest run --config vitest.config.ts


 RUN  v4.1.11 /Users/aarusso/.codex/worktrees/stynx-canonical/detran/backend/domains/inf/ait


 Test Files  3 passed (3)
      Tests  25 passed (25)
   Start at  23:54:41
   Duration  2.46s (transform 267ms, setup 0ms, import 669ms, tests 1.53s, environment 0ms)


> @detran/inf-measures@0.0.1 test:integration /Users/aarusso/.codex/worktrees/stynx-canonical/detran/backend/domains/inf/measures
> DETRAN_TEST_TIER=integration vitest run --config vitest.config.ts


 RUN  v4.1.11 /Users/aarusso/.codex/worktrees/stynx-canonical/detran/backend/domains/inf/measures


 Test Files  1 passed (1)
      Tests  6 passed (6)
   Start at  23:54:43
   Duration  869ms (transform 106ms, setup 0ms, import 49ms, tests 731ms, environment 0ms)


> @detran/inf-alcohol@0.0.1 test:integration /Users/aarusso/.codex/worktrees/stynx-canonical/detran/backend/domains/inf/alcohol
> DETRAN_TEST_TIER=integration vitest run --config vitest.config.ts


 RUN  v4.1.11 /Users/aarusso/.codex/worktrees/stynx-canonical/detran/backend/domains/inf/alcohol


 Test Files  1 passed (1)
      Tests  5 passed (5)
   Start at  23:54:45
   Duration  932ms (transform 114ms, setup 0ms, import 49ms, tests 793ms, environment 0ms)


> @detran/ops-parameter@0.0.1 test:integration /Users/aarusso/.codex/worktrees/stynx-canonical/detran/backend/domains/ops/parameter
> DETRAN_TEST_TIER=integration vitest run --config vitest.config.ts


 RUN  v4.1.11 /Users/aarusso/.codex/worktrees/stynx-canonical/detran/backend/domains/ops/parameter


 Test Files  1 passed (1)
      Tests  1 passed (1)
   Start at  23:54:46
   Duration  253ms (transform 14ms, setup 0ms, import 34ms, tests 122ms, environment 0ms)


> @detran/ops-agency@0.0.1 test:integration /Users/aarusso/.codex/worktrees/stynx-canonical/detran/backend/domains/ops/agency
> DETRAN_TEST_TIER=integration vitest run --config vitest.config.ts


 RUN  v4.1.11 /Users/aarusso/.codex/worktrees/stynx-canonical/detran/backend/domains/ops/agency

No test files found, exiting with code 0

include: tests/integration/**/*.integration.spec.ts
exclude:  **/node_modules/**, **/.git/**


> @detran/ops-field@0.0.1 test:integration /Users/aarusso/.codex/worktrees/stynx-canonical/detran/backend/domains/ops/field
> DETRAN_TEST_TIER=integration vitest run --config vitest.config.ts


 RUN  v4.1.11 /Users/aarusso/.codex/worktrees/stynx-canonical/detran/backend/domains/ops/field


 Test Files  2 passed (2)
      Tests  13 passed (13)
   Start at  23:54:47
   Duration  1.84s (transform 141ms, setup 0ms, import 86ms, tests 1.57s, environment 0ms)


> @detran/ops-snapshots@0.0.1 test:integration /Users/aarusso/.codex/worktrees/stynx-canonical/detran/backend/domains/ops/snapshots
> DETRAN_TEST_TIER=integration vitest run --config vitest.config.ts


 RUN  v4.1.11 /Users/aarusso/.codex/worktrees/stynx-canonical/detran/backend/domains/ops/snapshots


 Test Files  2 passed (2)
      Tests  2 passed (2)
   Start at  23:54:50
   Duration  889ms (transform 110ms, setup 0ms, import 51ms, tests 659ms, environment 0ms)


> @detran/ops-evidence@0.0.1 test:integration /Users/aarusso/.codex/worktrees/stynx-canonical/detran/backend/domains/ops/evidence
> DETRAN_TEST_TIER=integration vitest run --config vitest.config.ts


 RUN  v4.1.11 /Users/aarusso/.codex/worktrees/stynx-canonical/detran/backend/domains/ops/evidence


 Test Files  4 passed (4)
      Tests  5 passed (5)
   Start at  23:54:51
   Duration  3.07s (transform 137ms, setup 0ms, import 116ms, tests 2.59s, environment 0ms)


> @detran/ops-offline-sync@0.0.1 test:integration /Users/aarusso/.codex/worktrees/stynx-canonical/detran/backend/domains/ops/offline-sync
> DETRAN_TEST_TIER=integration vitest run --config vitest.config.ts


 RUN  v4.1.11 /Users/aarusso/.codex/worktrees/stynx-canonical/detran/backend/domains/ops/offline-sync


 Test Files  5 passed (5)
      Tests  46 passed (46)
   Start at  23:54:55
   Duration  4.61s (transform 211ms, setup 0ms, import 164ms, tests 4.01s, environment 0ms)


> @detran/ops-provisioning@0.0.1 test:integration /Users/aarusso/.codex/worktrees/stynx-canonical/detran/backend/domains/ops/provisioning
> DETRAN_TEST_TIER=integration vitest run --config vitest.config.ts


 RUN  v4.1.11 /Users/aarusso/.codex/worktrees/stynx-canonical/detran/backend/domains/ops/provisioning


 Test Files  4 passed (4)
      Tests  694 passed (694)
   Start at  23:55:00
   Duration  220.08s (transform 186ms, setup 0ms, import 1.91s, tests 217.79s, environment 0ms)


> @detran/inf-normative@0.0.1 test:integration /Users/aarusso/.codex/worktrees/stynx-canonical/detran/backend/domains/inf/normative
> DETRAN_TEST_TIER=integration vitest run --config vitest.config.ts


 RUN  v4.1.11 /Users/aarusso/.codex/worktrees/stynx-canonical/detran/backend/domains/inf/normative


 Test Files  2 passed (2)
      Tests  3 passed (3)
   Start at  23:58:40
   Duration  1.42s (transform 110ms, setup 0ms, import 66ms, tests 1.18s, environment 0ms)


> @detran/inf-infraction@0.0.1 test:integration /Users/aarusso/.codex/worktrees/stynx-canonical/detran/backend/domains/inf/infraction
> DETRAN_TEST_TIER=integration vitest run --config vitest.config.ts


 RUN  v4.1.11 /Users/aarusso/.codex/worktrees/stynx-canonical/detran/backend/domains/inf/infraction


 Test Files  1 passed (1)
      Tests  7 passed (7)
   Start at  23:58:42
   Duration  300ms (transform 16ms, setup 0ms, import 36ms, tests 174ms, environment 0ms)


> @detran/inf-notification@0.0.1 test:integration /Users/aarusso/.codex/worktrees/stynx-canonical/detran/backend/domains/inf/notification
> DETRAN_TEST_TIER=integration vitest run --config vitest.config.ts


 RUN  v4.1.11 /Users/aarusso/.codex/worktrees/stynx-canonical/detran/backend/domains/inf/notification


 Test Files  1 passed (1)
      Tests  7 passed (7)
   Start at  23:58:43
   Duration  287ms (transform 16ms, setup 0ms, import 35ms, tests 165ms, environment 0ms)


> @detran/inf-collection@0.0.1 test:integration /Users/aarusso/.codex/worktrees/stynx-canonical/detran/backend/domains/inf/collection
> DETRAN_TEST_TIER=integration vitest run --config vitest.config.ts


 RUN  v4.1.11 /Users/aarusso/.codex/worktrees/stynx-canonical/detran/backend/domains/inf/collection


 Test Files  1 passed (1)
      Tests  20 passed (20)
   Start at  23:58:44
   Duration  342ms (transform 17ms, setup 0ms, import 38ms, tests 214ms, environment 0ms)


> @detran/inf-rait-case@0.0.1 test:integration /Users/aarusso/.codex/worktrees/stynx-canonical/detran/backend/domains/inf/rait-case
> DETRAN_TEST_TIER=integration vitest run --config vitest.config.ts "--exclude" "**/rait-priority-upgrade.integration.spec.ts" "--passWithNoTests=false"


 RUN  v4.1.11 /Users/aarusso/.codex/worktrees/stynx-canonical/detran/backend/domains/inf/rait-case


 Test Files  4 passed (4)
      Tests  33 passed (33)
   Start at  23:58:44
   Duration  19.30s (transform 38ms, setup 0ms, import 111ms, tests 18.83s, environment 0ms)


> @detran/inf-rait-worklist@0.0.1 test:integration /Users/aarusso/.codex/worktrees/stynx-canonical/detran/backend/domains/inf/rait-worklist
> DETRAN_TEST_TIER=integration vitest run --config vitest.config.ts


 RUN  v4.1.11 /Users/aarusso/.codex/worktrees/stynx-canonical/detran/backend/domains/inf/rait-worklist


 Test Files  5 passed (5)
      Tests  42 passed (42)
   Start at  23:59:04
   Duration  2.03s (transform 323ms, setup 0ms, import 109ms, tests 1.48s, environment 0ms)


> @detran/inf-rait-session@0.0.1 test:integration /Users/aarusso/.codex/worktrees/stynx-canonical/detran/backend/domains/inf/rait-session
> DETRAN_TEST_TIER=integration vitest run --config vitest.config.ts


 RUN  v4.1.11 /Users/aarusso/.codex/worktrees/stynx-canonical/detran/backend/domains/inf/rait-session


 Test Files  4 passed (4)
      Tests  15 passed (15)
   Start at  23:59:07
   Duration  1.94s (transform 343ms, setup 0ms, import 87ms, tests 1.51s, environment 0ms)


> @detran/inf-rait-org@0.0.1 test:integration /Users/aarusso/.codex/worktrees/stynx-canonical/detran/backend/domains/inf/rait-org
> DETRAN_TEST_TIER=integration vitest run --config vitest.config.ts


 RUN  v4.1.11 /Users/aarusso/.codex/worktrees/stynx-canonical/detran/backend/domains/inf/rait-org


 Test Files  1 passed (1)
      Tests  25 passed (25)
   Start at  23:59:09
   Duration  378ms (transform 20ms, setup 0ms, import 41ms, tests 244ms, environment 0ms)


> @detran/inf-rait-integration@0.0.1 test:integration /Users/aarusso/.codex/worktrees/stynx-canonical/detran/backend/domains/inf/rait-integration
> DETRAN_TEST_TIER=integration vitest run --config vitest.config.ts


 RUN  v4.1.11 /Users/aarusso/.codex/worktrees/stynx-canonical/detran/backend/domains/inf/rait-integration


 Test Files  1 passed (1)
      Tests  11 passed (11)
   Start at  23:59:10
   Duration  283ms (transform 17ms, setup 0ms, import 36ms, tests 155ms, environment 0ms)


> @detran/portal-identity@0.0.1 test:integration /Users/aarusso/.codex/worktrees/stynx-canonical/detran/backend/domains/portal/identity
> DETRAN_TEST_TIER=integration vitest run --config vitest.config.ts


 RUN  v4.1.11 /Users/aarusso/.codex/worktrees/stynx-canonical/detran/backend/domains/portal/identity


 Test Files  2 passed (2)
      Tests  11 passed (11)
   Start at  23:59:11
   Duration  516ms (transform 22ms, setup 0ms, import 61ms, tests 281ms, environment 0ms)


> @detran/portal-requests@0.0.1 test:integration /Users/aarusso/.codex/worktrees/stynx-canonical/detran/backend/domains/portal/requests
> DETRAN_TEST_TIER=integration vitest run --config vitest.config.ts


 RUN  v4.1.11 /Users/aarusso/.codex/worktrees/stynx-canonical/detran/backend/domains/portal/requests


 Test Files  1 passed (1)
      Tests  3 passed (3)
   Start at  23:59:12
   Duration  973ms (transform 215ms, setup 0ms, import 668ms, tests 214ms, environment 0ms)


> @detran/portal-inbox@0.0.1 test:integration /Users/aarusso/.codex/worktrees/stynx-canonical/detran/backend/domains/portal/inbox
> DETRAN_TEST_TIER=integration vitest run --config vitest.config.ts


 RUN  v4.1.11 /Users/aarusso/.codex/worktrees/stynx-canonical/detran/backend/domains/portal/inbox


 Test Files  1 passed (1)
      Tests  2 passed (2)
   Start at  23:59:13
   Duration  1.07s (transform 298ms, setup 0ms, import 775ms, tests 205ms, environment 0ms)


> @detran/portal-citizen-service@0.0.1 test:integration /Users/aarusso/.codex/worktrees/stynx-canonical/detran/backend/domains/portal/citizen-service
> DETRAN_TEST_TIER=integration vitest run --config vitest.config.ts


 RUN  v4.1.11 /Users/aarusso/.codex/worktrees/stynx-canonical/detran/backend/domains/portal/citizen-service


 Test Files  1 passed (1)
      Tests  1 passed (1)
   Start at  23:59:15
   Duration  818ms (transform 197ms, setup 0ms, import 643ms, tests 87ms, environment 0ms)


> @detran/portal-projections@0.0.1 test:integration /Users/aarusso/.codex/worktrees/stynx-canonical/detran/backend/domains/portal/projections
> DETRAN_TEST_TIER=integration vitest run --config vitest.config.ts


 RUN  v4.1.11 /Users/aarusso/.codex/worktrees/stynx-canonical/detran/backend/domains/portal/projections

(node:56241) DeprecationWarning: Calling client.query() when the client is already executing a query is deprecated and will be removed in pg@9.0. Use async/await or an external async flow control mechanism instead.
(Use `node --trace-deprecation ...` to show where the warning was created)

 Test Files  1 passed (1)
      Tests  7 passed (7)
   Start at  23:59:16
   Duration  1.19s (transform 213ms, setup 0ms, import 668ms, tests 440ms, environment 0ms)


> @detran/dashboard-monitor@0.0.1 test:integration /Users/aarusso/.codex/worktrees/stynx-canonical/detran/backend/domains/dashboard/monitor
> DETRAN_TEST_TIER=integration vitest run --config vitest.config.ts


 RUN  v4.1.11 /Users/aarusso/.codex/worktrees/stynx-canonical/detran/backend/domains/dashboard/monitor


 Test Files  14 passed (14)
      Tests  430 passed (430)
   Start at  23:59:18
   Duration  11.65s (transform 344ms, setup 0ms, import 3.82s, tests 6.58s, environment 1ms)


> detran@0.0.1 backend:test:prepare-legacy /Users/aarusso/.codex/worktrees/stynx-canonical/detran
> node backend/database/tests/prepare-rait-priority-upgraded-legacy.mjs

upgraded legacy fixture: 20 cases and priority schema verified

> detran@0.0.1 backend:test:e2e /Users/aarusso/.codex/worktrees/stynx-canonical/detran
> pnpm --filter @detran/app test:e2e && pnpm --filter @detran/ops-agency test:e2e && pnpm --filter @detran/ops-field test:e2e && pnpm --filter @detran/ops-snapshots test:e2e && pnpm --filter @detran/ops-evidence test:e2e && pnpm --filter @detran/ops-offline-sync test:e2e && pnpm --filter @detran/ops-provisioning test:e2e && pnpm --filter @detran/inf-ait test:e2e && pnpm --filter @detran/portal-identity test:e2e && pnpm --filter @detran/portal-requests test:e2e && pnpm --filter @detran/portal-inbox test:e2e && pnpm --filter @detran/portal-citizen-service test:e2e && pnpm --filter @detran/portal-projections test:e2e && pnpm --filter @detran/dashboard-monitor test:e2e


> @detran/app@0.0.1 test:e2e /Users/aarusso/.codex/worktrees/stynx-canonical/detran/backend/app
> DETRAN_TEST_TIER=e2e vitest run


 RUN  v4.1.11 /Users/aarusso/.codex/worktrees/stynx-canonical/detran/backend/app

[2026-09-27 23:59:45.517 -0300] INFO (57994): request completed
    route: "/v1/ops/stream"
    method: "GET"
    status: 403
    duration_ms: 1
[2026-09-27 23:59:48.610 -0300] INFO (57994): request completed
    request_id: "01a0e5f4-4efe-7403-aad3-3a5c0601d8fe"
    tenant_id: "00000000-0000-7000-8000-00000000a001"
    actor_id: "00000000-0000-4000-8000-0000b0000001"
    route: "/v1/ops/stream"
    method: "GET"
    status: 204
    duration_ms: 5
[2026-09-27 23:59:53.778 -0300] INFO (58871): request completed
    route: "/v1/portal/identity/me"
    method: "GET"
    status: 200
    duration_ms: 152
[2026-09-27 23:59:53.796 -0300] INFO (58871): request completed
    route: "/v1/portal/identity/me"
    method: "GET"
    status: 200
    duration_ms: 15
[2026-09-27 23:59:53.809 -0300] INFO (58871): request completed
    route: "/v1/portal/identity/me"
    method: "GET"
    status: 200
    duration_ms: 11
[2026-09-27 23:59:53.844 -0300] INFO (58871): request completed
    route: "/v1/portal/identity/representations"
    method: "GET"
    status: 200
    duration_ms: 9
[2026-09-27 23:59:53.855 -0300] INFO (58871): request completed
    route: "/v1/portal/services"
    method: "GET"
    status: 200
    duration_ms: 10
[2026-09-27 23:59:53.868 -0300] INFO (58871): request completed
    route: "/v1/portal/aits/00000000-0000-7000-8000-0000f0000002"
    method: "GET"
    status: 200
    duration_ms: 12
[2026-09-27 23:59:53.877 -0300] INFO (58871): request completed
    route: "/v1/portal/aits/00000000-0000-7000-8000-0000f0000002/points"
    method: "GET"
    status: 200
    duration_ms: 7
[2026-09-27 23:59:53.885 -0300] INFO (58871): request completed
    route: "/v1/portal/points-summary"
    method: "GET"
    status: 200
    duration_ms: 7
[2026-09-27 23:59:53.907 -0300] INFO (58871): request completed
    route: "/v1/portal/requests"
    method: "GET"
    status: 200
    duration_ms: 20
[2026-09-27 23:59:53.920 -0300] INFO (58871): request completed
    route: "/v1/portal/requests/00000000-0000-7000-8000-000070400e09"
    method: "GET"
    status: 200
    duration_ms: 12
[2026-09-27 23:59:53.930 -0300] INFO (58871): request completed
    route: "/v1/portal/requests/00000000-0000-7000-8000-000070400e09/receipt"
    method: "GET"
    status: 404
    duration_ms: 9
[2026-09-27 23:59:53.940 -0300] INFO (58871): request completed
    route: "/v1/portal/requests/00000000-0000-7000-8000-000070400e09/decision"
    method: "GET"
    status: 200
    duration_ms: 9
[2026-09-27 23:59:53.947 -0300] INFO (58871): request completed
    route: "/v1/portal/inbox"
    method: "GET"
    status: 200
    duration_ms: 6
[2026-09-27 23:59:53.954 -0300] INFO (58871): request completed
    route: "/v1/portal/sne/enrollment"
    method: "GET"
    status: 200
    duration_ms: 6
[2026-09-27 23:59:54.029 -0300] INFO (58871): request completed
    route: "/v1/portal/documents/cnh"
    method: "GET"
    status: 200
    duration_ms: 74
[2026-09-27 23:59:54.055 -0300] INFO (58871): request completed
    route: "/v1/portal/vehicles"
    method: "GET"
    status: 200
    duration_ms: 25
[2026-09-27 23:59:54.067 -0300] INFO (58871): request completed
    route: "/v1/portal/vehicles/00000000-0000-7000-8000-00007ff00001/clearance"
    method: "GET"
    status: 503
    duration_ms: 11
[2026-09-27 23:59:54.081 -0300] INFO (58871): request completed
    route: "/v1/portal/crashes"
    method: "GET"
    status: 200
    duration_ms: 12
[2026-09-27 23:59:54.093 -0300] INFO (58871): request completed
    route: "/v1/portal/crashes/00000000-0000-7000-8000-00007ff00003"
    method: "GET"
    status: 200
    duration_ms: 11
[2026-09-27 23:59:54.104 -0300] INFO (58871): request completed
    route: "/v1/portal/exams"
    method: "GET"
    status: 200
    duration_ms: 10
[2026-09-27 23:59:54.112 -0300] INFO (58871): request completed
    route: "/v1/portal/exams/00000000-0000-7000-8000-00007ff00002"
    method: "GET"
    status: 404
    duration_ms: 7
[2026-09-27 23:59:54.122 -0300] INFO (58871): request completed
    route: "/v1/portal/manifestations"
    method: "GET"
    status: 200
    duration_ms: 9
[2026-09-27 23:59:54.128 -0300] INFO (58871): request completed
    route: "/v1/portal/service-charter/manifestar/deadline"
    method: "GET"
    status: 200
    duration_ms: 5
[2026-09-27 23:59:54.135 -0300] INFO (58871): request completed
    route: "/v1/portal/identity/representations"
    method: "GET"
    status: 200
    duration_ms: 6
[2026-09-27 23:59:54.141 -0300] INFO (58871): request completed
    route: "/v1/portal/services"
    method: "GET"
    status: 200
    duration_ms: 5
[2026-09-27 23:59:54.147 -0300] INFO (58871): request completed
    route: "/v1/portal/aits/00000000-0000-7000-8000-0000f0000002"
    method: "GET"
    status: 404
    duration_ms: 5
[2026-09-27 23:59:54.154 -0300] INFO (58871): request completed
    route: "/v1/portal/aits/00000000-0000-7000-8000-0000f0000002/points"
    method: "GET"
    status: 404
    duration_ms: 6
[2026-09-27 23:59:54.162 -0300] INFO (58871): request completed
    route: "/v1/portal/points-summary"
    method: "GET"
    status: 200
    duration_ms: 7
[2026-09-27 23:59:54.174 -0300] INFO (58871): request completed
    route: "/v1/portal/requests"
    method: "GET"
    status: 200
    duration_ms: 11
[2026-09-27 23:59:54.181 -0300] INFO (58871): request completed
    route: "/v1/portal/requests/00000000-0000-7000-8000-000070400e09"
    method: "GET"
    status: 404
    duration_ms: 6
[2026-09-27 23:59:54.188 -0300] INFO (58871): request completed
    route: "/v1/portal/requests/00000000-0000-7000-8000-000070400e09/receipt"
    method: "GET"
    status: 404
    duration_ms: 6
[2026-09-27 23:59:54.195 -0300] INFO (58871): request completed
    route: "/v1/portal/requests/00000000-0000-7000-8000-000070400e09/decision"
    method: "GET"
    status: 404
    duration_ms: 6
[2026-09-27 23:59:54.203 -0300] INFO (58871): request completed
    route: "/v1/portal/inbox"
    method: "GET"
    status: 200
    duration_ms: 7
[2026-09-27 23:59:54.210 -0300] INFO (58871): request completed
    route: "/v1/portal/sne/enrollment"
    method: "GET"
    status: 200
    duration_ms: 6
[2026-09-27 23:59:54.221 -0300] INFO (58871): request completed
    route: "/v1/portal/documents/cnh"
    method: "GET"
    status: 503
    duration_ms: 10
[2026-09-27 23:59:54.234 -0300] INFO (58871): request completed
    route: "/v1/portal/vehicles"
    method: "GET"
    status: 503
    duration_ms: 12
[2026-09-27 23:59:54.243 -0300] INFO (58871): request completed
    route: "/v1/portal/vehicles/00000000-0000-7000-8000-00007ff00001/clearance"
    method: "GET"
    status: 404
    duration_ms: 8
[2026-09-27 23:59:54.257 -0300] INFO (58871): request completed
    route: "/v1/portal/crashes"
    method: "GET"
    status: 200
    duration_ms: 13
[2026-09-27 23:59:54.265 -0300] INFO (58871): request completed
    route: "/v1/portal/crashes/00000000-0000-7000-8000-00007ff00003"
    method: "GET"
    status: 404
    duration_ms: 7
[2026-09-27 23:59:54.277 -0300] INFO (58871): request completed
    route: "/v1/portal/exams"
    method: "GET"
    status: 200
    duration_ms: 11
[2026-09-27 23:59:54.283 -0300] INFO (58871): request completed
    route: "/v1/portal/exams/00000000-0000-7000-8000-00007ff00002"
    method: "GET"
    status: 404
    duration_ms: 5
[2026-09-27 23:59:54.291 -0300] INFO (58871): request completed
    route: "/v1/portal/manifestations"
    method: "GET"
    status: 200
    duration_ms: 6
[2026-09-27 23:59:54.296 -0300] INFO (58871): request completed
    route: "/v1/portal/service-charter/manifestar/deadline"
    method: "GET"
    status: 200
    duration_ms: 5
[2026-09-27 23:59:54.303 -0300] INFO (58871): request completed
    route: "/v1/portal/identity/representations"
    method: "GET"
    status: 200
    duration_ms: 6
[2026-09-27 23:59:54.308 -0300] INFO (58871): request completed
    route: "/v1/portal/services"
    method: "GET"
    status: 200
    duration_ms: 4
[2026-09-27 23:59:54.315 -0300] INFO (58871): request completed
    route: "/v1/portal/aits/00000000-0000-7000-8000-0000f0000002"
    method: "GET"
    status: 404
    duration_ms: 6
[2026-09-27 23:59:54.322 -0300] INFO (58871): request completed
    route: "/v1/portal/aits/00000000-0000-7000-8000-0000f0000002/points"
    method: "GET"
    status: 404
    duration_ms: 7
[2026-09-27 23:59:54.329 -0300] INFO (58871): request completed
    route: "/v1/portal/points-summary"
    method: "GET"
    status: 200
    duration_ms: 6
[2026-09-27 23:59:54.337 -0300] INFO (58871): request completed
    route: "/v1/portal/requests"
    method: "GET"
    status: 200
    duration_ms: 7
[2026-09-27 23:59:54.345 -0300] INFO (58871): request completed
    route: "/v1/portal/requests/00000000-0000-7000-8000-000070400e09"
    method: "GET"
    status: 404
    duration_ms: 7
[2026-09-27 23:59:54.352 -0300] INFO (58871): request completed
    route: "/v1/portal/requests/00000000-0000-7000-8000-000070400e09/receipt"
    method: "GET"
    status: 404
    duration_ms: 6
[2026-09-27 23:59:54.358 -0300] INFO (58871): request completed
    route: "/v1/portal/requests/00000000-0000-7000-8000-000070400e09/decision"
    method: "GET"
    status: 404
    duration_ms: 5
[2026-09-27 23:59:54.365 -0300] INFO (58871): request completed
    route: "/v1/portal/inbox"
    method: "GET"
    status: 200
    duration_ms: 6
[2026-09-27 23:59:54.373 -0300] INFO (58871): request completed
    route: "/v1/portal/sne/enrollment"
    method: "GET"
    status: 200
    duration_ms: 7
[2026-09-27 23:59:54.391 -0300] INFO (58871): request completed
    route: "/v1/portal/documents/cnh"
    method: "GET"
    status: 200
    duration_ms: 17
[2026-09-27 23:59:54.408 -0300] INFO (58871): request completed
    route: "/v1/portal/vehicles"
    method: "GET"
    status: 200
    duration_ms: 16
[2026-09-27 23:59:54.414 -0300] INFO (58871): request completed
    route: "/v1/portal/vehicles/00000000-0000-7000-8000-00007ff00001/clearance"
    method: "GET"
    status: 404
    duration_ms: 5
[2026-09-27 23:59:54.424 -0300] INFO (58871): request completed
    route: "/v1/portal/crashes"
    method: "GET"
    status: 200
    duration_ms: 9
[2026-09-27 23:59:54.431 -0300] INFO (58871): request completed
    route: "/v1/portal/crashes/00000000-0000-7000-8000-00007ff00003"
    method: "GET"
    status: 404
    duration_ms: 6
[2026-09-27 23:59:54.444 -0300] INFO (58871): request completed
    route: "/v1/portal/exams"
    method: "GET"
    status: 200
    duration_ms: 12
[2026-09-27 23:59:54.455 -0300] INFO (58871): request completed
    route: "/v1/portal/exams/00000000-0000-7000-8000-00007ff00002"
    method: "GET"
    status: 200
    duration_ms: 10
[2026-09-27 23:59:54.463 -0300] INFO (58871): request completed
    route: "/v1/portal/manifestations"
    method: "GET"
    status: 200
    duration_ms: 7
[2026-09-27 23:59:54.469 -0300] INFO (58871): request completed
    route: "/v1/portal/service-charter/manifestar/deadline"
    method: "GET"
    status: 200
    duration_ms: 5
[2026-09-27 23:59:54.475 -0300] INFO (58871): request completed
    route: "/v1/portal/identity/representations"
    method: "GET"
    status: 200
    duration_ms: 5
[2026-09-27 23:59:54.480 -0300] INFO (58871): request completed
    route: "/v1/portal/services"
    method: "GET"
    status: 200
    duration_ms: 5
[2026-09-27 23:59:54.489 -0300] INFO (58871): request completed
    route: "/v1/portal/aits/00000000-0000-7000-8000-0000f0000002"
    method: "GET"
    status: 200
    duration_ms: 8
[2026-09-27 23:59:54.495 -0300] INFO (58871): request completed
    route: "/v1/portal/aits/00000000-0000-7000-8000-0000f0000002/points"
    method: "GET"
    status: 200
    duration_ms: 6
[2026-09-27 23:59:54.503 -0300] INFO (58871): request completed
    route: "/v1/portal/points-summary"
    method: "GET"
    status: 200
    duration_ms: 7
[2026-09-27 23:59:54.512 -0300] INFO (58871): request completed
    route: "/v1/portal/requests"
    method: "GET"
    status: 200
    duration_ms: 8
[2026-09-27 23:59:54.520 -0300] INFO (58871): request completed
    route: "/v1/portal/requests/00000000-0000-7000-8000-000070400e09"
    method: "GET"
    status: 200
    duration_ms: 7
[2026-09-27 23:59:54.527 -0300] INFO (58871): request completed
    route: "/v1/portal/requests/00000000-0000-7000-8000-000070400e09/receipt"
    method: "GET"
    status: 404
    duration_ms: 6
[2026-09-27 23:59:54.534 -0300] INFO (58871): request completed
    route: "/v1/portal/requests/00000000-0000-7000-8000-000070400e09/decision"
    method: "GET"
    status: 200
    duration_ms: 6
[2026-09-27 23:59:54.541 -0300] INFO (58871): request completed
    route: "/v1/portal/inbox"
    method: "GET"
    status: 200
    duration_ms: 6
[2026-09-27 23:59:54.547 -0300] INFO (58871): request completed
    route: "/v1/portal/sne/enrollment"
    method: "GET"
    status: 200
    duration_ms: 5
[2026-09-27 23:59:54.561 -0300] INFO (58871): request completed
    route: "/v1/portal/documents/cnh"
    method: "GET"
    status: 200
    duration_ms: 13
[2026-09-27 23:59:54.575 -0300] INFO (58871): request completed
    route: "/v1/portal/vehicles"
    method: "GET"
    status: 200
    duration_ms: 13
[2026-09-27 23:59:54.585 -0300] INFO (58871): request completed
    route: "/v1/portal/vehicles/00000000-0000-7000-8000-00007ff00001/clearance"
    method: "GET"
    status: 503
    duration_ms: 9
[2026-09-27 23:59:54.598 -0300] INFO (58871): request completed
    route: "/v1/portal/crashes"
    method: "GET"
    status: 200
    duration_ms: 12
[2026-09-27 23:59:54.613 -0300] INFO (58871): request completed
    route: "/v1/portal/crashes/00000000-0000-7000-8000-00007ff00003"
    method: "GET"
    status: 200
    duration_ms: 14
[2026-09-27 23:59:54.622 -0300] INFO (58871): request completed
    route: "/v1/portal/exams"
    method: "GET"
    status: 200
    duration_ms: 9
[2026-09-27 23:59:54.629 -0300] INFO (58871): request completed
    route: "/v1/portal/exams/00000000-0000-7000-8000-00007ff00002"
    method: "GET"
    status: 404
    duration_ms: 6
[2026-09-27 23:59:54.638 -0300] INFO (58871): request completed
    route: "/v1/portal/manifestations"
    method: "GET"
    status: 200
    duration_ms: 8
[2026-09-27 23:59:54.643 -0300] INFO (58871): request completed
    route: "/v1/portal/service-charter/manifestar/deadline"
    method: "GET"
    status: 200
    duration_ms: 4
[2026-09-27 23:59:54.648 -0300] INFO (58871): request completed
    route: "/v1/portal/identity/representations"
    method: "GET"
    status: 200
    duration_ms: 4
[2026-09-27 23:59:54.655 -0300] INFO (58871): request completed
    route: "/v1/portal/services"
    method: "GET"
    status: 200
    duration_ms: 5
[2026-09-27 23:59:54.661 -0300] INFO (58871): request completed
    route: "/v1/portal/aits/00000000-0000-7000-8000-0000f0000002"
    method: "GET"
    status: 404
    duration_ms: 6
[2026-09-27 23:59:54.668 -0300] INFO (58871): request completed
    route: "/v1/portal/aits/00000000-0000-7000-8000-0000f0000002/points"
    method: "GET"
    status: 404
    duration_ms: 6
[2026-09-27 23:59:54.675 -0300] INFO (58871): request completed
    route: "/v1/portal/points-summary"
    method: "GET"
    status: 200
    duration_ms: 6
[2026-09-27 23:59:54.682 -0300] INFO (58871): request completed
    route: "/v1/portal/requests"
    method: "GET"
    status: 200
    duration_ms: 6
[2026-09-27 23:59:54.689 -0300] INFO (58871): request completed
    route: "/v1/portal/requests/00000000-0000-7000-8000-000070400e09"
    method: "GET"
    status: 404
    duration_ms: 6
[2026-09-27 23:59:54.697 -0300] INFO (58871): request completed
    route: "/v1/portal/requests/00000000-0000-7000-8000-000070400e09/receipt"
    method: "GET"
    status: 404
    duration_ms: 7
[2026-09-27 23:59:54.705 -0300] INFO (58871): request completed
    route: "/v1/portal/requests/00000000-0000-7000-8000-000070400e09/decision"
    method: "GET"
    status: 404
    duration_ms: 7
[2026-09-27 23:59:54.713 -0300] INFO (58871): request completed
    route: "/v1/portal/inbox"
    method: "GET"
    status: 200
    duration_ms: 7
[2026-09-27 23:59:54.720 -0300] INFO (58871): request completed
    route: "/v1/portal/sne/enrollment"
    method: "GET"
    status: 200
    duration_ms: 6
[2026-09-27 23:59:54.731 -0300] INFO (58871): request completed
    route: "/v1/portal/documents/cnh"
    method: "GET"
    status: 503
    duration_ms: 11
[2026-09-27 23:59:54.745 -0300] INFO (58871): request completed
    route: "/v1/portal/vehicles"
    method: "GET"
    status: 503
    duration_ms: 13
[2026-09-27 23:59:54.752 -0300] INFO (58871): request completed
    route: "/v1/portal/vehicles/00000000-0000-7000-8000-00007ff00001/clearance"
    method: "GET"
    status: 404
    duration_ms: 6
[2026-09-27 23:59:54.764 -0300] INFO (58871): request completed
    route: "/v1/portal/crashes"
    method: "GET"
    status: 200
    duration_ms: 10
[2026-09-27 23:59:54.770 -0300] INFO (58871): request completed
    route: "/v1/portal/crashes/00000000-0000-7000-8000-00007ff00003"
    method: "GET"
    status: 404
    duration_ms: 5
[2026-09-27 23:59:54.782 -0300] INFO (58871): request completed
    route: "/v1/portal/exams"
    method: "GET"
    status: 200
    duration_ms: 11
[2026-09-27 23:59:54.789 -0300] INFO (58871): request completed
    route: "/v1/portal/exams/00000000-0000-7000-8000-00007ff00002"
    method: "GET"
    status: 404
    duration_ms: 6
[2026-09-27 23:59:54.797 -0300] INFO (58871): request completed
    route: "/v1/portal/manifestations"
    method: "GET"
    status: 200
    duration_ms: 7
[2026-09-27 23:59:54.803 -0300] INFO (58871): request completed
    route: "/v1/portal/service-charter/manifestar/deadline"
    method: "GET"
    status: 200
    duration_ms: 5
[2026-09-27 23:59:54.809 -0300] INFO (58871): request completed
    route: "/v1/portal/identity/representations"
    method: "GET"
    status: 200
    duration_ms: 5
[2026-09-27 23:59:54.815 -0300] INFO (58871): request completed
    route: "/v1/portal/services"
    method: "GET"
    status: 200
    duration_ms: 5
[2026-09-27 23:59:54.822 -0300] INFO (58871): request completed
    route: "/v1/portal/aits/00000000-0000-7000-8000-0000f0000002"
    method: "GET"
    status: 404
    duration_ms: 6
[2026-09-27 23:59:54.829 -0300] INFO (58871): request completed
    route: "/v1/portal/aits/00000000-0000-7000-8000-0000f0000002/points"
    method: "GET"
    status: 404
    duration_ms: 7
[2026-09-27 23:59:54.837 -0300] INFO (58871): request completed
    route: "/v1/portal/points-summary"
    method: "GET"
    status: 200
    duration_ms: 7
[2026-09-27 23:59:54.843 -0300] INFO (58871): request completed
    route: "/v1/portal/requests"
    method: "GET"
    status: 200
    duration_ms: 6
[2026-09-27 23:59:54.853 -0300] INFO (58871): request completed
    route: "/v1/portal/requests/00000000-0000-7000-8000-000070400e09"
    method: "GET"
    status: 404
    duration_ms: 9
[2026-09-27 23:59:54.860 -0300] INFO (58871): request completed
    route: "/v1/portal/requests/00000000-0000-7000-8000-000070400e09/receipt"
    method: "GET"
    status: 404
    duration_ms: 6
[2026-09-27 23:59:54.867 -0300] INFO (58871): request completed
    route: "/v1/portal/requests/00000000-0000-7000-8000-000070400e09/decision"
    method: "GET"
    status: 404
    duration_ms: 6
[2026-09-27 23:59:54.874 -0300] INFO (58871): request completed
    route: "/v1/portal/inbox"
    method: "GET"
    status: 200
    duration_ms: 6
[2026-09-27 23:59:54.880 -0300] INFO (58871): request completed
    route: "/v1/portal/sne/enrollment"
    method: "GET"
    status: 200
    duration_ms: 5
[2026-09-27 23:59:54.892 -0300] INFO (58871): request completed
    route: "/v1/portal/documents/cnh"
    method: "GET"
    status: 200
    duration_ms: 11
[2026-09-27 23:59:54.903 -0300] INFO (58871): request completed
    route: "/v1/portal/vehicles"
    method: "GET"
    status: 200
    duration_ms: 10
[2026-09-27 23:59:54.909 -0300] INFO (58871): request completed
    route: "/v1/portal/vehicles/00000000-0000-7000-8000-00007ff00001/clearance"
    method: "GET"
    status: 404
    duration_ms: 5
[2026-09-27 23:59:54.919 -0300] INFO (58871): request completed
    route: "/v1/portal/crashes"
    method: "GET"
    status: 200
    duration_ms: 9
[2026-09-27 23:59:54.925 -0300] INFO (58871): request completed
    route: "/v1/portal/crashes/00000000-0000-7000-8000-00007ff00003"
    method: "GET"
    status: 404
    duration_ms: 5
[2026-09-27 23:59:54.935 -0300] INFO (58871): request completed
    route: "/v1/portal/exams"
    method: "GET"
    status: 200
    duration_ms: 9
[2026-09-27 23:59:54.946 -0300] INFO (58871): request completed
    route: "/v1/portal/exams/00000000-0000-7000-8000-00007ff00002"
    method: "GET"
    status: 200
    duration_ms: 10
[2026-09-27 23:59:54.954 -0300] INFO (58871): request completed
    route: "/v1/portal/manifestations"
    method: "GET"
    status: 200
    duration_ms: 7
[2026-09-27 23:59:54.958 -0300] INFO (58871): request completed
    route: "/v1/portal/service-charter/manifestar/deadline"
    method: "GET"
    status: 200
    duration_ms: 3
[2026-09-27 23:59:54.965 -0300] INFO (58871): request completed
    route: "/v1/portal/identity/representations"
    method: "GET"
    status: 200
    duration_ms: 6
[2026-09-27 23:59:54.970 -0300] INFO (58871): request completed
    route: "/v1/portal/services"
    method: "GET"
    status: 200
    duration_ms: 4
[2026-09-27 23:59:54.978 -0300] INFO (58871): request completed
    route: "/v1/portal/aits/00000000-0000-7000-8000-0000f0000002"
    method: "GET"
    status: 200
    duration_ms: 7
[2026-09-27 23:59:54.984 -0300] INFO (58871): request completed
    route: "/v1/portal/aits/00000000-0000-7000-8000-0000f0000002/points"
    method: "GET"
    status: 200
    duration_ms: 6
[2026-09-27 23:59:54.990 -0300] INFO (58871): request completed
    route: "/v1/portal/points-summary"
    method: "GET"
    status: 200
    duration_ms: 5
[2026-09-27 23:59:54.998 -0300] INFO (58871): request completed
    route: "/v1/portal/requests"
    method: "GET"
    status: 200
    duration_ms: 7
[2026-09-27 23:59:55.007 -0300] INFO (58871): request completed
    route: "/v1/portal/requests/00000000-0000-7000-8000-000070400e09"
    method: "GET"
    status: 200
    duration_ms: 8
[2026-09-27 23:59:55.014 -0300] INFO (58871): request completed
    route: "/v1/portal/requests/00000000-0000-7000-8000-000070400e09/receipt"
    method: "GET"
    status: 404
    duration_ms: 6
[2026-09-27 23:59:55.021 -0300] INFO (58871): request completed
    route: "/v1/portal/requests/00000000-0000-7000-8000-000070400e09/decision"
    method: "GET"
    status: 200
    duration_ms: 6
[2026-09-27 23:59:55.028 -0300] INFO (58871): request completed
    route: "/v1/portal/inbox"
    method: "GET"
    status: 200
    duration_ms: 6
[2026-09-27 23:59:55.034 -0300] INFO (58871): request completed
    route: "/v1/portal/sne/enrollment"
    method: "GET"
    status: 200
    duration_ms: 5
[2026-09-27 23:59:55.045 -0300] INFO (58871): request completed
    route: "/v1/portal/documents/cnh"
    method: "GET"
    status: 200
    duration_ms: 11
[2026-09-27 23:59:55.056 -0300] INFO (58871): request completed
    route: "/v1/portal/vehicles"
    method: "GET"
    status: 200
    duration_ms: 10
[2026-09-27 23:59:55.064 -0300] INFO (58871): request completed
    route: "/v1/portal/vehicles/00000000-0000-7000-8000-00007ff00001/clearance"
    method: "GET"
    status: 503
    duration_ms: 7
[2026-09-27 23:59:55.076 -0300] INFO (58871): request completed
    route: "/v1/portal/crashes"
    method: "GET"
    status: 200
    duration_ms: 11
[2026-09-27 23:59:55.087 -0300] INFO (58871): request completed
    route: "/v1/portal/crashes/00000000-0000-7000-8000-00007ff00003"
    method: "GET"
    status: 200
    duration_ms: 10
[2026-09-27 23:59:55.097 -0300] INFO (58871): request completed
    route: "/v1/portal/exams"
    method: "GET"
    status: 200
    duration_ms: 9
[2026-09-27 23:59:55.105 -0300] INFO (58871): request completed
    route: "/v1/portal/exams/00000000-0000-7000-8000-00007ff00002"
    method: "GET"
    status: 404
    duration_ms: 6
[2026-09-27 23:59:55.115 -0300] INFO (58871): request completed
    route: "/v1/portal/manifestations"
    method: "GET"
    status: 200
    duration_ms: 10
[2026-09-27 23:59:55.120 -0300] INFO (58871): request completed
    route: "/v1/portal/service-charter/manifestar/deadline"
    method: "GET"
    status: 200
    duration_ms: 4
[2026-09-27 23:59:55.125 -0300] INFO (58871): request completed
    route: "/v1/portal/identity/representations"
    method: "GET"
    status: 200
    duration_ms: 4
[2026-09-27 23:59:55.130 -0300] INFO (58871): request completed
    route: "/v1/portal/services"
    method: "GET"
    status: 200
    duration_ms: 4
[2026-09-27 23:59:55.136 -0300] INFO (58871): request completed
    route: "/v1/portal/aits/00000000-0000-7000-8000-0000f0000002"
    method: "GET"
    status: 404
    duration_ms: 5
[2026-09-27 23:59:55.142 -0300] INFO (58871): request completed
    route: "/v1/portal/aits/00000000-0000-7000-8000-0000f0000002/points"
    method: "GET"
    status: 404
    duration_ms: 5
[2026-09-27 23:59:55.149 -0300] INFO (58871): request completed
    route: "/v1/portal/points-summary"
    method: "GET"
    status: 200
    duration_ms: 6
[2026-09-27 23:59:55.156 -0300] INFO (58871): request completed
    route: "/v1/portal/requests"
    method: "GET"
    status: 200
    duration_ms: 6
[2026-09-27 23:59:55.163 -0300] INFO (58871): request completed
    route: "/v1/portal/requests/00000000-0000-7000-8000-000070400e09"
    method: "GET"
    status: 404
    duration_ms: 6
[2026-09-27 23:59:55.170 -0300] INFO (58871): request completed
    route: "/v1/portal/requests/00000000-0000-7000-8000-000070400e09/receipt"
    method: "GET"
    status: 404
    duration_ms: 6
[2026-09-27 23:59:55.178 -0300] INFO (58871): request completed
    route: "/v1/portal/requests/00000000-0000-7000-8000-000070400e09/decision"
    method: "GET"
    status: 404
    duration_ms: 7
[2026-09-27 23:59:55.185 -0300] INFO (58871): request completed
    route: "/v1/portal/inbox"
    method: "GET"
    status: 200
    duration_ms: 6
[2026-09-27 23:59:55.191 -0300] INFO (58871): request completed
    route: "/v1/portal/sne/enrollment"
    method: "GET"
    status: 200
    duration_ms: 5
[2026-09-27 23:59:55.202 -0300] INFO (58871): request completed
    route: "/v1/portal/documents/cnh"
    method: "GET"
    status: 503
    duration_ms: 10
[2026-09-27 23:59:55.214 -0300] INFO (58871): request completed
    route: "/v1/portal/vehicles"
    method: "GET"
    status: 503
    duration_ms: 11
[2026-09-27 23:59:55.220 -0300] INFO (58871): request completed
    route: "/v1/portal/vehicles/00000000-0000-7000-8000-00007ff00001/clearance"
    method: "GET"
    status: 404
    duration_ms: 5
[2026-09-27 23:59:55.232 -0300] INFO (58871): request completed
    route: "/v1/portal/crashes"
    method: "GET"
    status: 200
    duration_ms: 11
[2026-09-27 23:59:55.240 -0300] INFO (58871): request completed
    route: "/v1/portal/crashes/00000000-0000-7000-8000-00007ff00003"
    method: "GET"
    status: 404
    duration_ms: 7
[2026-09-27 23:59:55.251 -0300] INFO (58871): request completed
    route: "/v1/portal/exams"
    method: "GET"
    status: 200
    duration_ms: 10
[2026-09-27 23:59:55.258 -0300] INFO (58871): request completed
    route: "/v1/portal/exams/00000000-0000-7000-8000-00007ff00002"
    method: "GET"
    status: 404
    duration_ms: 6
[2026-09-27 23:59:55.265 -0300] INFO (58871): request completed
    route: "/v1/portal/manifestations"
    method: "GET"
    status: 200
    duration_ms: 6
[2026-09-27 23:59:55.271 -0300] INFO (58871): request completed
    route: "/v1/portal/service-charter/manifestar/deadline"
    method: "GET"
    status: 200
    duration_ms: 5
[2026-09-27 23:59:55.276 -0300] INFO (58871): request completed
    route: "/v1/portal/identity/representations"
    method: "GET"
    status: 200
    duration_ms: 5
[2026-09-27 23:59:55.281 -0300] INFO (58871): request completed
    route: "/v1/portal/services"
    method: "GET"
    status: 200
    duration_ms: 4
[2026-09-27 23:59:55.288 -0300] INFO (58871): request completed
    route: "/v1/portal/aits/00000000-0000-7000-8000-0000f0000002"
    method: "GET"
    status: 404
    duration_ms: 6
[2026-09-27 23:59:55.294 -0300] INFO (58871): request completed
    route: "/v1/portal/aits/00000000-0000-7000-8000-0000f0000002/points"
    method: "GET"
    status: 404
    duration_ms: 5
[2026-09-27 23:59:55.300 -0300] INFO (58871): request completed
    route: "/v1/portal/points-summary"
    method: "GET"
    status: 200
    duration_ms: 5
[2026-09-27 23:59:55.307 -0300] INFO (58871): request completed
    route: "/v1/portal/requests"
    method: "GET"
    status: 200
    duration_ms: 6
[2026-09-27 23:59:55.314 -0300] INFO (58871): request completed
    route: "/v1/portal/requests/00000000-0000-7000-8000-000070400e09"
    method: "GET"
    status: 404
    duration_ms: 6
[2026-09-27 23:59:55.321 -0300] INFO (58871): request completed
    route: "/v1/portal/requests/00000000-0000-7000-8000-000070400e09/receipt"
    method: "GET"
    status: 404
    duration_ms: 6
[2026-09-27 23:59:55.328 -0300] INFO (58871): request completed
    route: "/v1/portal/requests/00000000-0000-7000-8000-000070400e09/decision"
    method: "GET"
    status: 404
    duration_ms: 6
[2026-09-27 23:59:55.336 -0300] INFO (58871): request completed
    route: "/v1/portal/inbox"
    method: "GET"
    status: 200
    duration_ms: 7
[2026-09-27 23:59:55.343 -0300] INFO (58871): request completed
    route: "/v1/portal/sne/enrollment"
    method: "GET"
    status: 200
    duration_ms: 6
[2026-09-27 23:59:55.355 -0300] INFO (58871): request completed
    route: "/v1/portal/documents/cnh"
    method: "GET"
    status: 200
    duration_ms: 11
[2026-09-27 23:59:55.365 -0300] INFO (58871): request completed
    route: "/v1/portal/vehicles"
    method: "GET"
    status: 200
    duration_ms: 9
[2026-09-27 23:59:55.372 -0300] INFO (58871): request completed
    route: "/v1/portal/vehicles/00000000-0000-7000-8000-00007ff00001/clearance"
    method: "GET"
    status: 404
    duration_ms: 6
[2026-09-27 23:59:55.380 -0300] INFO (58871): request completed
    route: "/v1/portal/crashes"
    method: "GET"
    status: 200
    duration_ms: 7
[2026-09-27 23:59:55.387 -0300] INFO (58871): request completed
    route: "/v1/portal/crashes/00000000-0000-7000-8000-00007ff00003"
    method: "GET"
    status: 404
    duration_ms: 6
[2026-09-27 23:59:55.397 -0300] INFO (58871): request completed
    route: "/v1/portal/exams"
    method: "GET"
    status: 200
    duration_ms: 9
[2026-09-27 23:59:55.407 -0300] INFO (58871): request completed
    route: "/v1/portal/exams/00000000-0000-7000-8000-00007ff00002"
    method: "GET"
    status: 200
    duration_ms: 9
[2026-09-27 23:59:55.414 -0300] INFO (58871): request completed
    route: "/v1/portal/manifestations"
    method: "GET"
    status: 200
    duration_ms: 6
[2026-09-27 23:59:55.419 -0300] INFO (58871): request completed
    route: "/v1/portal/service-charter/manifestar/deadline"
    method: "GET"
    status: 200
    duration_ms: 4
[2026-09-27 23:59:55.424 -0300] INFO (58871): request completed
    route: "/v1/portal/identity/representations"
    method: "GET"
    status: 200
    duration_ms: 4
[2026-09-27 23:59:55.429 -0300] INFO (58871): request completed
    route: "/v1/portal/services"
    method: "GET"
    status: 200
    duration_ms: 4
[2026-09-27 23:59:55.437 -0300] INFO (58871): request completed
    route: "/v1/portal/aits/00000000-0000-7000-8000-0000f0000002"
    method: "GET"
    status: 200
    duration_ms: 7
[2026-09-27 23:59:55.443 -0300] INFO (58871): request completed
    route: "/v1/portal/aits/00000000-0000-7000-8000-0000f0000002/points"
    method: "GET"
    status: 200
    duration_ms: 5
[2026-09-27 23:59:55.449 -0300] INFO (58871): request completed
    route: "/v1/portal/points-summary"
    method: "GET"
    status: 200
    duration_ms: 5
[2026-09-27 23:59:55.456 -0300] INFO (58871): request completed
    route: "/v1/portal/requests"
    method: "GET"
    status: 200
    duration_ms: 7
[2026-09-27 23:59:55.464 -0300] INFO (58871): request completed
    route: "/v1/portal/requests/00000000-0000-7000-8000-000070400e09"
    method: "GET"
    status: 200
    duration_ms: 7
[2026-09-27 23:59:55.471 -0300] INFO (58871): request completed
    route: "/v1/portal/requests/00000000-0000-7000-8000-000070400e09/receipt"
    method: "GET"
    status: 404
    duration_ms: 6
[2026-09-27 23:59:55.478 -0300] INFO (58871): request completed
    route: "/v1/portal/requests/00000000-0000-7000-8000-000070400e09/decision"
    method: "GET"
    status: 200
    duration_ms: 6
[2026-09-27 23:59:55.483 -0300] INFO (58871): request completed
    route: "/v1/portal/inbox"
    method: "GET"
    status: 200
    duration_ms: 5
[2026-09-27 23:59:55.489 -0300] INFO (58871): request completed
    route: "/v1/portal/sne/enrollment"
    method: "GET"
    status: 200
    duration_ms: 5
[2026-09-27 23:59:55.500 -0300] INFO (58871): request completed
    route: "/v1/portal/documents/cnh"
    method: "GET"
    status: 200
    duration_ms: 10
[2026-09-27 23:59:55.511 -0300] INFO (58871): request completed
    route: "/v1/portal/vehicles"
    method: "GET"
    status: 200
    duration_ms: 10
[2026-09-27 23:59:55.519 -0300] INFO (58871): request completed
    route: "/v1/portal/vehicles/00000000-0000-7000-8000-00007ff00001/clearance"
    method: "GET"
    status: 503
    duration_ms: 7
[2026-09-27 23:59:55.528 -0300] INFO (58871): request completed
    route: "/v1/portal/crashes"
    method: "GET"
    status: 200
    duration_ms: 8
[2026-09-27 23:59:55.538 -0300] INFO (58871): request completed
    route: "/v1/portal/crashes/00000000-0000-7000-8000-00007ff00003"
    method: "GET"
    status: 200
    duration_ms: 9
[2026-09-27 23:59:55.548 -0300] INFO (58871): request completed
    route: "/v1/portal/exams"
    method: "GET"
    status: 200
    duration_ms: 9
[2026-09-27 23:59:55.554 -0300] INFO (58871): request completed
    route: "/v1/portal/exams/00000000-0000-7000-8000-00007ff00002"
    method: "GET"
    status: 404
    duration_ms: 5
[2026-09-27 23:59:55.562 -0300] INFO (58871): request completed
    route: "/v1/portal/manifestations"
    method: "GET"
    status: 200
    duration_ms: 7
[2026-09-27 23:59:55.567 -0300] INFO (58871): request completed
    route: "/v1/portal/service-charter/manifestar/deadline"
    method: "GET"
    status: 200
    duration_ms: 4
[2026-09-27 23:59:55.574 -0300] INFO (58871): request completed
    route: "/v1/portal/identity/representations"
    method: "GET"
    status: 200
    duration_ms: 6
[2026-09-27 23:59:55.580 -0300] INFO (58871): request completed
    route: "/v1/portal/services"
    method: "GET"
    status: 200
    duration_ms: 4
[2026-09-27 23:59:55.586 -0300] INFO (58871): request completed
    route: "/v1/portal/aits/00000000-0000-7000-8000-0000f0000002"
    method: "GET"
    status: 404
    duration_ms: 5
[2026-09-27 23:59:55.591 -0300] INFO (58871): request completed
    route: "/v1/portal/aits/00000000-0000-7000-8000-0000f0000002/points"
    method: "GET"
    status: 404
    duration_ms: 5
[2026-09-27 23:59:55.598 -0300] INFO (58871): request completed
    route: "/v1/portal/points-summary"
    method: "GET"
    status: 200
    duration_ms: 6
[2026-09-27 23:59:55.606 -0300] INFO (58871): request completed
    route: "/v1/portal/requests"
    method: "GET"
    status: 200
    duration_ms: 7
[2026-09-27 23:59:55.612 -0300] INFO (58871): request completed
    route: "/v1/portal/requests/00000000-0000-7000-8000-000070400e09"
    method: "GET"
    status: 404
    duration_ms: 5
[2026-09-27 23:59:55.617 -0300] INFO (58871): request completed
    route: "/v1/portal/requests/00000000-0000-7000-8000-000070400e09/receipt"
    method: "GET"
    status: 404
    duration_ms: 4
[2026-09-27 23:59:55.624 -0300] INFO (58871): request completed
    route: "/v1/portal/requests/00000000-0000-7000-8000-000070400e09/decision"
    method: "GET"
    status: 404
    duration_ms: 6
[2026-09-27 23:59:55.631 -0300] INFO (58871): request completed
    route: "/v1/portal/inbox"
    method: "GET"
    status: 200
    duration_ms: 6
[2026-09-27 23:59:55.638 -0300] INFO (58871): request completed
    route: "/v1/portal/sne/enrollment"
    method: "GET"
    status: 200
    duration_ms: 6
[2026-09-27 23:59:55.648 -0300] INFO (58871): request completed
    route: "/v1/portal/documents/cnh"
    method: "GET"
    status: 503
    duration_ms: 10
[2026-09-27 23:59:55.657 -0300] INFO (58871): request completed
    route: "/v1/portal/vehicles"
    method: "GET"
    status: 503
    duration_ms: 8
[2026-09-27 23:59:55.663 -0300] INFO (58871): request completed
    route: "/v1/portal/vehicles/00000000-0000-7000-8000-00007ff00001/clearance"
    method: "GET"
    status: 404
    duration_ms: 6
[2026-09-27 23:59:55.674 -0300] INFO (58871): request completed
    route: "/v1/portal/crashes"
    method: "GET"
    status: 200
    duration_ms: 9
[2026-09-27 23:59:55.681 -0300] INFO (58871): request completed
    route: "/v1/portal/crashes/00000000-0000-7000-8000-00007ff00003"
    method: "GET"
    status: 404
    duration_ms: 6
[2026-09-27 23:59:55.690 -0300] INFO (58871): request completed
    route: "/v1/portal/exams"
    method: "GET"
    status: 200
    duration_ms: 8
[2026-09-27 23:59:55.697 -0300] INFO (58871): request completed
    route: "/v1/portal/exams/00000000-0000-7000-8000-00007ff00002"
    method: "GET"
    status: 404
    duration_ms: 6
[2026-09-27 23:59:55.704 -0300] INFO (58871): request completed
    route: "/v1/portal/manifestations"
    method: "GET"
    status: 200
    duration_ms: 6
[2026-09-27 23:59:55.709 -0300] INFO (58871): request completed
    route: "/v1/portal/service-charter/manifestar/deadline"
    method: "GET"
    status: 200
    duration_ms: 4
[2026-09-27 23:59:55.714 -0300] INFO (58871): request completed
    route: "/v1/portal/identity/representations"
    method: "GET"
    status: 200
    duration_ms: 4
[2026-09-27 23:59:55.719 -0300] INFO (58871): request completed
    route: "/v1/portal/services"
    method: "GET"
    status: 200
    duration_ms: 4
[2026-09-27 23:59:55.724 -0300] INFO (58871): request completed
    route: "/v1/portal/aits/00000000-0000-7000-8000-0000f0000002"
    method: "GET"
    status: 404
    duration_ms: 4
[2026-09-27 23:59:55.731 -0300] INFO (58871): request completed
    route: "/v1/portal/aits/00000000-0000-7000-8000-0000f0000002/points"
    method: "GET"
    status: 404
    duration_ms: 6
[2026-09-27 23:59:55.738 -0300] INFO (58871): request completed
    route: "/v1/portal/points-summary"
    method: "GET"
    status: 200
    duration_ms: 6
[2026-09-27 23:59:55.747 -0300] INFO (58871): request completed
    route: "/v1/portal/requests"
    method: "GET"
    status: 200
    duration_ms: 8
[2026-09-27 23:59:55.755 -0300] INFO (58871): request completed
    route: "/v1/portal/requests/00000000-0000-7000-8000-000070400e09"
    method: "GET"
    status: 404
    duration_ms: 7
[2026-09-27 23:59:55.763 -0300] INFO (58871): request completed
    route: "/v1/portal/requests/00000000-0000-7000-8000-000070400e09/receipt"
    method: "GET"
    status: 404
    duration_ms: 7
[2026-09-27 23:59:55.772 -0300] INFO (58871): request completed
    route: "/v1/portal/requests/00000000-0000-7000-8000-000070400e09/decision"
    method: "GET"
    status: 404
    duration_ms: 8
[2026-09-27 23:59:55.780 -0300] INFO (58871): request completed
    route: "/v1/portal/inbox"
    method: "GET"
    status: 200
    duration_ms: 7
[2026-09-27 23:59:55.787 -0300] INFO (58871): request completed
    route: "/v1/portal/sne/enrollment"
    method: "GET"
    status: 200
    duration_ms: 6
[2026-09-27 23:59:55.799 -0300] INFO (58871): request completed
    route: "/v1/portal/documents/cnh"
    method: "GET"
    status: 200
    duration_ms: 11
[2026-09-27 23:59:55.811 -0300] INFO (58871): request completed
    route: "/v1/portal/vehicles"
    method: "GET"
    status: 200
    duration_ms: 11
[2026-09-27 23:59:55.817 -0300] INFO (58871): request completed
    route: "/v1/portal/vehicles/00000000-0000-7000-8000-00007ff00001/clearance"
    method: "GET"
    status: 404
    duration_ms: 5
[2026-09-27 23:59:55.831 -0300] INFO (58871): request completed
    route: "/v1/portal/crashes"
    method: "GET"
    status: 200
    duration_ms: 13
[2026-09-27 23:59:55.838 -0300] INFO (58871): request completed
    route: "/v1/portal/crashes/00000000-0000-7000-8000-00007ff00003"
    method: "GET"
    status: 404
    duration_ms: 6
[2026-09-27 23:59:55.849 -0300] INFO (58871): request completed
    route: "/v1/portal/exams"
    method: "GET"
    status: 200
    duration_ms: 10
[2026-09-27 23:59:55.861 -0300] INFO (58871): request completed
    route: "/v1/portal/exams/00000000-0000-7000-8000-00007ff00002"
    method: "GET"
    status: 200
    duration_ms: 11
[2026-09-27 23:59:55.869 -0300] INFO (58871): request completed
    route: "/v1/portal/manifestations"
    method: "GET"
    status: 200
    duration_ms: 8
[2026-09-27 23:59:55.874 -0300] INFO (58871): request completed
    route: "/v1/portal/service-charter/manifestar/deadline"
    method: "GET"
    status: 200
    duration_ms: 4
[2026-09-27 23:59:55.880 -0300] INFO (58871): request completed
    route: "/v1/portal/identity/representations"
    method: "GET"
    status: 200
    duration_ms: 5
[2026-09-27 23:59:55.886 -0300] INFO (58871): request completed
    route: "/v1/portal/services"
    method: "GET"
    status: 200
    duration_ms: 5
[2026-09-27 23:59:55.894 -0300] INFO (58871): request completed
    route: "/v1/portal/aits/00000000-0000-7000-8000-0000f0000002"
    method: "GET"
    status: 200
    duration_ms: 7
[2026-09-27 23:59:55.900 -0300] INFO (58871): request completed
    route: "/v1/portal/aits/00000000-0000-7000-8000-0000f0000002/points"
    method: "GET"
    status: 200
    duration_ms: 5
[2026-09-27 23:59:55.906 -0300] INFO (58871): request completed
    route: "/v1/portal/points-summary"
    method: "GET"
    status: 200
    duration_ms: 5
[2026-09-27 23:59:55.914 -0300] INFO (58871): request completed
    route: "/v1/portal/requests"
    method: "GET"
    status: 200
    duration_ms: 7
[2026-09-27 23:59:55.923 -0300] INFO (58871): request completed
    route: "/v1/portal/requests/00000000-0000-7000-8000-000070400e09"
    method: "GET"
    status: 200
    duration_ms: 8
[2026-09-27 23:59:55.930 -0300] INFO (58871): request completed
    route: "/v1/portal/requests/00000000-0000-7000-8000-000070400e09/receipt"
    method: "GET"
    status: 404
    duration_ms: 6
[2026-09-27 23:59:55.937 -0300] INFO (58871): request completed
    route: "/v1/portal/requests/00000000-0000-7000-8000-000070400e09/decision"
    method: "GET"
    status: 200
    duration_ms: 6
[2026-09-27 23:59:55.943 -0300] INFO (58871): request completed
    route: "/v1/portal/inbox"
    method: "GET"
    status: 200
    duration_ms: 5
[2026-09-27 23:59:55.948 -0300] INFO (58871): request completed
    route: "/v1/portal/sne/enrollment"
    method: "GET"
    status: 200
    duration_ms: 4
[2026-09-27 23:59:55.959 -0300] INFO (58871): request completed
    route: "/v1/portal/documents/cnh"
    method: "GET"
    status: 200
    duration_ms: 10
[2026-09-27 23:59:55.971 -0300] INFO (58871): request completed
    route: "/v1/portal/vehicles"
    method: "GET"
    status: 200
    duration_ms: 11
[2026-09-27 23:59:55.979 -0300] INFO (58871): request completed
    route: "/v1/portal/vehicles/00000000-0000-7000-8000-00007ff00001/clearance"
    method: "GET"
    status: 503
    duration_ms: 7
[2026-09-27 23:59:55.989 -0300] INFO (58871): request completed
    route: "/v1/portal/crashes"
    method: "GET"
    status: 200
    duration_ms: 9
[2026-09-27 23:59:55.999 -0300] INFO (58871): request completed
    route: "/v1/portal/crashes/00000000-0000-7000-8000-00007ff00003"
    method: "GET"
    status: 200
    duration_ms: 9
[2026-09-27 23:59:56.009 -0300] INFO (58871): request completed
    route: "/v1/portal/exams"
    method: "GET"
    status: 200
    duration_ms: 9
[2026-09-27 23:59:56.015 -0300] INFO (58871): request completed
    route: "/v1/portal/exams/00000000-0000-7000-8000-00007ff00002"
    method: "GET"
    status: 404
    duration_ms: 5
[2026-09-27 23:59:56.023 -0300] INFO (58871): request completed
    route: "/v1/portal/manifestations"
    method: "GET"
    status: 200
    duration_ms: 7
[2026-09-27 23:59:56.028 -0300] INFO (58871): request completed
    route: "/v1/portal/service-charter/manifestar/deadline"
    method: "GET"
    status: 200
    duration_ms: 4
[2026-09-27 23:59:56.034 -0300] INFO (58871): request completed
    route: "/v1/portal/identity/representations"
    method: "GET"
    status: 200
    duration_ms: 6
[2026-09-27 23:59:56.039 -0300] INFO (58871): request completed
    route: "/v1/portal/services"
    method: "GET"
    status: 200
    duration_ms: 4
[2026-09-27 23:59:56.045 -0300] INFO (58871): request completed
    route: "/v1/portal/aits/00000000-0000-7000-8000-0000f0000002"
    method: "GET"
    status: 404
    duration_ms: 5
[2026-09-27 23:59:56.051 -0300] INFO (58871): request completed
    route: "/v1/portal/aits/00000000-0000-7000-8000-0000f0000002/points"
    method: "GET"
    status: 404
    duration_ms: 5
[2026-09-27 23:59:56.057 -0300] INFO (58871): request completed
    route: "/v1/portal/points-summary"
    method: "GET"
    status: 200
    duration_ms: 5
[2026-09-27 23:59:56.064 -0300] INFO (58871): request completed
    route: "/v1/portal/requests"
    method: "GET"
    status: 200
    duration_ms: 7
[2026-09-27 23:59:56.070 -0300] INFO (58871): request completed
    route: "/v1/portal/requests/00000000-0000-7000-8000-000070400e09"
    method: "GET"
    status: 404
    duration_ms: 5
[2026-09-27 23:59:56.075 -0300] INFO (58871): request completed
    route: "/v1/portal/requests/00000000-0000-7000-8000-000070400e09/receipt"
    method: "GET"
    status: 404
    duration_ms: 4
[2026-09-27 23:59:56.082 -0300] INFO (58871): request completed
    route: "/v1/portal/requests/00000000-0000-7000-8000-000070400e09/decision"
    method: "GET"
    status: 404
    duration_ms: 6
[2026-09-27 23:59:56.090 -0300] INFO (58871): request completed
    route: "/v1/portal/inbox"
    method: "GET"
    status: 200
    duration_ms: 7
[2026-09-27 23:59:56.096 -0300] INFO (58871): request completed
    route: "/v1/portal/sne/enrollment"
    method: "GET"
    status: 200
    duration_ms: 6
[2026-09-27 23:59:56.104 -0300] INFO (58871): request completed
    route: "/v1/portal/documents/cnh"
    method: "GET"
    status: 503
    duration_ms: 7
[2026-09-27 23:59:56.111 -0300] INFO (58871): request completed
    route: "/v1/portal/vehicles"
    method: "GET"
    status: 503
    duration_ms: 6
[2026-09-27 23:59:56.117 -0300] INFO (58871): request completed
    route: "/v1/portal/vehicles/00000000-0000-7000-8000-00007ff00001/clearance"
    method: "GET"
    status: 404
    duration_ms: 6
[2026-09-27 23:59:56.128 -0300] INFO (58871): request completed
    route: "/v1/portal/crashes"
    method: "GET"
    status: 200
    duration_ms: 10
[2026-09-27 23:59:56.136 -0300] INFO (58871): request completed
    route: "/v1/portal/crashes/00000000-0000-7000-8000-00007ff00003"
    method: "GET"
    status: 404
    duration_ms: 7
[2026-09-27 23:59:56.148 -0300] INFO (58871): request completed
    route: "/v1/portal/exams"
    method: "GET"
    status: 200
    duration_ms: 11
[2026-09-27 23:59:56.154 -0300] INFO (58871): request completed
    route: "/v1/portal/exams/00000000-0000-7000-8000-00007ff00002"
    method: "GET"
    status: 404
    duration_ms: 5
[2026-09-27 23:59:56.162 -0300] INFO (58871): request completed
    route: "/v1/portal/manifestations"
    method: "GET"
    status: 200
    duration_ms: 7
[2026-09-27 23:59:56.167 -0300] INFO (58871): request completed
    route: "/v1/portal/service-charter/manifestar/deadline"
    method: "GET"
    status: 200
    duration_ms: 4
[2026-09-27 23:59:56.173 -0300] INFO (58871): request completed
    route: "/v1/portal/identity/representations"
    method: "GET"
    status: 200
    duration_ms: 4
[2026-09-27 23:59:56.178 -0300] INFO (58871): request completed
    route: "/v1/portal/services"
    method: "GET"
    status: 200
    duration_ms: 5
[2026-09-27 23:59:56.183 -0300] INFO (58871): request completed
    route: "/v1/portal/aits/00000000-0000-7000-8000-0000f0000002"
    method: "GET"
    status: 404
    duration_ms: 3
[2026-09-27 23:59:56.189 -0300] INFO (58871): request completed
    route: "/v1/portal/aits/00000000-0000-7000-8000-0000f0000002/points"
    method: "GET"
    status: 404
    duration_ms: 6
[2026-09-27 23:59:56.195 -0300] INFO (58871): request completed
    route: "/v1/portal/points-summary"
    method: "GET"
    status: 200
    duration_ms: 6
[2026-09-27 23:59:56.202 -0300] INFO (58871): request completed
    route: "/v1/portal/requests"
    method: "GET"
    status: 200
    duration_ms: 6
[2026-09-27 23:59:56.208 -0300] INFO (58871): request completed
    route: "/v1/portal/requests/00000000-0000-7000-8000-000070400e09"
    method: "GET"
    status: 404
    duration_ms: 5
[2026-09-27 23:59:56.214 -0300] INFO (58871): request completed
    route: "/v1/portal/requests/00000000-0000-7000-8000-000070400e09/receipt"
    method: "GET"
    status: 404
    duration_ms: 5
[2026-09-27 23:59:56.220 -0300] INFO (58871): request completed
    route: "/v1/portal/requests/00000000-0000-7000-8000-000070400e09/decision"
    method: "GET"
    status: 404
    duration_ms: 5
[2026-09-27 23:59:56.228 -0300] INFO (58871): request completed
    route: "/v1/portal/inbox"
    method: "GET"
    status: 200
    duration_ms: 7
[2026-09-27 23:59:56.234 -0300] INFO (58871): request completed
    route: "/v1/portal/sne/enrollment"
    method: "GET"
    status: 200
    duration_ms: 5
[2026-09-27 23:59:56.247 -0300] INFO (58871): request completed
    route: "/v1/portal/documents/cnh"
    method: "GET"
    status: 200
    duration_ms: 12
[2026-09-27 23:59:56.257 -0300] INFO (58871): request completed
    route: "/v1/portal/vehicles"
    method: "GET"
    status: 200
    duration_ms: 10
[2026-09-27 23:59:56.264 -0300] INFO (58871): request completed
    route: "/v1/portal/vehicles/00000000-0000-7000-8000-00007ff00001/clearance"
    method: "GET"
    status: 404
    duration_ms: 6
[2026-09-27 23:59:56.273 -0300] INFO (58871): request completed
    route: "/v1/portal/crashes"
    method: "GET"
    status: 200
    duration_ms: 9
[2026-09-27 23:59:56.280 -0300] INFO (58871): request completed
    route: "/v1/portal/crashes/00000000-0000-7000-8000-00007ff00003"
    method: "GET"
    status: 404
    duration_ms: 6
[2026-09-27 23:59:56.289 -0300] INFO (58871): request completed
    route: "/v1/portal/exams"
    method: "GET"
    status: 200
    duration_ms: 8
[2026-09-27 23:59:56.299 -0300] INFO (58871): request completed
    route: "/v1/portal/exams/00000000-0000-7000-8000-00007ff00002"
    method: "GET"
    status: 200
    duration_ms: 9
[2026-09-27 23:59:56.307 -0300] INFO (58871): request completed
    route: "/v1/portal/manifestations"
    method: "GET"
    status: 200
    duration_ms: 7
[2026-09-27 23:59:56.314 -0300] INFO (58871): request completed
    route: "/v1/portal/service-charter/manifestar/deadline"
    method: "GET"
    status: 200
    duration_ms: 3
[2026-09-27 23:59:56.321 -0300] INFO (58871): request completed
    route: "/v1/portal/identity/representations"
    method: "GET"
    status: 200
    duration_ms: 6
[2026-09-27 23:59:56.326 -0300] INFO (58871): request completed
    route: "/v1/portal/services"
    method: "GET"
    status: 200
    duration_ms: 4
[2026-09-27 23:59:56.334 -0300] INFO (58871): request completed
    route: "/v1/portal/aits/00000000-0000-7000-8000-0000f0000002"
    method: "GET"
    status: 200
    duration_ms: 7
[2026-09-27 23:59:56.340 -0300] INFO (58871): request completed
    route: "/v1/portal/aits/00000000-0000-7000-8000-0000f0000002/points"
    method: "GET"
    status: 200
    duration_ms: 6
[2026-09-27 23:59:56.346 -0300] INFO (58871): request completed
    route: "/v1/portal/points-summary"
    method: "GET"
    status: 200
    duration_ms: 5
[2026-09-27 23:59:56.355 -0300] INFO (58871): request completed
    route: "/v1/portal/requests"
    method: "GET"
    status: 200
    duration_ms: 8
[2026-09-27 23:59:56.364 -0300] INFO (58871): request completed
    route: "/v1/portal/requests/00000000-0000-7000-8000-000070400e09"
    method: "GET"
    status: 200
    duration_ms: 8
[2026-09-27 23:59:56.371 -0300] INFO (58871): request completed
    route: "/v1/portal/requests/00000000-0000-7000-8000-000070400e09/receipt"
    method: "GET"
    status: 404
    duration_ms: 6
[2026-09-27 23:59:56.379 -0300] INFO (58871): request completed
    route: "/v1/portal/requests/00000000-0000-7000-8000-000070400e09/decision"
    method: "GET"
    status: 200
    duration_ms: 7
[2026-09-27 23:59:56.386 -0300] INFO (58871): request completed
    route: "/v1/portal/inbox"
    method: "GET"
    status: 200
    duration_ms: 6
[2026-09-27 23:59:56.391 -0300] INFO (58871): request completed
    route: "/v1/portal/sne/enrollment"
    method: "GET"
    status: 200
    duration_ms: 4
[2026-09-27 23:59:56.403 -0300] INFO (58871): request completed
    route: "/v1/portal/documents/cnh"
    method: "GET"
    status: 200
    duration_ms: 11
[2026-09-27 23:59:56.415 -0300] INFO (58871): request completed
    route: "/v1/portal/vehicles"
    method: "GET"
    status: 200
    duration_ms: 11
[2026-09-27 23:59:56.422 -0300] INFO (58871): request completed
    route: "/v1/portal/vehicles/00000000-0000-7000-8000-00007ff00001/clearance"
    method: "GET"
    status: 503
    duration_ms: 6
[2026-09-27 23:59:56.432 -0300] INFO (58871): request completed
    route: "/v1/portal/crashes"
    method: "GET"
    status: 200
    duration_ms: 9
[2026-09-27 23:59:56.442 -0300] INFO (58871): request completed
    route: "/v1/portal/crashes/00000000-0000-7000-8000-00007ff00003"
    method: "GET"
    status: 200
    duration_ms: 9
[2026-09-27 23:59:56.451 -0300] INFO (58871): request completed
    route: "/v1/portal/exams"
    method: "GET"
    status: 200
    duration_ms: 9
[2026-09-27 23:59:56.457 -0300] INFO (58871): request completed
    route: "/v1/portal/exams/00000000-0000-7000-8000-00007ff00002"
    method: "GET"
    status: 404
    duration_ms: 6
[2026-09-27 23:59:56.465 -0300] INFO (58871): request completed
    route: "/v1/portal/manifestations"
    method: "GET"
    status: 200
    duration_ms: 8
[2026-09-27 23:59:56.471 -0300] INFO (58871): request completed
    route: "/v1/portal/service-charter/manifestar/deadline"
    method: "GET"
    status: 200
    duration_ms: 5
[2026-09-27 23:59:56.477 -0300] INFO (58871): request completed
    route: "/v1/portal/identity/representations"
    method: "GET"
    status: 200
    duration_ms: 5
[2026-09-27 23:59:56.482 -0300] INFO (58871): request completed
    route: "/v1/portal/services"
    method: "GET"
    status: 200
    duration_ms: 4
[2026-09-27 23:59:56.487 -0300] INFO (58871): request completed
    route: "/v1/portal/aits/00000000-0000-7000-8000-0000f0000002"
    method: "GET"
    status: 404
    duration_ms: 5
[2026-09-27 23:59:56.494 -0300] INFO (58871): request completed
    route: "/v1/portal/aits/00000000-0000-7000-8000-0000f0000002/points"
    method: "GET"
    status: 404
    duration_ms: 6
[2026-09-27 23:59:56.501 -0300] INFO (58871): request completed
    route: "/v1/portal/points-summary"
    method: "GET"
    status: 200
    duration_ms: 5
[2026-09-27 23:59:56.507 -0300] INFO (58871): request completed
    route: "/v1/portal/requests"
    method: "GET"
    status: 200
    duration_ms: 6
[2026-09-27 23:59:56.513 -0300] INFO (58871): request completed
    route: "/v1/portal/requests/00000000-0000-7000-8000-000070400e09"
    method: "GET"
    status: 404
    duration_ms: 5
[2026-09-27 23:59:56.519 -0300] INFO (58871): request completed
    route: "/v1/portal/requests/00000000-0000-7000-8000-000070400e09/receipt"
    method: "GET"
    status: 404
    duration_ms: 5
[2026-09-27 23:59:56.525 -0300] INFO (58871): request completed
    route: "/v1/portal/requests/00000000-0000-7000-8000-000070400e09/decision"
    method: "GET"
    status: 404
    duration_ms: 5
[2026-09-27 23:59:56.532 -0300] INFO (58871): request completed
    route: "/v1/portal/inbox"
    method: "GET"
    status: 200
    duration_ms: 6
[2026-09-27 23:59:56.538 -0300] INFO (58871): request completed
    route: "/v1/portal/sne/enrollment"
    method: "GET"
    status: 200
    duration_ms: 5
[2026-09-27 23:59:56.546 -0300] INFO (58871): request completed
    route: "/v1/portal/documents/cnh"
    method: "GET"
    status: 503
    duration_ms: 7
[2026-09-27 23:59:56.552 -0300] INFO (58871): request completed
    route: "/v1/portal/vehicles"
    method: "GET"
    status: 503
    duration_ms: 5
[2026-09-27 23:59:56.559 -0300] INFO (58871): request completed
    route: "/v1/portal/vehicles/00000000-0000-7000-8000-00007ff00001/clearance"
    method: "GET"
    status: 404
    duration_ms: 6
[2026-09-27 23:59:56.570 -0300] INFO (58871): request completed
    route: "/v1/portal/crashes"
    method: "GET"
    status: 200
    duration_ms: 10
[2026-09-27 23:59:56.576 -0300] INFO (58871): request completed
    route: "/v1/portal/crashes/00000000-0000-7000-8000-00007ff00003"
    method: "GET"
    status: 404
    duration_ms: 5
[2026-09-27 23:59:56.586 -0300] INFO (58871): request completed
    route: "/v1/portal/exams"
    method: "GET"
    status: 200
    duration_ms: 9
[2026-09-27 23:59:56.591 -0300] INFO (58871): request completed
    route: "/v1/portal/exams/00000000-0000-7000-8000-00007ff00002"
    method: "GET"
    status: 404
    duration_ms: 4
[2026-09-27 23:59:56.598 -0300] INFO (58871): request completed
    route: "/v1/portal/manifestations"
    method: "GET"
    status: 200
    duration_ms: 6
[2026-09-27 23:59:56.604 -0300] INFO (58871): request completed
    route: "/v1/portal/service-charter/manifestar/deadline"
    method: "GET"
    status: 200
    duration_ms: 5
[2026-09-27 23:59:56.609 -0300] INFO (58871): request completed
    route: "/v1/portal/identity/representations"
    method: "GET"
    status: 200
    duration_ms: 5
[2026-09-27 23:59:56.613 -0300] INFO (58871): request completed
    route: "/v1/portal/services"
    method: "GET"
    status: 200
    duration_ms: 4
[2026-09-27 23:59:56.618 -0300] INFO (58871): request completed
    route: "/v1/portal/aits/00000000-0000-7000-8000-0000f0000002"
    method: "GET"
    status: 404
    duration_ms: 4
[2026-09-27 23:59:56.623 -0300] INFO (58871): request completed
    route: "/v1/portal/aits/00000000-0000-7000-8000-0000f0000002/points"
    method: "GET"
    status: 404
    duration_ms: 4
[2026-09-27 23:59:56.630 -0300] INFO (58871): request completed
    route: "/v1/portal/points-summary"
    method: "GET"
    status: 200
    duration_ms: 6
[2026-09-27 23:59:56.638 -0300] INFO (58871): request completed
    route: "/v1/portal/requests"
    method: "GET"
    status: 200
    duration_ms: 7
[2026-09-27 23:59:56.643 -0300] INFO (58871): request completed
    route: "/v1/portal/requests/00000000-0000-7000-8000-000070400e09"
    method: "GET"
    status: 404
    duration_ms: 4
[2026-09-27 23:59:56.649 -0300] INFO (58871): request completed
    route: "/v1/portal/requests/00000000-0000-7000-8000-000070400e09/receipt"
    method: "GET"
    status: 404
    duration_ms: 5
[2026-09-27 23:59:56.657 -0300] INFO (58871): request completed
    route: "/v1/portal/requests/00000000-0000-7000-8000-000070400e09/decision"
    method: "GET"
    status: 404
    duration_ms: 7
[2026-09-27 23:59:56.666 -0300] INFO (58871): request completed
    route: "/v1/portal/inbox"
    method: "GET"
    status: 200
    duration_ms: 8
[2026-09-27 23:59:56.672 -0300] INFO (58871): request completed
    route: "/v1/portal/sne/enrollment"
    method: "GET"
    status: 200
    duration_ms: 5
[2026-09-27 23:59:56.685 -0300] INFO (58871): request completed
    route: "/v1/portal/documents/cnh"
    method: "GET"
    status: 200
    duration_ms: 11
[2026-09-27 23:59:56.698 -0300] INFO (58871): request completed
    route: "/v1/portal/vehicles"
    method: "GET"
    status: 200
    duration_ms: 11
[2026-09-27 23:59:56.706 -0300] INFO (58871): request completed
    route: "/v1/portal/vehicles/00000000-0000-7000-8000-00007ff00001/clearance"
    method: "GET"
    status: 404
    duration_ms: 6
[2026-09-27 23:59:56.716 -0300] INFO (58871): request completed
    route: "/v1/portal/crashes"
    method: "GET"
    status: 200
    duration_ms: 8
[2026-09-27 23:59:56.722 -0300] INFO (58871): request completed
    route: "/v1/portal/crashes/00000000-0000-7000-8000-00007ff00003"
    method: "GET"
    status: 404
    duration_ms: 6
[2026-09-27 23:59:56.733 -0300] INFO (58871): request completed
    route: "/v1/portal/exams"
    method: "GET"
    status: 200
    duration_ms: 10
[2026-09-27 23:59:56.745 -0300] INFO (58871): request completed
    route: "/v1/portal/exams/00000000-0000-7000-8000-00007ff00002"
    method: "GET"
    status: 200
    duration_ms: 11
[2026-09-27 23:59:56.753 -0300] INFO (58871): request completed
    route: "/v1/portal/manifestations"
    method: "GET"
    status: 200
    duration_ms: 7
[2026-09-27 23:59:56.757 -0300] INFO (58871): request completed
    route: "/v1/portal/service-charter/manifestar/deadline"
    method: "GET"
    status: 200
    duration_ms: 3
[2026-09-27 23:59:56.763 -0300] INFO (58871): request completed
    route: "/v1/portal/identity/representations"
    method: "GET"
    status: 200
    duration_ms: 5
[2026-09-27 23:59:56.768 -0300] INFO (58871): request completed
    route: "/v1/portal/services"
    method: "GET"
    status: 200
    duration_ms: 4
[2026-09-27 23:59:56.774 -0300] INFO (58871): request completed
    route: "/v1/portal/aits/00000000-0000-7000-8000-0000f0000002"
    method: "GET"
    status: 200
    duration_ms: 5
[2026-09-27 23:59:56.781 -0300] INFO (58871): request completed
    route: "/v1/portal/aits/00000000-0000-7000-8000-0000f0000002/points"
    method: "GET"
    status: 200
    duration_ms: 6
[2026-09-27 23:59:56.787 -0300] INFO (58871): request completed
    route: "/v1/portal/points-summary"
    method: "GET"
    status: 200
    duration_ms: 6
[2026-09-27 23:59:56.795 -0300] INFO (58871): request completed
    route: "/v1/portal/requests"
    method: "GET"
    status: 200
    duration_ms: 7
[2026-09-27 23:59:56.802 -0300] INFO (58871): request completed
    route: "/v1/portal/requests/00000000-0000-7000-8000-000070400e09"
    method: "GET"
    status: 200
    duration_ms: 7
[2026-09-27 23:59:56.808 -0300] INFO (58871): request completed
    route: "/v1/portal/requests/00000000-0000-7000-8000-000070400e09/receipt"
    method: "GET"
    status: 404
    duration_ms: 5
[2026-09-27 23:59:56.815 -0300] INFO (58871): request completed
    route: "/v1/portal/requests/00000000-0000-7000-8000-000070400e09/decision"
    method: "GET"
    status: 200
    duration_ms: 6
[2026-09-27 23:59:56.822 -0300] INFO (58871): request completed
    route: "/v1/portal/inbox"
    method: "GET"
    status: 200
    duration_ms: 6
[2026-09-27 23:59:56.831 -0300] INFO (58871): request completed
    route: "/v1/portal/sne/enrollment"
    method: "GET"
    status: 200
    duration_ms: 7
[2026-09-27 23:59:56.843 -0300] INFO (58871): request completed
    route: "/v1/portal/documents/cnh"
    method: "GET"
    status: 200
    duration_ms: 11
[2026-09-27 23:59:56.855 -0300] INFO (58871): request completed
    route: "/v1/portal/vehicles"
    method: "GET"
    status: 200
    duration_ms: 11
[2026-09-27 23:59:56.864 -0300] INFO (58871): request completed
    route: "/v1/portal/vehicles/00000000-0000-7000-8000-00007ff00001/clearance"
    method: "GET"
    status: 503
    duration_ms: 8
[2026-09-27 23:59:56.874 -0300] INFO (58871): request completed
    route: "/v1/portal/crashes"
    method: "GET"
    status: 200
    duration_ms: 9
[2026-09-27 23:59:56.886 -0300] INFO (58871): request completed
    route: "/v1/portal/crashes/00000000-0000-7000-8000-00007ff00003"
    method: "GET"
    status: 200
    duration_ms: 10
[2026-09-27 23:59:56.896 -0300] INFO (58871): request completed
    route: "/v1/portal/exams"
    method: "GET"
    status: 200
    duration_ms: 9
[2026-09-27 23:59:56.903 -0300] INFO (58871): request completed
    route: "/v1/portal/exams/00000000-0000-7000-8000-00007ff00002"
    method: "GET"
    status: 404
    duration_ms: 6
[2026-09-27 23:59:56.911 -0300] INFO (58871): request completed
    route: "/v1/portal/manifestations"
    method: "GET"
    status: 200
    duration_ms: 7
[2026-09-27 23:59:56.918 -0300] INFO (58871): request completed
    route: "/v1/portal/service-charter/manifestar/deadline"
    method: "GET"
    status: 200
    duration_ms: 5
[2026-09-27 23:59:56.923 -0300] INFO (58871): request completed
    route: "/v1/portal/identity/representations"
    method: "GET"
    status: 200
    duration_ms: 4
[2026-09-27 23:59:56.929 -0300] INFO (58871): request completed
    route: "/v1/portal/services"
    method: "GET"
    status: 200
    duration_ms: 5
[2026-09-27 23:59:56.936 -0300] INFO (58871): request completed
    route: "/v1/portal/aits/00000000-0000-7000-8000-0000f0000002"
    method: "GET"
    status: 404
    duration_ms: 6
[2026-09-27 23:59:56.943 -0300] INFO (58871): request completed
    route: "/v1/portal/aits/00000000-0000-7000-8000-0000f0000002/points"
    method: "GET"
    status: 404
    duration_ms: 6
[2026-09-27 23:59:56.949 -0300] INFO (58871): request completed
    route: "/v1/portal/points-summary"
    method: "GET"
    status: 200
    duration_ms: 5
[2026-09-27 23:59:56.956 -0300] INFO (58871): request completed
    route: "/v1/portal/requests"
    method: "GET"
    status: 200
    duration_ms: 6
[2026-09-27 23:59:56.963 -0300] INFO (58871): request completed
    route: "/v1/portal/requests/00000000-0000-7000-8000-000070400e09"
    method: "GET"
    status: 404
    duration_ms: 6
[2026-09-27 23:59:56.970 -0300] INFO (58871): request completed
    route: "/v1/portal/requests/00000000-0000-7000-8000-000070400e09/receipt"
    method: "GET"
    status: 404
    duration_ms: 6
[2026-09-27 23:59:56.977 -0300] INFO (58871): request completed
    route: "/v1/portal/requests/00000000-0000-7000-8000-000070400e09/decision"
    method: "GET"
    status: 404
    duration_ms: 6
[2026-09-27 23:59:56.984 -0300] INFO (58871): request completed
    route: "/v1/portal/inbox"
    method: "GET"
    status: 200
    duration_ms: 6
[2026-09-27 23:59:56.990 -0300] INFO (58871): request completed
    route: "/v1/portal/sne/enrollment"
    method: "GET"
    status: 200
    duration_ms: 6
[2026-09-27 23:59:56.998 -0300] INFO (58871): request completed
    route: "/v1/portal/documents/cnh"
    method: "GET"
    status: 503
    duration_ms: 7
[2026-09-27 23:59:57.005 -0300] INFO (58871): request completed
    route: "/v1/portal/vehicles"
    method: "GET"
    status: 503
    duration_ms: 6
[2026-09-27 23:59:57.011 -0300] INFO (58871): request completed
    route: "/v1/portal/vehicles/00000000-0000-7000-8000-00007ff00001/clearance"
    method: "GET"
    status: 404
    duration_ms: 5
[2026-09-27 23:59:57.022 -0300] INFO (58871): request completed
    route: "/v1/portal/crashes"
    method: "GET"
    status: 200
    duration_ms: 10
[2026-09-27 23:59:57.028 -0300] INFO (58871): request completed
    route: "/v1/portal/crashes/00000000-0000-7000-8000-00007ff00003"
    method: "GET"
    status: 404
    duration_ms: 5
[2026-09-27 23:59:57.038 -0300] INFO (58871): request completed
    route: "/v1/portal/exams"
    method: "GET"
    status: 200
    duration_ms: 9
[2026-09-27 23:59:57.044 -0300] INFO (58871): request completed
    route: "/v1/portal/exams/00000000-0000-7000-8000-00007ff00002"
    method: "GET"
    status: 404
    duration_ms: 5
[2026-09-27 23:59:57.055 -0300] INFO (58871): request completed
    route: "/v1/portal/manifestations"
    method: "GET"
    status: 200
    duration_ms: 7
[2026-09-27 23:59:57.060 -0300] INFO (58871): request completed
    route: "/v1/portal/service-charter/manifestar/deadline"
    method: "GET"
    status: 200
    duration_ms: 4
[2026-09-27 23:59:57.066 -0300] INFO (58871): request completed
    route: "/v1/portal/identity/representations"
    method: "GET"
    status: 200
    duration_ms: 5
[2026-09-27 23:59:57.071 -0300] INFO (58871): request completed
    route: "/v1/portal/services"
    method: "GET"
    status: 200
    duration_ms: 4
[2026-09-27 23:59:57.076 -0300] INFO (58871): request completed
    route: "/v1/portal/aits/00000000-0000-7000-8000-0000f0000002"
    method: "GET"
    status: 404
    duration_ms: 4
[2026-09-27 23:59:57.082 -0300] INFO (58871): request completed
    route: "/v1/portal/aits/00000000-0000-7000-8000-0000f0000002/points"
    method: "GET"
    status: 404
    duration_ms: 5
[2026-09-27 23:59:57.089 -0300] INFO (58871): request completed
    route: "/v1/portal/points-summary"
    method: "GET"
    status: 200
    duration_ms: 6
[2026-09-27 23:59:57.097 -0300] INFO (58871): request completed
    route: "/v1/portal/requests"
    method: "GET"
    status: 200
    duration_ms: 7
[2026-09-27 23:59:57.103 -0300] INFO (58871): request completed
    route: "/v1/portal/requests/00000000-0000-7000-8000-000070400e09"
    method: "GET"
    status: 404
    duration_ms: 5
[2026-09-27 23:59:57.108 -0300] INFO (58871): request completed
    route: "/v1/portal/requests/00000000-0000-7000-8000-000070400e09/receipt"
    method: "GET"
    status: 404
    duration_ms: 4
[2026-09-27 23:59:57.115 -0300] INFO (58871): request completed
    route: "/v1/portal/requests/00000000-0000-7000-8000-000070400e09/decision"
    method: "GET"
    status: 404
    duration_ms: 6
[2026-09-27 23:59:57.122 -0300] INFO (58871): request completed
    route: "/v1/portal/inbox"
    method: "GET"
    status: 200
    duration_ms: 6
[2026-09-27 23:59:57.128 -0300] INFO (58871): request completed
    route: "/v1/portal/sne/enrollment"
    method: "GET"
    status: 200
    duration_ms: 5
[2026-09-27 23:59:57.139 -0300] INFO (58871): request completed
    route: "/v1/portal/documents/cnh"
    method: "GET"
    status: 200
    duration_ms: 10
[2026-09-27 23:59:57.149 -0300] INFO (58871): request completed
    route: "/v1/portal/vehicles"
    method: "GET"
    status: 200
    duration_ms: 9
[2026-09-27 23:59:57.154 -0300] INFO (58871): request completed
    route: "/v1/portal/vehicles/00000000-0000-7000-8000-00007ff00001/clearance"
    method: "GET"
    status: 404
    duration_ms: 5
[2026-09-27 23:59:57.164 -0300] INFO (58871): request completed
    route: "/v1/portal/crashes"
    method: "GET"
    status: 200
    duration_ms: 9
[2026-09-27 23:59:57.170 -0300] INFO (58871): request completed
    route: "/v1/portal/crashes/00000000-0000-7000-8000-00007ff00003"
    method: "GET"
    status: 404
    duration_ms: 5
[2026-09-27 23:59:57.180 -0300] INFO (58871): request completed
    route: "/v1/portal/exams"
    method: "GET"
    status: 200
    duration_ms: 9
[2026-09-27 23:59:57.190 -0300] INFO (58871): request completed
    route: "/v1/portal/exams/00000000-0000-7000-8000-00007ff00002"
    method: "GET"
    status: 200
    duration_ms: 9
[2026-09-27 23:59:57.200 -0300] INFO (58871): request completed
    route: "/v1/portal/manifestations"
    method: "GET"
    status: 200
    duration_ms: 8
[2026-09-27 23:59:57.206 -0300] INFO (58871): request completed
    route: "/v1/portal/service-charter/manifestar/deadline"
    method: "GET"
    status: 200
    duration_ms: 5
[2026-09-27 23:59:57.212 -0300] INFO (58871): request completed
    route: "/v1/portal/identity/representations"
    method: "GET"
    status: 200
    duration_ms: 5
[2026-09-27 23:59:57.217 -0300] INFO (58871): request completed
    route: "/v1/portal/services"
    method: "GET"
    status: 200
    duration_ms: 4
[2026-09-27 23:59:57.223 -0300] INFO (58871): request completed
    route: "/v1/portal/aits/00000000-0000-7000-8000-0000f0000002"
    method: "GET"
    status: 200
    duration_ms: 5
[2026-09-27 23:59:57.230 -0300] INFO (58871): request completed
    route: "/v1/portal/aits/00000000-0000-7000-8000-0000f0000002/points"
    method: "GET"
    status: 200
    duration_ms: 6
[2026-09-27 23:59:57.239 -0300] INFO (58871): request completed
    route: "/v1/portal/points-summary"
    method: "GET"
    status: 200
    duration_ms: 6
[2026-09-27 23:59:57.248 -0300] INFO (58871): request completed
    route: "/v1/portal/requests"
    method: "GET"
    status: 200
    duration_ms: 8
[2026-09-27 23:59:57.257 -0300] INFO (58871): request completed
    route: "/v1/portal/requests/00000000-0000-7000-8000-000070400e09"
    method: "GET"
    status: 200
    duration_ms: 8
[2026-09-27 23:59:57.264 -0300] INFO (58871): request completed
    route: "/v1/portal/requests/00000000-0000-7000-8000-000070400e09/receipt"
    method: "GET"
    status: 404
    duration_ms: 6
[2026-09-27 23:59:57.272 -0300] INFO (58871): request completed
    route: "/v1/portal/requests/00000000-0000-7000-8000-000070400e09/decision"
    method: "GET"
    status: 200
    duration_ms: 7
[2026-09-27 23:59:57.280 -0300] INFO (58871): request completed
    route: "/v1/portal/inbox"
    method: "GET"
    status: 200
    duration_ms: 7
[2026-09-27 23:59:57.286 -0300] INFO (58871): request completed
    route: "/v1/portal/sne/enrollment"
    method: "GET"
    status: 200
    duration_ms: 5
[2026-09-27 23:59:57.297 -0300] INFO (58871): request completed
    route: "/v1/portal/documents/cnh"
    method: "GET"
    status: 200
    duration_ms: 10
[2026-09-27 23:59:57.308 -0300] INFO (58871): request completed
    route: "/v1/portal/vehicles"
    method: "GET"
    status: 200
    duration_ms: 10
[2026-09-27 23:59:57.316 -0300] INFO (58871): request completed
    route: "/v1/portal/vehicles/00000000-0000-7000-8000-00007ff00001/clearance"
    method: "GET"
    status: 503
    duration_ms: 7
[2026-09-27 23:59:57.326 -0300] INFO (58871): request completed
    route: "/v1/portal/crashes"
    method: "GET"
    status: 200
    duration_ms: 9
[2026-09-27 23:59:57.338 -0300] INFO (58871): request completed
    route: "/v1/portal/crashes/00000000-0000-7000-8000-00007ff00003"
    method: "GET"
    status: 200
    duration_ms: 11
[2026-09-27 23:59:57.348 -0300] INFO (58871): request completed
    route: "/v1/portal/exams"
    method: "GET"
    status: 200
    duration_ms: 9
[2026-09-27 23:59:57.354 -0300] INFO (58871): request completed
    route: "/v1/portal/exams/00000000-0000-7000-8000-00007ff00002"
    method: "GET"
    status: 404
    duration_ms: 6
[2026-09-27 23:59:57.363 -0300] INFO (58871): request completed
    route: "/v1/portal/manifestations"
    method: "GET"
    status: 200
    duration_ms: 8
[2026-09-27 23:59:57.369 -0300] INFO (58871): request completed
    route: "/v1/portal/service-charter/manifestar/deadline"
    method: "GET"
    status: 200
    duration_ms: 5
[2026-09-27 23:59:57.374 -0300] INFO (58871): request completed
    route: "/v1/portal/identity/representations"
    method: "GET"
    status: 200
    duration_ms: 4
[2026-09-27 23:59:57.380 -0300] INFO (58871): request completed
    route: "/v1/portal/services"
    method: "GET"
    status: 200
    duration_ms: 5
[2026-09-27 23:59:57.386 -0300] INFO (58871): request completed
    route: "/v1/portal/aits/00000000-0000-7000-8000-0000f0000002"
    method: "GET"
    status: 404
    duration_ms: 5
[2026-09-27 23:59:57.393 -0300] INFO (58871): request completed
    route: "/v1/portal/aits/00000000-0000-7000-8000-0000f0000002/points"
    method: "GET"
    status: 404
    duration_ms: 6
[2026-09-27 23:59:57.400 -0300] INFO (58871): request completed
    route: "/v1/portal/points-summary"
    method: "GET"
    status: 200
    duration_ms: 6
[2026-09-27 23:59:57.407 -0300] INFO (58871): request completed
    route: "/v1/portal/requests"
    method: "GET"
    status: 200
    duration_ms: 6
[2026-09-27 23:59:57.415 -0300] INFO (58871): request completed
    route: "/v1/portal/requests/00000000-0000-7000-8000-000070400e09"
    method: "GET"
    status: 404
    duration_ms: 7
[2026-09-27 23:59:57.422 -0300] INFO (58871): request completed
    route: "/v1/portal/requests/00000000-0000-7000-8000-000070400e09/receipt"
    method: "GET"
    status: 404
    duration_ms: 6
[2026-09-27 23:59:57.430 -0300] INFO (58871): request completed
    route: "/v1/portal/requests/00000000-0000-7000-8000-000070400e09/decision"
    method: "GET"
    status: 404
    duration_ms: 7
[2026-09-27 23:59:57.438 -0300] INFO (58871): request completed
    route: "/v1/portal/inbox"
    method: "GET"
    status: 200
    duration_ms: 7
[2026-09-27 23:59:57.443 -0300] INFO (58871): request completed
    route: "/v1/portal/sne/enrollment"
    method: "GET"
    status: 200
    duration_ms: 4
[2026-09-27 23:59:57.450 -0300] INFO (58871): request completed
    route: "/v1/portal/documents/cnh"
    method: "GET"
    status: 503
    duration_ms: 6
[2026-09-27 23:59:57.457 -0300] INFO (58871): request completed
    route: "/v1/portal/vehicles"
    method: "GET"
    status: 503
    duration_ms: 6
[2026-09-27 23:59:57.464 -0300] INFO (58871): request completed
    route: "/v1/portal/vehicles/00000000-0000-7000-8000-00007ff00001/clearance"
    method: "GET"
    status: 404
    duration_ms: 6
[2026-09-27 23:59:57.475 -0300] INFO (58871): request completed
    route: "/v1/portal/crashes"
    method: "GET"
    status: 200
    duration_ms: 10
[2026-09-27 23:59:57.481 -0300] INFO (58871): request completed
    route: "/v1/portal/crashes/00000000-0000-7000-8000-00007ff00003"
    method: "GET"
    status: 404
    duration_ms: 5
[2026-09-27 23:59:57.491 -0300] INFO (58871): request completed
    route: "/v1/portal/exams"
    method: "GET"
    status: 200
    duration_ms: 9
[2026-09-27 23:59:57.497 -0300] INFO (58871): request completed
    route: "/v1/portal/exams/00000000-0000-7000-8000-00007ff00002"
    method: "GET"
    status: 404
    duration_ms: 5
[2026-09-27 23:59:57.505 -0300] INFO (58871): request completed
    route: "/v1/portal/manifestations"
    method: "GET"
    status: 200
    duration_ms: 7
[2026-09-27 23:59:57.510 -0300] INFO (58871): request completed
    route: "/v1/portal/service-charter/manifestar/deadline"
    method: "GET"
    status: 200
    duration_ms: 4
[2026-09-27 23:59:57.515 -0300] INFO (58871): request completed
    route: "/v1/portal/identity/representations"
    method: "GET"
    status: 200
    duration_ms: 4
[2026-09-27 23:59:57.520 -0300] INFO (58871): request completed
    route: "/v1/portal/services"
    method: "GET"
    status: 200
    duration_ms: 4
[2026-09-27 23:59:57.524 -0300] INFO (58871): request completed
    route: "/v1/portal/aits/00000000-0000-7000-8000-0000f0000002"
    method: "GET"
    status: 404
    duration_ms: 3
[2026-09-27 23:59:57.531 -0300] INFO (58871): request completed
    route: "/v1/portal/aits/00000000-0000-7000-8000-0000f0000002/points"
    method: "GET"
    status: 404
    duration_ms: 6
[2026-09-27 23:59:57.537 -0300] INFO (58871): request completed
    route: "/v1/portal/points-summary"
    method: "GET"
    status: 200
    duration_ms: 6
[2026-09-27 23:59:57.544 -0300] INFO (58871): request completed
    route: "/v1/portal/requests"
    method: "GET"
    status: 200
    duration_ms: 6
[2026-09-27 23:59:57.549 -0300] INFO (58871): request completed
    route: "/v1/portal/requests/00000000-0000-7000-8000-000070400e09"
    method: "GET"
    status: 404
    duration_ms: 5
[2026-09-27 23:59:57.555 -0300] INFO (58871): request completed
    route: "/v1/portal/requests/00000000-0000-7000-8000-000070400e09/receipt"
    method: "GET"
    status: 404
    duration_ms: 5
[2026-09-27 23:59:57.563 -0300] INFO (58871): request completed
    route: "/v1/portal/requests/00000000-0000-7000-8000-000070400e09/decision"
    method: "GET"
    status: 404
    duration_ms: 6
[2026-09-27 23:59:57.570 -0300] INFO (58871): request completed
    route: "/v1/portal/inbox"
    method: "GET"
    status: 200
    duration_ms: 7
[2026-09-27 23:59:57.575 -0300] INFO (58871): request completed
    route: "/v1/portal/sne/enrollment"
    method: "GET"
    status: 200
    duration_ms: 4
[2026-09-27 23:59:57.586 -0300] INFO (58871): request completed
    route: "/v1/portal/documents/cnh"
    method: "GET"
    status: 200
    duration_ms: 10
[2026-09-27 23:59:57.596 -0300] INFO (58871): request completed
    route: "/v1/portal/vehicles"
    method: "GET"
    status: 200
    duration_ms: 9
[2026-09-27 23:59:57.602 -0300] INFO (58871): request completed
    route: "/v1/portal/vehicles/00000000-0000-7000-8000-00007ff00001/clearance"
    method: "GET"
    status: 404
    duration_ms: 5
[2026-09-27 23:59:57.611 -0300] INFO (58871): request completed
    route: "/v1/portal/crashes"
    method: "GET"
    status: 200
    duration_ms: 8
[2026-09-27 23:59:57.616 -0300] INFO (58871): request completed
    route: "/v1/portal/crashes/00000000-0000-7000-8000-00007ff00003"
    method: "GET"
    status: 404
    duration_ms: 4
[2026-09-27 23:59:57.625 -0300] INFO (58871): request completed
    route: "/v1/portal/exams"
    method: "GET"
    status: 200
    duration_ms: 8
[2026-09-27 23:59:57.635 -0300] INFO (58871): request completed
    route: "/v1/portal/exams/00000000-0000-7000-8000-00007ff00002"
    method: "GET"
    status: 200
    duration_ms: 9
[2026-09-27 23:59:57.642 -0300] INFO (58871): request completed
    route: "/v1/portal/manifestations"
    method: "GET"
    status: 200
    duration_ms: 6
[2026-09-27 23:59:57.646 -0300] INFO (58871): request completed
    route: "/v1/portal/service-charter/manifestar/deadline"
    method: "GET"
    status: 200
    duration_ms: 3
[2026-09-27 23:59:57.652 -0300] INFO (58871): request completed
    route: "/v1/portal/identity/representations"
    method: "GET"
    status: 200
    duration_ms: 5
[2026-09-27 23:59:57.656 -0300] INFO (58871): request completed
    route: "/v1/portal/services"
    method: "GET"
    status: 200
    duration_ms: 3
[2026-09-27 23:59:57.663 -0300] INFO (58871): request completed
    route: "/v1/portal/aits/00000000-0000-7000-8000-0000f0000002"
    method: "GET"
    status: 200
    duration_ms: 6
[2026-09-27 23:59:57.670 -0300] INFO (58871): request completed
    route: "/v1/portal/aits/00000000-0000-7000-8000-0000f0000002/points"
    method: "GET"
    status: 200
    duration_ms: 6
[2026-09-27 23:59:57.674 -0300] INFO (58871): request completed
    route: "/v1/portal/points-summary"
    method: "GET"
    status: 200
    duration_ms: 4
[2026-09-27 23:59:57.681 -0300] INFO (58871): request completed
    route: "/v1/portal/requests"
    method: "GET"
    status: 200
    duration_ms: 6
[2026-09-27 23:59:57.689 -0300] INFO (58871): request completed
    route: "/v1/portal/requests/00000000-0000-7000-8000-000070400e09"
    method: "GET"
    status: 200
    duration_ms: 7
[2026-09-27 23:59:57.695 -0300] INFO (58871): request completed
    route: "/v1/portal/requests/00000000-0000-7000-8000-000070400e09/receipt"
    method: "GET"
    status: 404
    duration_ms: 5
[2026-09-27 23:59:57.702 -0300] INFO (58871): request completed
    route: "/v1/portal/requests/00000000-0000-7000-8000-000070400e09/decision"
    method: "GET"
    status: 200
    duration_ms: 6
[2026-09-27 23:59:57.708 -0300] INFO (58871): request completed
    route: "/v1/portal/inbox"
    method: "GET"
    status: 200
    duration_ms: 5
[2026-09-27 23:59:57.713 -0300] INFO (58871): request completed
    route: "/v1/portal/sne/enrollment"
    method: "GET"
    status: 200
    duration_ms: 5
[2026-09-27 23:59:57.723 -0300] INFO (58871): request completed
    route: "/v1/portal/documents/cnh"
    method: "GET"
    status: 200
    duration_ms: 9
[2026-09-27 23:59:57.737 -0300] INFO (58871): request completed
    route: "/v1/portal/vehicles"
    method: "GET"
    status: 200
    duration_ms: 13
[2026-09-27 23:59:57.746 -0300] INFO (58871): request completed
    route: "/v1/portal/vehicles/00000000-0000-7000-8000-00007ff00001/clearance"
    method: "GET"
    status: 503
    duration_ms: 8
[2026-09-27 23:59:57.759 -0300] INFO (58871): request completed
    route: "/v1/portal/crashes"
    method: "GET"
    status: 200
    duration_ms: 12
[2026-09-27 23:59:57.773 -0300] INFO (58871): request completed
    route: "/v1/portal/crashes/00000000-0000-7000-8000-00007ff00003"
    method: "GET"
    status: 200
    duration_ms: 13
[2026-09-27 23:59:57.785 -0300] INFO (58871): request completed
    route: "/v1/portal/exams"
    method: "GET"
    status: 200
    duration_ms: 12
[2026-09-27 23:59:57.791 -0300] INFO (58871): request completed
    route: "/v1/portal/exams/00000000-0000-7000-8000-00007ff00002"
    method: "GET"
    status: 404
    duration_ms: 5
[2026-09-27 23:59:57.803 -0300] INFO (58871): request completed
    route: "/v1/portal/manifestations"
    method: "GET"
    status: 200
    duration_ms: 11
[2026-09-27 23:59:57.807 -0300] INFO (58871): request completed
    route: "/v1/portal/service-charter/manifestar/deadline"
    method: "GET"
    status: 200
    duration_ms: 3
[2026-09-27 23:59:57.814 -0300] INFO (58871): request completed
    route: "/v1/portal/identity/representations"
    method: "GET"
    status: 200
    duration_ms: 6
[2026-09-27 23:59:57.820 -0300] INFO (58871): request completed
    route: "/v1/portal/services"
    method: "GET"
    status: 200
    duration_ms: 5
[2026-09-27 23:59:57.826 -0300] INFO (58871): request completed
    route: "/v1/portal/aits/00000000-0000-7000-8000-0000f0000002"
    method: "GET"
    status: 404
    duration_ms: 5
[2026-09-27 23:59:57.832 -0300] INFO (58871): request completed
    route: "/v1/portal/aits/00000000-0000-7000-8000-0000f0000002/points"
    method: "GET"
    status: 404
    duration_ms: 5
[2026-09-27 23:59:57.840 -0300] INFO (58871): request completed
    route: "/v1/portal/points-summary"
    method: "GET"
    status: 200
    duration_ms: 7
[2026-09-27 23:59:57.849 -0300] INFO (58871): request completed
    route: "/v1/portal/requests"
    method: "GET"
    status: 200
    duration_ms: 8
[2026-09-27 23:59:57.856 -0300] INFO (58871): request completed
    route: "/v1/portal/requests/00000000-0000-7000-8000-000070400e09"
    method: "GET"
    status: 404
    duration_ms: 6
[2026-09-27 23:59:57.873 -0300] INFO (58871): request completed
    route: "/v1/portal/requests/00000000-0000-7000-8000-000070400e09/receipt"
    method: "GET"
    status: 404
    duration_ms: 15
[2026-09-27 23:59:57.881 -0300] INFO (58871): request completed
    route: "/v1/portal/requests/00000000-0000-7000-8000-000070400e09/decision"
    method: "GET"
    status: 404
    duration_ms: 7
[2026-09-27 23:59:57.889 -0300] INFO (58871): request completed
    route: "/v1/portal/inbox"
    method: "GET"
    status: 200
    duration_ms: 7
[2026-09-27 23:59:57.897 -0300] INFO (58871): request completed
    route: "/v1/portal/sne/enrollment"
    method: "GET"
    status: 200
    duration_ms: 7
[2026-09-27 23:59:57.907 -0300] INFO (58871): request completed
    route: "/v1/portal/documents/cnh"
    method: "GET"
    status: 503
    duration_ms: 9
[2026-09-27 23:59:57.916 -0300] INFO (58871): request completed
    route: "/v1/portal/vehicles"
    method: "GET"
    status: 503
    duration_ms: 8
[2026-09-27 23:59:57.924 -0300] INFO (58871): request completed
    route: "/v1/portal/vehicles/00000000-0000-7000-8000-00007ff00001/clearance"
    method: "GET"
    status: 404
    duration_ms: 7
[2026-09-27 23:59:57.937 -0300] INFO (58871): request completed
    route: "/v1/portal/crashes"
    method: "GET"
    status: 200
    duration_ms: 12
[2026-09-27 23:59:57.944 -0300] INFO (58871): request completed
    route: "/v1/portal/crashes/00000000-0000-7000-8000-00007ff00003"
    method: "GET"
    status: 404
    duration_ms: 6
[2026-09-27 23:59:57.955 -0300] INFO (58871): request completed
    route: "/v1/portal/exams"
    method: "GET"
    status: 200
    duration_ms: 10
[2026-09-27 23:59:57.962 -0300] INFO (58871): request completed
    route: "/v1/portal/exams/00000000-0000-7000-8000-00007ff00002"
    method: "GET"
    status: 404
    duration_ms: 6
[2026-09-27 23:59:57.971 -0300] INFO (58871): request completed
    route: "/v1/portal/manifestations"
    method: "GET"
    status: 200
    duration_ms: 8
[2026-09-27 23:59:57.977 -0300] INFO (58871): request completed
    route: "/v1/portal/service-charter/manifestar/deadline"
    method: "GET"
    status: 200
    duration_ms: 5
[2026-09-27 23:59:57.982 -0300] INFO (58871): request completed
    route: "/v1/portal/identity/representations"
    method: "GET"
    status: 200
    duration_ms: 5
[2026-09-27 23:59:57.988 -0300] INFO (58871): request completed
    route: "/v1/portal/services"
    method: "GET"
    status: 200
    duration_ms: 5
[2026-09-27 23:59:57.996 -0300] INFO (58871): request completed
    route: "/v1/portal/aits/00000000-0000-7000-8000-0000f0000002"
    method: "GET"
    status: 404
    duration_ms: 7
[2026-09-27 23:59:58.003 -0300] INFO (58871): request completed
    route: "/v1/portal/aits/00000000-0000-7000-8000-0000f0000002/points"
    method: "GET"
    status: 404
    duration_ms: 6
[2026-09-27 23:59:58.010 -0300] INFO (58871): request completed
    route: "/v1/portal/points-summary"
    method: "GET"
    status: 200
    duration_ms: 6
[2026-09-27 23:59:58.018 -0300] INFO (58871): request completed
    route: "/v1/portal/requests"
    method: "GET"
    status: 200
    duration_ms: 7
[2026-09-27 23:59:58.025 -0300] INFO (58871): request completed
    route: "/v1/portal/requests/00000000-0000-7000-8000-000070400e09"
    method: "GET"
    status: 404
    duration_ms: 6
[2026-09-27 23:59:58.032 -0300] INFO (58871): request completed
    route: "/v1/portal/requests/00000000-0000-7000-8000-000070400e09/receipt"
    method: "GET"
    status: 404
    duration_ms: 7
[2026-09-27 23:59:58.039 -0300] INFO (58871): request completed
    route: "/v1/portal/requests/00000000-0000-7000-8000-000070400e09/decision"
    method: "GET"
    status: 404
    duration_ms: 6
[2026-09-27 23:59:58.047 -0300] INFO (58871): request completed
    route: "/v1/portal/inbox"
    method: "GET"
    status: 200
    duration_ms: 7
[2026-09-27 23:59:58.054 -0300] INFO (58871): request completed
    route: "/v1/portal/sne/enrollment"
    method: "GET"
    status: 200
    duration_ms: 6
[2026-09-27 23:59:58.066 -0300] INFO (58871): request completed
    route: "/v1/portal/documents/cnh"
    method: "GET"
    status: 200
    duration_ms: 11
[2026-09-27 23:59:58.078 -0300] INFO (58871): request completed
    route: "/v1/portal/vehicles"
    method: "GET"
    status: 200
    duration_ms: 11
[2026-09-27 23:59:58.084 -0300] INFO (58871): request completed
    route: "/v1/portal/vehicles/00000000-0000-7000-8000-00007ff00001/clearance"
    method: "GET"
    status: 404
    duration_ms: 6
[2026-09-27 23:59:58.097 -0300] INFO (58871): request completed
    route: "/v1/portal/crashes"
    method: "GET"
    status: 200
    duration_ms: 13
[2026-09-27 23:59:58.105 -0300] INFO (58871): request completed
    route: "/v1/portal/crashes/00000000-0000-7000-8000-00007ff00003"
    method: "GET"
    status: 404
    duration_ms: 7
[2026-09-27 23:59:58.114 -0300] INFO (58871): request completed
    route: "/v1/portal/exams"
    method: "GET"
    status: 200
    duration_ms: 8
[2026-09-27 23:59:58.124 -0300] INFO (58871): request completed
    route: "/v1/portal/exams/00000000-0000-7000-8000-00007ff00002"
    method: "GET"
    status: 200
    duration_ms: 9
[2026-09-27 23:59:58.133 -0300] INFO (58871): request completed
    route: "/v1/portal/manifestations"
    method: "GET"
    status: 200
    duration_ms: 8
[2026-09-27 23:59:58.138 -0300] INFO (58871): request completed
    route: "/v1/portal/service-charter/manifestar/deadline"
    method: "GET"
    status: 200
    duration_ms: 4
[2026-09-27 23:59:58.145 -0300] INFO (58871): request completed
    route: "/v1/portal/identity/representations"
    method: "GET"
    status: 200
    duration_ms: 6
[2026-09-27 23:59:58.149 -0300] INFO (58871): request completed
    route: "/v1/portal/services"
    method: "GET"
    status: 200
    duration_ms: 4
[2026-09-27 23:59:58.157 -0300] INFO (58871): request completed
    route: "/v1/portal/aits/00000000-0000-7000-8000-0000f0000002"
    method: "GET"
    status: 200
    duration_ms: 7
[2026-09-27 23:59:58.165 -0300] INFO (58871): request completed
    route: "/v1/portal/aits/00000000-0000-7000-8000-0000f0000002/points"
    method: "GET"
    status: 200
    duration_ms: 7
[2026-09-27 23:59:58.171 -0300] INFO (58871): request completed
    route: "/v1/portal/points-summary"
    method: "GET"
    status: 200
    duration_ms: 6
[2026-09-27 23:59:58.179 -0300] INFO (58871): request completed
    route: "/v1/portal/requests"
    method: "GET"
    status: 200
    duration_ms: 7
[2026-09-27 23:59:58.188 -0300] INFO (58871): request completed
    route: "/v1/portal/requests/00000000-0000-7000-8000-000070400e09"
    method: "GET"
    status: 200
    duration_ms: 8
[2026-09-27 23:59:58.194 -0300] INFO (58871): request completed
    route: "/v1/portal/requests/00000000-0000-7000-8000-000070400e09/receipt"
    method: "GET"
    status: 404
    duration_ms: 5
[2026-09-27 23:59:58.201 -0300] INFO (58871): request completed
    route: "/v1/portal/requests/00000000-0000-7000-8000-000070400e09/decision"
    method: "GET"
    status: 200
    duration_ms: 6
[2026-09-27 23:59:58.207 -0300] INFO (58871): request completed
    route: "/v1/portal/inbox"
    method: "GET"
    status: 200
    duration_ms: 5
[2026-09-27 23:59:58.213 -0300] INFO (58871): request completed
    route: "/v1/portal/sne/enrollment"
    method: "GET"
    status: 200
    duration_ms: 6
[2026-09-27 23:59:58.223 -0300] INFO (58871): request completed
    route: "/v1/portal/documents/cnh"
    method: "GET"
    status: 200
    duration_ms: 10
[2026-09-27 23:59:58.235 -0300] INFO (58871): request completed
    route: "/v1/portal/vehicles"
    method: "GET"
    status: 200
    duration_ms: 11
[2026-09-27 23:59:58.244 -0300] INFO (58871): request completed
    route: "/v1/portal/vehicles/00000000-0000-7000-8000-00007ff00001/clearance"
    method: "GET"
    status: 503
    duration_ms: 8
[2026-09-27 23:59:58.255 -0300] INFO (58871): request completed
    route: "/v1/portal/crashes"
    method: "GET"
    status: 200
    duration_ms: 10
[2026-09-27 23:59:58.266 -0300] INFO (58871): request completed
    route: "/v1/portal/crashes/00000000-0000-7000-8000-00007ff00003"
    method: "GET"
    status: 200
    duration_ms: 10
[2026-09-27 23:59:58.276 -0300] INFO (58871): request completed
    route: "/v1/portal/exams"
    method: "GET"
    status: 200
    duration_ms: 9
[2026-09-27 23:59:58.283 -0300] INFO (58871): request completed
    route: "/v1/portal/exams/00000000-0000-7000-8000-00007ff00002"
    method: "GET"
    status: 404
    duration_ms: 6
[2026-09-27 23:59:58.291 -0300] INFO (58871): request completed
    route: "/v1/portal/manifestations"
    method: "GET"
    status: 200
    duration_ms: 7
[2026-09-27 23:59:58.297 -0300] INFO (58871): request completed
    route: "/v1/portal/service-charter/manifestar/deadline"
    method: "GET"
    status: 200
    duration_ms: 5
[2026-09-27 23:59:58.303 -0300] INFO (58871): request completed
    route: "/v1/portal/identity/representations"
    method: "GET"
    status: 200
    duration_ms: 5
[2026-09-27 23:59:58.308 -0300] INFO (58871): request completed
    route: "/v1/portal/services"
    method: "GET"
    status: 200
    duration_ms: 4
[2026-09-27 23:59:58.314 -0300] INFO (58871): request completed
    route: "/v1/portal/aits/00000000-0000-7000-8000-0000f0000002"
    method: "GET"
    status: 404
    duration_ms: 5
[2026-09-27 23:59:58.321 -0300] INFO (58871): request completed
    route: "/v1/portal/aits/00000000-0000-7000-8000-0000f0000002/points"
    method: "GET"
    status: 404
    duration_ms: 6
[2026-09-27 23:59:58.327 -0300] INFO (58871): request completed
    route: "/v1/portal/points-summary"
    method: "GET"
    status: 200
    duration_ms: 6
[2026-09-27 23:59:58.334 -0300] INFO (58871): request completed
    route: "/v1/portal/requests"
    method: "GET"
    status: 200
    duration_ms: 6
[2026-09-27 23:59:58.341 -0300] INFO (58871): request completed
    route: "/v1/portal/requests/00000000-0000-7000-8000-000070400e09"
    method: "GET"
    status: 404
    duration_ms: 6
[2026-09-27 23:59:58.347 -0300] INFO (58871): request completed
    route: "/v1/portal/requests/00000000-0000-7000-8000-000070400e09/receipt"
    method: "GET"
    status: 404
    duration_ms: 6
[2026-09-27 23:59:58.354 -0300] INFO (58871): request completed
    route: "/v1/portal/requests/00000000-0000-7000-8000-000070400e09/decision"
    method: "GET"
    status: 404
    duration_ms: 6
[2026-09-27 23:59:58.361 -0300] INFO (58871): request completed
    route: "/v1/portal/inbox"
    method: "GET"
    status: 200
    duration_ms: 6
[2026-09-27 23:59:58.366 -0300] INFO (58871): request completed
    route: "/v1/portal/sne/enrollment"
    method: "GET"
    status: 200
    duration_ms: 5
[2026-09-27 23:59:58.373 -0300] INFO (58871): request completed
    route: "/v1/portal/documents/cnh"
    method: "GET"
    status: 503
    duration_ms: 6
[2026-09-27 23:59:58.380 -0300] INFO (58871): request completed
    route: "/v1/portal/vehicles"
    method: "GET"
    status: 503
    duration_ms: 6
[2026-09-27 23:59:58.387 -0300] INFO (58871): request completed
    route: "/v1/portal/vehicles/00000000-0000-7000-8000-00007ff00001/clearance"
    method: "GET"
    status: 404
    duration_ms: 6
[2026-09-27 23:59:58.398 -0300] INFO (58871): request completed
    route: "/v1/portal/crashes"
    method: "GET"
    status: 200
    duration_ms: 10
[2026-09-27 23:59:58.405 -0300] INFO (58871): request completed
    route: "/v1/portal/crashes/00000000-0000-7000-8000-00007ff00003"
    method: "GET"
    status: 404
    duration_ms: 6
[2026-09-27 23:59:58.415 -0300] INFO (58871): request completed
    route: "/v1/portal/exams"
    method: "GET"
    status: 200
    duration_ms: 9
[2026-09-27 23:59:58.421 -0300] INFO (58871): request completed
    route: "/v1/portal/exams/00000000-0000-7000-8000-00007ff00002"
    method: "GET"
    status: 404
    duration_ms: 5
[2026-09-27 23:59:58.429 -0300] INFO (58871): request completed
    route: "/v1/portal/manifestations"
    method: "GET"
    status: 200
    duration_ms: 7
[2026-09-27 23:59:58.434 -0300] INFO (58871): request completed
    route: "/v1/portal/service-charter/manifestar/deadline"
    method: "GET"
    status: 200
    duration_ms: 4
[2026-09-27 23:59:58.440 -0300] INFO (58871): request completed
    route: "/v1/portal/identity/representations"
    method: "GET"
    status: 200
    duration_ms: 5
[2026-09-27 23:59:58.446 -0300] INFO (58871): request completed
    route: "/v1/portal/services"
    method: "GET"
    status: 200
    duration_ms: 5
[2026-09-27 23:59:58.451 -0300] INFO (58871): request completed
    route: "/v1/portal/aits/00000000-0000-7000-8000-0000f0000002"
    method: "GET"
    status: 404
    duration_ms: 4
[2026-09-27 23:59:58.456 -0300] INFO (58871): request completed
    route: "/v1/portal/aits/00000000-0000-7000-8000-0000f0000002/points"
    method: "GET"
    status: 404
    duration_ms: 4
[2026-09-27 23:59:58.463 -0300] INFO (58871): request completed
    route: "/v1/portal/points-summary"
    method: "GET"
    status: 200
    duration_ms: 6
[2026-09-27 23:59:58.471 -0300] INFO (58871): request completed
    route: "/v1/portal/requests"
    method: "GET"
    status: 200
    duration_ms: 7
[2026-09-27 23:59:58.477 -0300] INFO (58871): request completed
    route: "/v1/portal/requests/00000000-0000-7000-8000-000070400e09"
    method: "GET"
    status: 404
    duration_ms: 5
[2026-09-27 23:59:58.483 -0300] INFO (58871): request completed
    route: "/v1/portal/requests/00000000-0000-7000-8000-000070400e09/receipt"
    method: "GET"
    status: 404
    duration_ms: 5
[2026-09-27 23:59:58.490 -0300] INFO (58871): request completed
    route: "/v1/portal/requests/00000000-0000-7000-8000-000070400e09/decision"
    method: "GET"
    status: 404
    duration_ms: 6
[2026-09-27 23:59:58.497 -0300] INFO (58871): request completed
    route: "/v1/portal/inbox"
    method: "GET"
    status: 200
    duration_ms: 7
[2026-09-27 23:59:58.504 -0300] INFO (58871): request completed
    route: "/v1/portal/sne/enrollment"
    method: "GET"
    status: 200
    duration_ms: 6
[2026-09-27 23:59:58.515 -0300] INFO (58871): request completed
    route: "/v1/portal/documents/cnh"
    method: "GET"
    status: 200
    duration_ms: 10
[2026-09-27 23:59:58.525 -0300] INFO (58871): request completed
    route: "/v1/portal/vehicles"
    method: "GET"
    status: 200
    duration_ms: 9
[2026-09-27 23:59:58.531 -0300] INFO (58871): request completed
    route: "/v1/portal/vehicles/00000000-0000-7000-8000-00007ff00001/clearance"
    method: "GET"
    status: 404
    duration_ms: 5
[2026-09-27 23:59:58.540 -0300] INFO (58871): request completed
    route: "/v1/portal/crashes"
    method: "GET"
    status: 200
    duration_ms: 8
[2026-09-27 23:59:58.547 -0300] INFO (58871): request completed
    route: "/v1/portal/crashes/00000000-0000-7000-8000-00007ff00003"
    method: "GET"
    status: 404
    duration_ms: 6
[2026-09-27 23:59:58.556 -0300] INFO (58871): request completed
    route: "/v1/portal/exams"
    method: "GET"
    status: 200
    duration_ms: 9
[2026-09-27 23:59:58.567 -0300] INFO (58871): request completed
    route: "/v1/portal/exams/00000000-0000-7000-8000-00007ff00002"
    method: "GET"
    status: 200
    duration_ms: 10
[2026-09-27 23:59:58.574 -0300] INFO (58871): request completed
    route: "/v1/portal/manifestations"
    method: "GET"
    status: 200
    duration_ms: 6
[2026-09-27 23:59:58.578 -0300] INFO (58871): request completed
    route: "/v1/portal/service-charter/manifestar/deadline"
    method: "GET"
    status: 200
    duration_ms: 3
[2026-09-27 23:59:58.584 -0300] INFO (58871): request completed
    route: "/v1/portal/identity/representations"
    method: "GET"
    status: 200
    duration_ms: 5
[2026-09-27 23:59:58.589 -0300] INFO (58871): request completed
    route: "/v1/portal/services"
    method: "GET"
    status: 200
    duration_ms: 4
[2026-09-27 23:59:58.601 -0300] INFO (58871): request completed
    route: "/v1/portal/aits/00000000-0000-7000-8000-0000f0000002"
    method: "GET"
    status: 200
    duration_ms: 8
[2026-09-27 23:59:58.608 -0300] INFO (58871): request completed
    route: "/v1/portal/aits/00000000-0000-7000-8000-0000f0000002/points"
    method: "GET"
    status: 200
    duration_ms: 6
[2026-09-27 23:59:58.614 -0300] INFO (58871): request completed
    route: "/v1/portal/points-summary"
    method: "GET"
    status: 200
    duration_ms: 5
[2026-09-27 23:59:58.621 -0300] INFO (58871): request completed
    route: "/v1/portal/requests"
    method: "GET"
    status: 200
    duration_ms: 6
[2026-09-27 23:59:58.630 -0300] INFO (58871): request completed
    route: "/v1/portal/requests/00000000-0000-7000-8000-000070400e09"
    method: "GET"
    status: 200
    duration_ms: 8
[2026-09-27 23:59:58.637 -0300] INFO (58871): request completed
    route: "/v1/portal/requests/00000000-0000-7000-8000-000070400e09/receipt"
    method: "GET"
    status: 404
    duration_ms: 6
[2026-09-27 23:59:58.645 -0300] INFO (58871): request completed
    route: "/v1/portal/requests/00000000-0000-7000-8000-000070400e09/decision"
    method: "GET"
    status: 200
    duration_ms: 7
[2026-09-27 23:59:58.653 -0300] INFO (58871): request completed
    route: "/v1/portal/inbox"
    method: "GET"
    status: 200
    duration_ms: 7
[2026-09-27 23:59:58.663 -0300] INFO (58871): request completed
    route: "/v1/portal/sne/enrollment"
    method: "GET"
    status: 200
    duration_ms: 9
[2026-09-27 23:59:58.675 -0300] INFO (58871): request completed
    route: "/v1/portal/documents/cnh"
    method: "GET"
    status: 200
    duration_ms: 11
[2026-09-27 23:59:58.686 -0300] INFO (58871): request completed
    route: "/v1/portal/vehicles"
    method: "GET"
    status: 200
    duration_ms: 10
[2026-09-27 23:59:58.694 -0300] INFO (58871): request completed
    route: "/v1/portal/vehicles/00000000-0000-7000-8000-00007ff00001/clearance"
    method: "GET"
    status: 503
    duration_ms: 8
[2026-09-27 23:59:58.705 -0300] INFO (58871): request completed
    route: "/v1/portal/crashes"
    method: "GET"
    status: 200
    duration_ms: 10
[2026-09-27 23:59:58.716 -0300] INFO (58871): request completed
    route: "/v1/portal/crashes/00000000-0000-7000-8000-00007ff00003"
    method: "GET"
    status: 200
    duration_ms: 10
[2026-09-27 23:59:58.726 -0300] INFO (58871): request completed
    route: "/v1/portal/exams"
    method: "GET"
    status: 200
    duration_ms: 9
[2026-09-27 23:59:58.732 -0300] INFO (58871): request completed
    route: "/v1/portal/exams/00000000-0000-7000-8000-00007ff00002"
    method: "GET"
    status: 404
    duration_ms: 5
[2026-09-27 23:59:58.741 -0300] INFO (58871): request completed
    route: "/v1/portal/manifestations"
    method: "GET"
    status: 200
    duration_ms: 8
[2026-09-27 23:59:58.746 -0300] INFO (58871): request completed
    route: "/v1/portal/service-charter/manifestar/deadline"
    method: "GET"
    status: 200
    duration_ms: 4
[2026-09-27 23:59:58.752 -0300] INFO (58871): request completed
    route: "/v1/portal/identity/representations"
    method: "GET"
    status: 200
    duration_ms: 5
[2026-09-27 23:59:58.758 -0300] INFO (58871): request completed
    route: "/v1/portal/services"
    method: "GET"
    status: 200
    duration_ms: 5
[2026-09-27 23:59:58.764 -0300] INFO (58871): request completed
    route: "/v1/portal/aits/00000000-0000-7000-8000-0000f0000002"
    method: "GET"
    status: 404
    duration_ms: 5
[2026-09-27 23:59:58.771 -0300] INFO (58871): request completed
    route: "/v1/portal/aits/00000000-0000-7000-8000-0000f0000002/points"
    method: "GET"
    status: 404
    duration_ms: 6
[2026-09-27 23:59:58.777 -0300] INFO (58871): request completed
    route: "/v1/portal/points-summary"
    method: "GET"
    status: 200
    duration_ms: 6
[2026-09-27 23:59:58.784 -0300] INFO (58871): request completed
    route: "/v1/portal/requests"
    method: "GET"
    status: 200
    duration_ms: 6
[2026-09-27 23:59:58.790 -0300] INFO (58871): request completed
    route: "/v1/portal/requests/00000000-0000-7000-8000-000070400e09"
    method: "GET"
    status: 404
    duration_ms: 5
[2026-09-27 23:59:58.797 -0300] INFO (58871): request completed
    route: "/v1/portal/requests/00000000-0000-7000-8000-000070400e09/receipt"
    method: "GET"
    status: 404
    duration_ms: 6
[2026-09-27 23:59:58.804 -0300] INFO (58871): request completed
    route: "/v1/portal/requests/00000000-0000-7000-8000-000070400e09/decision"
    method: "GET"
    status: 404
    duration_ms: 6
[2026-09-27 23:59:58.813 -0300] INFO (58871): request completed
    route: "/v1/portal/inbox"
    method: "GET"
    status: 200
    duration_ms: 7
[2026-09-27 23:59:58.819 -0300] INFO (58871): request completed
    route: "/v1/portal/sne/enrollment"
    method: "GET"
    status: 200
    duration_ms: 5
[2026-09-27 23:59:58.827 -0300] INFO (58871): request completed
    route: "/v1/portal/documents/cnh"
    method: "GET"
    status: 503
    duration_ms: 7
[2026-09-27 23:59:58.835 -0300] INFO (58871): request completed
    route: "/v1/portal/vehicles"
    method: "GET"
    status: 503
    duration_ms: 7
[2026-09-27 23:59:58.842 -0300] INFO (58871): request completed
    route: "/v1/portal/vehicles/00000000-0000-7000-8000-00007ff00001/clearance"
    method: "GET"
    status: 404
    duration_ms: 6
[2026-09-27 23:59:58.854 -0300] INFO (58871): request completed
    route: "/v1/portal/crashes"
    method: "GET"
    status: 200
    duration_ms: 11
[2026-09-27 23:59:58.862 -0300] INFO (58871): request completed
    route: "/v1/portal/crashes/00000000-0000-7000-8000-00007ff00003"
    method: "GET"
    status: 404
    duration_ms: 7
[2026-09-27 23:59:58.874 -0300] INFO (58871): request completed
    route: "/v1/portal/exams"
    method: "GET"
    status: 200
    duration_ms: 11
[2026-09-27 23:59:58.882 -0300] INFO (58871): request completed
    route: "/v1/portal/exams/00000000-0000-7000-8000-00007ff00002"
    method: "GET"
    status: 404
    duration_ms: 7
[2026-09-27 23:59:58.891 -0300] INFO (58871): request completed
    route: "/v1/portal/manifestations"
    method: "GET"
    status: 200
    duration_ms: 8
[2026-09-27 23:59:58.897 -0300] INFO (58871): request completed
    route: "/v1/portal/service-charter/manifestar/deadline"
    method: "GET"
    status: 200
    duration_ms: 5
[2026-09-27 23:59:58.904 -0300] INFO (58871): request completed
    route: "/v1/portal/identity/representations"
    method: "GET"
    status: 200
    duration_ms: 6
[2026-09-27 23:59:58.910 -0300] INFO (58871): request completed
    route: "/v1/portal/services"
    method: "GET"
    status: 200
    duration_ms: 5
[2026-09-27 23:59:58.916 -0300] INFO (58871): request completed
    route: "/v1/portal/aits/00000000-0000-7000-8000-0000f0000002"
    method: "GET"
    status: 404
    duration_ms: 5
[2026-09-27 23:59:58.923 -0300] INFO (58871): request completed
    route: "/v1/portal/aits/00000000-0000-7000-8000-0000f0000002/points"
    method: "GET"
    status: 404
    duration_ms: 6
[2026-09-27 23:59:58.930 -0300] INFO (58871): request completed
    route: "/v1/portal/points-summary"
    method: "GET"
    status: 200
    duration_ms: 7
[2026-09-27 23:59:58.939 -0300] INFO (58871): request completed
    route: "/v1/portal/requests"
    method: "GET"
    status: 200
    duration_ms: 8
[2026-09-27 23:59:58.946 -0300] INFO (58871): request completed
    route: "/v1/portal/requests/00000000-0000-7000-8000-000070400e09"
    method: "GET"
    status: 404
    duration_ms: 6
[2026-09-27 23:59:58.953 -0300] INFO (58871): request completed
    route: "/v1/portal/requests/00000000-0000-7000-8000-000070400e09/receipt"
    method: "GET"
    status: 404
    duration_ms: 6
[2026-09-27 23:59:58.960 -0300] INFO (58871): request completed
    route: "/v1/portal/requests/00000000-0000-7000-8000-000070400e09/decision"
    method: "GET"
    status: 404
    duration_ms: 6
[2026-09-27 23:59:58.968 -0300] INFO (58871): request completed
    route: "/v1/portal/inbox"
    method: "GET"
    status: 200
    duration_ms: 7
[2026-09-27 23:59:58.974 -0300] INFO (58871): request completed
    route: "/v1/portal/sne/enrollment"
    method: "GET"
    status: 200
    duration_ms: 5
[2026-09-27 23:59:58.987 -0300] INFO (58871): request completed
    route: "/v1/portal/documents/cnh"
    method: "GET"
    status: 200
    duration_ms: 13
[2026-09-27 23:59:58.999 -0300] INFO (58871): request completed
    route: "/v1/portal/vehicles"
    method: "GET"
    status: 200
    duration_ms: 11
[2026-09-27 23:59:59.007 -0300] INFO (58871): request completed
    route: "/v1/portal/vehicles/00000000-0000-7000-8000-00007ff00001/clearance"
    method: "GET"
    status: 404
    duration_ms: 6
[2026-09-27 23:59:59.017 -0300] INFO (58871): request completed
    route: "/v1/portal/crashes"
    method: "GET"
    status: 200
    duration_ms: 9
[2026-09-27 23:59:59.025 -0300] INFO (58871): request completed
    route: "/v1/portal/crashes/00000000-0000-7000-8000-00007ff00003"
    method: "GET"
    status: 404
    duration_ms: 7
[2026-09-27 23:59:59.036 -0300] INFO (58871): request completed
    route: "/v1/portal/exams"
    method: "GET"
    status: 200
    duration_ms: 10
[2026-09-27 23:59:59.047 -0300] INFO (58871): request completed
    route: "/v1/portal/exams/00000000-0000-7000-8000-00007ff00002"
    method: "GET"
    status: 200
    duration_ms: 10
[2026-09-27 23:59:59.056 -0300] INFO (58871): request completed
    route: "/v1/portal/manifestations"
    method: "GET"
    status: 200
    duration_ms: 8
[2026-09-27 23:59:59.060 -0300] INFO (58871): request completed
    route: "/v1/portal/service-charter/manifestar/deadline"
    method: "GET"
    status: 200
    duration_ms: 3
[2026-09-27 23:59:59.067 -0300] INFO (58871): request completed
    route: "/v1/portal/identity/representations"
    method: "GET"
    status: 200
    duration_ms: 5
[2026-09-27 23:59:59.072 -0300] INFO (58871): request completed
    route: "/v1/portal/services"
    method: "GET"
    status: 200
    duration_ms: 4
[2026-09-27 23:59:59.080 -0300] INFO (58871): request completed
    route: "/v1/portal/aits/00000000-0000-7000-8000-0000f0000002"
    method: "GET"
    status: 200
    duration_ms: 7
[2026-09-27 23:59:59.087 -0300] INFO (58871): request completed
    route: "/v1/portal/aits/00000000-0000-7000-8000-0000f0000002/points"
    method: "GET"
    status: 200
    duration_ms: 6
[2026-09-27 23:59:59.093 -0300] INFO (58871): request completed
    route: "/v1/portal/points-summary"
    method: "GET"
    status: 200
    duration_ms: 5
[2026-09-27 23:59:59.101 -0300] INFO (58871): request completed
    route: "/v1/portal/requests"
    method: "GET"
    status: 200
    duration_ms: 7
[2026-09-27 23:59:59.111 -0300] INFO (58871): request completed
    route: "/v1/portal/requests/00000000-0000-7000-8000-000070400e09"
    method: "GET"
    status: 200
    duration_ms: 9
[2026-09-27 23:59:59.118 -0300] INFO (58871): request completed
    route: "/v1/portal/requests/00000000-0000-7000-8000-000070400e09/receipt"
    method: "GET"
    status: 404
    duration_ms: 6
[2026-09-27 23:59:59.124 -0300] INFO (58871): request completed
    route: "/v1/portal/requests/00000000-0000-7000-8000-000070400e09/decision"
    method: "GET"
    status: 200
    duration_ms: 5
[2026-09-27 23:59:59.130 -0300] INFO (58871): request completed
    route: "/v1/portal/inbox"
    method: "GET"
    status: 200
    duration_ms: 6
[2026-09-27 23:59:59.136 -0300] INFO (58871): request completed
    route: "/v1/portal/sne/enrollment"
    method: "GET"
    status: 200
    duration_ms: 5
[2026-09-27 23:59:59.147 -0300] INFO (58871): request completed
    route: "/v1/portal/documents/cnh"
    method: "GET"
    status: 200
    duration_ms: 10
[2026-09-27 23:59:59.159 -0300] INFO (58871): request completed
    route: "/v1/portal/vehicles"
    method: "GET"
    status: 200
    duration_ms: 11
[2026-09-27 23:59:59.170 -0300] INFO (58871): request completed
    route: "/v1/portal/vehicles/00000000-0000-7000-8000-00007ff00001/clearance"
    method: "GET"
    status: 503
    duration_ms: 10
[2026-09-27 23:59:59.180 -0300] INFO (58871): request completed
    route: "/v1/portal/crashes"
    method: "GET"
    status: 200
    duration_ms: 9
[2026-09-27 23:59:59.192 -0300] INFO (58871): request completed
    route: "/v1/portal/crashes/00000000-0000-7000-8000-00007ff00003"
    method: "GET"
    status: 200
    duration_ms: 11
[2026-09-27 23:59:59.205 -0300] INFO (58871): request completed
    route: "/v1/portal/exams"
    method: "GET"
    status: 200
    duration_ms: 12
[2026-09-27 23:59:59.213 -0300] INFO (58871): request completed
    route: "/v1/portal/exams/00000000-0000-7000-8000-00007ff00002"
    method: "GET"
    status: 404
    duration_ms: 7
[2026-09-27 23:59:59.222 -0300] INFO (58871): request completed
    route: "/v1/portal/manifestations"
    method: "GET"
    status: 200
    duration_ms: 8
[2026-09-27 23:59:59.230 -0300] INFO (58871): request completed
    route: "/v1/portal/service-charter/manifestar/deadline"
    method: "GET"
    status: 200
    duration_ms: 6
[2026-09-27 23:59:59.237 -0300] INFO (58871): request completed
    route: "/v1/portal/identity/representations"
    method: "GET"
    status: 200
    duration_ms: 6
[2026-09-27 23:59:59.243 -0300] INFO (58871): request completed
    route: "/v1/portal/services"
    method: "GET"
    status: 200
    duration_ms: 5
[2026-09-27 23:59:59.250 -0300] INFO (58871): request completed
    route: "/v1/portal/aits/00000000-0000-7000-8000-0000f0000002"
    method: "GET"
    status: 404
    duration_ms: 6
[2026-09-27 23:59:59.257 -0300] INFO (58871): request completed
    route: "/v1/portal/aits/00000000-0000-7000-8000-0000f0000002/points"
    method: "GET"
    status: 404
    duration_ms: 6
[2026-09-27 23:59:59.265 -0300] INFO (58871): request completed
    route: "/v1/portal/points-summary"
    method: "GET"
    status: 200
    duration_ms: 7
[2026-09-27 23:59:59.275 -0300] INFO (58871): request completed
    route: "/v1/portal/requests"
    method: "GET"
    status: 200
    duration_ms: 8
[2026-09-27 23:59:59.282 -0300] INFO (58871): request completed
    route: "/v1/portal/requests/00000000-0000-7000-8000-000070400e09"
    method: "GET"
    status: 404
    duration_ms: 6
[2026-09-27 23:59:59.289 -0300] INFO (58871): request completed
    route: "/v1/portal/requests/00000000-0000-7000-8000-000070400e09/receipt"
    method: "GET"
    status: 404
    duration_ms: 7
[2026-09-27 23:59:59.296 -0300] INFO (58871): request completed
    route: "/v1/portal/requests/00000000-0000-7000-8000-000070400e09/decision"
    method: "GET"
    status: 404
    duration_ms: 6
[2026-09-27 23:59:59.306 -0300] INFO (58871): request completed
    route: "/v1/portal/inbox"
    method: "GET"
    status: 200
    duration_ms: 9
[2026-09-27 23:59:59.313 -0300] INFO (58871): request completed
    route: "/v1/portal/sne/enrollment"
    method: "GET"
    status: 200
    duration_ms: 6
[2026-09-27 23:59:59.321 -0300] INFO (58871): request completed
    route: "/v1/portal/documents/cnh"
    method: "GET"
    status: 503
    duration_ms: 7
[2026-09-27 23:59:59.330 -0300] INFO (58871): request completed
    route: "/v1/portal/vehicles"
    method: "GET"
    status: 503
    duration_ms: 8
[2026-09-27 23:59:59.339 -0300] INFO (58871): request completed
    route: "/v1/portal/vehicles/00000000-0000-7000-8000-00007ff00001/clearance"
    method: "GET"
    status: 404
    duration_ms: 7
[2026-09-27 23:59:59.351 -0300] INFO (58871): request completed
    route: "/v1/portal/crashes"
    method: "GET"
    status: 200
    duration_ms: 11
[2026-09-27 23:59:59.357 -0300] INFO (58871): request completed
    route: "/v1/portal/crashes/00000000-0000-7000-8000-00007ff00003"
    method: "GET"
    status: 404
    duration_ms: 5
[2026-09-27 23:59:59.369 -0300] INFO (58871): request completed
    route: "/v1/portal/exams"
    method: "GET"
    status: 200
    duration_ms: 11
[2026-09-27 23:59:59.374 -0300] INFO (58871): request completed
    route: "/v1/portal/exams/00000000-0000-7000-8000-00007ff00002"
    method: "GET"
    status: 404
    duration_ms: 4
[2026-09-27 23:59:59.382 -0300] INFO (58871): request completed
    route: "/v1/portal/manifestations"
    method: "GET"
    status: 200
    duration_ms: 7
[2026-09-27 23:59:59.388 -0300] INFO (58871): request completed
    route: "/v1/portal/service-charter/manifestar/deadline"
    method: "GET"
    status: 200
    duration_ms: 5
[2026-09-27 23:59:59.394 -0300] INFO (58871): request completed
    route: "/v1/portal/identity/representations"
    method: "GET"
    status: 200
    duration_ms: 6
[2026-09-27 23:59:59.399 -0300] INFO (58871): request completed
    route: "/v1/portal/services"
    method: "GET"
    status: 200
    duration_ms: 4
[2026-09-27 23:59:59.407 -0300] INFO (58871): request completed
    route: "/v1/portal/aits/00000000-0000-7000-8000-0000f0000002"
    method: "GET"
    status: 404
    duration_ms: 7
[2026-09-27 23:59:59.415 -0300] INFO (58871): request completed
    route: "/v1/portal/aits/00000000-0000-7000-8000-0000f0000002/points"
    method: "GET"
    status: 404
    duration_ms: 7
[2026-09-27 23:59:59.426 -0300] INFO (58871): request completed
    route: "/v1/portal/points-summary"
    method: "GET"
    status: 200
    duration_ms: 9
[2026-09-27 23:59:59.434 -0300] INFO (58871): request completed
    route: "/v1/portal/requests"
    method: "GET"
    status: 200
    duration_ms: 7
[2026-09-27 23:59:59.441 -0300] INFO (58871): request completed
    route: "/v1/portal/requests/00000000-0000-7000-8000-000070400e09"
    method: "GET"
    status: 404
    duration_ms: 6
[2026-09-27 23:59:59.447 -0300] INFO (58871): request completed
    route: "/v1/portal/requests/00000000-0000-7000-8000-000070400e09/receipt"
    method: "GET"
    status: 404
    duration_ms: 6
[2026-09-27 23:59:59.454 -0300] INFO (58871): request completed
    route: "/v1/portal/requests/00000000-0000-7000-8000-000070400e09/decision"
    method: "GET"
    status: 404
    duration_ms: 6
[2026-09-27 23:59:59.464 -0300] INFO (58871): request completed
    route: "/v1/portal/inbox"
    method: "GET"
    status: 200
    duration_ms: 8
[2026-09-27 23:59:59.471 -0300] INFO (58871): request completed
    route: "/v1/portal/sne/enrollment"
    method: "GET"
    status: 200
    duration_ms: 6
[2026-09-27 23:59:59.484 -0300] INFO (58871): request completed
    route: "/v1/portal/documents/cnh"
    method: "GET"
    status: 200
    duration_ms: 12
[2026-09-27 23:59:59.495 -0300] INFO (58871): request completed
    route: "/v1/portal/vehicles"
    method: "GET"
    status: 200
    duration_ms: 10
[2026-09-27 23:59:59.503 -0300] INFO (58871): request completed
    route: "/v1/portal/vehicles/00000000-0000-7000-8000-00007ff00001/clearance"
    method: "GET"
    status: 404
    duration_ms: 7
[2026-09-27 23:59:59.515 -0300] INFO (58871): request completed
    route: "/v1/portal/crashes"
    method: "GET"
    status: 200
    duration_ms: 11
[2026-09-27 23:59:59.522 -0300] INFO (58871): request completed
    route: "/v1/portal/crashes/00000000-0000-7000-8000-00007ff00003"
    method: "GET"
    status: 404
    duration_ms: 6
[2026-09-27 23:59:59.535 -0300] INFO (58871): request completed
    route: "/v1/portal/exams"
    method: "GET"
    status: 200
    duration_ms: 12
[2026-09-27 23:59:59.547 -0300] INFO (58871): request completed
    route: "/v1/portal/exams/00000000-0000-7000-8000-00007ff00002"
    method: "GET"
    status: 200
    duration_ms: 11
[2026-09-27 23:59:59.556 -0300] INFO (58871): request completed
    route: "/v1/portal/manifestations"
    method: "GET"
    status: 200
    duration_ms: 8
[2026-09-27 23:59:59.562 -0300] INFO (58871): request completed
    route: "/v1/portal/service-charter/manifestar/deadline"
    method: "GET"
    status: 200
    duration_ms: 5
[2026-09-27 23:59:59.568 -0300] INFO (58871): request completed
    route: "/v1/portal/identity/representations"
    method: "GET"
    status: 200
    duration_ms: 5
[2026-09-27 23:59:59.573 -0300] INFO (58871): request completed
    route: "/v1/portal/services"
    method: "GET"
    status: 200
    duration_ms: 4
[2026-09-27 23:59:59.585 -0300] INFO (58871): request completed
    route: "/v1/portal/aits/00000000-0000-7000-8000-0000f0000002"
    method: "GET"
    status: 200
    duration_ms: 11
[2026-09-27 23:59:59.593 -0300] INFO (58871): request completed
    route: "/v1/portal/aits/00000000-0000-7000-8000-0000f0000002/points"
    method: "GET"
    status: 200
    duration_ms: 6
[2026-09-27 23:59:59.599 -0300] INFO (58871): request completed
    route: "/v1/portal/points-summary"
    method: "GET"
    status: 200
    duration_ms: 5
[2026-09-27 23:59:59.607 -0300] INFO (58871): request completed
    route: "/v1/portal/requests"
    method: "GET"
    status: 200
    duration_ms: 7
[2026-09-27 23:59:59.618 -0300] INFO (58871): request completed
    route: "/v1/portal/requests/00000000-0000-7000-8000-000070400e09"
    method: "GET"
    status: 200
    duration_ms: 9
[2026-09-27 23:59:59.629 -0300] INFO (58871): request completed
    route: "/v1/portal/requests/00000000-0000-7000-8000-000070400e09/receipt"
    method: "GET"
    status: 404
    duration_ms: 9
[2026-09-27 23:59:59.639 -0300] INFO (58871): request completed
    route: "/v1/portal/requests/00000000-0000-7000-8000-000070400e09/decision"
    method: "GET"
    status: 200
    duration_ms: 9
[2026-09-27 23:59:59.647 -0300] INFO (58871): request completed
    route: "/v1/portal/inbox"
    method: "GET"
    status: 200
    duration_ms: 7
[2026-09-27 23:59:59.656 -0300] INFO (58871): request completed
    route: "/v1/portal/sne/enrollment"
    method: "GET"
    status: 200
    duration_ms: 7
[2026-09-27 23:59:59.670 -0300] INFO (58871): request completed
    route: "/v1/portal/documents/cnh"
    method: "GET"
    status: 200
    duration_ms: 13
[2026-09-27 23:59:59.683 -0300] INFO (58871): request completed
    route: "/v1/portal/vehicles"
    method: "GET"
    status: 200
    duration_ms: 11
[2026-09-27 23:59:59.694 -0300] INFO (58871): request completed
    route: "/v1/portal/vehicles/00000000-0000-7000-8000-00007ff00001/clearance"
    method: "GET"
    status: 503
    duration_ms: 9
[2026-09-27 23:59:59.706 -0300] INFO (58871): request completed
    route: "/v1/portal/crashes"
    method: "GET"
    status: 200
    duration_ms: 11
[2026-09-27 23:59:59.718 -0300] INFO (58871): request completed
    route: "/v1/portal/crashes/00000000-0000-7000-8000-00007ff00003"
    method: "GET"
    status: 200
    duration_ms: 10
[2026-09-27 23:59:59.730 -0300] INFO (58871): request completed
    route: "/v1/portal/exams"
    method: "GET"
    status: 200
    duration_ms: 10
[2026-09-27 23:59:59.737 -0300] INFO (58871): request completed
    route: "/v1/portal/exams/00000000-0000-7000-8000-00007ff00002"
    method: "GET"
    status: 404
    duration_ms: 6
[2026-09-27 23:59:59.748 -0300] INFO (58871): request completed
    route: "/v1/portal/manifestations"
    method: "GET"
    status: 200
    duration_ms: 10
[2026-09-27 23:59:59.754 -0300] INFO (58871): request completed
    route: "/v1/portal/service-charter/manifestar/deadline"
    method: "GET"
    status: 200
    duration_ms: 4
[2026-09-27 23:59:59.761 -0300] INFO (58871): request completed
    route: "/v1/portal/identity/representations"
    method: "GET"
    status: 200
    duration_ms: 6
[2026-09-27 23:59:59.770 -0300] INFO (58871): request completed
    route: "/v1/portal/services"
    method: "GET"
    status: 200
    duration_ms: 8
[2026-09-27 23:59:59.776 -0300] INFO (58871): request completed
    route: "/v1/portal/aits/00000000-0000-7000-8000-0000f0000002"
    method: "GET"
    status: 404
    duration_ms: 5
[2026-09-27 23:59:59.782 -0300] INFO (58871): request completed
    route: "/v1/portal/aits/00000000-0000-7000-8000-0000f0000002/points"
    method: "GET"
    status: 404
    duration_ms: 5
[2026-09-27 23:59:59.789 -0300] INFO (58871): request completed
    route: "/v1/portal/points-summary"
    method: "GET"
    status: 200
    duration_ms: 6
[2026-09-27 23:59:59.797 -0300] INFO (58871): request completed
    route: "/v1/portal/requests"
    method: "GET"
    status: 200
    duration_ms: 7
[2026-09-27 23:59:59.804 -0300] INFO (58871): request completed
    route: "/v1/portal/requests/00000000-0000-7000-8000-000070400e09"
    method: "GET"
    status: 404
    duration_ms: 5
[2026-09-27 23:59:59.810 -0300] INFO (58871): request completed
    route: "/v1/portal/requests/00000000-0000-7000-8000-000070400e09/receipt"
    method: "GET"
    status: 404
    duration_ms: 6
[2026-09-27 23:59:59.817 -0300] INFO (58871): request completed
    route: "/v1/portal/requests/00000000-0000-7000-8000-000070400e09/decision"
    method: "GET"
    status: 404
    duration_ms: 6
[2026-09-27 23:59:59.824 -0300] INFO (58871): request completed
    route: "/v1/portal/inbox"
    method: "GET"
    status: 200
    duration_ms: 6
[2026-09-27 23:59:59.830 -0300] INFO (58871): request completed
    route: "/v1/portal/sne/enrollment"
    method: "GET"
    status: 200
    duration_ms: 6
[2026-09-27 23:59:59.838 -0300] INFO (58871): request completed
    route: "/v1/portal/documents/cnh"
    method: "GET"
    status: 503
    duration_ms: 7
[2026-09-27 23:59:59.847 -0300] INFO (58871): request completed
    route: "/v1/portal/vehicles"
    method: "GET"
    status: 503
    duration_ms: 8
[2026-09-27 23:59:59.854 -0300] INFO (58871): request completed
    route: "/v1/portal/vehicles/00000000-0000-7000-8000-00007ff00001/clearance"
    method: "GET"
    status: 404
    duration_ms: 7
[2026-09-27 23:59:59.866 -0300] INFO (58871): request completed
    route: "/v1/portal/crashes"
    method: "GET"
    status: 200
    duration_ms: 11
[2026-09-27 23:59:59.872 -0300] INFO (58871): request completed
    route: "/v1/portal/crashes/00000000-0000-7000-8000-00007ff00003"
    method: "GET"
    status: 404
    duration_ms: 5
[2026-09-27 23:59:59.885 -0300] INFO (58871): request completed
    route: "/v1/portal/exams"
    method: "GET"
    status: 200
    duration_ms: 12
[2026-09-27 23:59:59.892 -0300] INFO (58871): request completed
    route: "/v1/portal/exams/00000000-0000-7000-8000-00007ff00002"
    method: "GET"
    status: 404
    duration_ms: 5
[2026-09-27 23:59:59.901 -0300] INFO (58871): request completed
    route: "/v1/portal/manifestations"
    method: "GET"
    status: 200
    duration_ms: 7
[2026-09-27 23:59:59.909 -0300] INFO (58871): request completed
    route: "/v1/portal/service-charter/manifestar/deadline"
    method: "GET"
    status: 200
    duration_ms: 6
[2026-09-27 23:59:59.915 -0300] INFO (58871): request completed
    route: "/v1/portal/identity/representations"
    method: "GET"
    status: 200
    duration_ms: 5
[2026-09-27 23:59:59.921 -0300] INFO (58871): request completed
    route: "/v1/portal/services"
    method: "GET"
    status: 200
    duration_ms: 5
[2026-09-27 23:59:59.929 -0300] INFO (58871): request completed
    route: "/v1/portal/aits/00000000-0000-7000-8000-0000f0000002"
    method: "GET"
    status: 404
    duration_ms: 7
[2026-09-27 23:59:59.936 -0300] INFO (58871): request completed
    route: "/v1/portal/aits/00000000-0000-7000-8000-0000f0000002/points"
    method: "GET"
    status: 404
    duration_ms: 6
[2026-09-27 23:59:59.944 -0300] INFO (58871): request completed
    route: "/v1/portal/points-summary"
    method: "GET"
    status: 200
    duration_ms: 7
[2026-09-27 23:59:59.951 -0300] INFO (58871): request completed
    route: "/v1/portal/requests"
    method: "GET"
    status: 200
    duration_ms: 6
[2026-09-27 23:59:59.958 -0300] INFO (58871): request completed
    route: "/v1/portal/requests/00000000-0000-7000-8000-000070400e09"
    method: "GET"
    status: 404
    duration_ms: 6
[2026-09-27 23:59:59.966 -0300] INFO (58871): request completed
    route: "/v1/portal/requests/00000000-0000-7000-8000-000070400e09/receipt"
    method: "GET"
    status: 404
    duration_ms: 5
[2026-09-27 23:59:59.974 -0300] INFO (58871): request completed
    route: "/v1/portal/requests/00000000-0000-7000-8000-000070400e09/decision"
    method: "GET"
    status: 404
    duration_ms: 7
[2026-09-27 23:59:59.982 -0300] INFO (58871): request completed
    route: "/v1/portal/inbox"
    method: "GET"
    status: 200
    duration_ms: 5
[2026-09-27 23:59:59.989 -0300] INFO (58871): request completed
    route: "/v1/portal/sne/enrollment"
    method: "GET"
    status: 200
    duration_ms: 6
[2026-09-28 00:00:00.001 -0300] INFO (58871): request completed
    route: "/v1/portal/documents/cnh"
    method: "GET"
    status: 200
    duration_ms: 11
[2026-09-28 00:00:00.016 -0300] INFO (58871): request completed
    route: "/v1/portal/vehicles"
    method: "GET"
    status: 200
    duration_ms: 13
[2026-09-28 00:00:00.024 -0300] INFO (58871): request completed
    route: "/v1/portal/vehicles/00000000-0000-7000-8000-00007ff00001/clearance"
    method: "GET"
    status: 404
    duration_ms: 6
[2026-09-28 00:00:00.035 -0300] INFO (58871): request completed
    route: "/v1/portal/crashes"
    method: "GET"
    status: 200
    duration_ms: 10
[2026-09-28 00:00:00.042 -0300] INFO (58871): request completed
    route: "/v1/portal/crashes/00000000-0000-7000-8000-00007ff00003"
    method: "GET"
    status: 404
    duration_ms: 5
[2026-09-28 00:00:00.052 -0300] INFO (58871): request completed
    route: "/v1/portal/exams"
    method: "GET"
    status: 200
    duration_ms: 9
[2026-09-28 00:00:00.063 -0300] INFO (58871): request completed
    route: "/v1/portal/exams/00000000-0000-7000-8000-00007ff00002"
    method: "GET"
    status: 200
    duration_ms: 9
[2026-09-28 00:00:00.071 -0300] INFO (58871): request completed
    route: "/v1/portal/manifestations"
    method: "GET"
    status: 200
    duration_ms: 6
[2026-09-28 00:00:00.076 -0300] INFO (58871): request completed
    route: "/v1/portal/service-charter/manifestar/deadline"
    method: "GET"
    status: 200
    duration_ms: 4
[2026-09-28 00:00:00.081 -0300] INFO (58871): request completed
    route: "/v1/portal/identity/representations"
    method: "GET"
    status: 200
    duration_ms: 4
[2026-09-28 00:00:00.088 -0300] INFO (58871): request completed
    route: "/v1/portal/services"
    method: "GET"
    status: 200
    duration_ms: 6
[2026-09-28 00:00:00.096 -0300] INFO (58871): request completed
    route: "/v1/portal/aits/00000000-0000-7000-8000-0000f0000002"
    method: "GET"
    status: 200
    duration_ms: 7
[2026-09-28 00:00:00.102 -0300] INFO (58871): request completed
    route: "/v1/portal/aits/00000000-0000-7000-8000-0000f0000002/points"
    method: "GET"
    status: 200
    duration_ms: 5
[2026-09-28 00:00:00.109 -0300] INFO (58871): request completed
    route: "/v1/portal/points-summary"
    method: "GET"
    status: 200
    duration_ms: 5
[2026-09-28 00:00:00.127 -0300] INFO (58871): request completed
    route: "/v1/portal/requests"
    method: "GET"
    status: 200
    duration_ms: 17
[2026-09-28 00:00:00.135 -0300] INFO (58871): request completed
    route: "/v1/portal/requests/00000000-0000-7000-8000-000070400e09"
    method: "GET"
    status: 200
    duration_ms: 7
[2026-09-28 00:00:00.141 -0300] INFO (58871): request completed
    route: "/v1/portal/requests/00000000-0000-7000-8000-000070400e09/receipt"
    method: "GET"
    status: 404
    duration_ms: 5
[2026-09-28 00:00:00.149 -0300] INFO (58871): request completed
    route: "/v1/portal/requests/00000000-0000-7000-8000-000070400e09/decision"
    method: "GET"
    status: 200
    duration_ms: 7
[2026-09-28 00:00:00.157 -0300] INFO (58871): request completed
    route: "/v1/portal/inbox"
    method: "GET"
    status: 200
    duration_ms: 7
[2026-09-28 00:00:00.164 -0300] INFO (58871): request completed
    route: "/v1/portal/sne/enrollment"
    method: "GET"
    status: 200
    duration_ms: 6
[2026-09-28 00:00:00.175 -0300] INFO (58871): request completed
    route: "/v1/portal/documents/cnh"
    method: "GET"
    status: 200
    duration_ms: 11
[2026-09-28 00:00:00.187 -0300] INFO (58871): request completed
    route: "/v1/portal/vehicles"
    method: "GET"
    status: 200
    duration_ms: 10
[2026-09-28 00:00:00.197 -0300] INFO (58871): request completed
    route: "/v1/portal/vehicles/00000000-0000-7000-8000-00007ff00001/clearance"
    method: "GET"
    status: 503
    duration_ms: 9
[2026-09-28 00:00:00.210 -0300] INFO (58871): request completed
    route: "/v1/portal/crashes"
    method: "GET"
    status: 200
    duration_ms: 12
[2026-09-28 00:00:00.221 -0300] INFO (58871): request completed
    route: "/v1/portal/crashes/00000000-0000-7000-8000-00007ff00003"
    method: "GET"
    status: 200
    duration_ms: 10
[2026-09-28 00:00:00.232 -0300] INFO (58871): request completed
    route: "/v1/portal/exams"
    method: "GET"
    status: 200
    duration_ms: 10
[2026-09-28 00:00:00.239 -0300] INFO (58871): request completed
    route: "/v1/portal/exams/00000000-0000-7000-8000-00007ff00002"
    method: "GET"
    status: 404
    duration_ms: 6
[2026-09-28 00:00:00.248 -0300] INFO (58871): request completed
    route: "/v1/portal/manifestations"
    method: "GET"
    status: 200
    duration_ms: 8
[2026-09-28 00:00:00.254 -0300] INFO (58871): request completed
    route: "/v1/portal/service-charter/manifestar/deadline"
    method: "GET"
    status: 200
    duration_ms: 5
[2026-09-28 00:00:00.260 -0300] INFO (58871): request completed
    route: "/v1/portal/identity/representations"
    method: "GET"
    status: 200
    duration_ms: 5
[2026-09-28 00:00:00.264 -0300] INFO (58871): request completed
    route: "/v1/portal/services"
    method: "GET"
    status: 200
    duration_ms: 3
[2026-09-28 00:00:00.270 -0300] INFO (58871): request completed
    route: "/v1/portal/aits/00000000-0000-7000-8000-0000f0000002"
    method: "GET"
    status: 404
    duration_ms: 5
[2026-09-28 00:00:00.275 -0300] INFO (58871): request completed
    route: "/v1/portal/aits/00000000-0000-7000-8000-0000f0000002/points"
    method: "GET"
    status: 404
    duration_ms: 4
[2026-09-28 00:00:00.281 -0300] INFO (58871): request completed
    route: "/v1/portal/points-summary"
    method: "GET"
    status: 200
    duration_ms: 5
[2026-09-28 00:00:00.289 -0300] INFO (58871): request completed
    route: "/v1/portal/requests"
    method: "GET"
    status: 200
    duration_ms: 7
[2026-09-28 00:00:00.298 -0300] INFO (58871): request completed
    route: "/v1/portal/requests/00000000-0000-7000-8000-000070400e09"
    method: "GET"
    status: 404
    duration_ms: 7
[2026-09-28 00:00:00.308 -0300] INFO (58871): request completed
    route: "/v1/portal/requests/00000000-0000-7000-8000-000070400e09/receipt"
    method: "GET"
    status: 404
    duration_ms: 6
[2026-09-28 00:00:00.316 -0300] INFO (58871): request completed
    route: "/v1/portal/requests/00000000-0000-7000-8000-000070400e09/decision"
    method: "GET"
    status: 404
    duration_ms: 7
[2026-09-28 00:00:00.324 -0300] INFO (58871): request completed
    route: "/v1/portal/inbox"
    method: "GET"
    status: 200
    duration_ms: 7
[2026-09-28 00:00:00.330 -0300] INFO (58871): request completed
    route: "/v1/portal/sne/enrollment"
    method: "GET"
    status: 200
    duration_ms: 5
[2026-09-28 00:00:00.338 -0300] INFO (58871): request completed
    route: "/v1/portal/documents/cnh"
    method: "GET"
    status: 503
    duration_ms: 7
[2026-09-28 00:00:00.345 -0300] INFO (58871): request completed
    route: "/v1/portal/vehicles"
    method: "GET"
    status: 503
    duration_ms: 6
[2026-09-28 00:00:00.352 -0300] INFO (58871): request completed
    route: "/v1/portal/vehicles/00000000-0000-7000-8000-00007ff00001/clearance"
    method: "GET"
    status: 404
    duration_ms: 6
[2026-09-28 00:00:00.364 -0300] INFO (58871): request completed
    route: "/v1/portal/crashes"
    method: "GET"
    status: 200
    duration_ms: 10
[2026-09-28 00:00:00.370 -0300] INFO (58871): request completed
    route: "/v1/portal/crashes/00000000-0000-7000-8000-00007ff00003"
    method: "GET"
    status: 404
    duration_ms: 5
[2026-09-28 00:00:00.381 -0300] INFO (58871): request completed
    route: "/v1/portal/exams"
    method: "GET"
    status: 200
    duration_ms: 10
[2026-09-28 00:00:00.389 -0300] INFO (58871): request completed
    route: "/v1/portal/exams/00000000-0000-7000-8000-00007ff00002"
    method: "GET"
    status: 404
    duration_ms: 6
[2026-09-28 00:00:00.397 -0300] INFO (58871): request completed
    route: "/v1/portal/manifestations"
    method: "GET"
    status: 200
    duration_ms: 7
[2026-09-28 00:00:00.402 -0300] INFO (58871): request completed
    route: "/v1/portal/service-charter/manifestar/deadline"
    method: "GET"
    status: 200
    duration_ms: 4
[2026-09-28 00:00:00.408 -0300] INFO (58871): request completed
    route: "/v1/portal/identity/representations"
    method: "GET"
    status: 200
    duration_ms: 4
[2026-09-28 00:00:00.414 -0300] INFO (58871): request completed
    route: "/v1/portal/services"
    method: "GET"
    status: 200
    duration_ms: 4
[2026-09-28 00:00:00.420 -0300] INFO (58871): request completed
    route: "/v1/portal/aits/00000000-0000-7000-8000-0000f0000002"
    method: "GET"
    status: 404
    duration_ms: 5
[2026-09-28 00:00:00.425 -0300] INFO (58871): request completed
    route: "/v1/portal/aits/00000000-0000-7000-8000-0000f0000002/points"
    method: "GET"
    status: 404
    duration_ms: 4
[2026-09-28 00:00:00.432 -0300] INFO (58871): request completed
    route: "/v1/portal/points-summary"
    method: "GET"
    status: 200
    duration_ms: 6
[2026-09-28 00:00:00.440 -0300] INFO (58871): request completed
    route: "/v1/portal/requests"
    method: "GET"
    status: 200
    duration_ms: 7
[2026-09-28 00:00:00.447 -0300] INFO (58871): request completed
    route: "/v1/portal/requests/00000000-0000-7000-8000-000070400e09"
    method: "GET"
    status: 404
    duration_ms: 6
[2026-09-28 00:00:00.454 -0300] INFO (58871): request completed
    route: "/v1/portal/requests/00000000-0000-7000-8000-000070400e09/receipt"
    method: "GET"
    status: 404
    duration_ms: 6
[2026-09-28 00:00:00.462 -0300] INFO (58871): request completed
    route: "/v1/portal/requests/00000000-0000-7000-8000-000070400e09/decision"
    method: "GET"
    status: 404
    duration_ms: 7
[2026-09-28 00:00:00.472 -0300] INFO (58871): request completed
    route: "/v1/portal/inbox"
    method: "GET"
    status: 200
    duration_ms: 9
[2026-09-28 00:00:00.478 -0300] INFO (58871): request completed
    route: "/v1/portal/sne/enrollment"
    method: "GET"
    status: 200
    duration_ms: 5
[2026-09-28 00:00:00.490 -0300] INFO (58871): request completed
    route: "/v1/portal/documents/cnh"
    method: "GET"
    status: 200
    duration_ms: 12
[2026-09-28 00:00:00.503 -0300] INFO (58871): request completed
    route: "/v1/portal/vehicles"
    method: "GET"
    status: 200
    duration_ms: 12
[2026-09-28 00:00:00.509 -0300] INFO (58871): request completed
    route: "/v1/portal/vehicles/00000000-0000-7000-8000-00007ff00001/clearance"
    method: "GET"
    status: 404
    duration_ms: 5
[2026-09-28 00:00:00.521 -0300] INFO (58871): request completed
    route: "/v1/portal/crashes"
    method: "GET"
    status: 200
    duration_ms: 11
[2026-09-28 00:00:00.530 -0300] INFO (58871): request completed
    route: "/v1/portal/crashes/00000000-0000-7000-8000-00007ff00003"
    method: "GET"
    status: 404
    duration_ms: 7
[2026-09-28 00:00:00.543 -0300] INFO (58871): request completed
    route: "/v1/portal/exams"
    method: "GET"
    status: 200
    duration_ms: 12
[2026-09-28 00:00:00.557 -0300] INFO (58871): request completed
    route: "/v1/portal/exams/00000000-0000-7000-8000-00007ff00002"
    method: "GET"
    status: 200
    duration_ms: 12
[2026-09-28 00:00:00.570 -0300] INFO (58871): request completed
    route: "/v1/portal/manifestations"
    method: "GET"
    status: 200
    duration_ms: 11
[2026-09-28 00:00:00.577 -0300] INFO (58871): request completed
    route: "/v1/portal/service-charter/manifestar/deadline"
    method: "GET"
    status: 200
    duration_ms: 5
[2026-09-28 00:00:00.584 -0300] INFO (58871): request completed
    route: "/v1/portal/identity/representations"
    method: "GET"
    status: 200
    duration_ms: 6
[2026-09-28 00:00:00.590 -0300] INFO (58871): request completed
    route: "/v1/portal/services"
    method: "GET"
    status: 200
    duration_ms: 5
[2026-09-28 00:00:00.600 -0300] INFO (58871): request completed
    route: "/v1/portal/aits/00000000-0000-7000-8000-0000f0000002"
    method: "GET"
    status: 200
    duration_ms: 9
[2026-09-28 00:00:00.609 -0300] INFO (58871): request completed
    route: "/v1/portal/aits/00000000-0000-7000-8000-0000f0000002/points"
    method: "GET"
    status: 200
    duration_ms: 8
[2026-09-28 00:00:00.617 -0300] INFO (58871): request completed
    route: "/v1/portal/points-summary"
    method: "GET"
    status: 200
    duration_ms: 6
[2026-09-28 00:00:00.626 -0300] INFO (58871): request completed
    route: "/v1/portal/requests"
    method: "GET"
    status: 200
    duration_ms: 7
[2026-09-28 00:00:00.636 -0300] INFO (58871): request completed
    route: "/v1/portal/requests/00000000-0000-7000-8000-000070400e09"
    method: "GET"
    status: 200
    duration_ms: 9
[2026-09-28 00:00:00.645 -0300] INFO (58871): request completed
    route: "/v1/portal/requests/00000000-0000-7000-8000-000070400e09/receipt"
    method: "GET"
    status: 404
    duration_ms: 7
[2026-09-28 00:00:00.655 -0300] INFO (58871): request completed
    route: "/v1/portal/requests/00000000-0000-7000-8000-000070400e09/decision"
    method: "GET"
    status: 200
    duration_ms: 8
[2026-09-28 00:00:00.664 -0300] INFO (58871): request completed
    route: "/v1/portal/inbox"
    method: "GET"
    status: 200
    duration_ms: 7
[2026-09-28 00:00:00.671 -0300] INFO (58871): request completed
    route: "/v1/portal/sne/enrollment"
    method: "GET"
    status: 200
    duration_ms: 6
[2026-09-28 00:00:00.685 -0300] INFO (58871): request completed
    route: "/v1/portal/documents/cnh"
    method: "GET"
    status: 200
    duration_ms: 12
[2026-09-28 00:00:00.698 -0300] INFO (58871): request completed
    route: "/v1/portal/vehicles"
    method: "GET"
    status: 200
    duration_ms: 11
[2026-09-28 00:00:00.711 -0300] INFO (58871): request completed
    route: "/v1/portal/vehicles/00000000-0000-7000-8000-00007ff00001/clearance"
    method: "GET"
    status: 503
    duration_ms: 11
[2026-09-28 00:00:00.721 -0300] INFO (58871): request completed
    route: "/v1/portal/crashes"
    method: "GET"
    status: 200
    duration_ms: 9
[2026-09-28 00:00:00.734 -0300] INFO (58871): request completed
    route: "/v1/portal/crashes/00000000-0000-7000-8000-00007ff00003"
    method: "GET"
    status: 200
    duration_ms: 10
[2026-09-28 00:00:00.743 -0300] INFO (58871): request completed
    route: "/v1/portal/exams"
    method: "GET"
    status: 200
    duration_ms: 8
[2026-09-28 00:00:00.749 -0300] INFO (58871): request completed
    route: "/v1/portal/exams/00000000-0000-7000-8000-00007ff00002"
    method: "GET"
    status: 404
    duration_ms: 5
[2026-09-28 00:00:00.756 -0300] INFO (58871): request completed
    route: "/v1/portal/manifestations"
    method: "GET"
    status: 200
    duration_ms: 6
[2026-09-28 00:00:00.761 -0300] INFO (58871): request completed
    route: "/v1/portal/service-charter/manifestar/deadline"
    method: "GET"
    status: 200
    duration_ms: 4
[2026-09-28 00:00:00.765 -0300] INFO (58871): request completed
    route: "/v1/portal/identity/representations"
    method: "GET"
    status: 200
    duration_ms: 3
[2026-09-28 00:00:00.771 -0300] INFO (58871): request completed
    route: "/v1/portal/services"
    method: "GET"
    status: 200
    duration_ms: 5
[2026-09-28 00:00:00.778 -0300] INFO (58871): request completed
    route: "/v1/portal/aits/00000000-0000-7000-8000-0000f0000002"
    method: "GET"
    status: 404
    duration_ms: 6
[2026-09-28 00:00:00.784 -0300] INFO (58871): request completed
    route: "/v1/portal/aits/00000000-0000-7000-8000-0000f0000002/points"
    method: "GET"
    status: 404
    duration_ms: 5
[2026-09-28 00:00:00.793 -0300] INFO (58871): request completed
    route: "/v1/portal/points-summary"
    method: "GET"
    status: 200
    duration_ms: 8
[2026-09-28 00:00:00.800 -0300] INFO (58871): request completed
    route: "/v1/portal/requests"
    method: "GET"
    status: 200
    duration_ms: 6
[2026-09-28 00:00:00.806 -0300] INFO (58871): request completed
    route: "/v1/portal/requests/00000000-0000-7000-8000-000070400e09"
    method: "GET"
    status: 404
    duration_ms: 5
[2026-09-28 00:00:00.812 -0300] INFO (58871): request completed
    route: "/v1/portal/requests/00000000-0000-7000-8000-000070400e09/receipt"
    method: "GET"
    status: 404
    duration_ms: 5
[2026-09-28 00:00:00.818 -0300] INFO (58871): request completed
    route: "/v1/portal/requests/00000000-0000-7000-8000-000070400e09/decision"
    method: "GET"
    status: 404
    duration_ms: 5
[2026-09-28 00:00:00.823 -0300] INFO (58871): request completed
    route: "/v1/portal/inbox"
    method: "GET"
    status: 200
    duration_ms: 4
[2026-09-28 00:00:00.829 -0300] INFO (58871): request completed
    route: "/v1/portal/sne/enrollment"
    method: "GET"
    status: 200
    duration_ms: 5
[2026-09-28 00:00:00.836 -0300] INFO (58871): request completed
    route: "/v1/portal/documents/cnh"
    method: "GET"
    status: 503
    duration_ms: 6
[2026-09-28 00:00:00.843 -0300] INFO (58871): request completed
    route: "/v1/portal/vehicles"
    method: "GET"
    status: 503
    duration_ms: 5
[2026-09-28 00:00:00.850 -0300] INFO (58871): request completed
    route: "/v1/portal/vehicles/00000000-0000-7000-8000-00007ff00001/clearance"
    method: "GET"
    status: 404
    duration_ms: 6
[2026-09-28 00:00:00.862 -0300] INFO (58871): request completed
    route: "/v1/portal/crashes"
    method: "GET"
    status: 200
    duration_ms: 11
[2026-09-28 00:00:00.866 -0300] INFO (58871): request completed
    route: "/v1/portal/crashes/00000000-0000-7000-8000-00007ff00003"
    method: "GET"
    status: 404
    duration_ms: 4
[2026-09-28 00:00:00.878 -0300] INFO (58871): request completed
    route: "/v1/portal/exams"
    method: "GET"
    status: 200
    duration_ms: 11
[2026-09-28 00:00:00.883 -0300] INFO (58871): request completed
    route: "/v1/portal/exams/00000000-0000-7000-8000-00007ff00002"
    method: "GET"
    status: 404
    duration_ms: 4
[2026-09-28 00:00:00.890 -0300] INFO (58871): request completed
    route: "/v1/portal/manifestations"
    method: "GET"
    status: 200
    duration_ms: 6
[2026-09-28 00:00:00.896 -0300] INFO (58871): request completed
    route: "/v1/portal/service-charter/manifestar/deadline"
    method: "GET"
    status: 200
    duration_ms: 5
[2026-09-28 00:00:00.901 -0300] INFO (58871): request completed
    route: "/v1/portal/identity/representations"
    method: "GET"
    status: 200
    duration_ms: 5
[2026-09-28 00:00:00.906 -0300] INFO (58871): request completed
    route: "/v1/portal/services"
    method: "GET"
    status: 200
    duration_ms: 4
[2026-09-28 00:00:00.912 -0300] INFO (58871): request completed
    route: "/v1/portal/aits/00000000-0000-7000-8000-0000f0000002"
    method: "GET"
    status: 404
    duration_ms: 5
[2026-09-28 00:00:00.917 -0300] INFO (58871): request completed
    route: "/v1/portal/aits/00000000-0000-7000-8000-0000f0000002/points"
    method: "GET"
    status: 404
    duration_ms: 4
[2026-09-28 00:00:00.923 -0300] INFO (58871): request completed
    route: "/v1/portal/points-summary"
    method: "GET"
    status: 200
    duration_ms: 5
[2026-09-28 00:00:00.930 -0300] INFO (58871): request completed
    route: "/v1/portal/requests"
    method: "GET"
    status: 200
    duration_ms: 7
[2026-09-28 00:00:00.936 -0300] INFO (58871): request completed
    route: "/v1/portal/requests/00000000-0000-7000-8000-000070400e09"
    method: "GET"
    status: 404
    duration_ms: 5
[2026-09-28 00:00:00.941 -0300] INFO (58871): request completed
    route: "/v1/portal/requests/00000000-0000-7000-8000-000070400e09/receipt"
    method: "GET"
    status: 404
    duration_ms: 4
[2026-09-28 00:00:00.947 -0300] INFO (58871): request completed
    route: "/v1/portal/requests/00000000-0000-7000-8000-000070400e09/decision"
    method: "GET"
    status: 404
    duration_ms: 5
[2026-09-28 00:00:00.954 -0300] INFO (58871): request completed
    route: "/v1/portal/inbox"
    method: "GET"
    status: 200
    duration_ms: 6
[2026-09-28 00:00:00.958 -0300] INFO (58871): request completed
    route: "/v1/portal/sne/enrollment"
    method: "GET"
    status: 200
    duration_ms: 3
[2026-09-28 00:00:00.971 -0300] INFO (58871): request completed
    route: "/v1/portal/documents/cnh"
    method: "GET"
    status: 200
    duration_ms: 12
[2026-09-28 00:00:00.981 -0300] INFO (58871): request completed
    route: "/v1/portal/vehicles"
    method: "GET"
    status: 200
    duration_ms: 10
[2026-09-28 00:00:00.986 -0300] INFO (58871): request completed
    route: "/v1/portal/vehicles/00000000-0000-7000-8000-00007ff00001/clearance"
    method: "GET"
    status: 404
    duration_ms: 5
[2026-09-28 00:00:00.995 -0300] INFO (58871): request completed
    route: "/v1/portal/crashes"
    method: "GET"
    status: 200
    duration_ms: 8
[2026-09-28 00:00:01.001 -0300] INFO (58871): request completed
    route: "/v1/portal/crashes/00000000-0000-7000-8000-00007ff00003"
    method: "GET"
    status: 404
    duration_ms: 5
[2026-09-28 00:00:01.010 -0300] INFO (58871): request completed
    route: "/v1/portal/exams"
    method: "GET"
    status: 200
    duration_ms: 8
[2026-09-28 00:00:01.022 -0300] INFO (58871): request completed
    route: "/v1/portal/exams/00000000-0000-7000-8000-00007ff00002"
    method: "GET"
    status: 200
    duration_ms: 11
[2026-09-28 00:00:01.028 -0300] INFO (58871): request completed
    route: "/v1/portal/manifestations"
    method: "GET"
    status: 200
    duration_ms: 5
[2026-09-28 00:00:01.032 -0300] INFO (58871): request completed
    route: "/v1/portal/service-charter/manifestar/deadline"
    method: "GET"
    status: 200
    duration_ms: 3
[2026-09-28 00:00:01.038 -0300] INFO (58871): request completed
    route: "/v1/portal/identity/representations"
    method: "GET"
    status: 200
    duration_ms: 5
[2026-09-28 00:00:01.042 -0300] INFO (58871): request completed
    route: "/v1/portal/services"
    method: "GET"
    status: 200
    duration_ms: 3
[2026-09-28 00:00:01.048 -0300] INFO (58871): request completed
    route: "/v1/portal/aits/00000000-0000-7000-8000-0000f0000002"
    method: "GET"
    status: 200
    duration_ms: 6
[2026-09-28 00:00:01.054 -0300] INFO (58871): request completed
    route: "/v1/portal/aits/00000000-0000-7000-8000-0000f0000002/points"
    method: "GET"
    status: 200
    duration_ms: 5
[2026-09-28 00:00:01.058 -0300] INFO (58871): request completed
    route: "/v1/portal/points-summary"
    method: "GET"
    status: 200
    duration_ms: 3
[2026-09-28 00:00:01.065 -0300] INFO (58871): request completed
    route: "/v1/portal/requests"
    method: "GET"
    status: 200
    duration_ms: 6
[2026-09-28 00:00:01.072 -0300] INFO (58871): request completed
    route: "/v1/portal/requests/00000000-0000-7000-8000-000070400e09"
    method: "GET"
    status: 200
    duration_ms: 6
[2026-09-28 00:00:01.078 -0300] INFO (58871): request completed
    route: "/v1/portal/requests/00000000-0000-7000-8000-000070400e09/receipt"
    method: "GET"
    status: 404
    duration_ms: 5
[2026-09-28 00:00:01.083 -0300] INFO (58871): request completed
    route: "/v1/portal/requests/00000000-0000-7000-8000-000070400e09/decision"
    method: "GET"
    status: 200
    duration_ms: 4
[2026-09-28 00:00:01.089 -0300] INFO (58871): request completed
    route: "/v1/portal/inbox"
    method: "GET"
    status: 200
    duration_ms: 5
[2026-09-28 00:00:01.097 -0300] INFO (58871): request completed
    route: "/v1/portal/sne/enrollment"
    method: "GET"
    status: 200
    duration_ms: 8
[2026-09-28 00:00:01.107 -0300] INFO (58871): request completed
    route: "/v1/portal/documents/cnh"
    method: "GET"
    status: 200
    duration_ms: 10
[2026-09-28 00:00:01.117 -0300] INFO (58871): request completed
    route: "/v1/portal/vehicles"
    method: "GET"
    status: 200
    duration_ms: 9
[2026-09-28 00:00:01.124 -0300] INFO (58871): request completed
    route: "/v1/portal/vehicles/00000000-0000-7000-8000-00007ff00001/clearance"
    method: "GET"
    status: 503
    duration_ms: 6
[2026-09-28 00:00:01.134 -0300] INFO (58871): request completed
    route: "/v1/portal/crashes"
    method: "GET"
    status: 200
    duration_ms: 10
[2026-09-28 00:00:01.144 -0300] INFO (58871): request completed
    route: "/v1/portal/crashes/00000000-0000-7000-8000-00007ff00003"
    method: "GET"
    status: 200
    duration_ms: 9
[2026-09-28 00:00:01.155 -0300] INFO (58871): request completed
    route: "/v1/portal/exams"
    method: "GET"
    status: 200
    duration_ms: 10
[2026-09-28 00:00:01.162 -0300] INFO (58871): request completed
    route: "/v1/portal/exams/00000000-0000-7000-8000-00007ff00002"
    method: "GET"
    status: 404
    duration_ms: 6
[2026-09-28 00:00:01.173 -0300] INFO (58871): request completed
    route: "/v1/portal/manifestations"
    method: "GET"
    status: 200
    duration_ms: 10
[2026-09-28 00:00:01.179 -0300] INFO (58871): request completed
    route: "/v1/portal/service-charter/manifestar/deadline"
    method: "GET"
    status: 200
    duration_ms: 5
[2026-09-28 00:00:01.184 -0300] INFO (58871): request completed
    route: "/v1/portal/identity/representations"
    method: "GET"
    status: 200
    duration_ms: 4
[2026-09-28 00:00:01.189 -0300] INFO (58871): request completed
    route: "/v1/portal/services"
    method: "GET"
    status: 200
    duration_ms: 4
[2026-09-28 00:00:01.194 -0300] INFO (58871): request completed
    route: "/v1/portal/aits/00000000-0000-7000-8000-0000f0000002"
    method: "GET"
    status: 404
    duration_ms: 5
[2026-09-28 00:00:01.200 -0300] INFO (58871): request completed
    route: "/v1/portal/aits/00000000-0000-7000-8000-0000f0000002/points"
    method: "GET"
    status: 404
    duration_ms: 5
[2026-09-28 00:00:01.206 -0300] INFO (58871): request completed
    route: "/v1/portal/points-summary"
    method: "GET"
    status: 200
    duration_ms: 5
[2026-09-28 00:00:01.214 -0300] INFO (58871): request completed
    route: "/v1/portal/requests"
    method: "GET"
    status: 200
    duration_ms: 7
[2026-09-28 00:00:01.220 -0300] INFO (58871): request completed
    route: "/v1/portal/requests/00000000-0000-7000-8000-000070400e09"
    method: "GET"
    status: 404
    duration_ms: 5
[2026-09-28 00:00:01.227 -0300] INFO (58871): request completed
    route: "/v1/portal/requests/00000000-0000-7000-8000-000070400e09/receipt"
    method: "GET"
    status: 404
    duration_ms: 6
[2026-09-28 00:00:01.235 -0300] INFO (58871): request completed
    route: "/v1/portal/requests/00000000-0000-7000-8000-000070400e09/decision"
    method: "GET"
    status: 404
    duration_ms: 7
[2026-09-28 00:00:01.243 -0300] INFO (58871): request completed
    route: "/v1/portal/inbox"
    method: "GET"
    status: 200
    duration_ms: 7
[2026-09-28 00:00:01.249 -0300] INFO (58871): request completed
    route: "/v1/portal/sne/enrollment"
    method: "GET"
    status: 200
    duration_ms: 5
[2026-09-28 00:00:01.257 -0300] INFO (58871): request completed
    route: "/v1/portal/documents/cnh"
    method: "GET"
    status: 503
    duration_ms: 7
[2026-09-28 00:00:01.265 -0300] INFO (58871): request completed
    route: "/v1/portal/vehicles"
    method: "GET"
    status: 503
    duration_ms: 7
[2026-09-28 00:00:01.273 -0300] INFO (58871): request completed
    route: "/v1/portal/vehicles/00000000-0000-7000-8000-00007ff00001/clearance"
    method: "GET"
    status: 404
    duration_ms: 7
[2026-09-28 00:00:01.285 -0300] INFO (58871): request completed
    route: "/v1/portal/crashes"
    method: "GET"
    status: 200
    duration_ms: 11
[2026-09-28 00:00:01.291 -0300] INFO (58871): request completed
    route: "/v1/portal/crashes/00000000-0000-7000-8000-00007ff00003"
    method: "GET"
    status: 404
    duration_ms: 5
[2026-09-28 00:00:01.301 -0300] INFO (58871): request completed
    route: "/v1/portal/exams"
    method: "GET"
    status: 200
    duration_ms: 9
[2026-09-28 00:00:01.307 -0300] INFO (58871): request completed
    route: "/v1/portal/exams/00000000-0000-7000-8000-00007ff00002"
    method: "GET"
    status: 404
    duration_ms: 5
[2026-09-28 00:00:01.315 -0300] INFO (58871): request completed
    route: "/v1/portal/manifestations"
    method: "GET"
    status: 200
    duration_ms: 7
[2026-09-28 00:00:01.320 -0300] INFO (58871): request completed
    route: "/v1/portal/service-charter/manifestar/deadline"
    method: "GET"
    status: 200
    duration_ms: 4
[2026-09-28 00:00:01.327 -0300] INFO (58871): request completed
    route: "/v1/portal/identity/representations"
    method: "GET"
    status: 200
    duration_ms: 6
[2026-09-28 00:00:01.332 -0300] INFO (58871): request completed
    route: "/v1/portal/services"
    method: "GET"
    status: 200
    duration_ms: 4
[2026-09-28 00:00:01.338 -0300] INFO (58871): request completed
    route: "/v1/portal/aits/00000000-0000-7000-8000-0000f0000002"
    method: "GET"
    status: 404
    duration_ms: 5
[2026-09-28 00:00:01.346 -0300] INFO (58871): request completed
    route: "/v1/portal/aits/00000000-0000-7000-8000-0000f0000002/points"
    method: "GET"
    status: 404
    duration_ms: 7
[2026-09-28 00:00:01.353 -0300] INFO (58871): request completed
    route: "/v1/portal/points-summary"
    method: "GET"
    status: 200
    duration_ms: 6
[2026-09-28 00:00:01.361 -0300] INFO (58871): request completed
    route: "/v1/portal/requests"
    method: "GET"
    status: 200
    duration_ms: 7
[2026-09-28 00:00:01.366 -0300] INFO (58871): request completed
    route: "/v1/portal/requests/00000000-0000-7000-8000-000070400e09"
    method: "GET"
    status: 404
    duration_ms: 4
[2026-09-28 00:00:01.374 -0300] INFO (58871): request completed
    route: "/v1/portal/requests/00000000-0000-7000-8000-000070400e09/receipt"
    method: "GET"
    status: 404
    duration_ms: 7
[2026-09-28 00:00:01.381 -0300] INFO (58871): request completed
    route: "/v1/portal/requests/00000000-0000-7000-8000-000070400e09/decision"
    method: "GET"
    status: 404
    duration_ms: 6
[2026-09-28 00:00:01.389 -0300] INFO (58871): request completed
    route: "/v1/portal/inbox"
    method: "GET"
    status: 200
    duration_ms: 7
[2026-09-28 00:00:01.395 -0300] INFO (58871): request completed
    route: "/v1/portal/sne/enrollment"
    method: "GET"
    status: 200
    duration_ms: 5
[2026-09-28 00:00:01.407 -0300] INFO (58871): request completed
    route: "/v1/portal/documents/cnh"
    method: "GET"
    status: 200
    duration_ms: 11
[2026-09-28 00:00:01.418 -0300] INFO (58871): request completed
    route: "/v1/portal/vehicles"
    method: "GET"
    status: 200
    duration_ms: 9
[2026-09-28 00:00:01.425 -0300] INFO (58871): request completed
    route: "/v1/portal/vehicles/00000000-0000-7000-8000-00007ff00001/clearance"
    method: "GET"
    status: 404
    duration_ms: 6
[2026-09-28 00:00:01.436 -0300] INFO (58871): request completed
    route: "/v1/portal/crashes"
    method: "GET"
    status: 200
    duration_ms: 10
[2026-09-28 00:00:01.443 -0300] INFO (58871): request completed
    route: "/v1/portal/crashes/00000000-0000-7000-8000-00007ff00003"
    method: "GET"
    status: 404
    duration_ms: 6
[2026-09-28 00:00:01.455 -0300] INFO (58871): request completed
    route: "/v1/portal/exams"
    method: "GET"
    status: 200
    duration_ms: 11
[2026-09-28 00:00:01.467 -0300] INFO (58871): request completed
    route: "/v1/portal/exams/00000000-0000-7000-8000-00007ff00002"
    method: "GET"
    status: 200
    duration_ms: 11
[2026-09-28 00:00:01.475 -0300] INFO (58871): request completed
    route: "/v1/portal/manifestations"
    method: "GET"
    status: 200
    duration_ms: 7
[2026-09-28 00:00:01.480 -0300] INFO (58871): request completed
    route: "/v1/portal/service-charter/manifestar/deadline"
    method: "GET"
    status: 200
    duration_ms: 4
[2026-09-28 00:00:01.485 -0300] INFO (58871): request completed
    route: "/v1/portal/identity/representations"
    method: "GET"
    status: 200
    duration_ms: 4
[2026-09-28 00:00:01.490 -0300] INFO (58871): request completed
    route: "/v1/portal/services"
    method: "GET"
    status: 200
    duration_ms: 4
[2026-09-28 00:00:01.498 -0300] INFO (58871): request completed
    route: "/v1/portal/aits/00000000-0000-7000-8000-0000f0000002"
    method: "GET"
    status: 200
    duration_ms: 7
[2026-09-28 00:00:01.506 -0300] INFO (58871): request completed
    route: "/v1/portal/aits/00000000-0000-7000-8000-0000f0000002/points"
    method: "GET"
    status: 200
    duration_ms: 7
[2026-09-28 00:00:01.512 -0300] INFO (58871): request completed
    route: "/v1/portal/points-summary"
    method: "GET"
    status: 200
    duration_ms: 5
[2026-09-28 00:00:01.519 -0300] INFO (58871): request completed
    route: "/v1/portal/requests"
    method: "GET"
    status: 200
    duration_ms: 6
[2026-09-28 00:00:01.528 -0300] INFO (58871): request completed
    route: "/v1/portal/requests/00000000-0000-7000-8000-000070400e09"
    method: "GET"
    status: 200
    duration_ms: 8
[2026-09-28 00:00:01.536 -0300] INFO (58871): request completed
    route: "/v1/portal/requests/00000000-0000-7000-8000-000070400e09/receipt"
    method: "GET"
    status: 404
    duration_ms: 7
[2026-09-28 00:00:01.543 -0300] INFO (58871): request completed
    route: "/v1/portal/requests/00000000-0000-7000-8000-000070400e09/decision"
    method: "GET"
    status: 200
    duration_ms: 6
[2026-09-28 00:00:01.551 -0300] INFO (58871): request completed
    route: "/v1/portal/inbox"
    method: "GET"
    status: 200
    duration_ms: 7
[2026-09-28 00:00:01.557 -0300] INFO (58871): request completed
    route: "/v1/portal/sne/enrollment"
    method: "GET"
    status: 200
    duration_ms: 6
[2026-09-28 00:00:01.569 -0300] INFO (58871): request completed
    route: "/v1/portal/documents/cnh"
    method: "GET"
    status: 200
    duration_ms: 12
[2026-09-28 00:00:01.582 -0300] INFO (58871): request completed
    route: "/v1/portal/vehicles"
    method: "GET"
    status: 200
    duration_ms: 12
[2026-09-28 00:00:01.591 -0300] INFO (58871): request completed
    route: "/v1/portal/vehicles/00000000-0000-7000-8000-00007ff00001/clearance"
    method: "GET"
    status: 503
    duration_ms: 9
[2026-09-28 00:00:01.604 -0300] INFO (58871): request completed
    route: "/v1/portal/crashes"
    method: "GET"
    status: 200
    duration_ms: 12
[2026-09-28 00:00:01.615 -0300] INFO (58871): request completed
    route: "/v1/portal/crashes/00000000-0000-7000-8000-00007ff00003"
    method: "GET"
    status: 200
    duration_ms: 10
[2026-09-28 00:00:01.627 -0300] INFO (58871): request completed
    route: "/v1/portal/exams"
    method: "GET"
    status: 200
    duration_ms: 11
[2026-09-28 00:00:01.634 -0300] INFO (58871): request completed
    route: "/v1/portal/exams/00000000-0000-7000-8000-00007ff00002"
    method: "GET"
    status: 404
    duration_ms: 6
[2026-09-28 00:00:01.645 -0300] INFO (58871): request completed
    route: "/v1/portal/manifestations"
    method: "GET"
    status: 200
    duration_ms: 10
[2026-09-28 00:00:01.651 -0300] INFO (58871): request completed
    route: "/v1/portal/service-charter/manifestar/deadline"
    method: "GET"
    status: 200
    duration_ms: 6
[2026-09-28 00:00:01.658 -0300] INFO (58871): request completed
    route: "/v1/portal/identity/representations"
    method: "GET"
    status: 200
    duration_ms: 6
[2026-09-28 00:00:01.665 -0300] INFO (58871): request completed
    route: "/v1/portal/services"
    method: "GET"
    status: 200
    duration_ms: 6
[2026-09-28 00:00:01.672 -0300] INFO (58871): request completed
    route: "/v1/portal/aits/00000000-0000-7000-8000-0000f0000002"
    method: "GET"
    status: 404
    duration_ms: 6
[2026-09-28 00:00:01.679 -0300] INFO (58871): request completed
    route: "/v1/portal/aits/00000000-0000-7000-8000-0000f0000002/points"
    method: "GET"
    status: 404
    duration_ms: 6
[2026-09-28 00:00:01.686 -0300] INFO (58871): request completed
    route: "/v1/portal/points-summary"
    method: "GET"
    status: 200
    duration_ms: 6
[2026-09-28 00:00:01.696 -0300] INFO (58871): request completed
    route: "/v1/portal/requests"
    method: "GET"
    status: 200
    duration_ms: 9
[2026-09-28 00:00:01.704 -0300] INFO (58871): request completed
    route: "/v1/portal/requests/00000000-0000-7000-8000-000070400e09"
    method: "GET"
    status: 404
    duration_ms: 8
[2026-09-28 00:00:01.711 -0300] INFO (58871): request completed
    route: "/v1/portal/requests/00000000-0000-7000-8000-000070400e09/receipt"
    method: "GET"
    status: 404
    duration_ms: 6
[2026-09-28 00:00:01.720 -0300] INFO (58871): request completed
    route: "/v1/portal/requests/00000000-0000-7000-8000-000070400e09/decision"
    method: "GET"
    status: 404
    duration_ms: 8
[2026-09-28 00:00:01.729 -0300] INFO (58871): request completed
    route: "/v1/portal/inbox"
    method: "GET"
    status: 200
    duration_ms: 9
[2026-09-28 00:00:01.737 -0300] INFO (58871): request completed
    route: "/v1/portal/sne/enrollment"
    method: "GET"
    status: 200
    duration_ms: 7
[2026-09-28 00:00:01.747 -0300] INFO (58871): request completed
    route: "/v1/portal/documents/cnh"
    method: "GET"
    status: 503
    duration_ms: 9
[2026-09-28 00:00:01.758 -0300] INFO (58871): request completed
    route: "/v1/portal/vehicles"
    method: "GET"
    status: 503
    duration_ms: 10
[2026-09-28 00:00:01.767 -0300] INFO (58871): request completed
    route: "/v1/portal/vehicles/00000000-0000-7000-8000-00007ff00001/clearance"
    method: "GET"
    status: 404
    duration_ms: 8
[2026-09-28 00:00:01.780 -0300] INFO (58871): request completed
    route: "/v1/portal/crashes"
    method: "GET"
    status: 200
    duration_ms: 12
[2026-09-28 00:00:01.788 -0300] INFO (58871): request completed
    route: "/v1/portal/crashes/00000000-0000-7000-8000-00007ff00003"
    method: "GET"
    status: 404
    duration_ms: 7
[2026-09-28 00:00:01.799 -0300] INFO (58871): request completed
    route: "/v1/portal/exams"
    method: "GET"
    status: 200
    duration_ms: 11
[2026-09-28 00:00:01.806 -0300] INFO (58871): request completed
    route: "/v1/portal/exams/00000000-0000-7000-8000-00007ff00002"
    method: "GET"
    status: 404
    duration_ms: 6
[2026-09-28 00:00:01.815 -0300] INFO (58871): request completed
    route: "/v1/portal/manifestations"
    method: "GET"
    status: 200
    duration_ms: 8
[2026-09-28 00:00:01.821 -0300] INFO (58871): request completed
    route: "/v1/portal/service-charter/manifestar/deadline"
    method: "GET"
    status: 200
    duration_ms: 5
[2026-09-28 00:00:01.828 -0300] INFO (58871): request completed
    route: "/v1/portal/identity/representations"
    method: "GET"
    status: 200
    duration_ms: 6
[2026-09-28 00:00:01.834 -0300] INFO (58871): request completed
    route: "/v1/portal/services"
    method: "GET"
    status: 200
    duration_ms: 5
[2026-09-28 00:00:01.841 -0300] INFO (58871): request completed
    route: "/v1/portal/aits/00000000-0000-7000-8000-0000f0000002"
    method: "GET"
    status: 404
    duration_ms: 6
[2026-09-28 00:00:01.848 -0300] INFO (58871): request completed
    route: "/v1/portal/aits/00000000-0000-7000-8000-0000f0000002/points"
    method: "GET"
    status: 404
    duration_ms: 6
[2026-09-28 00:00:01.856 -0300] INFO (58871): request completed
    route: "/v1/portal/points-summary"
    method: "GET"
    status: 200
    duration_ms: 7
[2026-09-28 00:00:01.865 -0300] INFO (58871): request completed
    route: "/v1/portal/requests"
    method: "GET"
    status: 200
    duration_ms: 9
[2026-09-28 00:00:01.872 -0300] INFO (58871): request completed
    route: "/v1/portal/requests/00000000-0000-7000-8000-000070400e09"
    method: "GET"
    status: 404
    duration_ms: 6
[2026-09-28 00:00:01.880 -0300] INFO (58871): request completed
    route: "/v1/portal/requests/00000000-0000-7000-8000-000070400e09/receipt"
    method: "GET"
    status: 404
    duration_ms: 7
[2026-09-28 00:00:01.888 -0300] INFO (58871): request completed
    route: "/v1/portal/requests/00000000-0000-7000-8000-000070400e09/decision"
    method: "GET"
    status: 404
    duration_ms: 7
[2026-09-28 00:00:01.896 -0300] INFO (58871): request completed
    route: "/v1/portal/inbox"
    method: "GET"
    status: 200
    duration_ms: 7
[2026-09-28 00:00:01.902 -0300] INFO (58871): request completed
    route: "/v1/portal/sne/enrollment"
    method: "GET"
    status: 200
    duration_ms: 5
[2026-09-28 00:00:01.914 -0300] INFO (58871): request completed
    route: "/v1/portal/documents/cnh"
    method: "GET"
    status: 200
    duration_ms: 11
[2026-09-28 00:00:01.923 -0300] INFO (58871): request completed
    route: "/v1/portal/vehicles"
    method: "GET"
    status: 200
    duration_ms: 8
[2026-09-28 00:00:01.932 -0300] INFO (58871): request completed
    route: "/v1/portal/vehicles/00000000-0000-7000-8000-00007ff00001/clearance"
    method: "GET"
    status: 404
    duration_ms: 8
[2026-09-28 00:00:01.943 -0300] INFO (58871): request completed
    route: "/v1/portal/crashes"
    method: "GET"
    status: 200
    duration_ms: 10
[2026-09-28 00:00:01.949 -0300] INFO (58871): request completed
    route: "/v1/portal/crashes/00000000-0000-7000-8000-00007ff00003"
    method: "GET"
    status: 404
    duration_ms: 5
[2026-09-28 00:00:01.958 -0300] INFO (58871): request completed
    route: "/v1/portal/exams"
    method: "GET"
    status: 200
    duration_ms: 8
[2026-09-28 00:00:01.969 -0300] INFO (58871): request completed
    route: "/v1/portal/exams/00000000-0000-7000-8000-00007ff00002"
    method: "GET"
    status: 200
    duration_ms: 10
[2026-09-28 00:00:01.975 -0300] INFO (58871): request completed
    route: "/v1/portal/manifestations"
    method: "GET"
    status: 200
    duration_ms: 5
[2026-09-28 00:00:01.981 -0300] INFO (58871): request completed
    route: "/v1/portal/service-charter/manifestar/deadline"
    method: "GET"
    status: 200
    duration_ms: 5
[2026-09-28 00:00:01.990 -0300] INFO (58871): request completed
    route: "/v1/portal/identity/me"
    method: "GET"
    status: 200
    duration_ms: 8
[2026-09-28 00:00:01.997 -0300] INFO (58871): request completed
    route: "/v1/portal/identity/representations"
    method: "GET"
    status: 200
    duration_ms: 5
[2026-09-28 00:00:02.002 -0300] INFO (58871): request completed
    route: "/v1/portal/services"
    method: "GET"
    status: 200
    duration_ms: 4
[2026-09-28 00:00:02.008 -0300] INFO (58871): request completed
    route: "/v1/portal/aits/00000000-0000-7000-8000-0000f0000002"
    method: "GET"
    status: 200
    duration_ms: 5
[2026-09-28 00:00:02.014 -0300] INFO (58871): request completed
    route: "/v1/portal/aits/00000000-0000-7000-8000-0000f0000002/points"
    method: "GET"
    status: 200
    duration_ms: 5
[2026-09-28 00:00:02.019 -0300] INFO (58871): request completed
    route: "/v1/portal/points-summary"
    method: "GET"
    status: 200
    duration_ms: 4
[2026-09-28 00:00:02.026 -0300] INFO (58871): request completed
    route: "/v1/portal/requests"
    method: "GET"
    status: 200
    duration_ms: 6
[2026-09-28 00:00:02.034 -0300] INFO (58871): request completed
    route: "/v1/portal/requests/00000000-0000-7000-8000-000070400e09"
    method: "GET"
    status: 200
    duration_ms: 7
[2026-09-28 00:00:02.041 -0300] INFO (58871): request completed
    route: "/v1/portal/requests/00000000-0000-7000-8000-000070400e09/receipt"
    method: "GET"
    status: 404
    duration_ms: 6
[2026-09-28 00:00:02.047 -0300] INFO (58871): request completed
    route: "/v1/portal/requests/00000000-0000-7000-8000-000070400e09/decision"
    method: "GET"
    status: 200
    duration_ms: 6
[2026-09-28 00:00:02.054 -0300] INFO (58871): request completed
    route: "/v1/portal/inbox"
    method: "GET"
    status: 200
    duration_ms: 6
[2026-09-28 00:00:02.058 -0300] INFO (58871): request completed
    route: "/v1/portal/sne/enrollment"
    method: "GET"
    status: 200
    duration_ms: 4
[2026-09-28 00:00:02.070 -0300] INFO (58871): request completed
    route: "/v1/portal/documents/cnh"
    method: "GET"
    status: 200
    duration_ms: 11
[2026-09-28 00:00:02.081 -0300] INFO (58871): request completed
    route: "/v1/portal/vehicles"
    method: "GET"
    status: 200
    duration_ms: 10
[2026-09-28 00:00:02.089 -0300] INFO (58871): request completed
    route: "/v1/portal/vehicles/00000000-0000-7000-8000-00007ff00001/clearance"
    method: "GET"
    status: 503
    duration_ms: 8
[2026-09-28 00:00:02.099 -0300] INFO (58871): request completed
    route: "/v1/portal/crashes"
    method: "GET"
    status: 200
    duration_ms: 10
[2026-09-28 00:00:02.108 -0300] INFO (58871): request completed
    route: "/v1/portal/crashes/00000000-0000-7000-8000-00007ff00003"
    method: "GET"
    status: 200
    duration_ms: 9
[2026-09-28 00:00:02.118 -0300] INFO (58871): request completed
    route: "/v1/portal/exams"
    method: "GET"
    status: 200
    duration_ms: 9
[2026-09-28 00:00:02.124 -0300] INFO (58871): request completed
    route: "/v1/portal/exams/00000000-0000-7000-8000-00007ff00002"
    method: "GET"
    status: 404
    duration_ms: 5
[2026-09-28 00:00:02.133 -0300] INFO (58871): request completed
    route: "/v1/portal/manifestations"
    method: "GET"
    status: 200
    duration_ms: 9
[2026-09-28 00:00:02.138 -0300] INFO (58871): request completed
    route: "/v1/portal/service-charter/manifestar/deadline"
    method: "GET"
    status: 200
    duration_ms: 5
[2026-09-28 00:00:02.147 -0300] INFO (58871): request completed
    route: "/v1/portal/identity/me"
    method: "GET"
    status: 200
    duration_ms: 9
[2026-09-28 00:00:02.171 -0300] INFO (58871): request completed
    route: "/v1/portal/requests"
    method: "POST"
    status: 422
    duration_ms: 15
[2026-09-28 00:00:02.183 -0300] INFO (58871): request completed
    route: "/v1/portal/requests"
    method: "POST"
    status: 422
    duration_ms: 11
[2026-09-28 00:00:02.195 -0300] INFO (58871): request completed
    route: "/v1/portal/requests"
    method: "POST"
    status: 422
    duration_ms: 11
[2026-09-28 00:00:02.206 -0300] INFO (58871): request completed
    route: "/v1/portal/requests"
    method: "POST"
    status: 422
    duration_ms: 10
[2026-09-28 00:00:02.216 -0300] INFO (58871): request completed
    route: "/v1/portal/requests"
    method: "POST"
    status: 422
    duration_ms: 9
[2026-09-28 00:00:02.227 -0300] INFO (58871): request completed
    route: "/v1/portal/requests"
    method: "POST"
    status: 422
    duration_ms: 10
[2026-09-28 00:00:02.248 -0300] INFO (58871): request completed
    route: "/v1/portal/identity/preferences"
    method: "PUT"
    status: 422
    duration_ms: 20
[2026-09-28 00:00:02.260 -0300] INFO (58871): request completed
    route: "/v1/portal/requests"
    method: "POST"
    status: 404
    duration_ms: 10
[2026-09-28 00:00:04.285 -0300] INFO (59325): request completed
    route: "/v1/dashboard/alerts"
    method: "GET"
    status: 403
    duration_ms: 74
[2026-09-28 00:00:04.314 -0300] INFO (59325): request completed
    route: "/v1/dashboard/alerts/00000000-0000-7000-8000-000081000102"
    method: "GET"
    status: 403
    duration_ms: 26
[2026-09-28 00:00:04.326 -0300] INFO (59325): request completed
    route: "/v1/dashboard/alerts"
    method: "GET"
    status: 403
    duration_ms: 1
[2026-09-28 00:00:04.328 -0300] INFO (59325): request completed
    route: "/v1/dashboard/alerts/00000000-0000-7000-8000-000081000102"
    method: "GET"
    status: 403
    duration_ms: 0
[2026-09-28 00:00:04.330 -0300] INFO (59325): request completed
    route: "/v1/dashboard/stream"
    method: "GET"
    status: 403
    duration_ms: 0
[2026-09-28 00:00:04.332 -0300] INFO (59325): request completed
    route: "/v1/dashboard/alerts"
    method: "GET"
    status: 403
    duration_ms: 1
[2026-09-28 00:00:04.333 -0300] INFO (59325): request completed
    route: "/v1/dashboard/alerts/00000000-0000-7000-8000-000081000102"
    method: "GET"
    status: 403
    duration_ms: 0
[2026-09-28 00:00:04.334 -0300] INFO (59325): request completed
    route: "/v1/dashboard/stream"
    method: "GET"
    status: 403
    duration_ms: 0
[2026-09-28 00:00:04.336 -0300] INFO (59325): request completed
    route: "/v1/dashboard/alerts"
    method: "GET"
    status: 403
    duration_ms: 1
[2026-09-28 00:00:04.338 -0300] INFO (59325): request completed
    route: "/v1/dashboard/alerts/00000000-0000-7000-8000-000081000102"
    method: "GET"
    status: 403
    duration_ms: 1
[2026-09-28 00:00:04.338 -0300] INFO (59325): request completed
    route: "/v1/dashboard/stream"
    method: "GET"
    status: 403
    duration_ms: 0
[2026-09-28 00:00:04.340 -0300] INFO (59325): request completed
    route: "/v1/dashboard/alerts"
    method: "GET"
    status: 403
    duration_ms: 1
[2026-09-28 00:00:04.341 -0300] INFO (59325): request completed
    route: "/v1/dashboard/alerts/00000000-0000-7000-8000-000081000102"
    method: "GET"
    status: 403
    duration_ms: 0
[2026-09-28 00:00:04.342 -0300] INFO (59325): request completed
    route: "/v1/dashboard/stream"
    method: "GET"
    status: 403
    duration_ms: 0
[2026-09-28 00:00:04.343 -0300] INFO (59325): request completed
    route: "/v1/dashboard/alerts"
    method: "GET"
    status: 403
    duration_ms: 0
[2026-09-28 00:00:04.345 -0300] INFO (59325): request completed
    route: "/v1/dashboard/alerts/00000000-0000-7000-8000-000081000102"
    method: "GET"
    status: 403
    duration_ms: 1
[2026-09-28 00:00:04.345 -0300] INFO (59325): request completed
    route: "/v1/dashboard/stream"
    method: "GET"
    status: 403
    duration_ms: 0
[2026-09-28 00:00:04.389 -0300] INFO (59325): request completed
    route: "/v1/dashboard/alerts"
    method: "GET"
    status: 200
    duration_ms: 43
[2026-09-28 00:00:04.435 -0300] INFO (59325): request completed
    route: "/v1/dashboard/alerts/00000000-0000-7000-8000-000081000102"
    method: "GET"
    status: 200
    duration_ms: 45
[2026-09-28 00:00:04.538 -0300] INFO (59325): request completed
    route: "/v1/dashboard/alerts"
    method: "GET"
    status: 200
    duration_ms: 97
[2026-09-28 00:00:04.583 -0300] INFO (59325): request completed
    route: "/v1/dashboard/alerts/00000000-0000-7000-8000-000081000102"
    method: "GET"
    status: 200
    duration_ms: 44
[2026-09-28 00:00:04.590 -0300] INFO (59325): request completed
    route: "/v1/dashboard/alerts"
    method: "GET"
    status: 403
    duration_ms: 1
[2026-09-28 00:00:04.591 -0300] INFO (59325): request completed
    route: "/v1/dashboard/alerts/00000000-0000-7000-8000-000081000102"
    method: "GET"
    status: 403
    duration_ms: 0
[2026-09-28 00:00:04.592 -0300] INFO (59325): request completed
    route: "/v1/dashboard/stream"
    method: "GET"
    status: 403
    duration_ms: 0
[2026-09-28 00:00:04.605 -0300] INFO (59325): request completed
    route: "/v1/dashboard/alerts"
    method: "GET"
    status: 200
    duration_ms: 12
[2026-09-28 00:00:04.622 -0300] INFO (59325): request completed
    route: "/v1/dashboard/alerts/00000000-0000-7000-8000-000081000102"
    method: "GET"
    status: 200
    duration_ms: 16
[2026-09-28 00:00:04.629 -0300] INFO (59325): request completed
    route: "/v1/dashboard/alerts"
    method: "GET"
    status: 403
    duration_ms: 1
[2026-09-28 00:00:04.630 -0300] INFO (59325): request completed
    route: "/v1/dashboard/alerts/00000000-0000-7000-8000-000081000102"
    method: "GET"
    status: 403
    duration_ms: 0
[2026-09-28 00:00:04.631 -0300] INFO (59325): request completed
    route: "/v1/dashboard/stream"
    method: "GET"
    status: 403
    duration_ms: 0
[2026-09-28 00:00:04.632 -0300] INFO (59325): request completed
    route: "/v1/dashboard/alerts"
    method: "GET"
    status: 403
    duration_ms: 0
[2026-09-28 00:00:04.633 -0300] INFO (59325): request completed
    route: "/v1/dashboard/alerts/00000000-0000-7000-8000-000081000102"
    method: "GET"
    status: 403
    duration_ms: 0
[2026-09-28 00:00:04.634 -0300] INFO (59325): request completed
    route: "/v1/dashboard/stream"
    method: "GET"
    status: 403
    duration_ms: 0
[2026-09-28 00:00:04.635 -0300] INFO (59325): request completed
    route: "/v1/dashboard/alerts"
    method: "GET"
    status: 403
    duration_ms: 0
[2026-09-28 00:00:04.636 -0300] INFO (59325): request completed
    route: "/v1/dashboard/alerts/00000000-0000-7000-8000-000081000102"
    method: "GET"
    status: 403
    duration_ms: 0
[2026-09-28 00:00:04.637 -0300] INFO (59325): request completed
    route: "/v1/dashboard/stream"
    method: "GET"
    status: 403
    duration_ms: 0
[2026-09-28 00:00:04.641 -0300] INFO (59325): request completed
    route: "/v1/dashboard/alerts"
    method: "GET"
    status: 403
    duration_ms: 3
[2026-09-28 00:00:04.647 -0300] INFO (59325): request completed
    route: "/v1/dashboard/alerts/00000000-0000-7000-8000-000081000102"
    method: "GET"
    status: 403
    duration_ms: 5
[2026-09-28 00:00:04.653 -0300] INFO (59325): request completed
    route: "/v1/dashboard/alerts"
    method: "GET"
    status: 403
    duration_ms: 1
[2026-09-28 00:00:04.654 -0300] INFO (59325): request completed
    route: "/v1/dashboard/alerts/00000000-0000-7000-8000-000081000102"
    method: "GET"
    status: 403
    duration_ms: 0
[2026-09-28 00:00:04.656 -0300] INFO (59325): request completed
    route: "/v1/dashboard/stream"
    method: "GET"
    status: 403
    duration_ms: 0
[2026-09-28 00:00:04.657 -0300] INFO (59325): request completed
    route: "/v1/dashboard/alerts"
    method: "GET"
    status: 403
    duration_ms: 1
[2026-09-28 00:00:04.658 -0300] INFO (59325): request completed
    route: "/v1/dashboard/alerts/00000000-0000-7000-8000-000081000102"
    method: "GET"
    status: 403
    duration_ms: 1
[2026-09-28 00:00:04.659 -0300] INFO (59325): request completed
    route: "/v1/dashboard/stream"
    method: "GET"
    status: 403
    duration_ms: 1
[2026-09-28 00:00:04.660 -0300] INFO (59325): request completed
    route: "/v1/dashboard/alerts"
    method: "GET"
    status: 403
    duration_ms: 1
[2026-09-28 00:00:04.661 -0300] INFO (59325): request completed
    route: "/v1/dashboard/alerts/00000000-0000-7000-8000-000081000102"
    method: "GET"
    status: 403
    duration_ms: 1
[2026-09-28 00:00:04.661 -0300] INFO (59325): request completed
    route: "/v1/dashboard/stream"
    method: "GET"
    status: 403
    duration_ms: 0
[2026-09-28 00:00:04.663 -0300] INFO (59325): request completed
    route: "/v1/dashboard/alerts"
    method: "GET"
    status: 403
    duration_ms: 1
[2026-09-28 00:00:04.664 -0300] INFO (59325): request completed
    route: "/v1/dashboard/alerts/00000000-0000-7000-8000-000081000102"
    method: "GET"
    status: 403
    duration_ms: 1
[2026-09-28 00:00:04.664 -0300] INFO (59325): request completed
    route: "/v1/dashboard/stream"
    method: "GET"
    status: 403
    duration_ms: 0
[2026-09-28 00:00:04.676 -0300] INFO (59325): request completed
    route: "/v1/dashboard/alerts"
    method: "GET"
    status: 200
    duration_ms: 11
[2026-09-28 00:00:04.690 -0300] INFO (59325): request completed
    route: "/v1/dashboard/alerts/00000000-0000-7000-8000-000081000102"
    method: "GET"
    status: 200
    duration_ms: 13
[2026-09-28 00:00:04.707 -0300] INFO (59325): request completed
    route: "/v1/dashboard/alerts"
    method: "GET"
    status: 200
    duration_ms: 11
[2026-09-28 00:00:04.722 -0300] INFO (59325): request completed
    route: "/v1/dashboard/alerts/00000000-0000-7000-8000-000081000102"
    method: "GET"
    status: 200
    duration_ms: 14
[2026-09-28 00:00:04.737 -0300] INFO (59325): request completed
    route: "/v1/dashboard/alerts"
    method: "GET"
    status: 200
    duration_ms: 10
[2026-09-28 00:00:04.753 -0300] INFO (59325): request completed
    route: "/v1/dashboard/alerts/00000000-0000-7000-8000-000081000102"
    method: "GET"
    status: 200
    duration_ms: 15
[2026-09-28 00:00:04.758 -0300] INFO (59325): request completed
    route: "/v1/dashboard/alerts"
    method: "GET"
    status: 403
    duration_ms: 0
[2026-09-28 00:00:04.760 -0300] INFO (59325): request completed
    route: "/v1/dashboard/alerts/00000000-0000-7000-8000-000081000102"
    method: "GET"
    status: 403
    duration_ms: 1
[2026-09-28 00:00:04.761 -0300] INFO (59325): request completed
    route: "/v1/dashboard/stream"
    method: "GET"
    status: 403
    duration_ms: 0
[2026-09-28 00:00:04.762 -0300] INFO (59325): request completed
    route: "/v1/dashboard/alerts"
    method: "GET"
    status: 403
    duration_ms: 0
[2026-09-28 00:00:04.764 -0300] INFO (59325): request completed
    route: "/v1/dashboard/alerts/00000000-0000-7000-8000-000081000102"
    method: "GET"
    status: 403
    duration_ms: 1
[2026-09-28 00:00:04.764 -0300] INFO (59325): request completed
    route: "/v1/dashboard/stream"
    method: "GET"
    status: 403
    duration_ms: 0
[2026-09-28 00:00:04.765 -0300] INFO (59325): request completed
    route: "/v1/dashboard/alerts"
    method: "GET"
    status: 403
    duration_ms: 0
[2026-09-28 00:00:04.766 -0300] INFO (59325): request completed
    route: "/v1/dashboard/alerts/00000000-0000-7000-8000-000081000102"
    method: "GET"
    status: 403
    duration_ms: 0
[2026-09-28 00:00:04.767 -0300] INFO (59325): request completed
    route: "/v1/dashboard/stream"
    method: "GET"
    status: 403
    duration_ms: 0
[2026-09-28 00:00:04.778 -0300] INFO (59325): request completed
    route: "/v1/dashboard/alerts"
    method: "GET"
    status: 200
    duration_ms: 9
[2026-09-28 00:00:04.792 -0300] INFO (59325): request completed
    route: "/v1/dashboard/alerts/00000000-0000-7000-8000-000081000102"
    method: "GET"
    status: 200
    duration_ms: 14
[2026-09-28 00:00:04.798 -0300] INFO (59325): request completed
    route: "/v1/dashboard/alerts"
    method: "GET"
    status: 403
    duration_ms: 0
[2026-09-28 00:00:04.799 -0300] INFO (59325): request completed
    route: "/v1/dashboard/alerts/00000000-0000-7000-8000-000081000102"
    method: "GET"
    status: 403
    duration_ms: 0
[2026-09-28 00:00:04.800 -0300] INFO (59325): request completed
    route: "/v1/dashboard/stream"
    method: "GET"
    status: 403
    duration_ms: 0
[2026-09-28 00:00:04.801 -0300] INFO (59325): request completed
    route: "/v1/dashboard/alerts"
    method: "GET"
    status: 403
    duration_ms: 0
[2026-09-28 00:00:04.803 -0300] INFO (59325): request completed
    route: "/v1/dashboard/alerts/00000000-0000-7000-8000-000081000102"
    method: "GET"
    status: 403
    duration_ms: 1
[2026-09-28 00:00:04.803 -0300] INFO (59325): request completed
    route: "/v1/dashboard/stream"
    method: "GET"
    status: 403
    duration_ms: 0
[2026-09-28 00:00:04.804 -0300] INFO (59325): request completed
    route: "/v1/dashboard/alerts"
    method: "GET"
    status: 403
    duration_ms: 0
[2026-09-28 00:00:04.805 -0300] INFO (59325): request completed
    route: "/v1/dashboard/alerts/00000000-0000-7000-8000-000081000102"
    method: "GET"
    status: 403
    duration_ms: 0
[2026-09-28 00:00:04.805 -0300] INFO (59325): request completed
    route: "/v1/dashboard/stream"
    method: "GET"
    status: 403
    duration_ms: 0
[2026-09-28 00:00:04.806 -0300] INFO (59325): request completed
    route: "/v1/dashboard/alerts"
    method: "GET"
    status: 403
    duration_ms: 0
[2026-09-28 00:00:04.807 -0300] INFO (59325): request completed
    route: "/v1/dashboard/alerts/00000000-0000-7000-8000-000081000102"
    method: "GET"
    status: 403
    duration_ms: 0
[2026-09-28 00:00:04.807 -0300] INFO (59325): request completed
    route: "/v1/dashboard/stream"
    method: "GET"
    status: 403
    duration_ms: 0
[2026-09-28 00:00:04.818 -0300] INFO (59325): request completed
    route: "/v1/dashboard/alerts"
    method: "GET"
    status: 200
    duration_ms: 10
[2026-09-28 00:00:04.833 -0300] INFO (59325): request completed
    route: "/v1/dashboard/alerts/00000000-0000-7000-8000-000081000102"
    method: "GET"
    status: 200
    duration_ms: 14
[2026-09-28 00:00:04.847 -0300] INFO (59325): request completed
    route: "/v1/dashboard/alerts"
    method: "GET"
    status: 200
    duration_ms: 9
[2026-09-28 00:00:04.862 -0300] INFO (59325): request completed
    route: "/v1/dashboard/alerts/00000000-0000-7000-8000-000081000102"
    method: "GET"
    status: 200
    duration_ms: 13
[2026-09-28 00:00:04.867 -0300] INFO (59325): request completed
    route: "/v1/dashboard/alerts"
    method: "GET"
    status: 403
    duration_ms: 0
[2026-09-28 00:00:04.868 -0300] INFO (59325): request completed
    route: "/v1/dashboard/alerts/00000000-0000-7000-8000-000081000102"
    method: "GET"
    status: 403
    duration_ms: 0
[2026-09-28 00:00:04.869 -0300] INFO (59325): request completed
    route: "/v1/dashboard/stream"
    method: "GET"
    status: 403
    duration_ms: 0
[2026-09-28 00:00:04.871 -0300] INFO (59325): request completed
    route: "/v1/dashboard/alerts"
    method: "GET"
    status: 403
    duration_ms: 1
[2026-09-28 00:00:04.871 -0300] INFO (59325): request completed
    route: "/v1/dashboard/alerts/00000000-0000-7000-8000-000081000102"
    method: "GET"
    status: 403
    duration_ms: 0
[2026-09-28 00:00:04.872 -0300] INFO (59325): request completed
    route: "/v1/dashboard/stream"
    method: "GET"
    status: 403
    duration_ms: 0
[2026-09-28 00:00:04.882 -0300] INFO (59325): request completed
    route: "/v1/dashboard/alerts"
    method: "GET"
    status: 200
    duration_ms: 10
[2026-09-28 00:00:04.898 -0300] INFO (59325): request completed
    route: "/v1/dashboard/alerts/00000000-0000-7000-8000-000081000102"
    method: "GET"
    status: 200
    duration_ms: 14
[2026-09-28 00:00:04.905 -0300] INFO (59325): request completed
    route: "/v1/dashboard/alerts"
    method: "GET"
    status: 403
    duration_ms: 1
[2026-09-28 00:00:04.906 -0300] INFO (59325): request completed
    route: "/v1/dashboard/alerts/00000000-0000-7000-8000-000081000102"
    method: "GET"
    status: 403
    duration_ms: 0
[2026-09-28 00:00:04.907 -0300] INFO (59325): request completed
    route: "/v1/dashboard/stream"
    method: "GET"
    status: 403
    duration_ms: 0
[2026-09-28 00:00:04.908 -0300] INFO (59325): request completed
    route: "/v1/dashboard/alerts"
    method: "GET"
    status: 403
    duration_ms: 0
[2026-09-28 00:00:04.909 -0300] INFO (59325): request completed
    route: "/v1/dashboard/alerts/00000000-0000-7000-8000-000081000102"
    method: "GET"
    status: 403
    duration_ms: 0
[2026-09-28 00:00:04.910 -0300] INFO (59325): request completed
    route: "/v1/dashboard/stream"
    method: "GET"
    status: 403
    duration_ms: 0
[2026-09-28 00:00:04.941 -0300] INFO (59325): request completed
    route: "/v1/dashboard/alerts/00000000-0000-7000-8000-000081000105/ack"
    method: "POST"
    status: 403
    duration_ms: 29
[2026-09-28 00:00:04.943 -0300] INFO (59325): request completed
    route: "/v1/dashboard/alerts/00000000-0000-7000-8000-000081000105/ack"
    method: "POST"
    status: 403
    duration_ms: 0
[2026-09-28 00:00:04.944 -0300] INFO (59325): request completed
    route: "/v1/dashboard/alerts/00000000-0000-7000-8000-000081000105/ack"
    method: "POST"
    status: 403
    duration_ms: 0
[2026-09-28 00:00:04.945 -0300] INFO (59325): request completed
    route: "/v1/dashboard/alerts/00000000-0000-7000-8000-000081000105/ack"
    method: "POST"
    status: 403
    duration_ms: 0
[2026-09-28 00:00:04.946 -0300] INFO (59325): request completed
    route: "/v1/dashboard/alerts/00000000-0000-7000-8000-000081000105/ack"
    method: "POST"
    status: 403
    duration_ms: 0
[2026-09-28 00:00:04.947 -0300] INFO (59325): request completed
    route: "/v1/dashboard/alerts/00000000-0000-7000-8000-000081000105/ack"
    method: "POST"
    status: 403
    duration_ms: 0
[2026-09-28 00:00:04.948 -0300] INFO (59325): request completed
    route: "/v1/dashboard/alerts/00000000-0000-7000-8000-000081000105/ack"
    method: "POST"
    status: 403
    duration_ms: 0
[2026-09-28 00:00:04.972 -0300] INFO (59325): request completed
    route: "/v1/dashboard/alerts/00000000-0000-7000-8000-000081000105/ack"
    method: "POST"
    status: 428
    duration_ms: 23
[2026-09-28 00:00:04.973 -0300] INFO (59325): request completed
    route: "/v1/dashboard/alerts/00000000-0000-7000-8000-000081000105/ack"
    method: "POST"
    status: 403
    duration_ms: 0
[2026-09-28 00:00:04.992 -0300] INFO (59325): request completed
    route: "/v1/dashboard/alerts/00000000-0000-7000-8000-000081000105/ack"
    method: "POST"
    status: 428
    duration_ms: 18
[2026-09-28 00:00:04.994 -0300] INFO (59325): request completed
    route: "/v1/dashboard/alerts/00000000-0000-7000-8000-000081000105/ack"
    method: "POST"
    status: 403
    duration_ms: 1
[2026-09-28 00:00:04.995 -0300] INFO (59325): request completed
    route: "/v1/dashboard/alerts/00000000-0000-7000-8000-000081000105/ack"
    method: "POST"
    status: 403
    duration_ms: 1
[2026-09-28 00:00:04.996 -0300] INFO (59325): request completed
    route: "/v1/dashboard/alerts/00000000-0000-7000-8000-000081000105/ack"
    method: "POST"
    status: 403
    duration_ms: 1
[2026-09-28 00:00:05.015 -0300] INFO (59325): request completed
    route: "/v1/dashboard/alerts/00000000-0000-7000-8000-000081000105/ack"
    method: "POST"
    status: 403
    duration_ms: 19
[2026-09-28 00:00:05.016 -0300] INFO (59325): request completed
    route: "/v1/dashboard/alerts/00000000-0000-7000-8000-000081000105/ack"
    method: "POST"
    status: 403
    duration_ms: 0
[2026-09-28 00:00:05.017 -0300] INFO (59325): request completed
    route: "/v1/dashboard/alerts/00000000-0000-7000-8000-000081000105/ack"
    method: "POST"
    status: 403
    duration_ms: 0
[2026-09-28 00:00:05.018 -0300] INFO (59325): request completed
    route: "/v1/dashboard/alerts/00000000-0000-7000-8000-000081000105/ack"
    method: "POST"
    status: 403
    duration_ms: 0
[2026-09-28 00:00:05.020 -0300] INFO (59325): request completed
    route: "/v1/dashboard/alerts/00000000-0000-7000-8000-000081000105/ack"
    method: "POST"
    status: 403
    duration_ms: 1
[2026-09-28 00:00:05.040 -0300] INFO (59325): request completed
    route: "/v1/dashboard/alerts/00000000-0000-7000-8000-000081000105/ack"
    method: "POST"
    status: 428
    duration_ms: 20
[2026-09-28 00:00:05.059 -0300] INFO (59325): request completed
    route: "/v1/dashboard/alerts/00000000-0000-7000-8000-000081000105/ack"
    method: "POST"
    status: 428
    duration_ms: 18
[2026-09-28 00:00:05.080 -0300] INFO (59325): request completed
    route: "/v1/dashboard/alerts/00000000-0000-7000-8000-000081000105/ack"
    method: "POST"
    status: 428
    duration_ms: 20
[2026-09-28 00:00:05.081 -0300] INFO (59325): request completed
    route: "/v1/dashboard/alerts/00000000-0000-7000-8000-000081000105/ack"
    method: "POST"
    status: 403
    duration_ms: 0
[2026-09-28 00:00:05.102 -0300] INFO (59325): request completed
    route: "/v1/dashboard/alerts/00000000-0000-7000-8000-000081000105/ack"
    method: "POST"
    status: 428
    duration_ms: 20
[2026-09-28 00:00:05.103 -0300] INFO (59325): request completed
    route: "/v1/dashboard/alerts/00000000-0000-7000-8000-000081000105/ack"
    method: "POST"
    status: 403
    duration_ms: 0
[2026-09-28 00:00:05.123 -0300] INFO (59325): request completed
    route: "/v1/dashboard/alerts/00000000-0000-7000-8000-000081000105/ack"
    method: "POST"
    status: 428
    duration_ms: 19
[2026-09-28 00:00:05.125 -0300] INFO (59325): request completed
    route: "/v1/dashboard/alerts/00000000-0000-7000-8000-000081000105/ack"
    method: "POST"
    status: 403
    duration_ms: 1
[2026-09-28 00:00:05.125 -0300] INFO (59325): request completed
    route: "/v1/dashboard/alerts/00000000-0000-7000-8000-000081000105/ack"
    method: "POST"
    status: 403
    duration_ms: 0
[2026-09-28 00:00:05.127 -0300] INFO (59325): request completed
    route: "/v1/dashboard/alerts/00000000-0000-7000-8000-000081000105/ack"
    method: "POST"
    status: 403
    duration_ms: 1
[2026-09-28 00:00:05.128 -0300] INFO (59325): request completed
    route: "/v1/dashboard/alerts/00000000-0000-7000-8000-000081000105/ack"
    method: "POST"
    status: 403
    duration_ms: 1
[2026-09-28 00:00:05.148 -0300] INFO (59325): request completed
    route: "/v1/dashboard/alerts/00000000-0000-7000-8000-000081000105/ack"
    method: "POST"
    status: 428
    duration_ms: 20
[2026-09-28 00:00:05.170 -0300] INFO (59325): request completed
    route: "/v1/dashboard/alerts/00000000-0000-7000-8000-000081000105/ack"
    method: "POST"
    status: 428
    duration_ms: 21
[2026-09-28 00:00:05.172 -0300] INFO (59325): request completed
    route: "/v1/dashboard/alerts/00000000-0000-7000-8000-000081000105/ack"
    method: "POST"
    status: 403
    duration_ms: 1
[2026-09-28 00:00:05.172 -0300] INFO (59325): request completed
    route: "/v1/dashboard/alerts/00000000-0000-7000-8000-000081000105/ack"
    method: "POST"
    status: 403
    duration_ms: 0
[2026-09-28 00:00:05.193 -0300] INFO (59325): request completed
    route: "/v1/dashboard/alerts/00000000-0000-7000-8000-000081000105/ack"
    method: "POST"
    status: 428
    duration_ms: 20
[2026-09-28 00:00:05.194 -0300] INFO (59325): request completed
    route: "/v1/dashboard/alerts/00000000-0000-7000-8000-000081000105/ack"
    method: "POST"
    status: 403
    duration_ms: 0
[2026-09-28 00:00:05.195 -0300] INFO (59325): request completed
    route: "/v1/dashboard/alerts/00000000-0000-7000-8000-000081000105/ack"
    method: "POST"
    status: 403
    duration_ms: 0
[2026-09-28 00:00:05.215 -0300] INFO (59325): request completed
    route: "/v1/dashboard/alerts/00000000-0000-7000-8000-000081000107/treating"
    method: "POST"
    status: 403
    duration_ms: 19
[2026-09-28 00:00:05.216 -0300] INFO (59325): request completed
    route: "/v1/dashboard/alerts/00000000-0000-7000-8000-000081000107/treating"
    method: "POST"
    status: 403
    duration_ms: 0
[2026-09-28 00:00:05.217 -0300] INFO (59325): request completed
    route: "/v1/dashboard/alerts/00000000-0000-7000-8000-000081000107/treating"
    method: "POST"
    status: 403
    duration_ms: 0
[2026-09-28 00:00:05.218 -0300] INFO (59325): request completed
    route: "/v1/dashboard/alerts/00000000-0000-7000-8000-000081000107/treating"
    method: "POST"
    status: 403
    duration_ms: 0
[2026-09-28 00:00:05.219 -0300] INFO (59325): request completed
    route: "/v1/dashboard/alerts/00000000-0000-7000-8000-000081000107/treating"
    method: "POST"
    status: 403
    duration_ms: 0
[2026-09-28 00:00:05.220 -0300] INFO (59325): request completed
    route: "/v1/dashboard/alerts/00000000-0000-7000-8000-000081000107/treating"
    method: "POST"
    status: 403
    duration_ms: 0
[2026-09-28 00:00:05.221 -0300] INFO (59325): request completed
    route: "/v1/dashboard/alerts/00000000-0000-7000-8000-000081000107/treating"
    method: "POST"
    status: 403
    duration_ms: 0
[2026-09-28 00:00:05.245 -0300] INFO (59325): request completed
    route: "/v1/dashboard/alerts/00000000-0000-7000-8000-000081000107/treating"
    method: "POST"
    status: 428
    duration_ms: 23
[2026-09-28 00:00:05.246 -0300] INFO (59325): request completed
    route: "/v1/dashboard/alerts/00000000-0000-7000-8000-000081000107/treating"
    method: "POST"
    status: 403
    duration_ms: 0
[2026-09-28 00:00:05.267 -0300] INFO (59325): request completed
    route: "/v1/dashboard/alerts/00000000-0000-7000-8000-000081000107/treating"
    method: "POST"
    status: 428
    duration_ms: 20
[2026-09-28 00:00:05.269 -0300] INFO (59325): request completed
    route: "/v1/dashboard/alerts/00000000-0000-7000-8000-000081000107/treating"
    method: "POST"
    status: 403
    duration_ms: 1
[2026-09-28 00:00:05.270 -0300] INFO (59325): request completed
    route: "/v1/dashboard/alerts/00000000-0000-7000-8000-000081000107/treating"
    method: "POST"
    status: 403
    duration_ms: 0
[2026-09-28 00:00:05.271 -0300] INFO (59325): request completed
    route: "/v1/dashboard/alerts/00000000-0000-7000-8000-000081000107/treating"
    method: "POST"
    status: 403
    duration_ms: 0
[2026-09-28 00:00:05.289 -0300] INFO (59325): request completed
    route: "/v1/dashboard/alerts/00000000-0000-7000-8000-000081000107/treating"
    method: "POST"
    status: 403
    duration_ms: 17
[2026-09-28 00:00:05.290 -0300] INFO (59325): request completed
    route: "/v1/dashboard/alerts/00000000-0000-7000-8000-000081000107/treating"
    method: "POST"
    status: 403
    duration_ms: 0
[2026-09-28 00:00:05.291 -0300] INFO (59325): request completed
    route: "/v1/dashboard/alerts/00000000-0000-7000-8000-000081000107/treating"
    method: "POST"
    status: 403
    duration_ms: 0
[2026-09-28 00:00:05.292 -0300] INFO (59325): request completed
    route: "/v1/dashboard/alerts/00000000-0000-7000-8000-000081000107/treating"
    method: "POST"
    status: 403
    duration_ms: 0
[2026-09-28 00:00:05.293 -0300] INFO (59325): request completed
    route: "/v1/dashboard/alerts/00000000-0000-7000-8000-000081000107/treating"
    method: "POST"
    status: 403
    duration_ms: 0
[2026-09-28 00:00:05.313 -0300] INFO (59325): request completed
    route: "/v1/dashboard/alerts/00000000-0000-7000-8000-000081000107/treating"
    method: "POST"
    status: 428
    duration_ms: 19
[2026-09-28 00:00:05.332 -0300] INFO (59325): request completed
    route: "/v1/dashboard/alerts/00000000-0000-7000-8000-000081000107/treating"
    method: "POST"
    status: 428
    duration_ms: 18
[2026-09-28 00:00:05.354 -0300] INFO (59325): request completed
    route: "/v1/dashboard/alerts/00000000-0000-7000-8000-000081000107/treating"
    method: "POST"
    status: 428
    duration_ms: 21
[2026-09-28 00:00:05.355 -0300] INFO (59325): request completed
    route: "/v1/dashboard/alerts/00000000-0000-7000-8000-000081000107/treating"
    method: "POST"
    status: 403
    duration_ms: 0
[2026-09-28 00:00:05.376 -0300] INFO (59325): request completed
    route: "/v1/dashboard/alerts/00000000-0000-7000-8000-000081000107/treating"
    method: "POST"
    status: 428
    duration_ms: 20
[2026-09-28 00:00:05.377 -0300] INFO (59325): request completed
    route: "/v1/dashboard/alerts/00000000-0000-7000-8000-000081000107/treating"
    method: "POST"
    status: 403
    duration_ms: 0
[2026-09-28 00:00:05.398 -0300] INFO (59325): request completed
    route: "/v1/dashboard/alerts/00000000-0000-7000-8000-000081000107/treating"
    method: "POST"
    status: 428
    duration_ms: 20
[2026-09-28 00:00:05.399 -0300] INFO (59325): request completed
    route: "/v1/dashboard/alerts/00000000-0000-7000-8000-000081000107/treating"
    method: "POST"
    status: 403
    duration_ms: 0
[2026-09-28 00:00:05.400 -0300] INFO (59325): request completed
    route: "/v1/dashboard/alerts/00000000-0000-7000-8000-000081000107/treating"
    method: "POST"
    status: 403
    duration_ms: 0
[2026-09-28 00:00:05.401 -0300] INFO (59325): request completed
    route: "/v1/dashboard/alerts/00000000-0000-7000-8000-000081000107/treating"
    method: "POST"
    status: 403
    duration_ms: 0
[2026-09-28 00:00:05.402 -0300] INFO (59325): request completed
    route: "/v1/dashboard/alerts/00000000-0000-7000-8000-000081000107/treating"
    method: "POST"
    status: 403
    duration_ms: 0
[2026-09-28 00:00:05.421 -0300] INFO (59325): request completed
    route: "/v1/dashboard/alerts/00000000-0000-7000-8000-000081000107/treating"
    method: "POST"
    status: 428
    duration_ms: 18
[2026-09-28 00:00:05.439 -0300] INFO (59325): request completed
    route: "/v1/dashboard/alerts/00000000-0000-7000-8000-000081000107/treating"
    method: "POST"
    status: 428
    duration_ms: 17
[2026-09-28 00:00:05.441 -0300] INFO (59325): request completed
    route: "/v1/dashboard/alerts/00000000-0000-7000-8000-000081000107/treating"
    method: "POST"
    status: 403
    duration_ms: 1
[2026-09-28 00:00:05.441 -0300] INFO (59325): request completed
    route: "/v1/dashboard/alerts/00000000-0000-7000-8000-000081000107/treating"
    method: "POST"
    status: 403
    duration_ms: 0
[2026-09-28 00:00:05.442 -0300] INFO (59325): request completed
    route: "/v1/dashboard/alerts/00000000-0000-7000-8000-000081000107/treating"
    method: "POST"
    status: 403
    duration_ms: 0
[2026-09-28 00:00:05.443 -0300] INFO (59325): request completed
    route: "/v1/dashboard/alerts/00000000-0000-7000-8000-000081000107/treating"
    method: "POST"
    status: 403
    duration_ms: 0
[2026-09-28 00:00:05.444 -0300] INFO (59325): request completed
    route: "/v1/dashboard/alerts/00000000-0000-7000-8000-000081000107/treating"
    method: "POST"
    status: 403
    duration_ms: 0
[2026-09-28 00:00:05.461 -0300] INFO (59325): request completed
    route: "/v1/dashboard/alerts/00000000-0000-7000-8000-000081000112/close"
    method: "POST"
    status: 403
    duration_ms: 16
[2026-09-28 00:00:05.463 -0300] INFO (59325): request completed
    route: "/v1/dashboard/alerts/00000000-0000-7000-8000-000081000112/close"
    method: "POST"
    status: 403
    duration_ms: 1
[2026-09-28 00:00:05.464 -0300] INFO (59325): request completed
    route: "/v1/dashboard/alerts/00000000-0000-7000-8000-000081000112/close"
    method: "POST"
    status: 403
    duration_ms: 1
[2026-09-28 00:00:05.465 -0300] INFO (59325): request completed
    route: "/v1/dashboard/alerts/00000000-0000-7000-8000-000081000112/close"
    method: "POST"
    status: 403
    duration_ms: 0
[2026-09-28 00:00:05.466 -0300] INFO (59325): request completed
    route: "/v1/dashboard/alerts/00000000-0000-7000-8000-000081000112/close"
    method: "POST"
    status: 403
    duration_ms: 1
[2026-09-28 00:00:05.467 -0300] INFO (59325): request completed
    route: "/v1/dashboard/alerts/00000000-0000-7000-8000-000081000112/close"
    method: "POST"
    status: 403
    duration_ms: 1
[2026-09-28 00:00:05.468 -0300] INFO (59325): request completed
    route: "/v1/dashboard/alerts/00000000-0000-7000-8000-000081000112/close"
    method: "POST"
    status: 403
    duration_ms: 1
[2026-09-28 00:00:05.469 -0300] INFO (59325): request completed
    route: "/v1/dashboard/alerts/00000000-0000-7000-8000-000081000112/close"
    method: "POST"
    status: 403
    duration_ms: 1
[2026-09-28 00:00:05.470 -0300] INFO (59325): request completed
    route: "/v1/dashboard/alerts/00000000-0000-7000-8000-000081000112/close"
    method: "POST"
    status: 403
    duration_ms: 1
[2026-09-28 00:00:05.489 -0300] INFO (59325): request completed
    route: "/v1/dashboard/alerts/00000000-0000-7000-8000-000081000112/close"
    method: "POST"
    status: 428
    duration_ms: 19
[2026-09-28 00:00:05.490 -0300] INFO (59325): request completed
    route: "/v1/dashboard/alerts/00000000-0000-7000-8000-000081000112/close"
    method: "POST"
    status: 403
    duration_ms: 0
[2026-09-28 00:00:05.491 -0300] INFO (59325): request completed
    route: "/v1/dashboard/alerts/00000000-0000-7000-8000-000081000112/close"
    method: "POST"
    status: 403
    duration_ms: 0
[2026-09-28 00:00:05.492 -0300] INFO (59325): request completed
    route: "/v1/dashboard/alerts/00000000-0000-7000-8000-000081000112/close"
    method: "POST"
    status: 403
    duration_ms: 0
[2026-09-28 00:00:05.510 -0300] INFO (59325): request completed
    route: "/v1/dashboard/alerts/00000000-0000-7000-8000-000081000112/close"
    method: "POST"
    status: 403
    duration_ms: 17
[2026-09-28 00:00:05.511 -0300] INFO (59325): request completed
    route: "/v1/dashboard/alerts/00000000-0000-7000-8000-000081000112/close"
    method: "POST"
    status: 403
    duration_ms: 0
[2026-09-28 00:00:05.512 -0300] INFO (59325): request completed
    route: "/v1/dashboard/alerts/00000000-0000-7000-8000-000081000112/close"
    method: "POST"
    status: 403
    duration_ms: 0
[2026-09-28 00:00:05.513 -0300] INFO (59325): request completed
    route: "/v1/dashboard/alerts/00000000-0000-7000-8000-000081000112/close"
    method: "POST"
    status: 403
    duration_ms: 0
[2026-09-28 00:00:05.514 -0300] INFO (59325): request completed
    route: "/v1/dashboard/alerts/00000000-0000-7000-8000-000081000112/close"
    method: "POST"
    status: 403
    duration_ms: 0
[2026-09-28 00:00:05.515 -0300] INFO (59325): request completed
    route: "/v1/dashboard/alerts/00000000-0000-7000-8000-000081000112/close"
    method: "POST"
    status: 403
    duration_ms: 1
[2026-09-28 00:00:05.515 -0300] INFO (59325): request completed
    route: "/v1/dashboard/alerts/00000000-0000-7000-8000-000081000112/close"
    method: "POST"
    status: 403
    duration_ms: 0
[2026-09-28 00:00:05.534 -0300] INFO (59325): request completed
    route: "/v1/dashboard/alerts/00000000-0000-7000-8000-000081000112/close"
    method: "POST"
    status: 428
    duration_ms: 18
[2026-09-28 00:00:05.535 -0300] INFO (59325): request completed
    route: "/v1/dashboard/alerts/00000000-0000-7000-8000-000081000112/close"
    method: "POST"
    status: 403
    duration_ms: 0
[2026-09-28 00:00:05.536 -0300] INFO (59325): request completed
    route: "/v1/dashboard/alerts/00000000-0000-7000-8000-000081000112/close"
    method: "POST"
    status: 403
    duration_ms: 0
[2026-09-28 00:00:05.537 -0300] INFO (59325): request completed
    route: "/v1/dashboard/alerts/00000000-0000-7000-8000-000081000112/close"
    method: "POST"
    status: 403
    duration_ms: 0
[2026-09-28 00:00:05.541 -0300] INFO (59325): request completed
    route: "/v1/dashboard/alerts/00000000-0000-7000-8000-000081000112/close"
    method: "POST"
    status: 403
    duration_ms: 1
[2026-09-28 00:00:05.542 -0300] INFO (59325): request completed
    route: "/v1/dashboard/alerts/00000000-0000-7000-8000-000081000112/close"
    method: "POST"
    status: 403
    duration_ms: 1
[2026-09-28 00:00:05.543 -0300] INFO (59325): request completed
    route: "/v1/dashboard/alerts/00000000-0000-7000-8000-000081000112/close"
    method: "POST"
    status: 403
    duration_ms: 1
[2026-09-28 00:00:05.544 -0300] INFO (59325): request completed
    route: "/v1/dashboard/alerts/00000000-0000-7000-8000-000081000112/close"
    method: "POST"
    status: 403
    duration_ms: 0
[2026-09-28 00:00:05.545 -0300] INFO (59325): request completed
    route: "/v1/dashboard/alerts/00000000-0000-7000-8000-000081000112/close"
    method: "POST"
    status: 403
    duration_ms: 0
[2026-09-28 00:00:05.546 -0300] INFO (59325): request completed
    route: "/v1/dashboard/alerts/00000000-0000-7000-8000-000081000112/close"
    method: "POST"
    status: 403
    duration_ms: 0
[2026-09-28 00:00:05.547 -0300] INFO (59325): request completed
    route: "/v1/dashboard/alerts/00000000-0000-7000-8000-000081000112/close"
    method: "POST"
    status: 403
    duration_ms: 1
[2026-09-28 00:00:05.547 -0300] INFO (59325): request completed
    route: "/v1/dashboard/alerts/00000000-0000-7000-8000-000081000112/close"
    method: "POST"
    status: 403
    duration_ms: 0
[2026-09-28 00:00:05.548 -0300] INFO (59325): request completed
    route: "/v1/dashboard/alerts/00000000-0000-7000-8000-000081000112/close"
    method: "POST"
    status: 403
    duration_ms: 0
[2026-09-28 00:00:05.568 -0300] INFO (59325): request completed
    route: "/v1/dashboard/alerts/00000000-0000-7000-8000-000081000112/close"
    method: "POST"
    status: 428
    duration_ms: 19
[2026-09-28 00:00:05.570 -0300] INFO (59325): request completed
    route: "/v1/dashboard/alerts/00000000-0000-7000-8000-000081000112/close"
    method: "POST"
    status: 403
    duration_ms: 1
[2026-09-28 00:00:05.571 -0300] INFO (59325): request completed
    route: "/v1/dashboard/alerts/00000000-0000-7000-8000-000081000112/close"
    method: "POST"
    status: 403
    duration_ms: 0
[2026-09-28 00:00:05.589 -0300] INFO (59325): request completed
    route: "/v1/dashboard/alerts/00000000-0000-7000-8000-000081000105/root-cause"
    method: "POST"
    status: 403
    duration_ms: 17
[2026-09-28 00:00:05.590 -0300] INFO (59325): request completed
    route: "/v1/dashboard/alerts/00000000-0000-7000-8000-000081000105/root-cause"
    method: "POST"
    status: 403
    duration_ms: 0
[2026-09-28 00:00:05.591 -0300] INFO (59325): request completed
    route: "/v1/dashboard/alerts/00000000-0000-7000-8000-000081000105/root-cause"
    method: "POST"
    status: 403
    duration_ms: 0
[2026-09-28 00:00:05.592 -0300] INFO (59325): request completed
    route: "/v1/dashboard/alerts/00000000-0000-7000-8000-000081000105/root-cause"
    method: "POST"
    status: 403
    duration_ms: 0
[2026-09-28 00:00:05.593 -0300] INFO (59325): request completed
    route: "/v1/dashboard/alerts/00000000-0000-7000-8000-000081000105/root-cause"
    method: "POST"
    status: 403
    duration_ms: 0
[2026-09-28 00:00:05.594 -0300] INFO (59325): request completed
    route: "/v1/dashboard/alerts/00000000-0000-7000-8000-000081000105/root-cause"
    method: "POST"
    status: 403
    duration_ms: 0
[2026-09-28 00:00:05.595 -0300] INFO (59325): request completed
    route: "/v1/dashboard/alerts/00000000-0000-7000-8000-000081000105/root-cause"
    method: "POST"
    status: 403
    duration_ms: 0
[2026-09-28 00:00:05.596 -0300] INFO (59325): request completed
    route: "/v1/dashboard/alerts/00000000-0000-7000-8000-000081000105/root-cause"
    method: "POST"
    status: 403
    duration_ms: 0
[2026-09-28 00:00:05.597 -0300] INFO (59325): request completed
    route: "/v1/dashboard/alerts/00000000-0000-7000-8000-000081000105/root-cause"
    method: "POST"
    status: 403
    duration_ms: 0
[2026-09-28 00:00:05.616 -0300] INFO (59325): request completed
    route: "/v1/dashboard/alerts/00000000-0000-7000-8000-000081000105/root-cause"
    method: "POST"
    status: 428
    duration_ms: 18
[2026-09-28 00:00:05.618 -0300] INFO (59325): request completed
    route: "/v1/dashboard/alerts/00000000-0000-7000-8000-000081000105/root-cause"
    method: "POST"
    status: 403
    duration_ms: 1
[2026-09-28 00:00:05.619 -0300] INFO (59325): request completed
    route: "/v1/dashboard/alerts/00000000-0000-7000-8000-000081000105/root-cause"
    method: "POST"
    status: 403
    duration_ms: 1
[2026-09-28 00:00:05.620 -0300] INFO (59325): request completed
    route: "/v1/dashboard/alerts/00000000-0000-7000-8000-000081000105/root-cause"
    method: "POST"
    status: 403
    duration_ms: 1
[2026-09-28 00:00:05.637 -0300] INFO (59325): request completed
    route: "/v1/dashboard/alerts/00000000-0000-7000-8000-000081000105/root-cause"
    method: "POST"
    status: 403
    duration_ms: 17
[2026-09-28 00:00:05.639 -0300] INFO (59325): request completed
    route: "/v1/dashboard/alerts/00000000-0000-7000-8000-000081000105/root-cause"
    method: "POST"
    status: 403
    duration_ms: 1
[2026-09-28 00:00:05.639 -0300] INFO (59325): request completed
    route: "/v1/dashboard/alerts/00000000-0000-7000-8000-000081000105/root-cause"
    method: "POST"
    status: 403
    duration_ms: 0
[2026-09-28 00:00:05.640 -0300] INFO (59325): request completed
    route: "/v1/dashboard/alerts/00000000-0000-7000-8000-000081000105/root-cause"
    method: "POST"
    status: 403
    duration_ms: 0
[2026-09-28 00:00:05.641 -0300] INFO (59325): request completed
    route: "/v1/dashboard/alerts/00000000-0000-7000-8000-000081000105/root-cause"
    method: "POST"
    status: 403
    duration_ms: 0
[2026-09-28 00:00:05.642 -0300] INFO (59325): request completed
    route: "/v1/dashboard/alerts/00000000-0000-7000-8000-000081000105/root-cause"
    method: "POST"
    status: 403
    duration_ms: 1
[2026-09-28 00:00:05.643 -0300] INFO (59325): request completed
    route: "/v1/dashboard/alerts/00000000-0000-7000-8000-000081000105/root-cause"
    method: "POST"
    status: 403
    duration_ms: 1
[2026-09-28 00:00:05.665 -0300] INFO (59325): request completed
    route: "/v1/dashboard/alerts/00000000-0000-7000-8000-000081000105/root-cause"
    method: "POST"
    status: 428
    duration_ms: 22
[2026-09-28 00:00:05.667 -0300] INFO (59325): request completed
    route: "/v1/dashboard/alerts/00000000-0000-7000-8000-000081000105/root-cause"
    method: "POST"
    status: 403
    duration_ms: 1
[2026-09-28 00:00:05.686 -0300] INFO (59325): request completed
    route: "/v1/dashboard/alerts/00000000-0000-7000-8000-000081000105/root-cause"
    method: "POST"
    status: 428
    duration_ms: 18
[2026-09-28 00:00:05.687 -0300] INFO (59325): request completed
    route: "/v1/dashboard/alerts/00000000-0000-7000-8000-000081000105/root-cause"
    method: "POST"
    status: 403
    duration_ms: 1
[2026-09-28 00:00:05.688 -0300] INFO (59325): request completed
    route: "/v1/dashboard/alerts/00000000-0000-7000-8000-000081000105/root-cause"
    method: "POST"
    status: 403
    duration_ms: 0
[2026-09-28 00:00:05.689 -0300] INFO (59325): request completed
    route: "/v1/dashboard/alerts/00000000-0000-7000-8000-000081000105/root-cause"
    method: "POST"
    status: 403
    duration_ms: 1
[2026-09-28 00:00:05.689 -0300] INFO (59325): request completed
    route: "/v1/dashboard/alerts/00000000-0000-7000-8000-000081000105/root-cause"
    method: "POST"
    status: 403
    duration_ms: 0
[2026-09-28 00:00:05.690 -0300] INFO (59325): request completed
    route: "/v1/dashboard/alerts/00000000-0000-7000-8000-000081000105/root-cause"
    method: "POST"
    status: 403
    duration_ms: 0
[2026-09-28 00:00:05.691 -0300] INFO (59325): request completed
    route: "/v1/dashboard/alerts/00000000-0000-7000-8000-000081000105/root-cause"
    method: "POST"
    status: 403
    duration_ms: 0
[2026-09-28 00:00:05.691 -0300] INFO (59325): request completed
    route: "/v1/dashboard/alerts/00000000-0000-7000-8000-000081000105/root-cause"
    method: "POST"
    status: 403
    duration_ms: 0
[2026-09-28 00:00:05.692 -0300] INFO (59325): request completed
    route: "/v1/dashboard/alerts/00000000-0000-7000-8000-000081000105/root-cause"
    method: "POST"
    status: 403
    duration_ms: 0
[2026-09-28 00:00:05.694 -0300] INFO (59325): request completed
    route: "/v1/dashboard/alerts/00000000-0000-7000-8000-000081000105/root-cause"
    method: "POST"
    status: 403
    duration_ms: 0
[2026-09-28 00:00:05.694 -0300] INFO (59325): request completed
    route: "/v1/dashboard/alerts/00000000-0000-7000-8000-000081000105/root-cause"
    method: "POST"
    status: 403
    duration_ms: 0
[2026-09-28 00:00:05.695 -0300] INFO (59325): request completed
    route: "/v1/dashboard/alerts/00000000-0000-7000-8000-000081000105/root-cause"
    method: "POST"
    status: 403
    duration_ms: 0
[2026-09-28 00:00:05.696 -0300] INFO (59325): request completed
    route: "/v1/dashboard/alerts/00000000-0000-7000-8000-000081000105/root-cause"
    method: "POST"
    status: 403
    duration_ms: 0
[2026-09-28 00:00:05.697 -0300] INFO (59325): request completed
    route: "/v1/dashboard/alerts/00000000-0000-7000-8000-000081000105/root-cause"
    method: "POST"
    status: 403
    duration_ms: 0
[2026-09-28 00:00:05.703 -0300] INFO (59325): request completed
    route: "/v1/dashboard/alerts/00000000-0000-7000-8000-000081000102/incident"
    method: "GET"
    status: 403
    duration_ms: 5
[2026-09-28 00:00:05.704 -0300] INFO (59325): request completed
    route: "/v1/dashboard/alerts/00000000-0000-7000-8000-000081000102/incident"
    method: "GET"
    status: 403
    duration_ms: 0
[2026-09-28 00:00:05.705 -0300] INFO (59325): request completed
    route: "/v1/dashboard/alerts/00000000-0000-7000-8000-000081000102/incident"
    method: "GET"
    status: 403
    duration_ms: 0
[2026-09-28 00:00:05.705 -0300] INFO (59325): request completed
    route: "/v1/dashboard/alerts/00000000-0000-7000-8000-000081000102/incident"
    method: "GET"
    status: 403
    duration_ms: 0
[2026-09-28 00:00:05.706 -0300] INFO (59325): request completed
    route: "/v1/dashboard/alerts/00000000-0000-7000-8000-000081000102/incident"
    method: "GET"
    status: 403
    duration_ms: 0
[2026-09-28 00:00:05.707 -0300] INFO (59325): request completed
    route: "/v1/dashboard/alerts/00000000-0000-7000-8000-000081000102/incident"
    method: "GET"
    status: 403
    duration_ms: 0
[2026-09-28 00:00:05.712 -0300] INFO (59325): request completed
    route: "/v1/dashboard/alerts/00000000-0000-7000-8000-000081000102/incident"
    method: "GET"
    status: 404
    duration_ms: 5
[2026-09-28 00:00:05.717 -0300] INFO (59325): request completed
    route: "/v1/dashboard/alerts/00000000-0000-7000-8000-000081000102/incident"
    method: "GET"
    status: 404
    duration_ms: 4
[2026-09-28 00:00:05.718 -0300] INFO (59325): request completed
    route: "/v1/dashboard/alerts/00000000-0000-7000-8000-000081000102/incident"
    method: "GET"
    status: 403
    duration_ms: 0
[2026-09-28 00:00:05.724 -0300] INFO (59325): request completed
    route: "/v1/dashboard/alerts/00000000-0000-7000-8000-000081000102/incident"
    method: "GET"
    status: 404
    duration_ms: 5
[2026-09-28 00:00:05.725 -0300] INFO (59325): request completed
    route: "/v1/dashboard/alerts/00000000-0000-7000-8000-000081000102/incident"
    method: "GET"
    status: 403
    duration_ms: 1
[2026-09-28 00:00:05.726 -0300] INFO (59325): request completed
    route: "/v1/dashboard/alerts/00000000-0000-7000-8000-000081000102/incident"
    method: "GET"
    status: 403
    duration_ms: 0
[2026-09-28 00:00:05.727 -0300] INFO (59325): request completed
    route: "/v1/dashboard/alerts/00000000-0000-7000-8000-000081000102/incident"
    method: "GET"
    status: 403
    duration_ms: 0
[2026-09-28 00:00:05.733 -0300] INFO (59325): request completed
    route: "/v1/dashboard/alerts/00000000-0000-7000-8000-000081000102/incident"
    method: "GET"
    status: 403
    duration_ms: 5
[2026-09-28 00:00:05.734 -0300] INFO (59325): request completed
    route: "/v1/dashboard/alerts/00000000-0000-7000-8000-000081000102/incident"
    method: "GET"
    status: 403
    duration_ms: 0
[2026-09-28 00:00:05.736 -0300] INFO (59325): request completed
    route: "/v1/dashboard/alerts/00000000-0000-7000-8000-000081000102/incident"
    method: "GET"
    status: 403
    duration_ms: 1
[2026-09-28 00:00:05.737 -0300] INFO (59325): request completed
    route: "/v1/dashboard/alerts/00000000-0000-7000-8000-000081000102/incident"
    method: "GET"
    status: 403
    duration_ms: 1
[2026-09-28 00:00:05.738 -0300] INFO (59325): request completed
    route: "/v1/dashboard/alerts/00000000-0000-7000-8000-000081000102/incident"
    method: "GET"
    status: 403
    duration_ms: 1
[2026-09-28 00:00:05.744 -0300] INFO (59325): request completed
    route: "/v1/dashboard/alerts/00000000-0000-7000-8000-000081000102/incident"
    method: "GET"
    status: 404
    duration_ms: 6
[2026-09-28 00:00:05.750 -0300] INFO (59325): request completed
    route: "/v1/dashboard/alerts/00000000-0000-7000-8000-000081000102/incident"
    method: "GET"
    status: 404
    duration_ms: 5
[2026-09-28 00:00:05.756 -0300] INFO (59325): request completed
    route: "/v1/dashboard/alerts/00000000-0000-7000-8000-000081000102/incident"
    method: "GET"
    status: 404
    duration_ms: 5
[2026-09-28 00:00:05.757 -0300] INFO (59325): request completed
    route: "/v1/dashboard/alerts/00000000-0000-7000-8000-000081000102/incident"
    method: "GET"
    status: 403
    duration_ms: 1
[2026-09-28 00:00:05.758 -0300] INFO (59325): request completed
    route: "/v1/dashboard/alerts/00000000-0000-7000-8000-000081000102/incident"
    method: "GET"
    status: 403
    duration_ms: 0
[2026-09-28 00:00:05.759 -0300] INFO (59325): request completed
    route: "/v1/dashboard/alerts/00000000-0000-7000-8000-000081000102/incident"
    method: "GET"
    status: 403
    duration_ms: 0
[2026-09-28 00:00:05.764 -0300] INFO (59325): request completed
    route: "/v1/dashboard/alerts/00000000-0000-7000-8000-000081000102/incident"
    method: "GET"
    status: 404
    duration_ms: 4
[2026-09-28 00:00:05.765 -0300] INFO (59325): request completed
    route: "/v1/dashboard/alerts/00000000-0000-7000-8000-000081000102/incident"
    method: "GET"
    status: 403
    duration_ms: 0
[2026-09-28 00:00:05.766 -0300] INFO (59325): request completed
    route: "/v1/dashboard/alerts/00000000-0000-7000-8000-000081000102/incident"
    method: "GET"
    status: 403
    duration_ms: 0
[2026-09-28 00:00:05.767 -0300] INFO (59325): request completed
    route: "/v1/dashboard/alerts/00000000-0000-7000-8000-000081000102/incident"
    method: "GET"
    status: 403
    duration_ms: 0
[2026-09-28 00:00:05.768 -0300] INFO (59325): request completed
    route: "/v1/dashboard/alerts/00000000-0000-7000-8000-000081000102/incident"
    method: "GET"
    status: 403
    duration_ms: 0
[2026-09-28 00:00:05.773 -0300] INFO (59325): request completed
    route: "/v1/dashboard/alerts/00000000-0000-7000-8000-000081000102/incident"
    method: "GET"
    status: 404
    duration_ms: 4
[2026-09-28 00:00:05.778 -0300] INFO (59325): request completed
    route: "/v1/dashboard/alerts/00000000-0000-7000-8000-000081000102/incident"
    method: "GET"
    status: 404
    duration_ms: 4
[2026-09-28 00:00:05.780 -0300] INFO (59325): request completed
    route: "/v1/dashboard/alerts/00000000-0000-7000-8000-000081000102/incident"
    method: "GET"
    status: 403
    duration_ms: 1
[2026-09-28 00:00:05.781 -0300] INFO (59325): request completed
    route: "/v1/dashboard/alerts/00000000-0000-7000-8000-000081000102/incident"
    method: "GET"
    status: 403
    duration_ms: 1
[2026-09-28 00:00:05.781 -0300] INFO (59325): request completed
    route: "/v1/dashboard/alerts/00000000-0000-7000-8000-000081000102/incident"
    method: "GET"
    status: 403
    duration_ms: 0
[2026-09-28 00:00:05.782 -0300] INFO (59325): request completed
    route: "/v1/dashboard/alerts/00000000-0000-7000-8000-000081000102/incident"
    method: "GET"
    status: 403
    duration_ms: 0
[2026-09-28 00:00:05.783 -0300] INFO (59325): request completed
    route: "/v1/dashboard/alerts/00000000-0000-7000-8000-000081000102/incident"
    method: "GET"
    status: 403
    duration_ms: 0
[2026-09-28 00:00:05.797 -0300] INFO (59325): request completed
    route: "/v1/dashboard/duties"
    method: "GET"
    status: 200
    duration_ms: 13
[2026-09-28 00:00:05.806 -0300] INFO (59325): request completed
    route: "/v1/dashboard/duties"
    method: "GET"
    status: 200
    duration_ms: 8
[2026-09-28 00:00:05.816 -0300] INFO (59325): request completed
    route: "/v1/dashboard/duties"
    method: "GET"
    status: 200
    duration_ms: 9
[2026-09-28 00:00:05.823 -0300] INFO (59325): request completed
    route: "/v1/dashboard/duties"
    method: "GET"
    status: 200
    duration_ms: 6
[2026-09-28 00:00:05.831 -0300] INFO (59325): request completed
    route: "/v1/dashboard/duties"
    method: "GET"
    status: 200
    duration_ms: 7
[2026-09-28 00:00:05.838 -0300] INFO (59325): request completed
    route: "/v1/dashboard/duties"
    method: "GET"
    status: 200
    duration_ms: 6
[2026-09-28 00:00:05.846 -0300] INFO (59325): request completed
    route: "/v1/dashboard/duties"
    method: "GET"
    status: 200
    duration_ms: 7
[2026-09-28 00:00:05.854 -0300] INFO (59325): request completed
    route: "/v1/dashboard/duties"
    method: "GET"
    status: 200
    duration_ms: 7
[2026-09-28 00:00:05.861 -0300] INFO (59325): request completed
    route: "/v1/dashboard/duties"
    method: "GET"
    status: 200
    duration_ms: 6
[2026-09-28 00:00:05.868 -0300] INFO (59325): request completed
    route: "/v1/dashboard/duties"
    method: "GET"
    status: 200
    duration_ms: 6
[2026-09-28 00:00:05.875 -0300] INFO (59325): request completed
    route: "/v1/dashboard/duties"
    method: "GET"
    status: 200
    duration_ms: 6
[2026-09-28 00:00:05.883 -0300] INFO (59325): request completed
    route: "/v1/dashboard/duties"
    method: "GET"
    status: 200
    duration_ms: 7
[2026-09-28 00:00:05.890 -0300] INFO (59325): request completed
    route: "/v1/dashboard/duties"
    method: "GET"
    status: 200
    duration_ms: 6
[2026-09-28 00:00:05.897 -0300] INFO (59325): request completed
    route: "/v1/dashboard/duties"
    method: "GET"
    status: 200
    duration_ms: 7
[2026-09-28 00:00:05.899 -0300] INFO (59325): request completed
    route: "/v1/dashboard/duties"
    method: "GET"
    status: 403
    duration_ms: 1
[2026-09-28 00:00:05.906 -0300] INFO (59325): request completed
    route: "/v1/dashboard/duties"
    method: "GET"
    status: 200
    duration_ms: 7
[2026-09-28 00:00:05.913 -0300] INFO (59325): request completed
    route: "/v1/dashboard/duties"
    method: "GET"
    status: 200
    duration_ms: 6
[2026-09-28 00:00:05.920 -0300] INFO (59325): request completed
    route: "/v1/dashboard/duties"
    method: "GET"
    status: 200
    duration_ms: 6
[2026-09-28 00:00:05.925 -0300] INFO (59325): request completed
    route: "/v1/dashboard/duties"
    method: "GET"
    status: 200
    duration_ms: 5
[2026-09-28 00:00:05.933 -0300] INFO (59325): request completed
    route: "/v1/dashboard/duties"
    method: "GET"
    status: 200
    duration_ms: 7
[2026-09-28 00:00:05.940 -0300] INFO (59325): request completed
    route: "/v1/dashboard/duties"
    method: "GET"
    status: 200
    duration_ms: 6
[2026-09-28 00:00:05.947 -0300] INFO (59325): request completed
    route: "/v1/dashboard/duties"
    method: "GET"
    status: 200
    duration_ms: 7
[2026-09-28 00:00:05.954 -0300] INFO (59325): request completed
    route: "/v1/dashboard/duties"
    method: "GET"
    status: 200
    duration_ms: 6
[2026-09-28 00:00:05.960 -0300] INFO (59325): request completed
    route: "/v1/dashboard/duties"
    method: "GET"
    status: 200
    duration_ms: 5
[2026-09-28 00:00:05.967 -0300] INFO (59325): request completed
    route: "/v1/dashboard/duties"
    method: "GET"
    status: 200
    duration_ms: 6
[2026-09-28 00:00:05.973 -0300] INFO (59325): request completed
    route: "/v1/dashboard/duties"
    method: "GET"
    status: 200
    duration_ms: 5
[2026-09-28 00:00:05.980 -0300] INFO (59325): request completed
    route: "/v1/dashboard/duties"
    method: "GET"
    status: 200
    duration_ms: 6
[2026-09-28 00:00:05.987 -0300] INFO (59325): request completed
    route: "/v1/dashboard/duties"
    method: "GET"
    status: 200
    duration_ms: 6
[2026-09-28 00:00:05.993 -0300] INFO (59325): request completed
    route: "/v1/dashboard/duties"
    method: "GET"
    status: 200
    duration_ms: 5
[2026-09-28 00:00:06.000 -0300] INFO (59325): request completed
    route: "/v1/dashboard/duties"
    method: "GET"
    status: 200
    duration_ms: 6
[2026-09-28 00:00:06.007 -0300] INFO (59325): request completed
    route: "/v1/dashboard/duties"
    method: "GET"
    status: 200
    duration_ms: 6
[2026-09-28 00:00:06.014 -0300] INFO (59325): request completed
    route: "/v1/dashboard/duties"
    method: "GET"
    status: 200
    duration_ms: 6
[2026-09-28 00:00:06.021 -0300] INFO (59325): request completed
    route: "/v1/dashboard/duties"
    method: "GET"
    status: 200
    duration_ms: 6
[2026-09-28 00:00:06.026 -0300] INFO (59325): request completed
    route: "/v1/dashboard/duties"
    method: "GET"
    status: 200
    duration_ms: 5
[2026-09-28 00:00:06.034 -0300] INFO (59325): request completed
    route: "/v1/dashboard/duties"
    method: "GET"
    status: 200
    duration_ms: 7
[2026-09-28 00:00:06.035 -0300] INFO (59325): request completed
    route: "/v1/dashboard/duties"
    method: "GET"
    status: 403
    duration_ms: 0
[2026-09-28 00:00:06.042 -0300] INFO (59325): request completed
    route: "/v1/dashboard/duties/00000000-0000-7000-8000-000080001001/cycles"
    method: "GET"
    status: 200
    duration_ms: 6
[2026-09-28 00:00:06.048 -0300] INFO (59325): request completed
    route: "/v1/dashboard/duties/00000000-0000-7000-8000-000080001001/cycles/2026-09"
    method: "GET"
    status: 200
    duration_ms: 6
[2026-09-28 00:00:06.057 -0300] INFO (59325): request completed
    route: "/v1/dashboard/duties/00000000-0000-7000-8000-000080001001/cycles"
    method: "GET"
    status: 200
    duration_ms: 8
[2026-09-28 00:00:06.072 -0300] INFO (59325): request completed
    route: "/v1/dashboard/duties/00000000-0000-7000-8000-000080001001/cycles/2026-09"
    method: "GET"
    status: 200
    duration_ms: 15
[2026-09-28 00:00:06.085 -0300] INFO (59325): request completed
    route: "/v1/dashboard/duties/00000000-0000-7000-8000-000080001001/cycles"
    method: "GET"
    status: 200
    duration_ms: 12
[2026-09-28 00:00:06.091 -0300] INFO (59325): request completed
    route: "/v1/dashboard/duties/00000000-0000-7000-8000-000080001001/cycles/2026-09"
    method: "GET"
    status: 200
    duration_ms: 5
[2026-09-28 00:00:06.098 -0300] INFO (59325): request completed
    route: "/v1/dashboard/duties/00000000-0000-7000-8000-000080001001/cycles"
    method: "GET"
    status: 200
    duration_ms: 6
[2026-09-28 00:00:06.104 -0300] INFO (59325): request completed
    route: "/v1/dashboard/duties/00000000-0000-7000-8000-000080001001/cycles/2026-09"
    method: "GET"
    status: 200
    duration_ms: 6
[2026-09-28 00:00:06.110 -0300] INFO (59325): request completed
    route: "/v1/dashboard/duties/00000000-0000-7000-8000-000080001001/cycles"
    method: "GET"
    status: 200
    duration_ms: 5
[2026-09-28 00:00:06.115 -0300] INFO (59325): request completed
    route: "/v1/dashboard/duties/00000000-0000-7000-8000-000080001001/cycles/2026-09"
    method: "GET"
    status: 200
    duration_ms: 4
[2026-09-28 00:00:06.123 -0300] INFO (59325): request completed
    route: "/v1/dashboard/duties/00000000-0000-7000-8000-000080001001/cycles"
    method: "GET"
    status: 200
    duration_ms: 7
[2026-09-28 00:00:06.131 -0300] INFO (59325): request completed
    route: "/v1/dashboard/duties/00000000-0000-7000-8000-000080001001/cycles/2026-09"
    method: "GET"
    status: 200
    duration_ms: 7
[2026-09-28 00:00:06.139 -0300] INFO (59325): request completed
    route: "/v1/dashboard/duties/00000000-0000-7000-8000-000080001001/cycles"
    method: "GET"
    status: 200
    duration_ms: 7
[2026-09-28 00:00:06.146 -0300] INFO (59325): request completed
    route: "/v1/dashboard/duties/00000000-0000-7000-8000-000080001001/cycles/2026-09"
    method: "GET"
    status: 200
    duration_ms: 6
[2026-09-28 00:00:06.153 -0300] INFO (59325): request completed
    route: "/v1/dashboard/duties/00000000-0000-7000-8000-000080001001/cycles"
    method: "GET"
    status: 200
    duration_ms: 6
[2026-09-28 00:00:06.158 -0300] INFO (59325): request completed
    route: "/v1/dashboard/duties/00000000-0000-7000-8000-000080001001/cycles/2026-09"
    method: "GET"
    status: 200
    duration_ms: 4
[2026-09-28 00:00:06.165 -0300] INFO (59325): request completed
    route: "/v1/dashboard/duties/00000000-0000-7000-8000-000080001001/cycles"
    method: "GET"
    status: 200
    duration_ms: 6
[2026-09-28 00:00:06.172 -0300] INFO (59325): request completed
    route: "/v1/dashboard/duties/00000000-0000-7000-8000-000080001001/cycles/2026-09"
    method: "GET"
    status: 200
    duration_ms: 6
[2026-09-28 00:00:06.180 -0300] INFO (59325): request completed
    route: "/v1/dashboard/duties/00000000-0000-7000-8000-000080001001/cycles"
    method: "GET"
    status: 200
    duration_ms: 6
[2026-09-28 00:00:06.188 -0300] INFO (59325): request completed
    route: "/v1/dashboard/duties/00000000-0000-7000-8000-000080001001/cycles/2026-09"
    method: "GET"
    status: 200
    duration_ms: 7
[2026-09-28 00:00:06.194 -0300] INFO (59325): request completed
    route: "/v1/dashboard/duties/00000000-0000-7000-8000-000080001001/cycles"
    method: "GET"
    status: 200
    duration_ms: 5
[2026-09-28 00:00:06.200 -0300] INFO (59325): request completed
    route: "/v1/dashboard/duties/00000000-0000-7000-8000-000080001001/cycles/2026-09"
    method: "GET"
    status: 200
    duration_ms: 5
[2026-09-28 00:00:06.206 -0300] INFO (59325): request completed
    route: "/v1/dashboard/duties/00000000-0000-7000-8000-000080001001/cycles"
    method: "GET"
    status: 200
    duration_ms: 5
[2026-09-28 00:00:06.213 -0300] INFO (59325): request completed
    route: "/v1/dashboard/duties/00000000-0000-7000-8000-000080001001/cycles/2026-09"
    method: "GET"
    status: 200
    duration_ms: 6
[2026-09-28 00:00:06.219 -0300] INFO (59325): request completed
    route: "/v1/dashboard/duties/00000000-0000-7000-8000-000080001001/cycles"
    method: "GET"
    status: 200
    duration_ms: 6
[2026-09-28 00:00:06.224 -0300] INFO (59325): request completed
    route: "/v1/dashboard/duties/00000000-0000-7000-8000-000080001001/cycles/2026-09"
    method: "GET"
    status: 200
    duration_ms: 5
[2026-09-28 00:00:06.231 -0300] INFO (59325): request completed
    route: "/v1/dashboard/duties/00000000-0000-7000-8000-000080001001/cycles"
    method: "GET"
    status: 200
    duration_ms: 6
[2026-09-28 00:00:06.238 -0300] INFO (59325): request completed
    route: "/v1/dashboard/duties/00000000-0000-7000-8000-000080001001/cycles/2026-09"
    method: "GET"
    status: 200
    duration_ms: 6
[2026-09-28 00:00:06.240 -0300] INFO (59325): request completed
    route: "/v1/dashboard/duties/00000000-0000-7000-8000-000080001001/cycles"
    method: "GET"
    status: 403
    duration_ms: 1
[2026-09-28 00:00:06.241 -0300] INFO (59325): request completed
    route: "/v1/dashboard/duties/00000000-0000-7000-8000-000080001001/cycles/2026-09"
    method: "GET"
    status: 403
    duration_ms: 1
[2026-09-28 00:00:06.248 -0300] INFO (59325): request completed
    route: "/v1/dashboard/duties/00000000-0000-7000-8000-000080001001/cycles"
    method: "GET"
    status: 200
    duration_ms: 7
[2026-09-28 00:00:06.255 -0300] INFO (59325): request completed
    route: "/v1/dashboard/duties/00000000-0000-7000-8000-000080001001/cycles/2026-09"
    method: "GET"
    status: 200
    duration_ms: 7
[2026-09-28 00:00:06.262 -0300] INFO (59325): request completed
    route: "/v1/dashboard/duties/00000000-0000-7000-8000-000080001001/cycles"
    method: "GET"
    status: 200
    duration_ms: 6
[2026-09-28 00:00:06.267 -0300] INFO (59325): request completed
    route: "/v1/dashboard/duties/00000000-0000-7000-8000-000080001001/cycles/2026-09"
    method: "GET"
    status: 200
    duration_ms: 5
[2026-09-28 00:00:06.273 -0300] INFO (59325): request completed
    route: "/v1/dashboard/duties/00000000-0000-7000-8000-000080001001/cycles"
    method: "GET"
    status: 200
    duration_ms: 5
[2026-09-28 00:00:06.280 -0300] INFO (59325): request completed
    route: "/v1/dashboard/duties/00000000-0000-7000-8000-000080001001/cycles/2026-09"
    method: "GET"
    status: 200
    duration_ms: 6
[2026-09-28 00:00:06.286 -0300] INFO (59325): request completed
    route: "/v1/dashboard/duties/00000000-0000-7000-8000-000080001001/cycles"
    method: "GET"
    status: 200
    duration_ms: 6
[2026-09-28 00:00:06.292 -0300] INFO (59325): request completed
    route: "/v1/dashboard/duties/00000000-0000-7000-8000-000080001001/cycles/2026-09"
    method: "GET"
    status: 200
    duration_ms: 5
[2026-09-28 00:00:06.298 -0300] INFO (59325): request completed
    route: "/v1/dashboard/duties/00000000-0000-7000-8000-000080001001/cycles"
    method: "GET"
    status: 200
    duration_ms: 5
[2026-09-28 00:00:06.304 -0300] INFO (59325): request completed
    route: "/v1/dashboard/duties/00000000-0000-7000-8000-000080001001/cycles/2026-09"
    method: "GET"
    status: 200
    duration_ms: 5
[2026-09-28 00:00:06.311 -0300] INFO (59325): request completed
    route: "/v1/dashboard/duties/00000000-0000-7000-8000-000080001001/cycles"
    method: "GET"
    status: 200
    duration_ms: 6
[2026-09-28 00:00:06.316 -0300] INFO (59325): request completed
    route: "/v1/dashboard/duties/00000000-0000-7000-8000-000080001001/cycles/2026-09"
    method: "GET"
    status: 200
    duration_ms: 5
[2026-09-28 00:00:06.323 -0300] INFO (59325): request completed
    route: "/v1/dashboard/duties/00000000-0000-7000-8000-000080001001/cycles"
    method: "GET"
    status: 200
    duration_ms: 6
[2026-09-28 00:00:06.329 -0300] INFO (59325): request completed
    route: "/v1/dashboard/duties/00000000-0000-7000-8000-000080001001/cycles/2026-09"
    method: "GET"
    status: 200
    duration_ms: 5
[2026-09-28 00:00:06.336 -0300] INFO (59325): request completed
    route: "/v1/dashboard/duties/00000000-0000-7000-8000-000080001001/cycles"
    method: "GET"
    status: 200
    duration_ms: 6
[2026-09-28 00:00:06.341 -0300] INFO (59325): request completed
    route: "/v1/dashboard/duties/00000000-0000-7000-8000-000080001001/cycles/2026-09"
    method: "GET"
    status: 200
    duration_ms: 4
[2026-09-28 00:00:06.348 -0300] INFO (59325): request completed
    route: "/v1/dashboard/duties/00000000-0000-7000-8000-000080001001/cycles"
    method: "GET"
    status: 200
    duration_ms: 6
[2026-09-28 00:00:06.355 -0300] INFO (59325): request completed
    route: "/v1/dashboard/duties/00000000-0000-7000-8000-000080001001/cycles/2026-09"
    method: "GET"
    status: 200
    duration_ms: 7
[2026-09-28 00:00:06.361 -0300] INFO (59325): request completed
    route: "/v1/dashboard/duties/00000000-0000-7000-8000-000080001001/cycles"
    method: "GET"
    status: 200
    duration_ms: 6
[2026-09-28 00:00:06.367 -0300] INFO (59325): request completed
    route: "/v1/dashboard/duties/00000000-0000-7000-8000-000080001001/cycles/2026-09"
    method: "GET"
    status: 200
    duration_ms: 6
[2026-09-28 00:00:06.373 -0300] INFO (59325): request completed
    route: "/v1/dashboard/duties/00000000-0000-7000-8000-000080001001/cycles"
    method: "GET"
    status: 200
    duration_ms: 5
[2026-09-28 00:00:06.379 -0300] INFO (59325): request completed
    route: "/v1/dashboard/duties/00000000-0000-7000-8000-000080001001/cycles/2026-09"
    method: "GET"
    status: 200
    duration_ms: 6
[2026-09-28 00:00:06.386 -0300] INFO (59325): request completed
    route: "/v1/dashboard/duties/00000000-0000-7000-8000-000080001001/cycles"
    method: "GET"
    status: 200
    duration_ms: 6
[2026-09-28 00:00:06.392 -0300] INFO (59325): request completed
    route: "/v1/dashboard/duties/00000000-0000-7000-8000-000080001001/cycles/2026-09"
    method: "GET"
    status: 200
    duration_ms: 5
[2026-09-28 00:00:06.399 -0300] INFO (59325): request completed
    route: "/v1/dashboard/duties/00000000-0000-7000-8000-000080001001/cycles"
    method: "GET"
    status: 200
    duration_ms: 6
[2026-09-28 00:00:06.405 -0300] INFO (59325): request completed
    route: "/v1/dashboard/duties/00000000-0000-7000-8000-000080001001/cycles/2026-09"
    method: "GET"
    status: 200
    duration_ms: 5
[2026-09-28 00:00:06.412 -0300] INFO (59325): request completed
    route: "/v1/dashboard/duties/00000000-0000-7000-8000-000080001001/cycles"
    method: "GET"
    status: 200
    duration_ms: 6
[2026-09-28 00:00:06.418 -0300] INFO (59325): request completed
    route: "/v1/dashboard/duties/00000000-0000-7000-8000-000080001001/cycles/2026-09"
    method: "GET"
    status: 200
    duration_ms: 5
[2026-09-28 00:00:06.423 -0300] INFO (59325): request completed
    route: "/v1/dashboard/duties/00000000-0000-7000-8000-000080001001/cycles"
    method: "GET"
    status: 200
    duration_ms: 4
[2026-09-28 00:00:06.430 -0300] INFO (59325): request completed
    route: "/v1/dashboard/duties/00000000-0000-7000-8000-000080001001/cycles/2026-09"
    method: "GET"
    status: 200
    duration_ms: 6
[2026-09-28 00:00:06.437 -0300] INFO (59325): request completed
    route: "/v1/dashboard/duties/00000000-0000-7000-8000-000080001001/cycles"
    method: "GET"
    status: 200
    duration_ms: 7
[2026-09-28 00:00:06.442 -0300] INFO (59325): request completed
    route: "/v1/dashboard/duties/00000000-0000-7000-8000-000080001001/cycles/2026-09"
    method: "GET"
    status: 200
    duration_ms: 5
[2026-09-28 00:00:06.449 -0300] INFO (59325): request completed
    route: "/v1/dashboard/duties/00000000-0000-7000-8000-000080001001/cycles"
    method: "GET"
    status: 200
    duration_ms: 6
[2026-09-28 00:00:06.456 -0300] INFO (59325): request completed
    route: "/v1/dashboard/duties/00000000-0000-7000-8000-000080001001/cycles/2026-09"
    method: "GET"
    status: 200
    duration_ms: 6
[2026-09-28 00:00:06.463 -0300] INFO (59325): request completed
    route: "/v1/dashboard/duties/00000000-0000-7000-8000-000080001001/cycles"
    method: "GET"
    status: 200
    duration_ms: 7
[2026-09-28 00:00:06.470 -0300] INFO (59325): request completed
    route: "/v1/dashboard/duties/00000000-0000-7000-8000-000080001001/cycles/2026-09"
    method: "GET"
    status: 200
    duration_ms: 6
[2026-09-28 00:00:06.476 -0300] INFO (59325): request completed
    route: "/v1/dashboard/duties/00000000-0000-7000-8000-000080001001/cycles"
    method: "GET"
    status: 200
    duration_ms: 5
[2026-09-28 00:00:06.482 -0300] INFO (59325): request completed
    route: "/v1/dashboard/duties/00000000-0000-7000-8000-000080001001/cycles/2026-09"
    method: "GET"
    status: 200
    duration_ms: 6
[2026-09-28 00:00:06.488 -0300] INFO (59325): request completed
    route: "/v1/dashboard/duties/00000000-0000-7000-8000-000080001001/cycles"
    method: "GET"
    status: 200
    duration_ms: 5
[2026-09-28 00:00:06.495 -0300] INFO (59325): request completed
    route: "/v1/dashboard/duties/00000000-0000-7000-8000-000080001001/cycles/2026-09"
    method: "GET"
    status: 200
    duration_ms: 6
[2026-09-28 00:00:06.496 -0300] INFO (59325): request completed
    route: "/v1/dashboard/duties/00000000-0000-7000-8000-000080001001/cycles"
    method: "GET"
    status: 403
    duration_ms: 0
[2026-09-28 00:00:06.497 -0300] INFO (59325): request completed
    route: "/v1/dashboard/duties/00000000-0000-7000-8000-000080001001/cycles/2026-09"
    method: "GET"
    status: 403
    duration_ms: 0
[2026-09-28 00:00:06.520 -0300] INFO (59325): request completed
    route: "/v1/dashboard/duties/00000000-0000-7000-8000-000080001001/cycles/2026-09/start"
    method: "POST"
    status: 428
    duration_ms: 22
[2026-09-28 00:00:06.521 -0300] INFO (59325): request completed
    route: "/v1/dashboard/duties/00000000-0000-7000-8000-000080001001/cycles/2026-09/start"
    method: "POST"
    status: 403
    duration_ms: 0
[2026-09-28 00:00:06.522 -0300] INFO (59325): request completed
    route: "/v1/dashboard/duties/00000000-0000-7000-8000-000080001001/cycles/2026-09/start"
    method: "POST"
    status: 403
    duration_ms: 0
[2026-09-28 00:00:06.522 -0300] INFO (59325): request completed
    route: "/v1/dashboard/duties/00000000-0000-7000-8000-000080001001/cycles/2026-09/start"
    method: "POST"
    status: 403
    duration_ms: 0
[2026-09-28 00:00:06.523 -0300] INFO (59325): request completed
    route: "/v1/dashboard/duties/00000000-0000-7000-8000-000080001001/cycles/2026-09/start"
    method: "POST"
    status: 403
    duration_ms: 0
[2026-09-28 00:00:06.524 -0300] INFO (59325): request completed
    route: "/v1/dashboard/duties/00000000-0000-7000-8000-000080001001/cycles/2026-09/start"
    method: "POST"
    status: 403
    duration_ms: 0
[2026-09-28 00:00:06.524 -0300] INFO (59325): request completed
    route: "/v1/dashboard/duties/00000000-0000-7000-8000-000080001001/cycles/2026-09/start"
    method: "POST"
    status: 403
    duration_ms: 0
[2026-09-28 00:00:06.525 -0300] INFO (59325): request completed
    route: "/v1/dashboard/duties/00000000-0000-7000-8000-000080001001/cycles/2026-09/start"
    method: "POST"
    status: 403
    duration_ms: 0
[2026-09-28 00:00:06.527 -0300] INFO (59325): request completed
    route: "/v1/dashboard/duties/00000000-0000-7000-8000-000080001001/cycles/2026-09/start"
    method: "POST"
    status: 403
    duration_ms: 1
[2026-09-28 00:00:06.549 -0300] INFO (59325): request completed
    route: "/v1/dashboard/duties/00000000-0000-7000-8000-000080001001/cycles/2026-09/start"
    method: "POST"
    status: 428
    duration_ms: 22
[2026-09-28 00:00:06.550 -0300] INFO (59325): request completed
    route: "/v1/dashboard/duties/00000000-0000-7000-8000-000080001001/cycles/2026-09/start"
    method: "POST"
    status: 403
    duration_ms: 0
[2026-09-28 00:00:06.551 -0300] INFO (59325): request completed
    route: "/v1/dashboard/duties/00000000-0000-7000-8000-000080001001/cycles/2026-09/start"
    method: "POST"
    status: 403
    duration_ms: 0
[2026-09-28 00:00:06.552 -0300] INFO (59325): request completed
    route: "/v1/dashboard/duties/00000000-0000-7000-8000-000080001001/cycles/2026-09/start"
    method: "POST"
    status: 403
    duration_ms: 0
[2026-09-28 00:00:06.572 -0300] INFO (59325): request completed
    route: "/v1/dashboard/duties/00000000-0000-7000-8000-000080001001/cycles/2026-09/start"
    method: "POST"
    status: 428
    duration_ms: 19
[2026-09-28 00:00:06.574 -0300] INFO (59325): request completed
    route: "/v1/dashboard/duties/00000000-0000-7000-8000-000080001001/cycles/2026-09/start"
    method: "POST"
    status: 403
    duration_ms: 1
[2026-09-28 00:00:06.574 -0300] INFO (59325): request completed
    route: "/v1/dashboard/duties/00000000-0000-7000-8000-000080001001/cycles/2026-09/start"
    method: "POST"
    status: 403
    duration_ms: 0
[2026-09-28 00:00:06.575 -0300] INFO (59325): request completed
    route: "/v1/dashboard/duties/00000000-0000-7000-8000-000080001001/cycles/2026-09/start"
    method: "POST"
    status: 403
    duration_ms: 0
[2026-09-28 00:00:06.576 -0300] INFO (59325): request completed
    route: "/v1/dashboard/duties/00000000-0000-7000-8000-000080001001/cycles/2026-09/start"
    method: "POST"
    status: 403
    duration_ms: 0
[2026-09-28 00:00:06.577 -0300] INFO (59325): request completed
    route: "/v1/dashboard/duties/00000000-0000-7000-8000-000080001001/cycles/2026-09/start"
    method: "POST"
    status: 403
    duration_ms: 0
[2026-09-28 00:00:06.597 -0300] INFO (59325): request completed
    route: "/v1/dashboard/duties/00000000-0000-7000-8000-000080001001/cycles/2026-09/start"
    method: "POST"
    status: 428
    duration_ms: 19
[2026-09-28 00:00:06.617 -0300] INFO (59325): request completed
    route: "/v1/dashboard/duties/00000000-0000-7000-8000-000080001001/cycles/2026-09/start"
    method: "POST"
    status: 428
    duration_ms: 19
[2026-09-28 00:00:06.618 -0300] INFO (59325): request completed
    route: "/v1/dashboard/duties/00000000-0000-7000-8000-000080001001/cycles/2026-09/start"
    method: "POST"
    status: 403
    duration_ms: 0
[2026-09-28 00:00:06.619 -0300] INFO (59325): request completed
    route: "/v1/dashboard/duties/00000000-0000-7000-8000-000080001001/cycles/2026-09/start"
    method: "POST"
    status: 403
    duration_ms: 0
[2026-09-28 00:00:06.620 -0300] INFO (59325): request completed
    route: "/v1/dashboard/duties/00000000-0000-7000-8000-000080001001/cycles/2026-09/start"
    method: "POST"
    status: 403
    duration_ms: 0
[2026-09-28 00:00:06.621 -0300] INFO (59325): request completed
    route: "/v1/dashboard/duties/00000000-0000-7000-8000-000080001001/cycles/2026-09/start"
    method: "POST"
    status: 403
    duration_ms: 0
[2026-09-28 00:00:06.622 -0300] INFO (59325): request completed
    route: "/v1/dashboard/duties/00000000-0000-7000-8000-000080001001/cycles/2026-09/start"
    method: "POST"
    status: 403
    duration_ms: 1
[2026-09-28 00:00:06.622 -0300] INFO (59325): request completed
    route: "/v1/dashboard/duties/00000000-0000-7000-8000-000080001001/cycles/2026-09/start"
    method: "POST"
    status: 403
    duration_ms: 0
[2026-09-28 00:00:06.623 -0300] INFO (59325): request completed
    route: "/v1/dashboard/duties/00000000-0000-7000-8000-000080001001/cycles/2026-09/start"
    method: "POST"
    status: 403
    duration_ms: 0
[2026-09-28 00:00:06.623 -0300] INFO (59325): request completed
    route: "/v1/dashboard/duties/00000000-0000-7000-8000-000080001001/cycles/2026-09/start"
    method: "POST"
    status: 403
    duration_ms: 0
[2026-09-28 00:00:06.624 -0300] INFO (59325): request completed
    route: "/v1/dashboard/duties/00000000-0000-7000-8000-000080001001/cycles/2026-09/start"
    method: "POST"
    status: 403
    duration_ms: 0
[2026-09-28 00:00:06.625 -0300] INFO (59325): request completed
    route: "/v1/dashboard/duties/00000000-0000-7000-8000-000080001001/cycles/2026-09/start"
    method: "POST"
    status: 403
    duration_ms: 1
[2026-09-28 00:00:06.625 -0300] INFO (59325): request completed
    route: "/v1/dashboard/duties/00000000-0000-7000-8000-000080001001/cycles/2026-09/start"
    method: "POST"
    status: 403
    duration_ms: 0
[2026-09-28 00:00:06.627 -0300] INFO (59325): request completed
    route: "/v1/dashboard/duties/00000000-0000-7000-8000-000080001001/cycles/2026-09/start"
    method: "POST"
    status: 403
    duration_ms: 1
[2026-09-28 00:00:06.628 -0300] INFO (59325): request completed
    route: "/v1/dashboard/duties/00000000-0000-7000-8000-000080001001/cycles/2026-09/start"
    method: "POST"
    status: 403
    duration_ms: 1
[2026-09-28 00:00:06.653 -0300] INFO (59325): request completed
    route: "/v1/dashboard/duties/00000000-0000-7000-8000-000080001001/cycles/2026-09/start"
    method: "POST"
    status: 428
    duration_ms: 25
[2026-09-28 00:00:06.654 -0300] INFO (59325): request completed
    route: "/v1/dashboard/duties/00000000-0000-7000-8000-000080001001/cycles/2026-09/start"
    method: "POST"
    status: 403
    duration_ms: 0
[2026-09-28 00:00:06.682 -0300] INFO (59325): request completed
    route: "/v1/dashboard/duties/00000000-0000-7000-8000-000080001001/cycles/2026-09/prepare"
    method: "POST"
    status: 428
    duration_ms: 27
[2026-09-28 00:00:06.683 -0300] INFO (59325): request completed
    route: "/v1/dashboard/duties/00000000-0000-7000-8000-000080001001/cycles/2026-09/prepare"
    method: "POST"
    status: 403
    duration_ms: 0
[2026-09-28 00:00:06.684 -0300] INFO (59325): request completed
    route: "/v1/dashboard/duties/00000000-0000-7000-8000-000080001001/cycles/2026-09/prepare"
    method: "POST"
    status: 403
    duration_ms: 0
[2026-09-28 00:00:06.685 -0300] INFO (59325): request completed
    route: "/v1/dashboard/duties/00000000-0000-7000-8000-000080001001/cycles/2026-09/prepare"
    method: "POST"
    status: 403
    duration_ms: 0
[2026-09-28 00:00:06.686 -0300] INFO (59325): request completed
    route: "/v1/dashboard/duties/00000000-0000-7000-8000-000080001001/cycles/2026-09/prepare"
    method: "POST"
    status: 403
    duration_ms: 1
[2026-09-28 00:00:06.687 -0300] INFO (59325): request completed
    route: "/v1/dashboard/duties/00000000-0000-7000-8000-000080001001/cycles/2026-09/prepare"
    method: "POST"
    status: 403
    duration_ms: 1
[2026-09-28 00:00:06.688 -0300] INFO (59325): request completed
    route: "/v1/dashboard/duties/00000000-0000-7000-8000-000080001001/cycles/2026-09/prepare"
    method: "POST"
    status: 403
    duration_ms: 1
[2026-09-28 00:00:06.689 -0300] INFO (59325): request completed
    route: "/v1/dashboard/duties/00000000-0000-7000-8000-000080001001/cycles/2026-09/prepare"
    method: "POST"
    status: 403
    duration_ms: 1
[2026-09-28 00:00:06.689 -0300] INFO (59325): request completed
    route: "/v1/dashboard/duties/00000000-0000-7000-8000-000080001001/cycles/2026-09/prepare"
    method: "POST"
    status: 403
    duration_ms: 0
[2026-09-28 00:00:06.712 -0300] INFO (59325): request completed
    route: "/v1/dashboard/duties/00000000-0000-7000-8000-000080001001/cycles/2026-09/prepare"
    method: "POST"
    status: 428
    duration_ms: 22
[2026-09-28 00:00:06.714 -0300] INFO (59325): request completed
    route: "/v1/dashboard/duties/00000000-0000-7000-8000-000080001001/cycles/2026-09/prepare"
    method: "POST"
    status: 403
    duration_ms: 1
[2026-09-28 00:00:06.715 -0300] INFO (59325): request completed
    route: "/v1/dashboard/duties/00000000-0000-7000-8000-000080001001/cycles/2026-09/prepare"
    method: "POST"
    status: 403
    duration_ms: 1
[2026-09-28 00:00:06.716 -0300] INFO (59325): request completed
    route: "/v1/dashboard/duties/00000000-0000-7000-8000-000080001001/cycles/2026-09/prepare"
    method: "POST"
    status: 403
    duration_ms: 1
[2026-09-28 00:00:06.740 -0300] INFO (59325): request completed
    route: "/v1/dashboard/duties/00000000-0000-7000-8000-000080001001/cycles/2026-09/prepare"
    method: "POST"
    status: 428
    duration_ms: 24
[2026-09-28 00:00:06.742 -0300] INFO (59325): request completed
    route: "/v1/dashboard/duties/00000000-0000-7000-8000-000080001001/cycles/2026-09/prepare"
    method: "POST"
    status: 403
    duration_ms: 1
[2026-09-28 00:00:06.743 -0300] INFO (59325): request completed
    route: "/v1/dashboard/duties/00000000-0000-7000-8000-000080001001/cycles/2026-09/prepare"
    method: "POST"
    status: 403
    duration_ms: 1
[2026-09-28 00:00:06.744 -0300] INFO (59325): request completed
    route: "/v1/dashboard/duties/00000000-0000-7000-8000-000080001001/cycles/2026-09/prepare"
    method: "POST"
    status: 403
    duration_ms: 1
[2026-09-28 00:00:06.745 -0300] INFO (59325): request completed
    route: "/v1/dashboard/duties/00000000-0000-7000-8000-000080001001/cycles/2026-09/prepare"
    method: "POST"
    status: 403
    duration_ms: 1
[2026-09-28 00:00:06.745 -0300] INFO (59325): request completed
    route: "/v1/dashboard/duties/00000000-0000-7000-8000-000080001001/cycles/2026-09/prepare"
    method: "POST"
    status: 403
    duration_ms: 0
[2026-09-28 00:00:06.768 -0300] INFO (59325): request completed
    route: "/v1/dashboard/duties/00000000-0000-7000-8000-000080001001/cycles/2026-09/prepare"
    method: "POST"
    status: 428
    duration_ms: 22
[2026-09-28 00:00:06.789 -0300] INFO (59325): request completed
    route: "/v1/dashboard/duties/00000000-0000-7000-8000-000080001001/cycles/2026-09/prepare"
    method: "POST"
    status: 428
    duration_ms: 20
[2026-09-28 00:00:06.790 -0300] INFO (59325): request completed
    route: "/v1/dashboard/duties/00000000-0000-7000-8000-000080001001/cycles/2026-09/prepare"
    method: "POST"
    status: 403
    duration_ms: 0
[2026-09-28 00:00:06.791 -0300] INFO (59325): request completed
    route: "/v1/dashboard/duties/00000000-0000-7000-8000-000080001001/cycles/2026-09/prepare"
    method: "POST"
    status: 403
    duration_ms: 0
[2026-09-28 00:00:06.792 -0300] INFO (59325): request completed
    route: "/v1/dashboard/duties/00000000-0000-7000-8000-000080001001/cycles/2026-09/prepare"
    method: "POST"
    status: 403
    duration_ms: 1
[2026-09-28 00:00:06.793 -0300] INFO (59325): request completed
    route: "/v1/dashboard/duties/00000000-0000-7000-8000-000080001001/cycles/2026-09/prepare"
    method: "POST"
    status: 403
    duration_ms: 1
[2026-09-28 00:00:06.794 -0300] INFO (59325): request completed
    route: "/v1/dashboard/duties/00000000-0000-7000-8000-000080001001/cycles/2026-09/prepare"
    method: "POST"
    status: 403
    duration_ms: 1
[2026-09-28 00:00:06.795 -0300] INFO (59325): request completed
    route: "/v1/dashboard/duties/00000000-0000-7000-8000-000080001001/cycles/2026-09/prepare"
    method: "POST"
    status: 403
    duration_ms: 1
[2026-09-28 00:00:06.796 -0300] INFO (59325): request completed
    route: "/v1/dashboard/duties/00000000-0000-7000-8000-000080001001/cycles/2026-09/prepare"
    method: "POST"
    status: 403
    duration_ms: 1
[2026-09-28 00:00:06.796 -0300] INFO (59325): request completed
    route: "/v1/dashboard/duties/00000000-0000-7000-8000-000080001001/cycles/2026-09/prepare"
    method: "POST"
    status: 403
    duration_ms: 0
[2026-09-28 00:00:06.797 -0300] INFO (59325): request completed
    route: "/v1/dashboard/duties/00000000-0000-7000-8000-000080001001/cycles/2026-09/prepare"
    method: "POST"
    status: 403
    duration_ms: 1
[2026-09-28 00:00:06.797 -0300] INFO (59325): request completed
    route: "/v1/dashboard/duties/00000000-0000-7000-8000-000080001001/cycles/2026-09/prepare"
    method: "POST"
    status: 403
    duration_ms: 0
[2026-09-28 00:00:06.798 -0300] INFO (59325): request completed
    route: "/v1/dashboard/duties/00000000-0000-7000-8000-000080001001/cycles/2026-09/prepare"
    method: "POST"
    status: 403
    duration_ms: 0
[2026-09-28 00:00:06.798 -0300] INFO (59325): request completed
    route: "/v1/dashboard/duties/00000000-0000-7000-8000-000080001001/cycles/2026-09/prepare"
    method: "POST"
    status: 403
    duration_ms: 0
[2026-09-28 00:00:06.799 -0300] INFO (59325): request completed
    route: "/v1/dashboard/duties/00000000-0000-7000-8000-000080001001/cycles/2026-09/prepare"
    method: "POST"
    status: 403
    duration_ms: 0
[2026-09-28 00:00:06.822 -0300] INFO (59325): request completed
    route: "/v1/dashboard/duties/00000000-0000-7000-8000-000080001001/cycles/2026-09/prepare"
    method: "POST"
    status: 428
    duration_ms: 23
[2026-09-28 00:00:06.824 -0300] INFO (59325): request completed
    route: "/v1/dashboard/duties/00000000-0000-7000-8000-000080001001/cycles/2026-09/prepare"
    method: "POST"
    status: 403
    duration_ms: 1
[2026-09-28 00:00:06.847 -0300] INFO (59325): request completed
    route: "/v1/dashboard/duties/00000000-0000-7000-8000-000080001001/cycles/2026-09/submit"
    method: "POST"
    status: 428
    duration_ms: 23
[2026-09-28 00:00:06.849 -0300] INFO (59325): request completed
    route: "/v1/dashboard/duties/00000000-0000-7000-8000-000080001001/cycles/2026-09/submit"
    method: "POST"
    status: 403
    duration_ms: 1
[2026-09-28 00:00:06.849 -0300] INFO (59325): request completed
    route: "/v1/dashboard/duties/00000000-0000-7000-8000-000080001001/cycles/2026-09/submit"
    method: "POST"
    status: 403
    duration_ms: 0
[2026-09-28 00:00:06.850 -0300] INFO (59325): request completed
    route: "/v1/dashboard/duties/00000000-0000-7000-8000-000080001001/cycles/2026-09/submit"
    method: "POST"
    status: 403
    duration_ms: 0
[2026-09-28 00:00:06.851 -0300] INFO (59325): request completed
    route: "/v1/dashboard/duties/00000000-0000-7000-8000-000080001001/cycles/2026-09/submit"
    method: "POST"
    status: 403
    duration_ms: 0
[2026-09-28 00:00:06.852 -0300] INFO (59325): request completed
    route: "/v1/dashboard/duties/00000000-0000-7000-8000-000080001001/cycles/2026-09/submit"
    method: "POST"
    status: 403
    duration_ms: 0
[2026-09-28 00:00:06.853 -0300] INFO (59325): request completed
    route: "/v1/dashboard/duties/00000000-0000-7000-8000-000080001001/cycles/2026-09/submit"
    method: "POST"
    status: 403
    duration_ms: 0
[2026-09-28 00:00:06.854 -0300] INFO (59325): request completed
    route: "/v1/dashboard/duties/00000000-0000-7000-8000-000080001001/cycles/2026-09/submit"
    method: "POST"
    status: 403
    duration_ms: 0
[2026-09-28 00:00:06.855 -0300] INFO (59325): request completed
    route: "/v1/dashboard/duties/00000000-0000-7000-8000-000080001001/cycles/2026-09/submit"
    method: "POST"
    status: 403
    duration_ms: 0
[2026-09-28 00:00:06.880 -0300] INFO (59325): request completed
    route: "/v1/dashboard/duties/00000000-0000-7000-8000-000080001001/cycles/2026-09/submit"
    method: "POST"
    status: 428
    duration_ms: 24
[2026-09-28 00:00:06.882 -0300] INFO (59325): request completed
    route: "/v1/dashboard/duties/00000000-0000-7000-8000-000080001001/cycles/2026-09/submit"
    method: "POST"
    status: 403
    duration_ms: 1
[2026-09-28 00:00:06.883 -0300] INFO (59325): request completed
    route: "/v1/dashboard/duties/00000000-0000-7000-8000-000080001001/cycles/2026-09/submit"
    method: "POST"
    status: 403
    duration_ms: 1
[2026-09-28 00:00:06.884 -0300] INFO (59325): request completed
    route: "/v1/dashboard/duties/00000000-0000-7000-8000-000080001001/cycles/2026-09/submit"
    method: "POST"
    status: 403
    duration_ms: 0
[2026-09-28 00:00:06.907 -0300] INFO (59325): request completed
    route: "/v1/dashboard/duties/00000000-0000-7000-8000-000080001001/cycles/2026-09/submit"
    method: "POST"
    status: 428
    duration_ms: 22
[2026-09-28 00:00:06.908 -0300] INFO (59325): request completed
    route: "/v1/dashboard/duties/00000000-0000-7000-8000-000080001001/cycles/2026-09/submit"
    method: "POST"
    status: 403
    duration_ms: 0
[2026-09-28 00:00:06.910 -0300] INFO (59325): request completed
    route: "/v1/dashboard/duties/00000000-0000-7000-8000-000080001001/cycles/2026-09/submit"
    method: "POST"
    status: 403
    duration_ms: 1
[2026-09-28 00:00:06.911 -0300] INFO (59325): request completed
    route: "/v1/dashboard/duties/00000000-0000-7000-8000-000080001001/cycles/2026-09/submit"
    method: "POST"
    status: 403
    duration_ms: 1
[2026-09-28 00:00:06.912 -0300] INFO (59325): request completed
    route: "/v1/dashboard/duties/00000000-0000-7000-8000-000080001001/cycles/2026-09/submit"
    method: "POST"
    status: 403
    duration_ms: 1
[2026-09-28 00:00:06.913 -0300] INFO (59325): request completed
    route: "/v1/dashboard/duties/00000000-0000-7000-8000-000080001001/cycles/2026-09/submit"
    method: "POST"
    status: 403
    duration_ms: 1
[2026-09-28 00:00:06.938 -0300] INFO (59325): request completed
    route: "/v1/dashboard/duties/00000000-0000-7000-8000-000080001001/cycles/2026-09/submit"
    method: "POST"
    status: 428
    duration_ms: 25
[2026-09-28 00:00:06.959 -0300] INFO (59325): request completed
    route: "/v1/dashboard/duties/00000000-0000-7000-8000-000080001001/cycles/2026-09/submit"
    method: "POST"
    status: 428
    duration_ms: 21
[2026-09-28 00:00:06.960 -0300] INFO (59325): request completed
    route: "/v1/dashboard/duties/00000000-0000-7000-8000-000080001001/cycles/2026-09/submit"
    method: "POST"
    status: 403
    duration_ms: 0
[2026-09-28 00:00:06.962 -0300] INFO (59325): request completed
    route: "/v1/dashboard/duties/00000000-0000-7000-8000-000080001001/cycles/2026-09/submit"
    method: "POST"
    status: 403
    duration_ms: 1
[2026-09-28 00:00:06.962 -0300] INFO (59325): request completed
    route: "/v1/dashboard/duties/00000000-0000-7000-8000-000080001001/cycles/2026-09/submit"
    method: "POST"
    status: 403
    duration_ms: 0
[2026-09-28 00:00:06.963 -0300] INFO (59325): request completed
    route: "/v1/dashboard/duties/00000000-0000-7000-8000-000080001001/cycles/2026-09/submit"
    method: "POST"
    status: 403
    duration_ms: 0
[2026-09-28 00:00:06.964 -0300] INFO (59325): request completed
    route: "/v1/dashboard/duties/00000000-0000-7000-8000-000080001001/cycles/2026-09/submit"
    method: "POST"
    status: 403
    duration_ms: 0
[2026-09-28 00:00:06.965 -0300] INFO (59325): request completed
    route: "/v1/dashboard/duties/00000000-0000-7000-8000-000080001001/cycles/2026-09/submit"
    method: "POST"
    status: 403
    duration_ms: 0
[2026-09-28 00:00:06.966 -0300] INFO (59325): request completed
    route: "/v1/dashboard/duties/00000000-0000-7000-8000-000080001001/cycles/2026-09/submit"
    method: "POST"
    status: 403
    duration_ms: 1
[2026-09-28 00:00:06.967 -0300] INFO (59325): request completed
    route: "/v1/dashboard/duties/00000000-0000-7000-8000-000080001001/cycles/2026-09/submit"
    method: "POST"
    status: 403
    duration_ms: 1
[2026-09-28 00:00:06.968 -0300] INFO (59325): request completed
    route: "/v1/dashboard/duties/00000000-0000-7000-8000-000080001001/cycles/2026-09/submit"
    method: "POST"
    status: 403
    duration_ms: 1
[2026-09-28 00:00:06.968 -0300] INFO (59325): request completed
    route: "/v1/dashboard/duties/00000000-0000-7000-8000-000080001001/cycles/2026-09/submit"
    method: "POST"
    status: 403
    duration_ms: 0
[2026-09-28 00:00:06.969 -0300] INFO (59325): request completed
    route: "/v1/dashboard/duties/00000000-0000-7000-8000-000080001001/cycles/2026-09/submit"
    method: "POST"
    status: 403
    duration_ms: 0
[2026-09-28 00:00:06.970 -0300] INFO (59325): request completed
    route: "/v1/dashboard/duties/00000000-0000-7000-8000-000080001001/cycles/2026-09/submit"
    method: "POST"
    status: 403
    duration_ms: 0
[2026-09-28 00:00:06.971 -0300] INFO (59325): request completed
    route: "/v1/dashboard/duties/00000000-0000-7000-8000-000080001001/cycles/2026-09/submit"
    method: "POST"
    status: 403
    duration_ms: 0
[2026-09-28 00:00:06.996 -0300] INFO (59325): request completed
    route: "/v1/dashboard/duties/00000000-0000-7000-8000-000080001001/cycles/2026-09/submit"
    method: "POST"
    status: 428
    duration_ms: 24
[2026-09-28 00:00:06.998 -0300] INFO (59325): request completed
    route: "/v1/dashboard/duties/00000000-0000-7000-8000-000080001001/cycles/2026-09/submit"
    method: "POST"
    status: 403
    duration_ms: 1
[2026-09-28 00:00:07.022 -0300] INFO (59325): request completed
    route: "/v1/dashboard/duties/00000000-0000-7000-8000-000080001001/cycles/2026-09/prove"
    method: "POST"
    status: 428
    duration_ms: 24
[2026-09-28 00:00:07.024 -0300] INFO (59325): request completed
    route: "/v1/dashboard/duties/00000000-0000-7000-8000-000080001001/cycles/2026-09/prove"
    method: "POST"
    status: 403
    duration_ms: 1
[2026-09-28 00:00:07.025 -0300] INFO (59325): request completed
    route: "/v1/dashboard/duties/00000000-0000-7000-8000-000080001001/cycles/2026-09/prove"
    method: "POST"
    status: 403
    duration_ms: 1
[2026-09-28 00:00:07.026 -0300] INFO (59325): request completed
    route: "/v1/dashboard/duties/00000000-0000-7000-8000-000080001001/cycles/2026-09/prove"
    method: "POST"
    status: 403
    duration_ms: 1
[2026-09-28 00:00:07.027 -0300] INFO (59325): request completed
    route: "/v1/dashboard/duties/00000000-0000-7000-8000-000080001001/cycles/2026-09/prove"
    method: "POST"
    status: 403
    duration_ms: 1
[2026-09-28 00:00:07.028 -0300] INFO (59325): request completed
    route: "/v1/dashboard/duties/00000000-0000-7000-8000-000080001001/cycles/2026-09/prove"
    method: "POST"
    status: 403
    duration_ms: 0
[2026-09-28 00:00:07.029 -0300] INFO (59325): request completed
    route: "/v1/dashboard/duties/00000000-0000-7000-8000-000080001001/cycles/2026-09/prove"
    method: "POST"
    status: 403
    duration_ms: 0
[2026-09-28 00:00:07.030 -0300] INFO (59325): request completed
    route: "/v1/dashboard/duties/00000000-0000-7000-8000-000080001001/cycles/2026-09/prove"
    method: "POST"
    status: 403
    duration_ms: 0
[2026-09-28 00:00:07.031 -0300] INFO (59325): request completed
    route: "/v1/dashboard/duties/00000000-0000-7000-8000-000080001001/cycles/2026-09/prove"
    method: "POST"
    status: 403
    duration_ms: 0
[2026-09-28 00:00:07.056 -0300] INFO (59325): request completed
    route: "/v1/dashboard/duties/00000000-0000-7000-8000-000080001001/cycles/2026-09/prove"
    method: "POST"
    status: 428
    duration_ms: 24
[2026-09-28 00:00:07.057 -0300] INFO (59325): request completed
    route: "/v1/dashboard/duties/00000000-0000-7000-8000-000080001001/cycles/2026-09/prove"
    method: "POST"
    status: 403
    duration_ms: 0
[2026-09-28 00:00:07.058 -0300] INFO (59325): request completed
    route: "/v1/dashboard/duties/00000000-0000-7000-8000-000080001001/cycles/2026-09/prove"
    method: "POST"
    status: 403
    duration_ms: 0
[2026-09-28 00:00:07.059 -0300] INFO (59325): request completed
    route: "/v1/dashboard/duties/00000000-0000-7000-8000-000080001001/cycles/2026-09/prove"
    method: "POST"
    status: 403
    duration_ms: 0
[2026-09-28 00:00:07.083 -0300] INFO (59325): request completed
    route: "/v1/dashboard/duties/00000000-0000-7000-8000-000080001001/cycles/2026-09/prove"
    method: "POST"
    status: 428
    duration_ms: 23
[2026-09-28 00:00:07.084 -0300] INFO (59325): request completed
    route: "/v1/dashboard/duties/00000000-0000-7000-8000-000080001001/cycles/2026-09/prove"
    method: "POST"
    status: 403
    duration_ms: 0
[2026-09-28 00:00:07.085 -0300] INFO (59325): request completed
    route: "/v1/dashboard/duties/00000000-0000-7000-8000-000080001001/cycles/2026-09/prove"
    method: "POST"
    status: 403
    duration_ms: 0
[2026-09-28 00:00:07.086 -0300] INFO (59325): request completed
    route: "/v1/dashboard/duties/00000000-0000-7000-8000-000080001001/cycles/2026-09/prove"
    method: "POST"
    status: 403
    duration_ms: 0
[2026-09-28 00:00:07.087 -0300] INFO (59325): request completed
    route: "/v1/dashboard/duties/00000000-0000-7000-8000-000080001001/cycles/2026-09/prove"
    method: "POST"
    status: 403
    duration_ms: 0
[2026-09-28 00:00:07.089 -0300] INFO (59325): request completed
    route: "/v1/dashboard/duties/00000000-0000-7000-8000-000080001001/cycles/2026-09/prove"
    method: "POST"
    status: 403
    duration_ms: 1
[2026-09-28 00:00:07.112 -0300] INFO (59325): request completed
    route: "/v1/dashboard/duties/00000000-0000-7000-8000-000080001001/cycles/2026-09/prove"
    method: "POST"
    status: 428
    duration_ms: 23
[2026-09-28 00:00:07.135 -0300] INFO (59325): request completed
    route: "/v1/dashboard/duties/00000000-0000-7000-8000-000080001001/cycles/2026-09/prove"
    method: "POST"
    status: 428
    duration_ms: 22
[2026-09-28 00:00:07.137 -0300] INFO (59325): request completed
    route: "/v1/dashboard/duties/00000000-0000-7000-8000-000080001001/cycles/2026-09/prove"
    method: "POST"
    status: 403
    duration_ms: 1
[2026-09-28 00:00:07.138 -0300] INFO (59325): request completed
    route: "/v1/dashboard/duties/00000000-0000-7000-8000-000080001001/cycles/2026-09/prove"
    method: "POST"
    status: 403
    duration_ms: 0
[2026-09-28 00:00:07.139 -0300] INFO (59325): request completed
    route: "/v1/dashboard/duties/00000000-0000-7000-8000-000080001001/cycles/2026-09/prove"
    method: "POST"
    status: 403
    duration_ms: 1
[2026-09-28 00:00:07.139 -0300] INFO (59325): request completed
    route: "/v1/dashboard/duties/00000000-0000-7000-8000-000080001001/cycles/2026-09/prove"
    method: "POST"
    status: 403
    duration_ms: 0
[2026-09-28 00:00:07.140 -0300] INFO (59325): request completed
    route: "/v1/dashboard/duties/00000000-0000-7000-8000-000080001001/cycles/2026-09/prove"
    method: "POST"
    status: 403
    duration_ms: 0
[2026-09-28 00:00:07.141 -0300] INFO (59325): request completed
    route: "/v1/dashboard/duties/00000000-0000-7000-8000-000080001001/cycles/2026-09/prove"
    method: "POST"
    status: 403
    duration_ms: 1
[2026-09-28 00:00:07.142 -0300] INFO (59325): request completed
    route: "/v1/dashboard/duties/00000000-0000-7000-8000-000080001001/cycles/2026-09/prove"
    method: "POST"
    status: 403
    duration_ms: 1
[2026-09-28 00:00:07.143 -0300] INFO (59325): request completed
    route: "/v1/dashboard/duties/00000000-0000-7000-8000-000080001001/cycles/2026-09/prove"
    method: "POST"
    status: 403
    duration_ms: 1
[2026-09-28 00:00:07.144 -0300] INFO (59325): request completed
    route: "/v1/dashboard/duties/00000000-0000-7000-8000-000080001001/cycles/2026-09/prove"
    method: "POST"
    status: 403
    duration_ms: 1
[2026-09-28 00:00:07.144 -0300] INFO (59325): request completed
    route: "/v1/dashboard/duties/00000000-0000-7000-8000-000080001001/cycles/2026-09/prove"
    method: "POST"
    status: 403
    duration_ms: 0
[2026-09-28 00:00:07.145 -0300] INFO (59325): request completed
    route: "/v1/dashboard/duties/00000000-0000-7000-8000-000080001001/cycles/2026-09/prove"
    method: "POST"
    status: 403
    duration_ms: 0
[2026-09-28 00:00:07.146 -0300] INFO (59325): request completed
    route: "/v1/dashboard/duties/00000000-0000-7000-8000-000080001001/cycles/2026-09/prove"
    method: "POST"
    status: 403
    duration_ms: 0
[2026-09-28 00:00:07.147 -0300] INFO (59325): request completed
    route: "/v1/dashboard/duties/00000000-0000-7000-8000-000080001001/cycles/2026-09/prove"
    method: "POST"
    status: 403
    duration_ms: 0
[2026-09-28 00:00:07.173 -0300] INFO (59325): request completed
    route: "/v1/dashboard/duties/00000000-0000-7000-8000-000080001001/cycles/2026-09/prove"
    method: "POST"
    status: 428
    duration_ms: 25
[2026-09-28 00:00:07.176 -0300] INFO (59325): request completed
    route: "/v1/dashboard/duties/00000000-0000-7000-8000-000080001001/cycles/2026-09/prove"
    method: "POST"
    status: 403
    duration_ms: 1
[2026-09-28 00:00:07.198 -0300] INFO (59325): request completed
    route: "/v1/dashboard/duties/00000000-0000-7000-8000-000080001001/cycles/2026-09/archive"
    method: "POST"
    status: 428
    duration_ms: 22
[2026-09-28 00:00:07.199 -0300] INFO (59325): request completed
    route: "/v1/dashboard/duties/00000000-0000-7000-8000-000080001001/cycles/2026-09/archive"
    method: "POST"
    status: 403
    duration_ms: 0
[2026-09-28 00:00:07.200 -0300] INFO (59325): request completed
    route: "/v1/dashboard/duties/00000000-0000-7000-8000-000080001001/cycles/2026-09/archive"
    method: "POST"
    status: 403
    duration_ms: 0
[2026-09-28 00:00:07.201 -0300] INFO (59325): request completed
    route: "/v1/dashboard/duties/00000000-0000-7000-8000-000080001001/cycles/2026-09/archive"
    method: "POST"
    status: 403
    duration_ms: 0
[2026-09-28 00:00:07.202 -0300] INFO (59325): request completed
    route: "/v1/dashboard/duties/00000000-0000-7000-8000-000080001001/cycles/2026-09/archive"
    method: "POST"
    status: 403
    duration_ms: 0
[2026-09-28 00:00:07.203 -0300] INFO (59325): request completed
    route: "/v1/dashboard/duties/00000000-0000-7000-8000-000080001001/cycles/2026-09/archive"
    method: "POST"
    status: 403
    duration_ms: 0
[2026-09-28 00:00:07.204 -0300] INFO (59325): request completed
    route: "/v1/dashboard/duties/00000000-0000-7000-8000-000080001001/cycles/2026-09/archive"
    method: "POST"
    status: 403
    duration_ms: 0
[2026-09-28 00:00:07.205 -0300] INFO (59325): request completed
    route: "/v1/dashboard/duties/00000000-0000-7000-8000-000080001001/cycles/2026-09/archive"
    method: "POST"
    status: 403
    duration_ms: 0
[2026-09-28 00:00:07.206 -0300] INFO (59325): request completed
    route: "/v1/dashboard/duties/00000000-0000-7000-8000-000080001001/cycles/2026-09/archive"
    method: "POST"
    status: 403
    duration_ms: 0
[2026-09-28 00:00:07.228 -0300] INFO (59325): request completed
    route: "/v1/dashboard/duties/00000000-0000-7000-8000-000080001001/cycles/2026-09/archive"
    method: "POST"
    status: 428
    duration_ms: 21
[2026-09-28 00:00:07.229 -0300] INFO (59325): request completed
    route: "/v1/dashboard/duties/00000000-0000-7000-8000-000080001001/cycles/2026-09/archive"
    method: "POST"
    status: 403
    duration_ms: 0
[2026-09-28 00:00:07.230 -0300] INFO (59325): request completed
    route: "/v1/dashboard/duties/00000000-0000-7000-8000-000080001001/cycles/2026-09/archive"
    method: "POST"
    status: 403
    duration_ms: 0
[2026-09-28 00:00:07.231 -0300] INFO (59325): request completed
    route: "/v1/dashboard/duties/00000000-0000-7000-8000-000080001001/cycles/2026-09/archive"
    method: "POST"
    status: 403
    duration_ms: 0
[2026-09-28 00:00:07.253 -0300] INFO (59325): request completed
    route: "/v1/dashboard/duties/00000000-0000-7000-8000-000080001001/cycles/2026-09/archive"
    method: "POST"
    status: 428
    duration_ms: 21
[2026-09-28 00:00:07.254 -0300] INFO (59325): request completed
    route: "/v1/dashboard/duties/00000000-0000-7000-8000-000080001001/cycles/2026-09/archive"
    method: "POST"
    status: 403
    duration_ms: 0
[2026-09-28 00:00:07.255 -0300] INFO (59325): request completed
    route: "/v1/dashboard/duties/00000000-0000-7000-8000-000080001001/cycles/2026-09/archive"
    method: "POST"
    status: 403
    duration_ms: 0
[2026-09-28 00:00:07.256 -0300] INFO (59325): request completed
    route: "/v1/dashboard/duties/00000000-0000-7000-8000-000080001001/cycles/2026-09/archive"
    method: "POST"
    status: 403
    duration_ms: 1
[2026-09-28 00:00:07.256 -0300] INFO (59325): request completed
    route: "/v1/dashboard/duties/00000000-0000-7000-8000-000080001001/cycles/2026-09/archive"
    method: "POST"
    status: 403
    duration_ms: 0
[2026-09-28 00:00:07.257 -0300] INFO (59325): request completed
    route: "/v1/dashboard/duties/00000000-0000-7000-8000-000080001001/cycles/2026-09/archive"
    method: "POST"
    status: 403
    duration_ms: 0
[2026-09-28 00:00:07.278 -0300] INFO (59325): request completed
    route: "/v1/dashboard/duties/00000000-0000-7000-8000-000080001001/cycles/2026-09/archive"
    method: "POST"
    status: 428
    duration_ms: 21
[2026-09-28 00:00:07.300 -0300] INFO (59325): request completed
    route: "/v1/dashboard/duties/00000000-0000-7000-8000-000080001001/cycles/2026-09/archive"
    method: "POST"
    status: 428
    duration_ms: 21
[2026-09-28 00:00:07.301 -0300] INFO (59325): request completed
    route: "/v1/dashboard/duties/00000000-0000-7000-8000-000080001001/cycles/2026-09/archive"
    method: "POST"
    status: 403
    duration_ms: 0
[2026-09-28 00:00:07.302 -0300] INFO (59325): request completed
    route: "/v1/dashboard/duties/00000000-0000-7000-8000-000080001001/cycles/2026-09/archive"
    method: "POST"
    status: 403
    duration_ms: 0
[2026-09-28 00:00:07.303 -0300] INFO (59325): request completed
    route: "/v1/dashboard/duties/00000000-0000-7000-8000-000080001001/cycles/2026-09/archive"
    method: "POST"
    status: 403
    duration_ms: 0
[2026-09-28 00:00:07.304 -0300] INFO (59325): request completed
    route: "/v1/dashboard/duties/00000000-0000-7000-8000-000080001001/cycles/2026-09/archive"
    method: "POST"
    status: 403
    duration_ms: 0
[2026-09-28 00:00:07.304 -0300] INFO (59325): request completed
    route: "/v1/dashboard/duties/00000000-0000-7000-8000-000080001001/cycles/2026-09/archive"
    method: "POST"
    status: 403
    duration_ms: 0
[2026-09-28 00:00:07.305 -0300] INFO (59325): request completed
    route: "/v1/dashboard/duties/00000000-0000-7000-8000-000080001001/cycles/2026-09/archive"
    method: "POST"
    status: 403
    duration_ms: 0
[2026-09-28 00:00:07.306 -0300] INFO (59325): request completed
    route: "/v1/dashboard/duties/00000000-0000-7000-8000-000080001001/cycles/2026-09/archive"
    method: "POST"
    status: 403
    duration_ms: 1
[2026-09-28 00:00:07.306 -0300] INFO (59325): request completed
    route: "/v1/dashboard/duties/00000000-0000-7000-8000-000080001001/cycles/2026-09/archive"
    method: "POST"
    status: 403
    duration_ms: 0
[2026-09-28 00:00:07.307 -0300] INFO (59325): request completed
    route: "/v1/dashboard/duties/00000000-0000-7000-8000-000080001001/cycles/2026-09/archive"
    method: "POST"
    status: 403
    duration_ms: 1
[2026-09-28 00:00:07.310 -0300] INFO (59325): request completed
    route: "/v1/dashboard/duties/00000000-0000-7000-8000-000080001001/cycles/2026-09/archive"
    method: "POST"
    status: 403
    duration_ms: 0
[2026-09-28 00:00:07.311 -0300] INFO (59325): request completed
    route: "/v1/dashboard/duties/00000000-0000-7000-8000-000080001001/cycles/2026-09/archive"
    method: "POST"
    status: 403
    duration_ms: 0
[2026-09-28 00:00:07.312 -0300] INFO (59325): request completed
    route: "/v1/dashboard/duties/00000000-0000-7000-8000-000080001001/cycles/2026-09/archive"
    method: "POST"
    status: 403
    duration_ms: 0
[2026-09-28 00:00:07.334 -0300] INFO (59325): request completed
    route: "/v1/dashboard/duties/00000000-0000-7000-8000-000080001001/cycles/2026-09/archive"
    method: "POST"
    status: 428
    duration_ms: 22
[2026-09-28 00:00:07.336 -0300] INFO (59325): request completed
    route: "/v1/dashboard/duties/00000000-0000-7000-8000-000080001001/cycles/2026-09/archive"
    method: "POST"
    status: 403
    duration_ms: 1
[2026-09-28 00:00:07.337 -0300] INFO (59325): request completed
    route: "/v1/dashboard/duties/00000000-0000-7000-8000-000080001001/cycles/2026-09/archive"
    method: "POST"
    status: 403
    duration_ms: 1
[2026-09-28 00:00:07.344 -0300] INFO (59325): request completed
    route: "/v1/dashboard/indicators"
    method: "GET"
    status: 200
    duration_ms: 7
[2026-09-28 00:00:07.356 -0300] INFO (59325): request completed
    route: "/v1/dashboard/indicators/IND-DASH-101"
    method: "GET"
    status: 200
    duration_ms: 11
[2026-09-28 00:00:07.363 -0300] INFO (59325): request completed
    route: "/v1/dashboard/indicators"
    method: "GET"
    status: 200
    duration_ms: 6
[2026-09-28 00:00:07.371 -0300] INFO (59325): request completed
    route: "/v1/dashboard/indicators/IND-DASH-101"
    method: "GET"
    status: 200
    duration_ms: 7
[2026-09-28 00:00:07.377 -0300] INFO (59325): request completed
    route: "/v1/dashboard/indicators"
    method: "GET"
    status: 200
    duration_ms: 5
[2026-09-28 00:00:07.384 -0300] INFO (59325): request completed
    route: "/v1/dashboard/indicators/IND-DASH-101"
    method: "GET"
    status: 200
    duration_ms: 6
[2026-09-28 00:00:07.390 -0300] INFO (59325): request completed
    route: "/v1/dashboard/indicators"
    method: "GET"
    status: 200
    duration_ms: 5
[2026-09-28 00:00:07.398 -0300] INFO (59325): request completed
    route: "/v1/dashboard/indicators/IND-DASH-101"
    method: "GET"
    status: 200
    duration_ms: 7
[2026-09-28 00:00:07.405 -0300] INFO (59325): request completed
    route: "/v1/dashboard/indicators"
    method: "GET"
    status: 200
    duration_ms: 6
[2026-09-28 00:00:07.413 -0300] INFO (59325): request completed
    route: "/v1/dashboard/indicators/IND-DASH-101"
    method: "GET"
    status: 200
    duration_ms: 7
[2026-09-28 00:00:07.419 -0300] INFO (59325): request completed
    route: "/v1/dashboard/indicators"
    method: "GET"
    status: 200
    duration_ms: 5
[2026-09-28 00:00:07.425 -0300] INFO (59325): request completed
    route: "/v1/dashboard/indicators/IND-DASH-101"
    method: "GET"
    status: 200
    duration_ms: 5
[2026-09-28 00:00:07.431 -0300] INFO (59325): request completed
    route: "/v1/dashboard/indicators"
    method: "GET"
    status: 200
    duration_ms: 5
[2026-09-28 00:00:07.441 -0300] INFO (59325): request completed
    route: "/v1/dashboard/indicators/IND-DASH-101"
    method: "GET"
    status: 200
    duration_ms: 9
[2026-09-28 00:00:07.447 -0300] INFO (59325): request completed
    route: "/v1/dashboard/indicators"
    method: "GET"
    status: 200
    duration_ms: 6
[2026-09-28 00:00:07.454 -0300] INFO (59325): request completed
    route: "/v1/dashboard/indicators/IND-DASH-101"
    method: "GET"
    status: 200
    duration_ms: 7
[2026-09-28 00:00:07.460 -0300] INFO (59325): request completed
    route: "/v1/dashboard/indicators"
    method: "GET"
    status: 200
    duration_ms: 5
[2026-09-28 00:00:07.467 -0300] INFO (59325): request completed
    route: "/v1/dashboard/indicators/IND-DASH-101"
    method: "GET"
    status: 200
    duration_ms: 6
[2026-09-28 00:00:07.473 -0300] INFO (59325): request completed
    route: "/v1/dashboard/indicators"
    method: "GET"
    status: 200
    duration_ms: 5
[2026-09-28 00:00:07.480 -0300] INFO (59325): request completed
    route: "/v1/dashboard/indicators/IND-DASH-101"
    method: "GET"
    status: 200
    duration_ms: 6
[2026-09-28 00:00:07.486 -0300] INFO (59325): request completed
    route: "/v1/dashboard/indicators"
    method: "GET"
    status: 200
    duration_ms: 5
[2026-09-28 00:00:07.494 -0300] INFO (59325): request completed
    route: "/v1/dashboard/indicators/IND-DASH-101"
    method: "GET"
    status: 200
    duration_ms: 7
[2026-09-28 00:00:07.500 -0300] INFO (59325): request completed
    route: "/v1/dashboard/indicators"
    method: "GET"
    status: 200
    duration_ms: 6
[2026-09-28 00:00:07.507 -0300] INFO (59325): request completed
    route: "/v1/dashboard/indicators/IND-DASH-101"
    method: "GET"
    status: 200
    duration_ms: 6
[2026-09-28 00:00:07.513 -0300] INFO (59325): request completed
    route: "/v1/dashboard/indicators"
    method: "GET"
    status: 200
    duration_ms: 5
[2026-09-28 00:00:07.521 -0300] INFO (59325): request completed
    route: "/v1/dashboard/indicators/IND-DASH-101"
    method: "GET"
    status: 200
    duration_ms: 7
[2026-09-28 00:00:07.526 -0300] INFO (59325): request completed
    route: "/v1/dashboard/indicators"
    method: "GET"
    status: 200
    duration_ms: 5
[2026-09-28 00:00:07.533 -0300] INFO (59325): request completed
    route: "/v1/dashboard/indicators/IND-DASH-101"
    method: "GET"
    status: 200
    duration_ms: 6
[2026-09-28 00:00:07.534 -0300] INFO (59325): request completed
    route: "/v1/dashboard/indicators"
    method: "GET"
    status: 403
    duration_ms: 0
[2026-09-28 00:00:07.535 -0300] INFO (59325): request completed
    route: "/v1/dashboard/indicators/IND-DASH-101"
    method: "GET"
    status: 403
    duration_ms: 0
[2026-09-28 00:00:07.541 -0300] INFO (59325): request completed
    route: "/v1/dashboard/indicators"
    method: "GET"
    status: 200
    duration_ms: 5
[2026-09-28 00:00:07.547 -0300] INFO (59325): request completed
    route: "/v1/dashboard/indicators/IND-DASH-101"
    method: "GET"
    status: 200
    duration_ms: 6
[2026-09-28 00:00:07.556 -0300] INFO (59325): request completed
    route: "/v1/dashboard/indicators"
    method: "GET"
    status: 200
    duration_ms: 8
[2026-09-28 00:00:07.567 -0300] INFO (59325): request completed
    route: "/v1/dashboard/indicators/IND-DASH-101"
    method: "GET"
    status: 200
    duration_ms: 10
[2026-09-28 00:00:07.574 -0300] INFO (59325): request completed
    route: "/v1/dashboard/indicators"
    method: "GET"
    status: 200
    duration_ms: 6
[2026-09-28 00:00:07.581 -0300] INFO (59325): request completed
    route: "/v1/dashboard/indicators/IND-DASH-101"
    method: "GET"
    status: 200
    duration_ms: 6
[2026-09-28 00:00:07.587 -0300] INFO (59325): request completed
    route: "/v1/dashboard/indicators"
    method: "GET"
    status: 200
    duration_ms: 5
[2026-09-28 00:00:07.595 -0300] INFO (59325): request completed
    route: "/v1/dashboard/indicators/IND-DASH-101"
    method: "GET"
    status: 200
    duration_ms: 7
[2026-09-28 00:00:07.601 -0300] INFO (59325): request completed
    route: "/v1/dashboard/indicators"
    method: "GET"
    status: 200
    duration_ms: 5
[2026-09-28 00:00:07.608 -0300] INFO (59325): request completed
    route: "/v1/dashboard/indicators/IND-DASH-101"
    method: "GET"
    status: 200
    duration_ms: 6
[2026-09-28 00:00:07.614 -0300] INFO (59325): request completed
    route: "/v1/dashboard/indicators"
    method: "GET"
    status: 200
    duration_ms: 5
[2026-09-28 00:00:07.622 -0300] INFO (59325): request completed
    route: "/v1/dashboard/indicators/IND-DASH-101"
    method: "GET"
    status: 200
    duration_ms: 7
[2026-09-28 00:00:07.627 -0300] INFO (59325): request completed
    route: "/v1/dashboard/indicators"
    method: "GET"
    status: 200
    duration_ms: 5
[2026-09-28 00:00:07.634 -0300] INFO (59325): request completed
    route: "/v1/dashboard/indicators/IND-DASH-101"
    method: "GET"
    status: 200
    duration_ms: 6
[2026-09-28 00:00:07.640 -0300] INFO (59325): request completed
    route: "/v1/dashboard/indicators"
    method: "GET"
    status: 200
    duration_ms: 5
[2026-09-28 00:00:07.647 -0300] INFO (59325): request completed
    route: "/v1/dashboard/indicators/IND-DASH-101"
    method: "GET"
    status: 200
    duration_ms: 6
[2026-09-28 00:00:07.653 -0300] INFO (59325): request completed
    route: "/v1/dashboard/indicators"
    method: "GET"
    status: 200
    duration_ms: 5
[2026-09-28 00:00:07.661 -0300] INFO (59325): request completed
    route: "/v1/dashboard/indicators/IND-DASH-101"
    method: "GET"
    status: 200
    duration_ms: 7
[2026-09-28 00:00:07.666 -0300] INFO (59325): request completed
    route: "/v1/dashboard/indicators"
    method: "GET"
    status: 200
    duration_ms: 5
[2026-09-28 00:00:07.673 -0300] INFO (59325): request completed
    route: "/v1/dashboard/indicators/IND-DASH-101"
    method: "GET"
    status: 200
    duration_ms: 6
[2026-09-28 00:00:07.679 -0300] INFO (59325): request completed
    route: "/v1/dashboard/indicators"
    method: "GET"
    status: 200
    duration_ms: 5
[2026-09-28 00:00:07.686 -0300] INFO (59325): request completed
    route: "/v1/dashboard/indicators/IND-DASH-101"
    method: "GET"
    status: 200
    duration_ms: 6
[2026-09-28 00:00:07.692 -0300] INFO (59325): request completed
    route: "/v1/dashboard/indicators"
    method: "GET"
    status: 200
    duration_ms: 5
[2026-09-28 00:00:07.699 -0300] INFO (59325): request completed
    route: "/v1/dashboard/indicators/IND-DASH-101"
    method: "GET"
    status: 200
    duration_ms: 6
[2026-09-28 00:00:07.706 -0300] INFO (59325): request completed
    route: "/v1/dashboard/indicators"
    method: "GET"
    status: 200
    duration_ms: 6
[2026-09-28 00:00:07.713 -0300] INFO (59325): request completed
    route: "/v1/dashboard/indicators/IND-DASH-101"
    method: "GET"
    status: 200
    duration_ms: 7
[2026-09-28 00:00:07.718 -0300] INFO (59325): request completed
    route: "/v1/dashboard/indicators"
    method: "GET"
    status: 200
    duration_ms: 4
[2026-09-28 00:00:07.725 -0300] INFO (59325): request completed
    route: "/v1/dashboard/indicators/IND-DASH-101"
    method: "GET"
    status: 200
    duration_ms: 6
[2026-09-28 00:00:07.731 -0300] INFO (59325): request completed
    route: "/v1/dashboard/indicators"
    method: "GET"
    status: 200
    duration_ms: 5
[2026-09-28 00:00:07.740 -0300] INFO (59325): request completed
    route: "/v1/dashboard/indicators/IND-DASH-101"
    method: "GET"
    status: 200
    duration_ms: 8
[2026-09-28 00:00:07.747 -0300] INFO (59325): request completed
    route: "/v1/dashboard/indicators"
    method: "GET"
    status: 200
    duration_ms: 6
[2026-09-28 00:00:07.755 -0300] INFO (59325): request completed
    route: "/v1/dashboard/indicators/IND-DASH-101"
    method: "GET"
    status: 200
    duration_ms: 8
[2026-09-28 00:00:07.761 -0300] INFO (59325): request completed
    route: "/v1/dashboard/indicators"
    method: "GET"
    status: 200
    duration_ms: 5
[2026-09-28 00:00:07.769 -0300] INFO (59325): request completed
    route: "/v1/dashboard/indicators/IND-DASH-101"
    method: "GET"
    status: 200
    duration_ms: 7
[2026-09-28 00:00:07.774 -0300] INFO (59325): request completed
    route: "/v1/dashboard/indicators"
    method: "GET"
    status: 200
    duration_ms: 4
[2026-09-28 00:00:07.782 -0300] INFO (59325): request completed
    route: "/v1/dashboard/indicators/IND-DASH-101"
    method: "GET"
    status: 200
    duration_ms: 7
[2026-09-28 00:00:07.788 -0300] INFO (59325): request completed
    route: "/v1/dashboard/indicators"
    method: "GET"
    status: 200
    duration_ms: 6
[2026-09-28 00:00:07.796 -0300] INFO (59325): request completed
    route: "/v1/dashboard/indicators/IND-DASH-101"
    method: "GET"
    status: 200
    duration_ms: 7
[2026-09-28 00:00:07.801 -0300] INFO (59325): request completed
    route: "/v1/dashboard/indicators"
    method: "GET"
    status: 200
    duration_ms: 5
[2026-09-28 00:00:07.808 -0300] INFO (59325): request completed
    route: "/v1/dashboard/indicators/IND-DASH-101"
    method: "GET"
    status: 200
    duration_ms: 6
[2026-09-28 00:00:07.809 -0300] INFO (59325): request completed
    route: "/v1/dashboard/indicators"
    method: "GET"
    status: 403
    duration_ms: 1
[2026-09-28 00:00:07.810 -0300] INFO (59325): request completed
    route: "/v1/dashboard/indicators/IND-DASH-101"
    method: "GET"
    status: 403
    duration_ms: 1
[2026-09-28 00:00:07.815 -0300] INFO (59325): request completed
    route: "/v1/dashboard/indicator-configs"
    method: "GET"
    status: 200
    duration_ms: 5
[2026-09-28 00:00:07.822 -0300] INFO (59325): request completed
    route: "/v1/dashboard/indicator-configs/00000000-0000-7000-8000-000084000301"
    method: "GET"
    status: 200
    duration_ms: 6
[2026-09-28 00:00:07.823 -0300] INFO (59325): request completed
    route: "/v1/dashboard/indicator-configs"
    method: "GET"
    status: 403
    duration_ms: 1
[2026-09-28 00:00:07.824 -0300] INFO (59325): request completed
    route: "/v1/dashboard/indicator-configs/00000000-0000-7000-8000-000084000301"
    method: "GET"
    status: 403
    duration_ms: 1
[2026-09-28 00:00:07.824 -0300] INFO (59325): request completed
    route: "/v1/dashboard/indicator-configs"
    method: "GET"
    status: 403
    duration_ms: 0
[2026-09-28 00:00:07.825 -0300] INFO (59325): request completed
    route: "/v1/dashboard/indicator-configs/00000000-0000-7000-8000-000084000301"
    method: "GET"
    status: 403
    duration_ms: 0
[2026-09-28 00:00:07.826 -0300] INFO (59325): request completed
    route: "/v1/dashboard/indicator-configs"
    method: "GET"
    status: 403
    duration_ms: 0
[2026-09-28 00:00:07.827 -0300] INFO (59325): request completed
    route: "/v1/dashboard/indicator-configs/00000000-0000-7000-8000-000084000301"
    method: "GET"
    status: 403
    duration_ms: 0
[2026-09-28 00:00:07.828 -0300] INFO (59325): request completed
    route: "/v1/dashboard/indicator-configs"
    method: "GET"
    status: 403
    duration_ms: 0
[2026-09-28 00:00:07.829 -0300] INFO (59325): request completed
    route: "/v1/dashboard/indicator-configs/00000000-0000-7000-8000-000084000301"
    method: "GET"
    status: 403
    duration_ms: 0
[2026-09-28 00:00:07.829 -0300] INFO (59325): request completed
    route: "/v1/dashboard/indicator-configs"
    method: "GET"
    status: 403
    duration_ms: 0
[2026-09-28 00:00:07.832 -0300] INFO (59325): request completed
    route: "/v1/dashboard/indicator-configs/00000000-0000-7000-8000-000084000301"
    method: "GET"
    status: 403
    duration_ms: 0
[2026-09-28 00:00:07.839 -0300] INFO (59325): request completed
    route: "/v1/dashboard/indicator-configs"
    method: "GET"
    status: 200
    duration_ms: 6
[2026-09-28 00:00:07.845 -0300] INFO (59325): request completed
    route: "/v1/dashboard/indicator-configs/00000000-0000-7000-8000-000084000301"
    method: "GET"
    status: 200
    duration_ms: 6
[2026-09-28 00:00:07.846 -0300] INFO (59325): request completed
    route: "/v1/dashboard/indicator-configs"
    method: "GET"
    status: 403
    duration_ms: 1
[2026-09-28 00:00:07.846 -0300] INFO (59325): request completed
    route: "/v1/dashboard/indicator-configs/00000000-0000-7000-8000-000084000301"
    method: "GET"
    status: 403
    duration_ms: 0
[2026-09-28 00:00:07.847 -0300] INFO (59325): request completed
    route: "/v1/dashboard/indicator-configs"
    method: "GET"
    status: 403
    duration_ms: 0
[2026-09-28 00:00:07.848 -0300] INFO (59325): request completed
    route: "/v1/dashboard/indicator-configs/00000000-0000-7000-8000-000084000301"
    method: "GET"
    status: 403
    duration_ms: 1
[2026-09-28 00:00:07.854 -0300] INFO (59325): request completed
    route: "/v1/dashboard/indicator-configs"
    method: "GET"
    status: 200
    duration_ms: 6
[2026-09-28 00:00:07.860 -0300] INFO (59325): request completed
    route: "/v1/dashboard/indicator-configs/00000000-0000-7000-8000-000084000301"
    method: "GET"
    status: 200
    duration_ms: 5
[2026-09-28 00:00:07.861 -0300] INFO (59325): request completed
    route: "/v1/dashboard/indicator-configs"
    method: "GET"
    status: 403
    duration_ms: 1
[2026-09-28 00:00:07.862 -0300] INFO (59325): request completed
    route: "/v1/dashboard/indicator-configs/00000000-0000-7000-8000-000084000301"
    method: "GET"
    status: 403
    duration_ms: 1
[2026-09-28 00:00:07.862 -0300] INFO (59325): request completed
    route: "/v1/dashboard/indicator-configs"
    method: "GET"
    status: 403
    duration_ms: 0
[2026-09-28 00:00:07.863 -0300] INFO (59325): request completed
    route: "/v1/dashboard/indicator-configs/00000000-0000-7000-8000-000084000301"
    method: "GET"
    status: 403
    duration_ms: 0
[2026-09-28 00:00:07.864 -0300] INFO (59325): request completed
    route: "/v1/dashboard/indicator-configs"
    method: "GET"
    status: 403
    duration_ms: 0
[2026-09-28 00:00:07.864 -0300] INFO (59325): request completed
    route: "/v1/dashboard/indicator-configs/00000000-0000-7000-8000-000084000301"
    method: "GET"
    status: 403
    duration_ms: 0
[2026-09-28 00:00:07.871 -0300] INFO (59325): request completed
    route: "/v1/dashboard/indicator-configs"
    method: "GET"
    status: 200
    duration_ms: 6
[2026-09-28 00:00:07.875 -0300] INFO (59325): request completed
    route: "/v1/dashboard/indicator-configs/00000000-0000-7000-8000-000084000301"
    method: "GET"
    status: 200
    duration_ms: 4
[2026-09-28 00:00:07.876 -0300] INFO (59325): request completed
    route: "/v1/dashboard/indicator-configs"
    method: "GET"
    status: 403
    duration_ms: 0
[2026-09-28 00:00:07.877 -0300] INFO (59325): request completed
    route: "/v1/dashboard/indicator-configs/00000000-0000-7000-8000-000084000301"
    method: "GET"
    status: 403
    duration_ms: 0
[2026-09-28 00:00:07.878 -0300] INFO (59325): request completed
    route: "/v1/dashboard/indicator-configs"
    method: "GET"
    status: 403
    duration_ms: 0
[2026-09-28 00:00:07.879 -0300] INFO (59325): request completed
    route: "/v1/dashboard/indicator-configs/00000000-0000-7000-8000-000084000301"
    method: "GET"
    status: 403
    duration_ms: 0
[2026-09-28 00:00:07.880 -0300] INFO (59325): request completed
    route: "/v1/dashboard/indicator-configs"
    method: "GET"
    status: 403
    duration_ms: 1
[2026-09-28 00:00:07.880 -0300] INFO (59325): request completed
    route: "/v1/dashboard/indicator-configs/00000000-0000-7000-8000-000084000301"
    method: "GET"
    status: 403
    duration_ms: 0
[2026-09-28 00:00:07.881 -0300] INFO (59325): request completed
    route: "/v1/dashboard/indicator-configs"
    method: "GET"
    status: 403
    duration_ms: 0
[2026-09-28 00:00:07.882 -0300] INFO (59325): request completed
    route: "/v1/dashboard/indicator-configs/00000000-0000-7000-8000-000084000301"
    method: "GET"
    status: 403
    duration_ms: 1
[2026-09-28 00:00:07.882 -0300] INFO (59325): request completed
    route: "/v1/dashboard/indicator-configs"
    method: "GET"
    status: 403
    duration_ms: 0
[2026-09-28 00:00:07.883 -0300] INFO (59325): request completed
    route: "/v1/dashboard/indicator-configs/00000000-0000-7000-8000-000084000301"
    method: "GET"
    status: 403
    duration_ms: 0
[2026-09-28 00:00:07.889 -0300] INFO (59325): request completed
    route: "/v1/dashboard/indicator-configs"
    method: "GET"
    status: 200
    duration_ms: 6
[2026-09-28 00:00:07.895 -0300] INFO (59325): request completed
    route: "/v1/dashboard/indicator-configs/00000000-0000-7000-8000-000084000301"
    method: "GET"
    status: 200
    duration_ms: 5
[2026-09-28 00:00:07.900 -0300] INFO (59325): request completed
    route: "/v1/dashboard/indicator-configs"
    method: "GET"
    status: 200
    duration_ms: 4
[2026-09-28 00:00:07.906 -0300] INFO (59325): request completed
    route: "/v1/dashboard/indicator-configs/00000000-0000-7000-8000-000084000301"
    method: "GET"
    status: 200
    duration_ms: 5
[2026-09-28 00:00:07.911 -0300] INFO (59325): request completed
    route: "/v1/dashboard/indicator-configs"
    method: "GET"
    status: 200
    duration_ms: 5
[2026-09-28 00:00:07.916 -0300] INFO (59325): request completed
    route: "/v1/dashboard/indicator-configs/00000000-0000-7000-8000-000084000301"
    method: "GET"
    status: 200
    duration_ms: 4
[2026-09-28 00:00:07.917 -0300] INFO (59325): request completed
    route: "/v1/dashboard/indicator-configs"
    method: "GET"
    status: 403
    duration_ms: 0
[2026-09-28 00:00:07.918 -0300] INFO (59325): request completed
    route: "/v1/dashboard/indicator-configs/00000000-0000-7000-8000-000084000301"
    method: "GET"
    status: 403
    duration_ms: 0
[2026-09-28 00:00:07.919 -0300] INFO (59325): request completed
    route: "/v1/dashboard/indicator-configs"
    method: "GET"
    status: 403
    duration_ms: 0
[2026-09-28 00:00:07.920 -0300] INFO (59325): request completed
    route: "/v1/dashboard/indicator-configs/00000000-0000-7000-8000-000084000301"
    method: "GET"
    status: 403
    duration_ms: 1
[2026-09-28 00:00:07.920 -0300] INFO (59325): request completed
    route: "/v1/dashboard/indicator-configs"
    method: "GET"
    status: 403
    duration_ms: 0
[2026-09-28 00:00:07.921 -0300] INFO (59325): request completed
    route: "/v1/dashboard/indicator-configs/00000000-0000-7000-8000-000084000301"
    method: "GET"
    status: 403
    duration_ms: 0
[2026-09-28 00:00:07.921 -0300] INFO (59325): request completed
    route: "/v1/dashboard/indicator-configs"
    method: "GET"
    status: 403
    duration_ms: 0
[2026-09-28 00:00:07.922 -0300] INFO (59325): request completed
    route: "/v1/dashboard/indicator-configs/00000000-0000-7000-8000-000084000301"
    method: "GET"
    status: 403
    duration_ms: 0
[2026-09-28 00:00:07.922 -0300] INFO (59325): request completed
    route: "/v1/dashboard/indicator-configs"
    method: "GET"
    status: 403
    duration_ms: 0
[2026-09-28 00:00:07.923 -0300] INFO (59325): request completed
    route: "/v1/dashboard/indicator-configs/00000000-0000-7000-8000-000084000301"
    method: "GET"
    status: 403
    duration_ms: 0
[2026-09-28 00:00:07.923 -0300] INFO (59325): request completed
    route: "/v1/dashboard/indicator-configs"
    method: "GET"
    status: 403
    duration_ms: 0
[2026-09-28 00:00:07.924 -0300] INFO (59325): request completed
    route: "/v1/dashboard/indicator-configs/00000000-0000-7000-8000-000084000301"
    method: "GET"
    status: 403
    duration_ms: 1
[2026-09-28 00:00:07.924 -0300] INFO (59325): request completed
    route: "/v1/dashboard/indicator-configs"
    method: "GET"
    status: 403
    duration_ms: 0
[2026-09-28 00:00:07.925 -0300] INFO (59325): request completed
    route: "/v1/dashboard/indicator-configs/00000000-0000-7000-8000-000084000301"
    method: "GET"
    status: 403
    duration_ms: 1
[2026-09-28 00:00:07.925 -0300] INFO (59325): request completed
    route: "/v1/dashboard/indicator-configs"
    method: "GET"
    status: 403
    duration_ms: 0
[2026-09-28 00:00:07.926 -0300] INFO (59325): request completed
    route: "/v1/dashboard/indicator-configs/00000000-0000-7000-8000-000084000301"
    method: "GET"
    status: 403
    duration_ms: 0
[2026-09-28 00:00:07.927 -0300] INFO (59325): request completed
    route: "/v1/dashboard/indicator-configs"
    method: "GET"
    status: 403
    duration_ms: 0
[2026-09-28 00:00:07.928 -0300] INFO (59325): request completed
    route: "/v1/dashboard/indicator-configs/00000000-0000-7000-8000-000084000301"
    method: "GET"
    status: 403
    duration_ms: 0
[2026-09-28 00:00:07.929 -0300] INFO (59325): request completed
    route: "/v1/dashboard/indicator-configs"
    method: "GET"
    status: 403
    duration_ms: 0
[2026-09-28 00:00:07.929 -0300] INFO (59325): request completed
    route: "/v1/dashboard/indicator-configs/00000000-0000-7000-8000-000084000301"
    method: "GET"
    status: 403
    duration_ms: 0
[2026-09-28 00:00:07.930 -0300] INFO (59325): request completed
    route: "/v1/dashboard/indicator-configs"
    method: "GET"
    status: 403
    duration_ms: 0
[2026-09-28 00:00:07.930 -0300] INFO (59325): request completed
    route: "/v1/dashboard/indicator-configs/00000000-0000-7000-8000-000084000301"
    method: "GET"
    status: 403
    duration_ms: 0
[2026-09-28 00:00:07.931 -0300] INFO (59325): request completed
    route: "/v1/dashboard/indicator-configs"
    method: "GET"
    status: 403
    duration_ms: 1
[2026-09-28 00:00:07.931 -0300] INFO (59325): request completed
    route: "/v1/dashboard/indicator-configs/00000000-0000-7000-8000-000084000301"
    method: "GET"
    status: 403
    duration_ms: 0
[2026-09-28 00:00:07.931 -0300] INFO (59325): request completed
    route: "/v1/dashboard/indicator-configs"
    method: "GET"
    status: 403
    duration_ms: 0
[2026-09-28 00:00:07.932 -0300] INFO (59325): request completed
    route: "/v1/dashboard/indicator-configs/00000000-0000-7000-8000-000084000301"
    method: "GET"
    status: 403
    duration_ms: 0
[2026-09-28 00:00:07.932 -0300] INFO (59325): request completed
    route: "/v1/dashboard/indicator-configs"
    method: "GET"
    status: 403
    duration_ms: 0
[2026-09-28 00:00:07.933 -0300] INFO (59325): request completed
    route: "/v1/dashboard/indicator-configs/00000000-0000-7000-8000-000084000301"
    method: "GET"
    status: 403
    duration_ms: 0
[2026-09-28 00:00:07.953 -0300] INFO (59325): request completed
    route: "/v1/dashboard/indicator-configs/00000000-0000-7000-8000-000084000301"
    method: "PATCH"
    status: 428
    duration_ms: 19
[2026-09-28 00:00:07.954 -0300] INFO (59325): request completed
    route: "/v1/dashboard/indicator-configs/00000000-0000-7000-8000-000084000301"
    method: "PATCH"
    status: 403
    duration_ms: 0
[2026-09-28 00:00:07.955 -0300] INFO (59325): request completed
    route: "/v1/dashboard/indicator-configs/00000000-0000-7000-8000-000084000301"
    method: "PATCH"
    status: 403
    duration_ms: 0
[2026-09-28 00:00:07.956 -0300] INFO (59325): request completed
    route: "/v1/dashboard/indicator-configs/00000000-0000-7000-8000-000084000301"
    method: "PATCH"
    status: 403
    duration_ms: 0
[2026-09-28 00:00:07.957 -0300] INFO (59325): request completed
    route: "/v1/dashboard/indicator-configs/00000000-0000-7000-8000-000084000301"
    method: "PATCH"
    status: 403
    duration_ms: 1
[2026-09-28 00:00:07.957 -0300] INFO (59325): request completed
    route: "/v1/dashboard/indicator-configs/00000000-0000-7000-8000-000084000301"
    method: "PATCH"
    status: 403
    duration_ms: 0
[2026-09-28 00:00:07.958 -0300] INFO (59325): request completed
    route: "/v1/dashboard/indicator-configs/00000000-0000-7000-8000-000084000301"
    method: "PATCH"
    status: 403
    duration_ms: 0
[2026-09-28 00:00:07.959 -0300] INFO (59325): request completed
    route: "/v1/dashboard/indicator-configs/00000000-0000-7000-8000-000084000301"
    method: "PATCH"
    status: 403
    duration_ms: 0
[2026-09-28 00:00:07.960 -0300] INFO (59325): request completed
    route: "/v1/dashboard/indicator-configs/00000000-0000-7000-8000-000084000301"
    method: "PATCH"
    status: 403
    duration_ms: 0
[2026-09-28 00:00:07.978 -0300] INFO (59325): request completed
    route: "/v1/dashboard/indicator-configs/00000000-0000-7000-8000-000084000301"
    method: "PATCH"
    status: 428
    duration_ms: 18
[2026-09-28 00:00:07.979 -0300] INFO (59325): request completed
    route: "/v1/dashboard/indicator-configs/00000000-0000-7000-8000-000084000301"
    method: "PATCH"
    status: 403
    duration_ms: 0
[2026-09-28 00:00:07.980 -0300] INFO (59325): request completed
    route: "/v1/dashboard/indicator-configs/00000000-0000-7000-8000-000084000301"
    method: "PATCH"
    status: 403
    duration_ms: 0
[2026-09-28 00:00:07.981 -0300] INFO (59325): request completed
    route: "/v1/dashboard/indicator-configs/00000000-0000-7000-8000-000084000301"
    method: "PATCH"
    status: 403
    duration_ms: 1
[2026-09-28 00:00:07.998 -0300] INFO (59325): request completed
    route: "/v1/dashboard/indicator-configs/00000000-0000-7000-8000-000084000301"
    method: "PATCH"
    status: 428
    duration_ms: 17
[2026-09-28 00:00:07.999 -0300] INFO (59325): request completed
    route: "/v1/dashboard/indicator-configs/00000000-0000-7000-8000-000084000301"
    method: "PATCH"
    status: 403
    duration_ms: 0
[2026-09-28 00:00:08.000 -0300] INFO (59325): request completed
    route: "/v1/dashboard/indicator-configs/00000000-0000-7000-8000-000084000301"
    method: "PATCH"
    status: 403
    duration_ms: 0
[2026-09-28 00:00:08.001 -0300] INFO (59325): request completed
    route: "/v1/dashboard/indicator-configs/00000000-0000-7000-8000-000084000301"
    method: "PATCH"
    status: 403
    duration_ms: 0
[2026-09-28 00:00:08.002 -0300] INFO (59325): request completed
    route: "/v1/dashboard/indicator-configs/00000000-0000-7000-8000-000084000301"
    method: "PATCH"
    status: 403
    duration_ms: 0
[2026-09-28 00:00:08.003 -0300] INFO (59325): request completed
    route: "/v1/dashboard/indicator-configs/00000000-0000-7000-8000-000084000301"
    method: "PATCH"
    status: 403
    duration_ms: 0
[2026-09-28 00:00:08.020 -0300] INFO (59325): request completed
    route: "/v1/dashboard/indicator-configs/00000000-0000-7000-8000-000084000301"
    method: "PATCH"
    status: 428
    duration_ms: 17
[2026-09-28 00:00:08.036 -0300] INFO (59325): request completed
    route: "/v1/dashboard/indicator-configs/00000000-0000-7000-8000-000084000301"
    method: "PATCH"
    status: 428
    duration_ms: 16
[2026-09-28 00:00:08.052 -0300] INFO (59325): request completed
    route: "/v1/dashboard/indicator-configs/00000000-0000-7000-8000-000084000301"
    method: "PATCH"
    status: 428
    duration_ms: 15
[2026-09-28 00:00:08.053 -0300] INFO (59325): request completed
    route: "/v1/dashboard/indicator-configs/00000000-0000-7000-8000-000084000301"
    method: "PATCH"
    status: 403
    duration_ms: 0
[2026-09-28 00:00:08.054 -0300] INFO (59325): request completed
    route: "/v1/dashboard/indicator-configs/00000000-0000-7000-8000-000084000301"
    method: "PATCH"
    status: 403
    duration_ms: 0
[2026-09-28 00:00:08.055 -0300] INFO (59325): request completed
    route: "/v1/dashboard/indicator-configs/00000000-0000-7000-8000-000084000301"
    method: "PATCH"
    status: 403
    duration_ms: 0
[2026-09-28 00:00:08.056 -0300] INFO (59325): request completed
    route: "/v1/dashboard/indicator-configs/00000000-0000-7000-8000-000084000301"
    method: "PATCH"
    status: 403
    duration_ms: 0
[2026-09-28 00:00:08.057 -0300] INFO (59325): request completed
    route: "/v1/dashboard/indicator-configs/00000000-0000-7000-8000-000084000301"
    method: "PATCH"
    status: 403
    duration_ms: 1
[2026-09-28 00:00:08.057 -0300] INFO (59325): request completed
    route: "/v1/dashboard/indicator-configs/00000000-0000-7000-8000-000084000301"
    method: "PATCH"
    status: 403
    duration_ms: 0
[2026-09-28 00:00:08.058 -0300] INFO (59325): request completed
    route: "/v1/dashboard/indicator-configs/00000000-0000-7000-8000-000084000301"
    method: "PATCH"
    status: 403
    duration_ms: 0
[2026-09-28 00:00:08.059 -0300] INFO (59325): request completed
    route: "/v1/dashboard/indicator-configs/00000000-0000-7000-8000-000084000301"
    method: "PATCH"
    status: 403
    duration_ms: 1
[2026-09-28 00:00:08.060 -0300] INFO (59325): request completed
    route: "/v1/dashboard/indicator-configs/00000000-0000-7000-8000-000084000301"
    method: "PATCH"
    status: 403
    duration_ms: 1
[2026-09-28 00:00:08.061 -0300] INFO (59325): request completed
    route: "/v1/dashboard/indicator-configs/00000000-0000-7000-8000-000084000301"
    method: "PATCH"
    status: 403
    duration_ms: 1
[2026-09-28 00:00:08.061 -0300] INFO (59325): request completed
    route: "/v1/dashboard/indicator-configs/00000000-0000-7000-8000-000084000301"
    method: "PATCH"
    status: 403
    duration_ms: 0
[2026-09-28 00:00:08.062 -0300] INFO (59325): request completed
    route: "/v1/dashboard/indicator-configs/00000000-0000-7000-8000-000084000301"
    method: "PATCH"
    status: 403
    duration_ms: 0
[2026-09-28 00:00:08.063 -0300] INFO (59325): request completed
    route: "/v1/dashboard/indicator-configs/00000000-0000-7000-8000-000084000301"
    method: "PATCH"
    status: 403
    duration_ms: 1
[2026-09-28 00:00:08.063 -0300] INFO (59325): request completed
    route: "/v1/dashboard/indicator-configs/00000000-0000-7000-8000-000084000301"
    method: "PATCH"
    status: 403
    duration_ms: 0
[2026-09-28 00:00:08.081 -0300] INFO (59325): request completed
    route: "/v1/dashboard/indicator-configs/00000000-0000-7000-8000-000084000301/publish"
    method: "POST"
    status: 428
    duration_ms: 17
[2026-09-28 00:00:08.083 -0300] INFO (59325): request completed
    route: "/v1/dashboard/indicator-configs/00000000-0000-7000-8000-000084000301/publish"
    method: "POST"
    status: 403
    duration_ms: 1
[2026-09-28 00:00:08.083 -0300] INFO (59325): request completed
    route: "/v1/dashboard/indicator-configs/00000000-0000-7000-8000-000084000301/publish"
    method: "POST"
    status: 403
    duration_ms: 0
[2026-09-28 00:00:08.084 -0300] INFO (59325): request completed
    route: "/v1/dashboard/indicator-configs/00000000-0000-7000-8000-000084000301/publish"
    method: "POST"
    status: 403
    duration_ms: 0
[2026-09-28 00:00:08.085 -0300] INFO (59325): request completed
    route: "/v1/dashboard/indicator-configs/00000000-0000-7000-8000-000084000301/publish"
    method: "POST"
    status: 403
    duration_ms: 0
[2026-09-28 00:00:08.086 -0300] INFO (59325): request completed
    route: "/v1/dashboard/indicator-configs/00000000-0000-7000-8000-000084000301/publish"
    method: "POST"
    status: 403
    duration_ms: 1
[2026-09-28 00:00:08.086 -0300] INFO (59325): request completed
    route: "/v1/dashboard/indicator-configs/00000000-0000-7000-8000-000084000301/publish"
    method: "POST"
    status: 403
    duration_ms: 0
[2026-09-28 00:00:08.087 -0300] INFO (59325): request completed
    route: "/v1/dashboard/indicator-configs/00000000-0000-7000-8000-000084000301/publish"
    method: "POST"
    status: 403
    duration_ms: 0
[2026-09-28 00:00:08.088 -0300] INFO (59325): request completed
    route: "/v1/dashboard/indicator-configs/00000000-0000-7000-8000-000084000301/publish"
    method: "POST"
    status: 403
    duration_ms: 0
[2026-09-28 00:00:08.105 -0300] INFO (59325): request completed
    route: "/v1/dashboard/indicator-configs/00000000-0000-7000-8000-000084000301/publish"
    method: "POST"
    status: 428
    duration_ms: 17
[2026-09-28 00:00:08.106 -0300] INFO (59325): request completed
    route: "/v1/dashboard/indicator-configs/00000000-0000-7000-8000-000084000301/publish"
    method: "POST"
    status: 403
    duration_ms: 0
[2026-09-28 00:00:08.107 -0300] INFO (59325): request completed
    route: "/v1/dashboard/indicator-configs/00000000-0000-7000-8000-000084000301/publish"
    method: "POST"
    status: 403
    duration_ms: 0
[2026-09-28 00:00:08.108 -0300] INFO (59325): request completed
    route: "/v1/dashboard/indicator-configs/00000000-0000-7000-8000-000084000301/publish"
    method: "POST"
    status: 403
    duration_ms: 0
[2026-09-28 00:00:08.124 -0300] INFO (59325): request completed
    route: "/v1/dashboard/indicator-configs/00000000-0000-7000-8000-000084000301/publish"
    method: "POST"
    status: 428
    duration_ms: 16
[2026-09-28 00:00:08.125 -0300] INFO (59325): request completed
    route: "/v1/dashboard/indicator-configs/00000000-0000-7000-8000-000084000301/publish"
    method: "POST"
    status: 403
    duration_ms: 0
[2026-09-28 00:00:08.126 -0300] INFO (59325): request completed
    route: "/v1/dashboard/indicator-configs/00000000-0000-7000-8000-000084000301/publish"
    method: "POST"
    status: 403
    duration_ms: 1
[2026-09-28 00:00:08.127 -0300] INFO (59325): request completed
    route: "/v1/dashboard/indicator-configs/00000000-0000-7000-8000-000084000301/publish"
    method: "POST"
    status: 403
    duration_ms: 1
[2026-09-28 00:00:08.128 -0300] INFO (59325): request completed
    route: "/v1/dashboard/indicator-configs/00000000-0000-7000-8000-000084000301/publish"
    method: "POST"
    status: 403
    duration_ms: 1
[2026-09-28 00:00:08.128 -0300] INFO (59325): request completed
    route: "/v1/dashboard/indicator-configs/00000000-0000-7000-8000-000084000301/publish"
    method: "POST"
    status: 403
    duration_ms: 0
[2026-09-28 00:00:08.145 -0300] INFO (59325): request completed
    route: "/v1/dashboard/indicator-configs/00000000-0000-7000-8000-000084000301/publish"
    method: "POST"
    status: 428
    duration_ms: 16
[2026-09-28 00:00:08.163 -0300] INFO (59325): request completed
    route: "/v1/dashboard/indicator-configs/00000000-0000-7000-8000-000084000301/publish"
    method: "POST"
    status: 428
    duration_ms: 17
[2026-09-28 00:00:08.181 -0300] INFO (59325): request completed
    route: "/v1/dashboard/indicator-configs/00000000-0000-7000-8000-000084000301/publish"
    method: "POST"
    status: 428
    duration_ms: 17
[2026-09-28 00:00:08.182 -0300] INFO (59325): request completed
    route: "/v1/dashboard/indicator-configs/00000000-0000-7000-8000-000084000301/publish"
    method: "POST"
    status: 403
    duration_ms: 1
[2026-09-28 00:00:08.182 -0300] INFO (59325): request completed
    route: "/v1/dashboard/indicator-configs/00000000-0000-7000-8000-000084000301/publish"
    method: "POST"
    status: 403
    duration_ms: 0
[2026-09-28 00:00:08.183 -0300] INFO (59325): request completed
    route: "/v1/dashboard/indicator-configs/00000000-0000-7000-8000-000084000301/publish"
    method: "POST"
    status: 403
    duration_ms: 0
[2026-09-28 00:00:08.184 -0300] INFO (59325): request completed
    route: "/v1/dashboard/indicator-configs/00000000-0000-7000-8000-000084000301/publish"
    method: "POST"
    status: 403
    duration_ms: 0
[2026-09-28 00:00:08.185 -0300] INFO (59325): request completed
    route: "/v1/dashboard/indicator-configs/00000000-0000-7000-8000-000084000301/publish"
    method: "POST"
    status: 403
    duration_ms: 0
[2026-09-28 00:00:08.186 -0300] INFO (59325): request completed
    route: "/v1/dashboard/indicator-configs/00000000-0000-7000-8000-000084000301/publish"
    method: "POST"
    status: 403
    duration_ms: 0
[2026-09-28 00:00:08.187 -0300] INFO (59325): request completed
    route: "/v1/dashboard/indicator-configs/00000000-0000-7000-8000-000084000301/publish"
    method: "POST"
    status: 403
    duration_ms: 0
[2026-09-28 00:00:08.188 -0300] INFO (59325): request completed
    route: "/v1/dashboard/indicator-configs/00000000-0000-7000-8000-000084000301/publish"
    method: "POST"
    status: 403
    duration_ms: 1
[2026-09-28 00:00:08.188 -0300] INFO (59325): request completed
    route: "/v1/dashboard/indicator-configs/00000000-0000-7000-8000-000084000301/publish"
    method: "POST"
    status: 403
    duration_ms: 0
[2026-09-28 00:00:08.189 -0300] INFO (59325): request completed
    route: "/v1/dashboard/indicator-configs/00000000-0000-7000-8000-000084000301/publish"
    method: "POST"
    status: 403
    duration_ms: 0
[2026-09-28 00:00:08.189 -0300] INFO (59325): request completed
    route: "/v1/dashboard/indicator-configs/00000000-0000-7000-8000-000084000301/publish"
    method: "POST"
    status: 403
    duration_ms: 0
[2026-09-28 00:00:08.190 -0300] INFO (59325): request completed
    route: "/v1/dashboard/indicator-configs/00000000-0000-7000-8000-000084000301/publish"
    method: "POST"
    status: 403
    duration_ms: 0
[2026-09-28 00:00:08.190 -0300] INFO (59325): request completed
    route: "/v1/dashboard/indicator-configs/00000000-0000-7000-8000-000084000301/publish"
    method: "POST"
    status: 403
    duration_ms: 0
[2026-09-28 00:00:08.191 -0300] INFO (59325): request completed
    route: "/v1/dashboard/indicator-configs/00000000-0000-7000-8000-000084000301/publish"
    method: "POST"
    status: 403
    duration_ms: 0
[2026-09-28 00:00:08.197 -0300] INFO (59325): request completed
    route: "/v1/dashboard/bi-panels"
    method: "GET"
    status: 200
    duration_ms: 6
[2026-09-28 00:00:08.203 -0300] INFO (59325): request completed
    route: "/v1/dashboard/bi-panels/00000000-0000-7000-8000-000084000401"
    method: "GET"
    status: 200
    duration_ms: 5
[2026-09-28 00:00:08.204 -0300] INFO (59325): request completed
    route: "/v1/dashboard/bi-panels"
    method: "GET"
    status: 403
    duration_ms: 0
[2026-09-28 00:00:08.205 -0300] INFO (59325): request completed
    route: "/v1/dashboard/bi-panels/00000000-0000-7000-8000-000084000401"
    method: "GET"
    status: 403
    duration_ms: 0
[2026-09-28 00:00:08.205 -0300] INFO (59325): request completed
    route: "/v1/dashboard/bi-panels"
    method: "GET"
    status: 403
    duration_ms: 0
[2026-09-28 00:00:08.206 -0300] INFO (59325): request completed
    route: "/v1/dashboard/bi-panels/00000000-0000-7000-8000-000084000401"
    method: "GET"
    status: 403
    duration_ms: 0
[2026-09-28 00:00:08.207 -0300] INFO (59325): request completed
    route: "/v1/dashboard/bi-panels"
    method: "GET"
    status: 403
    duration_ms: 1
[2026-09-28 00:00:08.207 -0300] INFO (59325): request completed
    route: "/v1/dashboard/bi-panels/00000000-0000-7000-8000-000084000401"
    method: "GET"
    status: 403
    duration_ms: 0
[2026-09-28 00:00:08.208 -0300] INFO (59325): request completed
    route: "/v1/dashboard/bi-panels"
    method: "GET"
    status: 403
    duration_ms: 0
[2026-09-28 00:00:08.208 -0300] INFO (59325): request completed
    route: "/v1/dashboard/bi-panels/00000000-0000-7000-8000-000084000401"
    method: "GET"
    status: 403
    duration_ms: 0
[2026-09-28 00:00:08.209 -0300] INFO (59325): request completed
    route: "/v1/dashboard/bi-panels"
    method: "GET"
    status: 403
    duration_ms: 0
[2026-09-28 00:00:08.210 -0300] INFO (59325): request completed
    route: "/v1/dashboard/bi-panels/00000000-0000-7000-8000-000084000401"
    method: "GET"
    status: 403
    duration_ms: 1
[2026-09-28 00:00:08.220 -0300] INFO (59325): request completed
    route: "/v1/dashboard/bi-panels"
    method: "GET"
    status: 200
    duration_ms: 6
[2026-09-28 00:00:08.225 -0300] INFO (59325): request completed
    route: "/v1/dashboard/bi-panels/00000000-0000-7000-8000-000084000401"
    method: "GET"
    status: 200
    duration_ms: 4
[2026-09-28 00:00:08.226 -0300] INFO (59325): request completed
    route: "/v1/dashboard/bi-panels"
    method: "GET"
    status: 403
    duration_ms: 0
[2026-09-28 00:00:08.227 -0300] INFO (59325): request completed
    route: "/v1/dashboard/bi-panels/00000000-0000-7000-8000-000084000401"
    method: "GET"
    status: 403
    duration_ms: 0
[2026-09-28 00:00:08.227 -0300] INFO (59325): request completed
    route: "/v1/dashboard/bi-panels"
    method: "GET"
    status: 403
    duration_ms: 0
[2026-09-28 00:00:08.229 -0300] INFO (59325): request completed
    route: "/v1/dashboard/bi-panels/00000000-0000-7000-8000-000084000401"
    method: "GET"
    status: 403
    duration_ms: 1
[2026-09-28 00:00:08.235 -0300] INFO (59325): request completed
    route: "/v1/dashboard/bi-panels"
    method: "GET"
    status: 200
    duration_ms: 6
[2026-09-28 00:00:08.240 -0300] INFO (59325): request completed
    route: "/v1/dashboard/bi-panels/00000000-0000-7000-8000-000084000401"
    method: "GET"
    status: 200
    duration_ms: 5
[2026-09-28 00:00:08.241 -0300] INFO (59325): request completed
    route: "/v1/dashboard/bi-panels"
    method: "GET"
    status: 403
    duration_ms: 0
[2026-09-28 00:00:08.242 -0300] INFO (59325): request completed
    route: "/v1/dashboard/bi-panels/00000000-0000-7000-8000-000084000401"
    method: "GET"
    status: 403
    duration_ms: 0
[2026-09-28 00:00:08.243 -0300] INFO (59325): request completed
    route: "/v1/dashboard/bi-panels"
    method: "GET"
    status: 403
    duration_ms: 0
[2026-09-28 00:00:08.244 -0300] INFO (59325): request completed
    route: "/v1/dashboard/bi-panels/00000000-0000-7000-8000-000084000401"
    method: "GET"
    status: 403
    duration_ms: 0
[2026-09-28 00:00:08.245 -0300] INFO (59325): request completed
    route: "/v1/dashboard/bi-panels"
    method: "GET"
    status: 403
    duration_ms: 0
[2026-09-28 00:00:08.246 -0300] INFO (59325): request completed
    route: "/v1/dashboard/bi-panels/00000000-0000-7000-8000-000084000401"
    method: "GET"
    status: 403
    duration_ms: 1
[2026-09-28 00:00:08.252 -0300] INFO (59325): request completed
    route: "/v1/dashboard/bi-panels"
    method: "GET"
    status: 200
    duration_ms: 6
[2026-09-28 00:00:08.256 -0300] INFO (59325): request completed
    route: "/v1/dashboard/bi-panels/00000000-0000-7000-8000-000084000401"
    method: "GET"
    status: 200
    duration_ms: 4
[2026-09-28 00:00:08.257 -0300] INFO (59325): request completed
    route: "/v1/dashboard/bi-panels"
    method: "GET"
    status: 403
    duration_ms: 0
[2026-09-28 00:00:08.257 -0300] INFO (59325): request completed
    route: "/v1/dashboard/bi-panels/00000000-0000-7000-8000-000084000401"
    method: "GET"
    status: 403
    duration_ms: 0
[2026-09-28 00:00:08.258 -0300] INFO (59325): request completed
    route: "/v1/dashboard/bi-panels"
    method: "GET"
    status: 403
    duration_ms: 0
[2026-09-28 00:00:08.259 -0300] INFO (59325): request completed
    route: "/v1/dashboard/bi-panels/00000000-0000-7000-8000-000084000401"
    method: "GET"
    status: 403
    duration_ms: 0
[2026-09-28 00:00:08.260 -0300] INFO (59325): request completed
    route: "/v1/dashboard/bi-panels"
    method: "GET"
    status: 403
    duration_ms: 0
[2026-09-28 00:00:08.261 -0300] INFO (59325): request completed
    route: "/v1/dashboard/bi-panels/00000000-0000-7000-8000-000084000401"
    method: "GET"
    status: 403
    duration_ms: 0
[2026-09-28 00:00:08.262 -0300] INFO (59325): request completed
    route: "/v1/dashboard/bi-panels"
    method: "GET"
    status: 403
    duration_ms: 1
[2026-09-28 00:00:08.262 -0300] INFO (59325): request completed
    route: "/v1/dashboard/bi-panels/00000000-0000-7000-8000-000084000401"
    method: "GET"
    status: 403
    duration_ms: 0
[2026-09-28 00:00:08.263 -0300] INFO (59325): request completed
    route: "/v1/dashboard/bi-panels"
    method: "GET"
    status: 403
    duration_ms: 0
[2026-09-28 00:00:08.263 -0300] INFO (59325): request completed
    route: "/v1/dashboard/bi-panels/00000000-0000-7000-8000-000084000401"
    method: "GET"
    status: 403
    duration_ms: 0
[2026-09-28 00:00:08.269 -0300] INFO (59325): request completed
    route: "/v1/dashboard/bi-panels"
    method: "GET"
    status: 200
    duration_ms: 5
[2026-09-28 00:00:08.274 -0300] INFO (59325): request completed
    route: "/v1/dashboard/bi-panels/00000000-0000-7000-8000-000084000401"
    method: "GET"
    status: 200
    duration_ms: 5
[2026-09-28 00:00:08.279 -0300] INFO (59325): request completed
    route: "/v1/dashboard/bi-panels"
    method: "GET"
    status: 200
    duration_ms: 5
[2026-09-28 00:00:08.284 -0300] INFO (59325): request completed
    route: "/v1/dashboard/bi-panels/00000000-0000-7000-8000-000084000401"
    method: "GET"
    status: 200
    duration_ms: 4
[2026-09-28 00:00:08.290 -0300] INFO (59325): request completed
    route: "/v1/dashboard/bi-panels"
    method: "GET"
    status: 200
    duration_ms: 5
[2026-09-28 00:00:08.294 -0300] INFO (59325): request completed
    route: "/v1/dashboard/bi-panels/00000000-0000-7000-8000-000084000401"
    method: "GET"
    status: 200
    duration_ms: 4
[2026-09-28 00:00:08.295 -0300] INFO (59325): request completed
    route: "/v1/dashboard/bi-panels"
    method: "GET"
    status: 403
    duration_ms: 0
[2026-09-28 00:00:08.296 -0300] INFO (59325): request completed
    route: "/v1/dashboard/bi-panels/00000000-0000-7000-8000-000084000401"
    method: "GET"
    status: 403
    duration_ms: 0
[2026-09-28 00:00:08.296 -0300] INFO (59325): request completed
    route: "/v1/dashboard/bi-panels"
    method: "GET"
    status: 403
    duration_ms: 0
[2026-09-28 00:00:08.297 -0300] INFO (59325): request completed
    route: "/v1/dashboard/bi-panels/00000000-0000-7000-8000-000084000401"
    method: "GET"
    status: 403
    duration_ms: 0
[2026-09-28 00:00:08.297 -0300] INFO (59325): request completed
    route: "/v1/dashboard/bi-panels"
    method: "GET"
    status: 403
    duration_ms: 0
[2026-09-28 00:00:08.298 -0300] INFO (59325): request completed
    route: "/v1/dashboard/bi-panels/00000000-0000-7000-8000-000084000401"
    method: "GET"
    status: 403
    duration_ms: 0
[2026-09-28 00:00:08.298 -0300] INFO (59325): request completed
    route: "/v1/dashboard/bi-panels"
    method: "GET"
    status: 403
    duration_ms: 0
[2026-09-28 00:00:08.299 -0300] INFO (59325): request completed
    route: "/v1/dashboard/bi-panels/00000000-0000-7000-8000-000084000401"
    method: "GET"
    status: 403
    duration_ms: 1
[2026-09-28 00:00:08.299 -0300] INFO (59325): request completed
    route: "/v1/dashboard/bi-panels"
    method: "GET"
    status: 403
    duration_ms: 0
[2026-09-28 00:00:08.300 -0300] INFO (59325): request completed
    route: "/v1/dashboard/bi-panels/00000000-0000-7000-8000-000084000401"
    method: "GET"
    status: 403
    duration_ms: 1
[2026-09-28 00:00:08.301 -0300] INFO (59325): request completed
    route: "/v1/dashboard/bi-panels"
    method: "GET"
    status: 403
    duration_ms: 1
[2026-09-28 00:00:08.301 -0300] INFO (59325): request completed
    route: "/v1/dashboard/bi-panels/00000000-0000-7000-8000-000084000401"
    method: "GET"
    status: 403
    duration_ms: 0
[2026-09-28 00:00:08.302 -0300] INFO (59325): request completed
    route: "/v1/dashboard/bi-panels"
    method: "GET"
    status: 403
    duration_ms: 0
[2026-09-28 00:00:08.303 -0300] INFO (59325): request completed
    route: "/v1/dashboard/bi-panels/00000000-0000-7000-8000-000084000401"
    method: "GET"
    status: 403
    duration_ms: 0
[2026-09-28 00:00:08.303 -0300] INFO (59325): request completed
    route: "/v1/dashboard/bi-panels"
    method: "GET"
    status: 403
    duration_ms: 0
[2026-09-28 00:00:08.304 -0300] INFO (59325): request completed
    route: "/v1/dashboard/bi-panels/00000000-0000-7000-8000-000084000401"
    method: "GET"
    status: 403
    duration_ms: 0
[2026-09-28 00:00:08.304 -0300] INFO (59325): request completed
    route: "/v1/dashboard/bi-panels"
    method: "GET"
    status: 403
    duration_ms: 0
[2026-09-28 00:00:08.305 -0300] INFO (59325): request completed
    route: "/v1/dashboard/bi-panels/00000000-0000-7000-8000-000084000401"
    method: "GET"
    status: 403
    duration_ms: 0
[2026-09-28 00:00:08.305 -0300] INFO (59325): request completed
    route: "/v1/dashboard/bi-panels"
    method: "GET"
    status: 403
    duration_ms: 0
[2026-09-28 00:00:08.306 -0300] INFO (59325): request completed
    route: "/v1/dashboard/bi-panels/00000000-0000-7000-8000-000084000401"
    method: "GET"
    status: 403
    duration_ms: 1
[2026-09-28 00:00:08.306 -0300] INFO (59325): request completed
    route: "/v1/dashboard/bi-panels"
    method: "GET"
    status: 403
    duration_ms: 0
[2026-09-28 00:00:08.306 -0300] INFO (59325): request completed
    route: "/v1/dashboard/bi-panels/00000000-0000-7000-8000-000084000401"
    method: "GET"
    status: 403
    duration_ms: 0
[2026-09-28 00:00:08.307 -0300] INFO (59325): request completed
    route: "/v1/dashboard/bi-panels"
    method: "GET"
    status: 403
    duration_ms: 0
[2026-09-28 00:00:08.307 -0300] INFO (59325): request completed
    route: "/v1/dashboard/bi-panels/00000000-0000-7000-8000-000084000401"
    method: "GET"
    status: 403
    duration_ms: 0
[2026-09-28 00:00:08.308 -0300] INFO (59325): request completed
    route: "/v1/dashboard/bi-panels"
    method: "GET"
    status: 403
    duration_ms: 0
[2026-09-28 00:00:08.309 -0300] INFO (59325): request completed
    route: "/v1/dashboard/bi-panels/00000000-0000-7000-8000-000084000401"
    method: "GET"
    status: 403
    duration_ms: 0
[2026-09-28 00:00:08.310 -0300] INFO (59325): request completed
    route: "/v1/dashboard/bi-panels"
    method: "GET"
    status: 403
    duration_ms: 0
[2026-09-28 00:00:08.310 -0300] INFO (59325): request completed
    route: "/v1/dashboard/bi-panels/00000000-0000-7000-8000-000084000401"
    method: "GET"
    status: 403
    duration_ms: 0
[2026-09-28 00:00:08.327 -0300] INFO (59325): request completed
    route: "/v1/dashboard/bi-panels"
    method: "POST"
    status: 400
    duration_ms: 16
[2026-09-28 00:00:08.345 -0300] INFO (59325): request completed
    route: "/v1/dashboard/bi-panels/00000000-0000-7000-8000-000084000401"
    method: "PATCH"
    status: 428
    duration_ms: 17
[2026-09-28 00:00:08.363 -0300] INFO (59325): request completed
    route: "/v1/dashboard/bi-panels/00000000-0000-7000-8000-000084000401/publish"
    method: "POST"
    status: 428
    duration_ms: 17
[2026-09-28 00:00:08.364 -0300] INFO (59325): request completed
    route: "/v1/dashboard/bi-panels"
    method: "POST"
    status: 403
    duration_ms: 0
[2026-09-28 00:00:08.365 -0300] INFO (59325): request completed
    route: "/v1/dashboard/bi-panels/00000000-0000-7000-8000-000084000401"
    method: "PATCH"
    status: 403
    duration_ms: 0
[2026-09-28 00:00:08.365 -0300] INFO (59325): request completed
    route: "/v1/dashboard/bi-panels/00000000-0000-7000-8000-000084000401/publish"
    method: "POST"
    status: 403
    duration_ms: 0
[2026-09-28 00:00:08.366 -0300] INFO (59325): request completed
    route: "/v1/dashboard/bi-panels"
    method: "POST"
    status: 403
    duration_ms: 0
[2026-09-28 00:00:08.367 -0300] INFO (59325): request completed
    route: "/v1/dashboard/bi-panels/00000000-0000-7000-8000-000084000401"
    method: "PATCH"
    status: 403
    duration_ms: 0
[2026-09-28 00:00:08.368 -0300] INFO (59325): request completed
    route: "/v1/dashboard/bi-panels/00000000-0000-7000-8000-000084000401/publish"
    method: "POST"
    status: 403
    duration_ms: 0
[2026-09-28 00:00:08.369 -0300] INFO (59325): request completed
    route: "/v1/dashboard/bi-panels"
    method: "POST"
    status: 403
    duration_ms: 0
[2026-09-28 00:00:08.370 -0300] INFO (59325): request completed
    route: "/v1/dashboard/bi-panels/00000000-0000-7000-8000-000084000401"
    method: "PATCH"
    status: 403
    duration_ms: 1
[2026-09-28 00:00:08.370 -0300] INFO (59325): request completed
    route: "/v1/dashboard/bi-panels/00000000-0000-7000-8000-000084000401/publish"
    method: "POST"
    status: 403
    duration_ms: 0
[2026-09-28 00:00:08.371 -0300] INFO (59325): request completed
    route: "/v1/dashboard/bi-panels"
    method: "POST"
    status: 403
    duration_ms: 1
[2026-09-28 00:00:08.371 -0300] INFO (59325): request completed
    route: "/v1/dashboard/bi-panels/00000000-0000-7000-8000-000084000401"
    method: "PATCH"
    status: 403
    duration_ms: 0
[2026-09-28 00:00:08.372 -0300] INFO (59325): request completed
    route: "/v1/dashboard/bi-panels/00000000-0000-7000-8000-000084000401/publish"
    method: "POST"
    status: 403
    duration_ms: 1
[2026-09-28 00:00:08.372 -0300] INFO (59325): request completed
    route: "/v1/dashboard/bi-panels"
    method: "POST"
    status: 403
    duration_ms: 0
[2026-09-28 00:00:08.373 -0300] INFO (59325): request completed
    route: "/v1/dashboard/bi-panels/00000000-0000-7000-8000-000084000401"
    method: "PATCH"
    status: 403
    duration_ms: 0
[2026-09-28 00:00:08.374 -0300] INFO (59325): request completed
    route: "/v1/dashboard/bi-panels/00000000-0000-7000-8000-000084000401/publish"
    method: "POST"
    status: 403
    duration_ms: 0
[2026-09-28 00:00:08.374 -0300] INFO (59325): request completed
    route: "/v1/dashboard/bi-panels"
    method: "POST"
    status: 403
    duration_ms: 0
[2026-09-28 00:00:08.375 -0300] INFO (59325): request completed
    route: "/v1/dashboard/bi-panels/00000000-0000-7000-8000-000084000401"
    method: "PATCH"
    status: 403
    duration_ms: 0
[2026-09-28 00:00:08.376 -0300] INFO (59325): request completed
    route: "/v1/dashboard/bi-panels/00000000-0000-7000-8000-000084000401/publish"
    method: "POST"
    status: 403
    duration_ms: 0
[2026-09-28 00:00:08.376 -0300] INFO (59325): request completed
    route: "/v1/dashboard/bi-panels"
    method: "POST"
    status: 403
    duration_ms: 0
[2026-09-28 00:00:08.377 -0300] INFO (59325): request completed
    route: "/v1/dashboard/bi-panels/00000000-0000-7000-8000-000084000401"
    method: "PATCH"
    status: 403
    duration_ms: 0
[2026-09-28 00:00:08.377 -0300] INFO (59325): request completed
    route: "/v1/dashboard/bi-panels/00000000-0000-7000-8000-000084000401/publish"
    method: "POST"
    status: 403
    duration_ms: 0
[2026-09-28 00:00:08.378 -0300] INFO (59325): request completed
    route: "/v1/dashboard/bi-panels"
    method: "POST"
    status: 403
    duration_ms: 0
[2026-09-28 00:00:08.378 -0300] INFO (59325): request completed
    route: "/v1/dashboard/bi-panels/00000000-0000-7000-8000-000084000401"
    method: "PATCH"
    status: 403
    duration_ms: 0
[2026-09-28 00:00:08.379 -0300] INFO (59325): request completed
    route: "/v1/dashboard/bi-panels/00000000-0000-7000-8000-000084000401/publish"
    method: "POST"
    status: 403
    duration_ms: 0
[2026-09-28 00:00:08.395 -0300] INFO (59325): request completed
    route: "/v1/dashboard/bi-panels"
    method: "POST"
    status: 400
    duration_ms: 16
[2026-09-28 00:00:08.413 -0300] INFO (59325): request completed
    route: "/v1/dashboard/bi-panels/00000000-0000-7000-8000-000084000401"
    method: "PATCH"
    status: 428
    duration_ms: 17
[2026-09-28 00:00:08.429 -0300] INFO (59325): request completed
    route: "/v1/dashboard/bi-panels/00000000-0000-7000-8000-000084000401/publish"
    method: "POST"
    status: 428
    duration_ms: 15
[2026-09-28 00:00:08.431 -0300] INFO (59325): request completed
    route: "/v1/dashboard/bi-panels"
    method: "POST"
    status: 403
    duration_ms: 1
[2026-09-28 00:00:08.431 -0300] INFO (59325): request completed
    route: "/v1/dashboard/bi-panels/00000000-0000-7000-8000-000084000401"
    method: "PATCH"
    status: 403
    duration_ms: 0
[2026-09-28 00:00:08.432 -0300] INFO (59325): request completed
    route: "/v1/dashboard/bi-panels/00000000-0000-7000-8000-000084000401/publish"
    method: "POST"
    status: 403
    duration_ms: 1
[2026-09-28 00:00:08.432 -0300] INFO (59325): request completed
    route: "/v1/dashboard/bi-panels"
    method: "POST"
    status: 403
    duration_ms: 0
[2026-09-28 00:00:08.432 -0300] INFO (59325): request completed
    route: "/v1/dashboard/bi-panels/00000000-0000-7000-8000-000084000401"
    method: "PATCH"
    status: 403
    duration_ms: 0
[2026-09-28 00:00:08.433 -0300] INFO (59325): request completed
    route: "/v1/dashboard/bi-panels/00000000-0000-7000-8000-000084000401/publish"
    method: "POST"
    status: 403
    duration_ms: 0
[2026-09-28 00:00:08.434 -0300] INFO (59325): request completed
    route: "/v1/dashboard/bi-panels"
    method: "POST"
    status: 403
    duration_ms: 0
[2026-09-28 00:00:08.435 -0300] INFO (59325): request completed
    route: "/v1/dashboard/bi-panels/00000000-0000-7000-8000-000084000401"
    method: "PATCH"
    status: 403
    duration_ms: 1
[2026-09-28 00:00:08.436 -0300] INFO (59325): request completed
    route: "/v1/dashboard/bi-panels/00000000-0000-7000-8000-000084000401/publish"
    method: "POST"
    status: 403
    duration_ms: 1
[2026-09-28 00:00:08.449 -0300] INFO (59325): request completed
    route: "/v1/dashboard/bi-panels"
    method: "POST"
    status: 400
    duration_ms: 13
[2026-09-28 00:00:08.466 -0300] INFO (59325): request completed
    route: "/v1/dashboard/bi-panels/00000000-0000-7000-8000-000084000401"
    method: "PATCH"
    status: 428
    duration_ms: 16
[2026-09-28 00:00:08.484 -0300] INFO (59325): request completed
    route: "/v1/dashboard/bi-panels/00000000-0000-7000-8000-000084000401/publish"
    method: "POST"
    status: 428
    duration_ms: 17
[2026-09-28 00:00:08.485 -0300] INFO (59325): request completed
    route: "/v1/dashboard/bi-panels"
    method: "POST"
    status: 403
    duration_ms: 1
[2026-09-28 00:00:08.486 -0300] INFO (59325): request completed
    route: "/v1/dashboard/bi-panels/00000000-0000-7000-8000-000084000401"
    method: "PATCH"
    status: 403
    duration_ms: 0
[2026-09-28 00:00:08.487 -0300] INFO (59325): request completed
    route: "/v1/dashboard/bi-panels/00000000-0000-7000-8000-000084000401/publish"
    method: "POST"
    status: 403
    duration_ms: 1
[2026-09-28 00:00:08.488 -0300] INFO (59325): request completed
    route: "/v1/dashboard/bi-panels"
    method: "POST"
    status: 403
    duration_ms: 1
[2026-09-28 00:00:08.488 -0300] INFO (59325): request completed
    route: "/v1/dashboard/bi-panels/00000000-0000-7000-8000-000084000401"
    method: "PATCH"
    status: 403
    duration_ms: 0
[2026-09-28 00:00:08.489 -0300] INFO (59325): request completed
    route: "/v1/dashboard/bi-panels/00000000-0000-7000-8000-000084000401/publish"
    method: "POST"
    status: 403
    duration_ms: 0
[2026-09-28 00:00:08.490 -0300] INFO (59325): request completed
    route: "/v1/dashboard/bi-panels"
    method: "POST"
    status: 403
    duration_ms: 1
[2026-09-28 00:00:08.490 -0300] INFO (59325): request completed
    route: "/v1/dashboard/bi-panels/00000000-0000-7000-8000-000084000401"
    method: "PATCH"
    status: 403
    duration_ms: 0
[2026-09-28 00:00:08.491 -0300] INFO (59325): request completed
    route: "/v1/dashboard/bi-panels/00000000-0000-7000-8000-000084000401/publish"
    method: "POST"
    status: 403
    duration_ms: 1
[2026-09-28 00:00:08.491 -0300] INFO (59325): request completed
    route: "/v1/dashboard/bi-panels"
    method: "POST"
    status: 403
    duration_ms: 0
[2026-09-28 00:00:08.492 -0300] INFO (59325): request completed
    route: "/v1/dashboard/bi-panels/00000000-0000-7000-8000-000084000401"
    method: "PATCH"
    status: 403
    duration_ms: 0
[2026-09-28 00:00:08.493 -0300] INFO (59325): request completed
    route: "/v1/dashboard/bi-panels/00000000-0000-7000-8000-000084000401/publish"
    method: "POST"
    status: 403
    duration_ms: 0
[2026-09-28 00:00:08.494 -0300] INFO (59325): request completed
    route: "/v1/dashboard/bi-panels"
    method: "POST"
    status: 403
    duration_ms: 0
[2026-09-28 00:00:08.495 -0300] INFO (59325): request completed
    route: "/v1/dashboard/bi-panels/00000000-0000-7000-8000-000084000401"
    method: "PATCH"
    status: 403
    duration_ms: 0
[2026-09-28 00:00:08.496 -0300] INFO (59325): request completed
    route: "/v1/dashboard/bi-panels/00000000-0000-7000-8000-000084000401/publish"
    method: "POST"
    status: 403
    duration_ms: 1
[2026-09-28 00:00:08.511 -0300] INFO (59325): request completed
    route: "/v1/dashboard/bi-panels"
    method: "POST"
    status: 400
    duration_ms: 15
[2026-09-28 00:00:08.528 -0300] INFO (59325): request completed
    route: "/v1/dashboard/bi-panels/00000000-0000-7000-8000-000084000401"
    method: "PATCH"
    status: 428
    duration_ms: 16
[2026-09-28 00:00:08.548 -0300] INFO (59325): request completed
    route: "/v1/dashboard/bi-panels/00000000-0000-7000-8000-000084000401/publish"
    method: "POST"
    status: 428
    duration_ms: 19
[2026-09-28 00:00:08.563 -0300] INFO (59325): request completed
    route: "/v1/dashboard/bi-panels"
    method: "POST"
    status: 400
    duration_ms: 14
[2026-09-28 00:00:08.579 -0300] INFO (59325): request completed
    route: "/v1/dashboard/bi-panels/00000000-0000-7000-8000-000084000401"
    method: "PATCH"
    status: 428
    duration_ms: 16
[2026-09-28 00:00:08.596 -0300] INFO (59325): request completed
    route: "/v1/dashboard/bi-panels/00000000-0000-7000-8000-000084000401/publish"
    method: "POST"
    status: 428
    duration_ms: 16
[2026-09-28 00:00:08.610 -0300] INFO (59325): request completed
    route: "/v1/dashboard/bi-panels"
    method: "POST"
    status: 400
    duration_ms: 13
[2026-09-28 00:00:08.626 -0300] INFO (59325): request completed
    route: "/v1/dashboard/bi-panels/00000000-0000-7000-8000-000084000401"
    method: "PATCH"
    status: 428
    duration_ms: 15
[2026-09-28 00:00:08.642 -0300] INFO (59325): request completed
    route: "/v1/dashboard/bi-panels/00000000-0000-7000-8000-000084000401/publish"
    method: "POST"
    status: 428
    duration_ms: 16
[2026-09-28 00:00:08.643 -0300] INFO (59325): request completed
    route: "/v1/dashboard/bi-panels"
    method: "POST"
    status: 403
    duration_ms: 0
[2026-09-28 00:00:08.644 -0300] INFO (59325): request completed
    route: "/v1/dashboard/bi-panels/00000000-0000-7000-8000-000084000401"
    method: "PATCH"
    status: 403
    duration_ms: 0
[2026-09-28 00:00:08.645 -0300] INFO (59325): request completed
    route: "/v1/dashboard/bi-panels/00000000-0000-7000-8000-000084000401/publish"
    method: "POST"
    status: 403
    duration_ms: 0
[2026-09-28 00:00:08.646 -0300] INFO (59325): request completed
    route: "/v1/dashboard/bi-panels"
    method: "POST"
    status: 403
    duration_ms: 1
[2026-09-28 00:00:08.646 -0300] INFO (59325): request completed
    route: "/v1/dashboard/bi-panels/00000000-0000-7000-8000-000084000401"
    method: "PATCH"
    status: 403
    duration_ms: 0
[2026-09-28 00:00:08.647 -0300] INFO (59325): request completed
    route: "/v1/dashboard/bi-panels/00000000-0000-7000-8000-000084000401/publish"
    method: "POST"
    status: 403
    duration_ms: 0
[2026-09-28 00:00:08.648 -0300] INFO (59325): request completed
    route: "/v1/dashboard/bi-panels"
    method: "POST"
    status: 403
    duration_ms: 1
[2026-09-28 00:00:08.648 -0300] INFO (59325): request completed
    route: "/v1/dashboard/bi-panels/00000000-0000-7000-8000-000084000401"
    method: "PATCH"
    status: 403
    duration_ms: 0
[2026-09-28 00:00:08.649 -0300] INFO (59325): request completed
    route: "/v1/dashboard/bi-panels/00000000-0000-7000-8000-000084000401/publish"
    method: "POST"
    status: 403
    duration_ms: 1
[2026-09-28 00:00:08.649 -0300] INFO (59325): request completed
    route: "/v1/dashboard/bi-panels"
    method: "POST"
    status: 403
    duration_ms: 0
[2026-09-28 00:00:08.650 -0300] INFO (59325): request completed
    route: "/v1/dashboard/bi-panels/00000000-0000-7000-8000-000084000401"
    method: "PATCH"
    status: 403
    duration_ms: 0
[2026-09-28 00:00:08.651 -0300] INFO (59325): request completed
    route: "/v1/dashboard/bi-panels/00000000-0000-7000-8000-000084000401/publish"
    method: "POST"
    status: 403
    duration_ms: 0
[2026-09-28 00:00:08.652 -0300] INFO (59325): request completed
    route: "/v1/dashboard/bi-panels"
    method: "POST"
    status: 403
    duration_ms: 0
[2026-09-28 00:00:08.653 -0300] INFO (59325): request completed
    route: "/v1/dashboard/bi-panels/00000000-0000-7000-8000-000084000401"
    method: "PATCH"
    status: 403
    duration_ms: 1
[2026-09-28 00:00:08.653 -0300] INFO (59325): request completed
    route: "/v1/dashboard/bi-panels/00000000-0000-7000-8000-000084000401/publish"
    method: "POST"
    status: 403
    duration_ms: 0
[2026-09-28 00:00:08.654 -0300] INFO (59325): request completed
    route: "/v1/dashboard/bi-panels"
    method: "POST"
    status: 403
    duration_ms: 0
[2026-09-28 00:00:08.654 -0300] INFO (59325): request completed
    route: "/v1/dashboard/bi-panels/00000000-0000-7000-8000-000084000401"
    method: "PATCH"
    status: 403
    duration_ms: 0
[2026-09-28 00:00:08.655 -0300] INFO (59325): request completed
    route: "/v1/dashboard/bi-panels/00000000-0000-7000-8000-000084000401/publish"
    method: "POST"
    status: 403
    duration_ms: 0
[2026-09-28 00:00:08.655 -0300] INFO (59325): request completed
    route: "/v1/dashboard/bi-panels"
    method: "POST"
    status: 403
    duration_ms: 0
[2026-09-28 00:00:08.656 -0300] INFO (59325): request completed
    route: "/v1/dashboard/bi-panels/00000000-0000-7000-8000-000084000401"
    method: "PATCH"
    status: 403
    duration_ms: 0
[2026-09-28 00:00:08.656 -0300] INFO (59325): request completed
    route: "/v1/dashboard/bi-panels/00000000-0000-7000-8000-000084000401/publish"
    method: "POST"
    status: 403
    duration_ms: 0
[2026-09-28 00:00:08.657 -0300] INFO (59325): request completed
    route: "/v1/dashboard/bi-panels"
    method: "POST"
    status: 403
    duration_ms: 1
[2026-09-28 00:00:08.657 -0300] INFO (59325): request completed
    route: "/v1/dashboard/bi-panels/00000000-0000-7000-8000-000084000401"
    method: "PATCH"
    status: 403
    duration_ms: 0
[2026-09-28 00:00:08.657 -0300] INFO (59325): request completed
    route: "/v1/dashboard/bi-panels/00000000-0000-7000-8000-000084000401/publish"
    method: "POST"
    status: 403
    duration_ms: 0
[2026-09-28 00:00:08.658 -0300] INFO (59325): request completed
    route: "/v1/dashboard/bi-panels"
    method: "POST"
    status: 403
    duration_ms: 0
[2026-09-28 00:00:08.659 -0300] INFO (59325): request completed
    route: "/v1/dashboard/bi-panels/00000000-0000-7000-8000-000084000401"
    method: "PATCH"
    status: 403
    duration_ms: 0
[2026-09-28 00:00:08.660 -0300] INFO (59325): request completed
    route: "/v1/dashboard/bi-panels/00000000-0000-7000-8000-000084000401/publish"
    method: "POST"
    status: 403
    duration_ms: 0
[2026-09-28 00:00:08.661 -0300] INFO (59325): request completed
    route: "/v1/dashboard/bi-panels"
    method: "POST"
    status: 403
    duration_ms: 1
[2026-09-28 00:00:08.661 -0300] INFO (59325): request completed
    route: "/v1/dashboard/bi-panels/00000000-0000-7000-8000-000084000401"
    method: "PATCH"
    status: 403
    duration_ms: 0
[2026-09-28 00:00:08.662 -0300] INFO (59325): request completed
    route: "/v1/dashboard/bi-panels/00000000-0000-7000-8000-000084000401/publish"
    method: "POST"
    status: 403
    duration_ms: 0
[2026-09-28 00:00:08.662 -0300] INFO (59325): request completed
    route: "/v1/dashboard/bi-panels"
    method: "POST"
    status: 403
    duration_ms: 0
[2026-09-28 00:00:08.663 -0300] INFO (59325): request completed
    route: "/v1/dashboard/bi-panels/00000000-0000-7000-8000-000084000401"
    method: "PATCH"
    status: 403
    duration_ms: 1
[2026-09-28 00:00:08.663 -0300] INFO (59325): request completed
    route: "/v1/dashboard/bi-panels/00000000-0000-7000-8000-000084000401/publish"
    method: "POST"
    status: 403
    duration_ms: 0
[2026-09-28 00:00:08.664 -0300] INFO (59325): request completed
    route: "/v1/dashboard/bi-panels"
    method: "POST"
    status: 403
    duration_ms: 0
[2026-09-28 00:00:08.664 -0300] INFO (59325): request completed
    route: "/v1/dashboard/bi-panels/00000000-0000-7000-8000-000084000401"
    method: "PATCH"
    status: 403
    duration_ms: 0
[2026-09-28 00:00:08.665 -0300] INFO (59325): request completed
    route: "/v1/dashboard/bi-panels/00000000-0000-7000-8000-000084000401/publish"
    method: "POST"
    status: 403
    duration_ms: 0
[2026-09-28 00:00:08.665 -0300] INFO (59325): request completed
    route: "/v1/dashboard/bi-panels"
    method: "POST"
    status: 403
    duration_ms: 0
[2026-09-28 00:00:08.666 -0300] INFO (59325): request completed
    route: "/v1/dashboard/bi-panels/00000000-0000-7000-8000-000084000401"
    method: "PATCH"
    status: 403
    duration_ms: 0
[2026-09-28 00:00:08.666 -0300] INFO (59325): request completed
    route: "/v1/dashboard/bi-panels/00000000-0000-7000-8000-000084000401/publish"
    method: "POST"
    status: 403
    duration_ms: 0
[2026-09-28 00:00:08.667 -0300] INFO (59325): request completed
    route: "/v1/dashboard/bi-panels"
    method: "POST"
    status: 403
    duration_ms: 0
[2026-09-28 00:00:08.670 -0300] INFO (59325): request completed
    route: "/v1/dashboard/bi-panels/00000000-0000-7000-8000-000084000401"
    method: "PATCH"
    status: 403
    duration_ms: 0
[2026-09-28 00:00:08.671 -0300] INFO (59325): request completed
    route: "/v1/dashboard/bi-panels/00000000-0000-7000-8000-000084000401/publish"
    method: "POST"
    status: 403
    duration_ms: 0
[2026-09-28 00:00:08.678 -0300] INFO (59325): request completed
    route: "/v1/dashboard/generated-reports"
    method: "GET"
    status: 200
    duration_ms: 7
[2026-09-28 00:00:08.682 -0300] INFO (59325): request completed
    route: "/v1/dashboard/generated-reports/00000000-0000-7000-8000-000084000501"
    method: "GET"
    status: 200
    duration_ms: 4
[2026-09-28 00:00:08.683 -0300] INFO (59325): request completed
    route: "/v1/dashboard/generated-reports"
    method: "GET"
    status: 403
    duration_ms: 0
[2026-09-28 00:00:08.684 -0300] INFO (59325): request completed
    route: "/v1/dashboard/generated-reports/00000000-0000-7000-8000-000084000501"
    method: "GET"
    status: 403
    duration_ms: 0
[2026-09-28 00:00:08.685 -0300] INFO (59325): request completed
    route: "/v1/dashboard/generated-reports"
    method: "GET"
    status: 403
    duration_ms: 0
[2026-09-28 00:00:08.686 -0300] INFO (59325): request completed
    route: "/v1/dashboard/generated-reports/00000000-0000-7000-8000-000084000501"
    method: "GET"
    status: 403
    duration_ms: 0
[2026-09-28 00:00:08.687 -0300] INFO (59325): request completed
    route: "/v1/dashboard/generated-reports"
    method: "GET"
    status: 403
    duration_ms: 1
[2026-09-28 00:00:08.687 -0300] INFO (59325): request completed
    route: "/v1/dashboard/generated-reports/00000000-0000-7000-8000-000084000501"
    method: "GET"
    status: 403
    duration_ms: 0
[2026-09-28 00:00:08.688 -0300] INFO (59325): request completed
    route: "/v1/dashboard/generated-reports"
    method: "GET"
    status: 403
    duration_ms: 0
[2026-09-28 00:00:08.688 -0300] INFO (59325): request completed
    route: "/v1/dashboard/generated-reports/00000000-0000-7000-8000-000084000501"
    method: "GET"
    status: 403
    duration_ms: 0
[2026-09-28 00:00:08.689 -0300] INFO (59325): request completed
    route: "/v1/dashboard/generated-reports"
    method: "GET"
    status: 403
    duration_ms: 0
[2026-09-28 00:00:08.689 -0300] INFO (59325): request completed
    route: "/v1/dashboard/generated-reports/00000000-0000-7000-8000-000084000501"
    method: "GET"
    status: 403
    duration_ms: 0
[2026-09-28 00:00:08.695 -0300] INFO (59325): request completed
    route: "/v1/dashboard/generated-reports"
    method: "GET"
    status: 200
    duration_ms: 5
[2026-09-28 00:00:08.700 -0300] INFO (59325): request completed
    route: "/v1/dashboard/generated-reports/00000000-0000-7000-8000-000084000501"
    method: "GET"
    status: 200
    duration_ms: 4
[2026-09-28 00:00:08.701 -0300] INFO (59325): request completed
    route: "/v1/dashboard/generated-reports"
    method: "GET"
    status: 403
    duration_ms: 0
[2026-09-28 00:00:08.702 -0300] INFO (59325): request completed
    route: "/v1/dashboard/generated-reports/00000000-0000-7000-8000-000084000501"
    method: "GET"
    status: 403
    duration_ms: 0
[2026-09-28 00:00:08.703 -0300] INFO (59325): request completed
    route: "/v1/dashboard/generated-reports"
    method: "GET"
    status: 403
    duration_ms: 0
[2026-09-28 00:00:08.704 -0300] INFO (59325): request completed
    route: "/v1/dashboard/generated-reports/00000000-0000-7000-8000-000084000501"
    method: "GET"
    status: 403
    duration_ms: 1
[2026-09-28 00:00:08.708 -0300] INFO (59325): request completed
    route: "/v1/dashboard/generated-reports"
    method: "GET"
    status: 200
    duration_ms: 4
[2026-09-28 00:00:08.713 -0300] INFO (59325): request completed
    route: "/v1/dashboard/generated-reports/00000000-0000-7000-8000-000084000501"
    method: "GET"
    status: 200
    duration_ms: 4
[2026-09-28 00:00:08.714 -0300] INFO (59325): request completed
    route: "/v1/dashboard/generated-reports"
    method: "GET"
    status: 403
    duration_ms: 0
[2026-09-28 00:00:08.715 -0300] INFO (59325): request completed
    route: "/v1/dashboard/generated-reports/00000000-0000-7000-8000-000084000501"
    method: "GET"
    status: 403
    duration_ms: 0
[2026-09-28 00:00:08.715 -0300] INFO (59325): request completed
    route: "/v1/dashboard/generated-reports"
    method: "GET"
    status: 403
    duration_ms: 0
[2026-09-28 00:00:08.716 -0300] INFO (59325): request completed
    route: "/v1/dashboard/generated-reports/00000000-0000-7000-8000-000084000501"
    method: "GET"
    status: 403
    duration_ms: 0
[2026-09-28 00:00:08.717 -0300] INFO (59325): request completed
    route: "/v1/dashboard/generated-reports"
    method: "GET"
    status: 403
    duration_ms: 1
[2026-09-28 00:00:08.717 -0300] INFO (59325): request completed
    route: "/v1/dashboard/generated-reports/00000000-0000-7000-8000-000084000501"
    method: "GET"
    status: 403
    duration_ms: 0
[2026-09-28 00:00:08.722 -0300] INFO (59325): request completed
    route: "/v1/dashboard/generated-reports"
    method: "GET"
    status: 200
    duration_ms: 4
[2026-09-28 00:00:08.727 -0300] INFO (59325): request completed
    route: "/v1/dashboard/generated-reports/00000000-0000-7000-8000-000084000501"
    method: "GET"
    status: 200
    duration_ms: 4
[2026-09-28 00:00:08.729 -0300] INFO (59325): request completed
    route: "/v1/dashboard/generated-reports"
    method: "GET"
    status: 403
    duration_ms: 1
[2026-09-28 00:00:08.729 -0300] INFO (59325): request completed
    route: "/v1/dashboard/generated-reports/00000000-0000-7000-8000-000084000501"
    method: "GET"
    status: 403
    duration_ms: 0
[2026-09-28 00:00:08.730 -0300] INFO (59325): request completed
    route: "/v1/dashboard/generated-reports"
    method: "GET"
    status: 403
    duration_ms: 0
[2026-09-28 00:00:08.731 -0300] INFO (59325): request completed
    route: "/v1/dashboard/generated-reports/00000000-0000-7000-8000-000084000501"
    method: "GET"
    status: 403
    duration_ms: 0
[2026-09-28 00:00:08.731 -0300] INFO (59325): request completed
    route: "/v1/dashboard/generated-reports"
    method: "GET"
    status: 403
    duration_ms: 0
[2026-09-28 00:00:08.732 -0300] INFO (59325): request completed
    route: "/v1/dashboard/generated-reports/00000000-0000-7000-8000-000084000501"
    method: "GET"
    status: 403
    duration_ms: 0
[2026-09-28 00:00:08.733 -0300] INFO (59325): request completed
    route: "/v1/dashboard/generated-reports"
    method: "GET"
    status: 403
    duration_ms: 1
[2026-09-28 00:00:08.733 -0300] INFO (59325): request completed
    route: "/v1/dashboard/generated-reports/00000000-0000-7000-8000-000084000501"
    method: "GET"
    status: 403
    duration_ms: 0
[2026-09-28 00:00:08.734 -0300] INFO (59325): request completed
    route: "/v1/dashboard/generated-reports"
    method: "GET"
    status: 403
    duration_ms: 0
[2026-09-28 00:00:08.735 -0300] INFO (59325): request completed
    route: "/v1/dashboard/generated-reports/00000000-0000-7000-8000-000084000501"
    method: "GET"
    status: 403
    duration_ms: 0
[2026-09-28 00:00:08.742 -0300] INFO (59325): request completed
    route: "/v1/dashboard/generated-reports"
    method: "GET"
    status: 200
    duration_ms: 6
[2026-09-28 00:00:08.749 -0300] INFO (59325): request completed
    route: "/v1/dashboard/generated-reports/00000000-0000-7000-8000-000084000501"
    method: "GET"
    status: 200
    duration_ms: 6
[2026-09-28 00:00:08.756 -0300] INFO (59325): request completed
    route: "/v1/dashboard/generated-reports"
    method: "GET"
    status: 200
    duration_ms: 6
[2026-09-28 00:00:08.762 -0300] INFO (59325): request completed
    route: "/v1/dashboard/generated-reports/00000000-0000-7000-8000-000084000501"
    method: "GET"
    status: 200
    duration_ms: 6
[2026-09-28 00:00:08.768 -0300] INFO (59325): request completed
    route: "/v1/dashboard/generated-reports"
    method: "GET"
    status: 200
    duration_ms: 5
[2026-09-28 00:00:08.775 -0300] INFO (59325): request completed
    route: "/v1/dashboard/generated-reports/00000000-0000-7000-8000-000084000501"
    method: "GET"
    status: 200
    duration_ms: 6
[2026-09-28 00:00:08.776 -0300] INFO (59325): request completed
    route: "/v1/dashboard/generated-reports"
    method: "GET"
    status: 403
    duration_ms: 0
[2026-09-28 00:00:08.777 -0300] INFO (59325): request completed
    route: "/v1/dashboard/generated-reports/00000000-0000-7000-8000-000084000501"
    method: "GET"
    status: 403
    duration_ms: 0
[2026-09-28 00:00:08.778 -0300] INFO (59325): request completed
    route: "/v1/dashboard/generated-reports"
    method: "GET"
    status: 403
    duration_ms: 0
[2026-09-28 00:00:08.779 -0300] INFO (59325): request completed
    route: "/v1/dashboard/generated-reports/00000000-0000-7000-8000-000084000501"
    method: "GET"
    status: 403
    duration_ms: 1
[2026-09-28 00:00:08.779 -0300] INFO (59325): request completed
    route: "/v1/dashboard/generated-reports"
    method: "GET"
    status: 403
    duration_ms: 0
[2026-09-28 00:00:08.780 -0300] INFO (59325): request completed
    route: "/v1/dashboard/generated-reports/00000000-0000-7000-8000-000084000501"
    method: "GET"
    status: 403
    duration_ms: 0
[2026-09-28 00:00:08.780 -0300] INFO (59325): request completed
    route: "/v1/dashboard/generated-reports"
    method: "GET"
    status: 403
    duration_ms: 0
[2026-09-28 00:00:08.781 -0300] INFO (59325): request completed
    route: "/v1/dashboard/generated-reports/00000000-0000-7000-8000-000084000501"
    method: "GET"
    status: 403
    duration_ms: 0
[2026-09-28 00:00:08.781 -0300] INFO (59325): request completed
    route: "/v1/dashboard/generated-reports"
    method: "GET"
    status: 403
    duration_ms: 0
[2026-09-28 00:00:08.782 -0300] INFO (59325): request completed
    route: "/v1/dashboard/generated-reports/00000000-0000-7000-8000-000084000501"
    method: "GET"
    status: 403
    duration_ms: 0
[2026-09-28 00:00:08.782 -0300] INFO (59325): request completed
    route: "/v1/dashboard/generated-reports"
    method: "GET"
    status: 403
    duration_ms: 0
[2026-09-28 00:00:08.783 -0300] INFO (59325): request completed
    route: "/v1/dashboard/generated-reports/00000000-0000-7000-8000-000084000501"
    method: "GET"
    status: 403
    duration_ms: 0
[2026-09-28 00:00:08.784 -0300] INFO (59325): request completed
    route: "/v1/dashboard/generated-reports"
    method: "GET"
    status: 403
    duration_ms: 1
[2026-09-28 00:00:08.784 -0300] INFO (59325): request completed
    route: "/v1/dashboard/generated-reports/00000000-0000-7000-8000-000084000501"
    method: "GET"
    status: 403
    duration_ms: 0
[2026-09-28 00:00:08.785 -0300] INFO (59325): request completed
    route: "/v1/dashboard/generated-reports"
    method: "GET"
    status: 403
    duration_ms: 0
[2026-09-28 00:00:08.786 -0300] INFO (59325): request completed
    route: "/v1/dashboard/generated-reports/00000000-0000-7000-8000-000084000501"
    method: "GET"
    status: 403
    duration_ms: 0
[2026-09-28 00:00:08.787 -0300] INFO (59325): request completed
    route: "/v1/dashboard/generated-reports"
    method: "GET"
    status: 403
    duration_ms: 0
[2026-09-28 00:00:08.787 -0300] INFO (59325): request completed
    route: "/v1/dashboard/generated-reports/00000000-0000-7000-8000-000084000501"
    method: "GET"
    status: 403
    duration_ms: 0
[2026-09-28 00:00:08.788 -0300] INFO (59325): request completed
    route: "/v1/dashboard/generated-reports"
    method: "GET"
    status: 403
    duration_ms: 0
[2026-09-28 00:00:08.788 -0300] INFO (59325): request completed
    route: "/v1/dashboard/generated-reports/00000000-0000-7000-8000-000084000501"
    method: "GET"
    status: 403
    duration_ms: 0
[2026-09-28 00:00:08.789 -0300] INFO (59325): request completed
    route: "/v1/dashboard/generated-reports"
    method: "GET"
    status: 403
    duration_ms: 0
[2026-09-28 00:00:08.789 -0300] INFO (59325): request completed
    route: "/v1/dashboard/generated-reports/00000000-0000-7000-8000-000084000501"
    method: "GET"
    status: 403
    duration_ms: 0
[2026-09-28 00:00:08.790 -0300] INFO (59325): request completed
    route: "/v1/dashboard/generated-reports"
    method: "GET"
    status: 403
    duration_ms: 0
[2026-09-28 00:00:08.790 -0300] INFO (59325): request completed
    route: "/v1/dashboard/generated-reports/00000000-0000-7000-8000-000084000501"
    method: "GET"
    status: 403
    duration_ms: 0
[2026-09-28 00:00:08.791 -0300] INFO (59325): request completed
    route: "/v1/dashboard/generated-reports"
    method: "GET"
    status: 403
    duration_ms: 1
[2026-09-28 00:00:08.791 -0300] INFO (59325): request completed
    route: "/v1/dashboard/generated-reports/00000000-0000-7000-8000-000084000501"
    method: "GET"
    status: 403
    duration_ms: 0
[2026-09-28 00:00:08.792 -0300] INFO (59325): request completed
    route: "/v1/dashboard/generated-reports"
    method: "GET"
    status: 403
    duration_ms: 0
[2026-09-28 00:00:08.793 -0300] INFO (59325): request completed
    route: "/v1/dashboard/generated-reports/00000000-0000-7000-8000-000084000501"
    method: "GET"
    status: 403
    duration_ms: 0
[2026-09-28 00:00:08.813 -0300] INFO (59325): request completed
    route: "/v1/dashboard/generated-reports"
    method: "POST"
    status: 400
    duration_ms: 19
[2026-09-28 00:00:08.814 -0300] INFO (59325): request completed
    route: "/v1/dashboard/generated-reports"
    method: "POST"
    status: 403
    duration_ms: 0
[2026-09-28 00:00:08.815 -0300] INFO (59325): request completed
    route: "/v1/dashboard/generated-reports"
    method: "POST"
    status: 403
    duration_ms: 0
[2026-09-28 00:00:08.815 -0300] INFO (59325): request completed
    route: "/v1/dashboard/generated-reports"
    method: "POST"
    status: 403
    duration_ms: 0
[2026-09-28 00:00:08.816 -0300] INFO (59325): request completed
    route: "/v1/dashboard/generated-reports"
    method: "POST"
    status: 403
    duration_ms: 0
[2026-09-28 00:00:08.816 -0300] INFO (59325): request completed
    route: "/v1/dashboard/generated-reports"
    method: "POST"
    status: 403
    duration_ms: 0
[2026-09-28 00:00:08.818 -0300] INFO (59325): request completed
    route: "/v1/dashboard/generated-reports"
    method: "POST"
    status: 403
    duration_ms: 1
[2026-09-28 00:00:08.819 -0300] INFO (59325): request completed
    route: "/v1/dashboard/generated-reports"
    method: "POST"
    status: 403
    duration_ms: 1
[2026-09-28 00:00:08.819 -0300] INFO (59325): request completed
    route: "/v1/dashboard/generated-reports"
    method: "POST"
    status: 403
    duration_ms: 0
[2026-09-28 00:00:08.834 -0300] INFO (59325): request completed
    route: "/v1/dashboard/generated-reports"
    method: "POST"
    status: 400
    duration_ms: 14
[2026-09-28 00:00:08.836 -0300] INFO (59325): request completed
    route: "/v1/dashboard/generated-reports"
    method: "POST"
    status: 403
    duration_ms: 1
[2026-09-28 00:00:08.837 -0300] INFO (59325): request completed
    route: "/v1/dashboard/generated-reports"
    method: "POST"
    status: 403
    duration_ms: 1
[2026-09-28 00:00:08.838 -0300] INFO (59325): request completed
    route: "/v1/dashboard/generated-reports"
    method: "POST"
    status: 403
    duration_ms: 1
[2026-09-28 00:00:08.853 -0300] INFO (59325): request completed
    route: "/v1/dashboard/generated-reports"
    method: "POST"
    status: 400
    duration_ms: 15
[2026-09-28 00:00:08.854 -0300] INFO (59325): request completed
    route: "/v1/dashboard/generated-reports"
    method: "POST"
    status: 403
    duration_ms: 0
[2026-09-28 00:00:08.855 -0300] INFO (59325): request completed
    route: "/v1/dashboard/generated-reports"
    method: "POST"
    status: 403
    duration_ms: 0
[2026-09-28 00:00:08.856 -0300] INFO (59325): request completed
    route: "/v1/dashboard/generated-reports"
    method: "POST"
    status: 403
    duration_ms: 1
[2026-09-28 00:00:08.856 -0300] INFO (59325): request completed
    route: "/v1/dashboard/generated-reports"
    method: "POST"
    status: 403
    duration_ms: 0
[2026-09-28 00:00:08.857 -0300] INFO (59325): request completed
    route: "/v1/dashboard/generated-reports"
    method: "POST"
    status: 403
    duration_ms: 0
[2026-09-28 00:00:08.873 -0300] INFO (59325): request completed
    route: "/v1/dashboard/generated-reports"
    method: "POST"
    status: 400
    duration_ms: 16
[2026-09-28 00:00:08.889 -0300] INFO (59325): request completed
    route: "/v1/dashboard/generated-reports"
    method: "POST"
    status: 400
    duration_ms: 15
[2026-09-28 00:00:08.905 -0300] INFO (59325): request completed
    route: "/v1/dashboard/generated-reports"
    method: "POST"
    status: 400
    duration_ms: 15
[2026-09-28 00:00:08.906 -0300] INFO (59325): request completed
    route: "/v1/dashboard/generated-reports"
    method: "POST"
    status: 403
    duration_ms: 0
[2026-09-28 00:00:08.907 -0300] INFO (59325): request completed
    route: "/v1/dashboard/generated-reports"
    method: "POST"
    status: 403
    duration_ms: 0
[2026-09-28 00:00:08.908 -0300] INFO (59325): request completed
    route: "/v1/dashboard/generated-reports"
    method: "POST"
    status: 403
    duration_ms: 0
[2026-09-28 00:00:08.908 -0300] INFO (59325): request completed
    route: "/v1/dashboard/generated-reports"
    method: "POST"
    status: 403
    duration_ms: 0
[2026-09-28 00:00:08.909 -0300] INFO (59325): request completed
    route: "/v1/dashboard/generated-reports"
    method: "POST"
    status: 403
    duration_ms: 0
[2026-09-28 00:00:08.910 -0300] INFO (59325): request completed
    route: "/v1/dashboard/generated-reports"
    method: "POST"
    status: 403
    duration_ms: 0
[2026-09-28 00:00:08.911 -0300] INFO (59325): request completed
    route: "/v1/dashboard/generated-reports"
    method: "POST"
    status: 403
    duration_ms: 0
[2026-09-28 00:00:08.912 -0300] INFO (59325): request completed
    route: "/v1/dashboard/generated-reports"
    method: "POST"
    status: 403
    duration_ms: 0
[2026-09-28 00:00:08.912 -0300] INFO (59325): request completed
    route: "/v1/dashboard/generated-reports"
    method: "POST"
    status: 403
    duration_ms: 0
[2026-09-28 00:00:08.913 -0300] INFO (59325): request completed
    route: "/v1/dashboard/generated-reports"
    method: "POST"
    status: 403
    duration_ms: 0
[2026-09-28 00:00:08.913 -0300] INFO (59325): request completed
    route: "/v1/dashboard/generated-reports"
    method: "POST"
    status: 403
    duration_ms: 0
[2026-09-28 00:00:08.914 -0300] INFO (59325): request completed
    route: "/v1/dashboard/generated-reports"
    method: "POST"
    status: 403
    duration_ms: 0
[2026-09-28 00:00:08.914 -0300] INFO (59325): request completed
    route: "/v1/dashboard/generated-reports"
    method: "POST"
    status: 403
    duration_ms: 0
[2026-09-28 00:00:08.915 -0300] INFO (59325): request completed
    route: "/v1/dashboard/generated-reports"
    method: "POST"
    status: 403
    duration_ms: 0
[2026-09-28 00:00:08.933 -0300] INFO (59325): request completed
    route: "/v1/dashboard/generated-reports/00000000-0000-7000-8000-000084000501/complete"
    method: "POST"
    status: 428
    duration_ms: 18
[2026-09-28 00:00:08.934 -0300] INFO (59325): request completed
    route: "/v1/dashboard/generated-reports/00000000-0000-7000-8000-000084000501/complete"
    method: "POST"
    status: 403
    duration_ms: 0
[2026-09-28 00:00:08.935 -0300] INFO (59325): request completed
    route: "/v1/dashboard/generated-reports/00000000-0000-7000-8000-000084000501/complete"
    method: "POST"
    status: 403
    duration_ms: 0
[2026-09-28 00:00:08.936 -0300] INFO (59325): request completed
    route: "/v1/dashboard/generated-reports/00000000-0000-7000-8000-000084000501/complete"
    method: "POST"
    status: 403
    duration_ms: 0
[2026-09-28 00:00:08.937 -0300] INFO (59325): request completed
    route: "/v1/dashboard/generated-reports/00000000-0000-7000-8000-000084000501/complete"
    method: "POST"
    status: 403
    duration_ms: 0
[2026-09-28 00:00:08.938 -0300] INFO (59325): request completed
    route: "/v1/dashboard/generated-reports/00000000-0000-7000-8000-000084000501/complete"
    method: "POST"
    status: 403
    duration_ms: 0
[2026-09-28 00:00:08.938 -0300] INFO (59325): request completed
    route: "/v1/dashboard/generated-reports/00000000-0000-7000-8000-000084000501/complete"
    method: "POST"
    status: 403
    duration_ms: 0
[2026-09-28 00:00:08.939 -0300] INFO (59325): request completed
    route: "/v1/dashboard/generated-reports/00000000-0000-7000-8000-000084000501/complete"
    method: "POST"
    status: 403
    duration_ms: 0
[2026-09-28 00:00:08.940 -0300] INFO (59325): request completed
    route: "/v1/dashboard/generated-reports/00000000-0000-7000-8000-000084000501/complete"
    method: "POST"
    status: 403
    duration_ms: 0
[2026-09-28 00:00:08.957 -0300] INFO (59325): request completed
    route: "/v1/dashboard/generated-reports/00000000-0000-7000-8000-000084000501/complete"
    method: "POST"
    status: 428
    duration_ms: 17
[2026-09-28 00:00:08.958 -0300] INFO (59325): request completed
    route: "/v1/dashboard/generated-reports/00000000-0000-7000-8000-000084000501/complete"
    method: "POST"
    status: 403
    duration_ms: 1
[2026-09-28 00:00:08.958 -0300] INFO (59325): request completed
    route: "/v1/dashboard/generated-reports/00000000-0000-7000-8000-000084000501/complete"
    method: "POST"
    status: 403
    duration_ms: 0
[2026-09-28 00:00:08.959 -0300] INFO (59325): request completed
    route: "/v1/dashboard/generated-reports/00000000-0000-7000-8000-000084000501/complete"
    method: "POST"
    status: 403
    duration_ms: 0
[2026-09-28 00:00:08.977 -0300] INFO (59325): request completed
    route: "/v1/dashboard/generated-reports/00000000-0000-7000-8000-000084000501/complete"
    method: "POST"
    status: 428
    duration_ms: 17
[2026-09-28 00:00:08.978 -0300] INFO (59325): request completed
    route: "/v1/dashboard/generated-reports/00000000-0000-7000-8000-000084000501/complete"
    method: "POST"
    status: 403
    duration_ms: 1
[2026-09-28 00:00:08.979 -0300] INFO (59325): request completed
    route: "/v1/dashboard/generated-reports/00000000-0000-7000-8000-000084000501/complete"
    method: "POST"
    status: 403
    duration_ms: 1
[2026-09-28 00:00:08.980 -0300] INFO (59325): request completed
    route: "/v1/dashboard/generated-reports/00000000-0000-7000-8000-000084000501/complete"
    method: "POST"
    status: 403
    duration_ms: 1
[2026-09-28 00:00:08.980 -0300] INFO (59325): request completed
    route: "/v1/dashboard/generated-reports/00000000-0000-7000-8000-000084000501/complete"
    method: "POST"
    status: 403
    duration_ms: 0
[2026-09-28 00:00:08.981 -0300] INFO (59325): request completed
    route: "/v1/dashboard/generated-reports/00000000-0000-7000-8000-000084000501/complete"
    method: "POST"
    status: 403
    duration_ms: 0
[2026-09-28 00:00:08.981 -0300] INFO (59325): request completed
    route: "/v1/dashboard/generated-reports/00000000-0000-7000-8000-000084000501/complete"
    method: "POST"
    status: 403
    duration_ms: 0
[2026-09-28 00:00:08.998 -0300] INFO (59325): request completed
    route: "/v1/dashboard/generated-reports/00000000-0000-7000-8000-000084000501/complete"
    method: "POST"
    status: 428
    duration_ms: 16
[2026-09-28 00:00:09.015 -0300] INFO (59325): request completed
    route: "/v1/dashboard/generated-reports/00000000-0000-7000-8000-000084000501/complete"
    method: "POST"
    status: 428
    duration_ms: 16
[2026-09-28 00:00:09.016 -0300] INFO (59325): request completed
    route: "/v1/dashboard/generated-reports/00000000-0000-7000-8000-000084000501/complete"
    method: "POST"
    status: 403
    duration_ms: 0
[2026-09-28 00:00:09.017 -0300] INFO (59325): request completed
    route: "/v1/dashboard/generated-reports/00000000-0000-7000-8000-000084000501/complete"
    method: "POST"
    status: 403
    duration_ms: 0
[2026-09-28 00:00:09.018 -0300] INFO (59325): request completed
    route: "/v1/dashboard/generated-reports/00000000-0000-7000-8000-000084000501/complete"
    method: "POST"
    status: 403
    duration_ms: 1
[2026-09-28 00:00:09.019 -0300] INFO (59325): request completed
    route: "/v1/dashboard/generated-reports/00000000-0000-7000-8000-000084000501/complete"
    method: "POST"
    status: 403
    duration_ms: 1
[2026-09-28 00:00:09.019 -0300] INFO (59325): request completed
    route: "/v1/dashboard/generated-reports/00000000-0000-7000-8000-000084000501/complete"
    method: "POST"
    status: 403
    duration_ms: 0
[2026-09-28 00:00:09.020 -0300] INFO (59325): request completed
    route: "/v1/dashboard/generated-reports/00000000-0000-7000-8000-000084000501/complete"
    method: "POST"
    status: 403
    duration_ms: 0
[2026-09-28 00:00:09.021 -0300] INFO (59325): request completed
    route: "/v1/dashboard/generated-reports/00000000-0000-7000-8000-000084000501/complete"
    method: "POST"
    status: 403
    duration_ms: 0
[2026-09-28 00:00:09.022 -0300] INFO (59325): request completed
    route: "/v1/dashboard/generated-reports/00000000-0000-7000-8000-000084000501/complete"
    method: "POST"
    status: 403
    duration_ms: 0
[2026-09-28 00:00:09.022 -0300] INFO (59325): request completed
    route: "/v1/dashboard/generated-reports/00000000-0000-7000-8000-000084000501/complete"
    method: "POST"
    status: 403
    duration_ms: 0
[2026-09-28 00:00:09.023 -0300] INFO (59325): request completed
    route: "/v1/dashboard/generated-reports/00000000-0000-7000-8000-000084000501/complete"
    method: "POST"
    status: 403
    duration_ms: 0
[2026-09-28 00:00:09.024 -0300] INFO (59325): request completed
    route: "/v1/dashboard/generated-reports/00000000-0000-7000-8000-000084000501/complete"
    method: "POST"
    status: 403
    duration_ms: 1
[2026-09-28 00:00:09.024 -0300] INFO (59325): request completed
    route: "/v1/dashboard/generated-reports/00000000-0000-7000-8000-000084000501/complete"
    method: "POST"
    status: 403
    duration_ms: 0
[2026-09-28 00:00:09.025 -0300] INFO (59325): request completed
    route: "/v1/dashboard/generated-reports/00000000-0000-7000-8000-000084000501/complete"
    method: "POST"
    status: 403
    duration_ms: 0
[2026-09-28 00:00:09.026 -0300] INFO (59325): request completed
    route: "/v1/dashboard/generated-reports/00000000-0000-7000-8000-000084000501/complete"
    method: "POST"
    status: 403
    duration_ms: 0
[2026-09-28 00:00:09.045 -0300] INFO (59325): request completed
    route: "/v1/dashboard/generated-reports/00000000-0000-7000-8000-000084000501/fail"
    method: "POST"
    status: 428
    duration_ms: 19
[2026-09-28 00:00:09.047 -0300] INFO (59325): request completed
    route: "/v1/dashboard/generated-reports/00000000-0000-7000-8000-000084000501/fail"
    method: "POST"
    status: 403
    duration_ms: 1
[2026-09-28 00:00:09.047 -0300] INFO (59325): request completed
    route: "/v1/dashboard/generated-reports/00000000-0000-7000-8000-000084000501/fail"
    method: "POST"
    status: 403
    duration_ms: 0
[2026-09-28 00:00:09.048 -0300] INFO (59325): request completed
    route: "/v1/dashboard/generated-reports/00000000-0000-7000-8000-000084000501/fail"
    method: "POST"
    status: 403
    duration_ms: 0
[2026-09-28 00:00:09.049 -0300] INFO (59325): request completed
    route: "/v1/dashboard/generated-reports/00000000-0000-7000-8000-000084000501/fail"
    method: "POST"
    status: 403
    duration_ms: 1
[2026-09-28 00:00:09.049 -0300] INFO (59325): request completed
    route: "/v1/dashboard/generated-reports/00000000-0000-7000-8000-000084000501/fail"
    method: "POST"
    status: 403
    duration_ms: 0
[2026-09-28 00:00:09.050 -0300] INFO (59325): request completed
    route: "/v1/dashboard/generated-reports/00000000-0000-7000-8000-000084000501/fail"
    method: "POST"
    status: 403
    duration_ms: 0
[2026-09-28 00:00:09.051 -0300] INFO (59325): request completed
    route: "/v1/dashboard/generated-reports/00000000-0000-7000-8000-000084000501/fail"
    method: "POST"
    status: 403
    duration_ms: 1
[2026-09-28 00:00:09.051 -0300] INFO (59325): request completed
    route: "/v1/dashboard/generated-reports/00000000-0000-7000-8000-000084000501/fail"
    method: "POST"
    status: 403
    duration_ms: 0
[2026-09-28 00:00:09.070 -0300] INFO (59325): request completed
    route: "/v1/dashboard/generated-reports/00000000-0000-7000-8000-000084000501/fail"
    method: "POST"
    status: 428
    duration_ms: 18
[2026-09-28 00:00:09.071 -0300] INFO (59325): request completed
    route: "/v1/dashboard/generated-reports/00000000-0000-7000-8000-000084000501/fail"
    method: "POST"
    status: 403
    duration_ms: 0
[2026-09-28 00:00:09.072 -0300] INFO (59325): request completed
    route: "/v1/dashboard/generated-reports/00000000-0000-7000-8000-000084000501/fail"
    method: "POST"
    status: 403
    duration_ms: 1
[2026-09-28 00:00:09.072 -0300] INFO (59325): request completed
    route: "/v1/dashboard/generated-reports/00000000-0000-7000-8000-000084000501/fail"
    method: "POST"
    status: 403
    duration_ms: 0
[2026-09-28 00:00:09.089 -0300] INFO (59325): request completed
    route: "/v1/dashboard/generated-reports/00000000-0000-7000-8000-000084000501/fail"
    method: "POST"
    status: 428
    duration_ms: 16
[2026-09-28 00:00:09.090 -0300] INFO (59325): request completed
    route: "/v1/dashboard/generated-reports/00000000-0000-7000-8000-000084000501/fail"
    method: "POST"
    status: 403
    duration_ms: 0
[2026-09-28 00:00:09.091 -0300] INFO (59325): request completed
    route: "/v1/dashboard/generated-reports/00000000-0000-7000-8000-000084000501/fail"
    method: "POST"
    status: 403
    duration_ms: 0
[2026-09-28 00:00:09.092 -0300] INFO (59325): request completed
    route: "/v1/dashboard/generated-reports/00000000-0000-7000-8000-000084000501/fail"
    method: "POST"
    status: 403
    duration_ms: 1
[2026-09-28 00:00:09.093 -0300] INFO (59325): request completed
    route: "/v1/dashboard/generated-reports/00000000-0000-7000-8000-000084000501/fail"
    method: "POST"
    status: 403
    duration_ms: 1
[2026-09-28 00:00:09.094 -0300] INFO (59325): request completed
    route: "/v1/dashboard/generated-reports/00000000-0000-7000-8000-000084000501/fail"
    method: "POST"
    status: 403
    duration_ms: 1
[2026-09-28 00:00:09.095 -0300] INFO (59325): request completed
    route: "/v1/dashboard/generated-reports/00000000-0000-7000-8000-000084000501/fail"
    method: "POST"
    status: 403
    duration_ms: 1
[2026-09-28 00:00:09.114 -0300] INFO (59325): request completed
    route: "/v1/dashboard/generated-reports/00000000-0000-7000-8000-000084000501/fail"
    method: "POST"
    status: 428
    duration_ms: 19
[2026-09-28 00:00:09.132 -0300] INFO (59325): request completed
    route: "/v1/dashboard/generated-reports/00000000-0000-7000-8000-000084000501/fail"
    method: "POST"
    status: 428
    duration_ms: 17
[2026-09-28 00:00:09.133 -0300] INFO (59325): request completed
    route: "/v1/dashboard/generated-reports/00000000-0000-7000-8000-000084000501/fail"
    method: "POST"
    status: 403
    duration_ms: 0
[2026-09-28 00:00:09.134 -0300] INFO (59325): request completed
    route: "/v1/dashboard/generated-reports/00000000-0000-7000-8000-000084000501/fail"
    method: "POST"
    status: 403
    duration_ms: 1
[2026-09-28 00:00:09.135 -0300] INFO (59325): request completed
    route: "/v1/dashboard/generated-reports/00000000-0000-7000-8000-000084000501/fail"
    method: "POST"
    status: 403
    duration_ms: 1
[2026-09-28 00:00:09.135 -0300] INFO (59325): request completed
    route: "/v1/dashboard/generated-reports/00000000-0000-7000-8000-000084000501/fail"
    method: "POST"
    status: 403
    duration_ms: 0
[2026-09-28 00:00:09.136 -0300] INFO (59325): request completed
    route: "/v1/dashboard/generated-reports/00000000-0000-7000-8000-000084000501/fail"
    method: "POST"
    status: 403
    duration_ms: 0
[2026-09-28 00:00:09.137 -0300] INFO (59325): request completed
    route: "/v1/dashboard/generated-reports/00000000-0000-7000-8000-000084000501/fail"
    method: "POST"
    status: 403
    duration_ms: 0
[2026-09-28 00:00:09.138 -0300] INFO (59325): request completed
    route: "/v1/dashboard/generated-reports/00000000-0000-7000-8000-000084000501/fail"
    method: "POST"
    status: 403
    duration_ms: 0
[2026-09-28 00:00:09.139 -0300] INFO (59325): request completed
    route: "/v1/dashboard/generated-reports/00000000-0000-7000-8000-000084000501/fail"
    method: "POST"
    status: 403
    duration_ms: 0
[2026-09-28 00:00:09.139 -0300] INFO (59325): request completed
    route: "/v1/dashboard/generated-reports/00000000-0000-7000-8000-000084000501/fail"
    method: "POST"
    status: 403
    duration_ms: 0
[2026-09-28 00:00:09.140 -0300] INFO (59325): request completed
    route: "/v1/dashboard/generated-reports/00000000-0000-7000-8000-000084000501/fail"
    method: "POST"
    status: 403
    duration_ms: 0
[2026-09-28 00:00:09.140 -0300] INFO (59325): request completed
    route: "/v1/dashboard/generated-reports/00000000-0000-7000-8000-000084000501/fail"
    method: "POST"
    status: 403
    duration_ms: 0
[2026-09-28 00:00:09.141 -0300] INFO (59325): request completed
    route: "/v1/dashboard/generated-reports/00000000-0000-7000-8000-000084000501/fail"
    method: "POST"
    status: 403
    duration_ms: 0
[2026-09-28 00:00:09.142 -0300] INFO (59325): request completed
    route: "/v1/dashboard/generated-reports/00000000-0000-7000-8000-000084000501/fail"
    method: "POST"
    status: 403
    duration_ms: 1
[2026-09-28 00:00:09.142 -0300] INFO (59325): request completed
    route: "/v1/dashboard/generated-reports/00000000-0000-7000-8000-000084000501/fail"
    method: "POST"
    status: 403
    duration_ms: 0
[2026-09-28 00:00:09.147 -0300] INFO (59325): request completed
    route: "/v1/dashboard/sources"
    method: "GET"
    status: 403
    duration_ms: 4
[2026-09-28 00:00:09.152 -0300] INFO (59325): request completed
    route: "/v1/dashboard/sources/00000000-0000-7000-8000-000081000401"
    method: "GET"
    status: 403
    duration_ms: 4
[2026-09-28 00:00:09.153 -0300] INFO (59325): request completed
    route: "/v1/dashboard/sources"
    method: "GET"
    status: 403
    duration_ms: 0
[2026-09-28 00:00:09.154 -0300] INFO (59325): request completed
    route: "/v1/dashboard/sources/00000000-0000-7000-8000-000081000401"
    method: "GET"
    status: 403
    duration_ms: 0
[2026-09-28 00:00:09.155 -0300] INFO (59325): request completed
    route: "/v1/dashboard/sources"
    method: "GET"
    status: 403
    duration_ms: 0
[2026-09-28 00:00:09.155 -0300] INFO (59325): request completed
    route: "/v1/dashboard/sources/00000000-0000-7000-8000-000081000401"
    method: "GET"
    status: 403
    duration_ms: 0
[2026-09-28 00:00:09.156 -0300] INFO (59325): request completed
    route: "/v1/dashboard/sources"
    method: "GET"
    status: 403
    duration_ms: 0
[2026-09-28 00:00:09.156 -0300] INFO (59325): request completed
    route: "/v1/dashboard/sources/00000000-0000-7000-8000-000081000401"
    method: "GET"
    status: 403
    duration_ms: 0
[2026-09-28 00:00:09.157 -0300] INFO (59325): request completed
    route: "/v1/dashboard/sources"
    method: "GET"
    status: 403
    duration_ms: 0
[2026-09-28 00:00:09.157 -0300] INFO (59325): request completed
    route: "/v1/dashboard/sources/00000000-0000-7000-8000-000081000401"
    method: "GET"
    status: 403
    duration_ms: 0
[2026-09-28 00:00:09.158 -0300] INFO (59325): request completed
    route: "/v1/dashboard/sources"
    method: "GET"
    status: 403
    duration_ms: 0
[2026-09-28 00:00:09.159 -0300] INFO (59325): request completed
    route: "/v1/dashboard/sources/00000000-0000-7000-8000-000081000401"
    method: "GET"
    status: 403
    duration_ms: 0
[2026-09-28 00:00:09.165 -0300] INFO (59325): request completed
    route: "/v1/dashboard/sources"
    method: "GET"
    status: 200
    duration_ms: 6
[2026-09-28 00:00:09.171 -0300] INFO (59325): request completed
    route: "/v1/dashboard/sources/00000000-0000-7000-8000-000081000401"
    method: "GET"
    status: 200
    duration_ms: 5
[2026-09-28 00:00:09.172 -0300] INFO (59325): request completed
    route: "/v1/dashboard/sources"
    method: "GET"
    status: 403
    duration_ms: 0
[2026-09-28 00:00:09.173 -0300] INFO (59325): request completed
    route: "/v1/dashboard/sources/00000000-0000-7000-8000-000081000401"
    method: "GET"
    status: 403
    duration_ms: 0
[2026-09-28 00:00:09.173 -0300] INFO (59325): request completed
    route: "/v1/dashboard/sources"
    method: "GET"
    status: 403
    duration_ms: 0
[2026-09-28 00:00:09.174 -0300] INFO (59325): request completed
    route: "/v1/dashboard/sources/00000000-0000-7000-8000-000081000401"
    method: "GET"
    status: 403
    duration_ms: 0
[2026-09-28 00:00:09.179 -0300] INFO (59325): request completed
    route: "/v1/dashboard/sources"
    method: "GET"
    status: 200
    duration_ms: 5
[2026-09-28 00:00:09.186 -0300] INFO (59325): request completed
    route: "/v1/dashboard/sources/00000000-0000-7000-8000-000081000401"
    method: "GET"
    status: 200
    duration_ms: 5
[2026-09-28 00:00:09.187 -0300] INFO (59325): request completed
    route: "/v1/dashboard/sources"
    method: "GET"
    status: 403
    duration_ms: 1
[2026-09-28 00:00:09.187 -0300] INFO (59325): request completed
    route: "/v1/dashboard/sources/00000000-0000-7000-8000-000081000401"
    method: "GET"
    status: 403
    duration_ms: 0
[2026-09-28 00:00:09.188 -0300] INFO (59325): request completed
    route: "/v1/dashboard/sources"
    method: "GET"
    status: 403
    duration_ms: 0
[2026-09-28 00:00:09.189 -0300] INFO (59325): request completed
    route: "/v1/dashboard/sources/00000000-0000-7000-8000-000081000401"
    method: "GET"
    status: 403
    duration_ms: 1
[2026-09-28 00:00:09.189 -0300] INFO (59325): request completed
    route: "/v1/dashboard/sources"
    method: "GET"
    status: 403
    duration_ms: 0
[2026-09-28 00:00:09.190 -0300] INFO (59325): request completed
    route: "/v1/dashboard/sources/00000000-0000-7000-8000-000081000401"
    method: "GET"
    status: 403
    duration_ms: 0
[2026-09-28 00:00:09.193 -0300] INFO (59325): request completed
    route: "/v1/dashboard/sources"
    method: "GET"
    status: 403
    duration_ms: 3
[2026-09-28 00:00:09.198 -0300] INFO (59325): request completed
    route: "/v1/dashboard/sources/00000000-0000-7000-8000-000081000401"
    method: "GET"
    status: 403
    duration_ms: 4
[2026-09-28 00:00:09.199 -0300] INFO (59325): request completed
    route: "/v1/dashboard/sources"
    method: "GET"
    status: 403
    duration_ms: 1
[2026-09-28 00:00:09.199 -0300] INFO (59325): request completed
    route: "/v1/dashboard/sources/00000000-0000-7000-8000-000081000401"
    method: "GET"
    status: 403
    duration_ms: 0
[2026-09-28 00:00:09.200 -0300] INFO (59325): request completed
    route: "/v1/dashboard/sources"
    method: "GET"
    status: 403
    duration_ms: 0
[2026-09-28 00:00:09.201 -0300] INFO (59325): request completed
    route: "/v1/dashboard/sources/00000000-0000-7000-8000-000081000401"
    method: "GET"
    status: 403
    duration_ms: 0
[2026-09-28 00:00:09.202 -0300] INFO (59325): request completed
    route: "/v1/dashboard/sources"
    method: "GET"
    status: 403
    duration_ms: 0
[2026-09-28 00:00:09.202 -0300] INFO (59325): request completed
    route: "/v1/dashboard/sources/00000000-0000-7000-8000-000081000401"
    method: "GET"
    status: 403
    duration_ms: 0
[2026-09-28 00:00:09.203 -0300] INFO (59325): request completed
    route: "/v1/dashboard/sources"
    method: "GET"
    status: 403
    duration_ms: 0
[2026-09-28 00:00:09.204 -0300] INFO (59325): request completed
    route: "/v1/dashboard/sources/00000000-0000-7000-8000-000081000401"
    method: "GET"
    status: 403
    duration_ms: 0
[2026-09-28 00:00:09.204 -0300] INFO (59325): request completed
    route: "/v1/dashboard/sources"
    method: "GET"
    status: 403
    duration_ms: 0
[2026-09-28 00:00:09.205 -0300] INFO (59325): request completed
    route: "/v1/dashboard/sources/00000000-0000-7000-8000-000081000401"
    method: "GET"
    status: 403
    duration_ms: 0
[2026-09-28 00:00:09.206 -0300] INFO (59325): request completed
    route: "/v1/dashboard/sources"
    method: "GET"
    status: 403
    duration_ms: 1
[2026-09-28 00:00:09.206 -0300] INFO (59325): request completed
    route: "/v1/dashboard/sources/00000000-0000-7000-8000-000081000401"
    method: "GET"
    status: 403
    duration_ms: 0
[2026-09-28 00:00:09.212 -0300] INFO (59325): request completed
    route: "/v1/dashboard/sources"
    method: "GET"
    status: 200
    duration_ms: 5
[2026-09-28 00:00:09.218 -0300] INFO (59325): request completed
    route: "/v1/dashboard/sources/00000000-0000-7000-8000-000081000401"
    method: "GET"
    status: 200
    duration_ms: 5
[2026-09-28 00:00:09.219 -0300] INFO (59325): request completed
    route: "/v1/dashboard/sources"
    method: "GET"
    status: 403
    duration_ms: 1
[2026-09-28 00:00:09.219 -0300] INFO (59325): request completed
    route: "/v1/dashboard/sources/00000000-0000-7000-8000-000081000401"
    method: "GET"
    status: 403
    duration_ms: 0
[2026-09-28 00:00:09.224 -0300] INFO (59325): request completed
    route: "/v1/dashboard/sources"
    method: "GET"
    status: 200
    duration_ms: 4
[2026-09-28 00:00:09.231 -0300] INFO (59325): request completed
    route: "/v1/dashboard/sources/00000000-0000-7000-8000-000081000401"
    method: "GET"
    status: 200
    duration_ms: 6
[2026-09-28 00:00:09.232 -0300] INFO (59325): request completed
    route: "/v1/dashboard/sources"
    method: "GET"
    status: 403
    duration_ms: 0
[2026-09-28 00:00:09.233 -0300] INFO (59325): request completed
    route: "/v1/dashboard/sources/00000000-0000-7000-8000-000081000401"
    method: "GET"
    status: 403
    duration_ms: 0
[2026-09-28 00:00:09.234 -0300] INFO (59325): request completed
    route: "/v1/dashboard/sources"
    method: "GET"
    status: 403
    duration_ms: 0
[2026-09-28 00:00:09.235 -0300] INFO (59325): request completed
    route: "/v1/dashboard/sources/00000000-0000-7000-8000-000081000401"
    method: "GET"
    status: 403
    duration_ms: 0
[2026-09-28 00:00:09.236 -0300] INFO (59325): request completed
    route: "/v1/dashboard/sources"
    method: "GET"
    status: 403
    duration_ms: 1
[2026-09-28 00:00:09.237 -0300] INFO (59325): request completed
    route: "/v1/dashboard/sources/00000000-0000-7000-8000-000081000401"
    method: "GET"
    status: 403
    duration_ms: 1
[2026-09-28 00:00:09.237 -0300] INFO (59325): request completed
    route: "/v1/dashboard/sources"
    method: "GET"
    status: 403
    duration_ms: 0
[2026-09-28 00:00:09.238 -0300] INFO (59325): request completed
    route: "/v1/dashboard/sources/00000000-0000-7000-8000-000081000401"
    method: "GET"
    status: 403
    duration_ms: 0
[2026-09-28 00:00:09.239 -0300] INFO (59325): request completed
    route: "/v1/dashboard/sources"
    method: "GET"
    status: 403
    duration_ms: 0
[2026-09-28 00:00:09.240 -0300] INFO (59325): request completed
    route: "/v1/dashboard/sources/00000000-0000-7000-8000-000081000401"
    method: "GET"
    status: 403
    duration_ms: 1
[2026-09-28 00:00:09.240 -0300] INFO (59325): request completed
    route: "/v1/dashboard/sources"
    method: "GET"
    status: 403
    duration_ms: 0
[2026-09-28 00:00:09.241 -0300] INFO (59325): request completed
    route: "/v1/dashboard/sources/00000000-0000-7000-8000-000081000401"
    method: "GET"
    status: 403
    duration_ms: 0
[2026-09-28 00:00:09.242 -0300] INFO (59325): request completed
    route: "/v1/dashboard/sources"
    method: "GET"
    status: 403
    duration_ms: 1
[2026-09-28 00:00:09.242 -0300] INFO (59325): request completed
    route: "/v1/dashboard/sources/00000000-0000-7000-8000-000081000401"
    method: "GET"
    status: 403
    duration_ms: 0
[2026-09-28 00:00:09.243 -0300] INFO (59325): request completed
    route: "/v1/dashboard/sources"
    method: "GET"
    status: 403
    duration_ms: 0
[2026-09-28 00:00:09.244 -0300] INFO (59325): request completed
    route: "/v1/dashboard/sources/00000000-0000-7000-8000-000081000401"
    method: "GET"
    status: 403
    duration_ms: 0
[2026-09-28 00:00:09.245 -0300] INFO (59325): request completed
    route: "/v1/dashboard/sources"
    method: "GET"
    status: 403
    duration_ms: 1
[2026-09-28 00:00:09.245 -0300] INFO (59325): request completed
    route: "/v1/dashboard/sources/00000000-0000-7000-8000-000081000401"
    method: "GET"
    status: 403
    duration_ms: 0
[2026-09-28 00:00:09.246 -0300] INFO (59325): request completed
    route: "/v1/dashboard/sources"
    method: "GET"
    status: 403
    duration_ms: 0
[2026-09-28 00:00:09.246 -0300] INFO (59325): request completed
    route: "/v1/dashboard/sources/00000000-0000-7000-8000-000081000401"
    method: "GET"
    status: 403
    duration_ms: 0
[2026-09-28 00:00:09.257 -0300] INFO (59325): request completed
    route: "/v1/dashboard/sources"
    method: "GET"
    status: 200
    duration_ms: 10
[2026-09-28 00:00:09.263 -0300] INFO (59325): request completed
    route: "/v1/dashboard/sources/00000000-0000-7000-8000-000081000401"
    method: "GET"
    status: 200
    duration_ms: 6
[2026-09-28 00:00:09.264 -0300] INFO (59325): request completed
    route: "/v1/dashboard/sources"
    method: "GET"
    status: 403
    duration_ms: 0
[2026-09-28 00:00:09.265 -0300] INFO (59325): request completed
    route: "/v1/dashboard/sources/00000000-0000-7000-8000-000081000401"
    method: "GET"
    status: 403
    duration_ms: 0
[2026-09-28 00:00:09.266 -0300] INFO (59325): request completed
    route: "/v1/dashboard/sources"
    method: "GET"
    status: 403
    duration_ms: 1
[2026-09-28 00:00:09.266 -0300] INFO (59325): request completed
    route: "/v1/dashboard/sources/00000000-0000-7000-8000-000081000401"
    method: "GET"
    status: 403
    duration_ms: 0
[2026-09-28 00:00:09.286 -0300] INFO (59325): request completed
    route: "/v1/dashboard/exports"
    method: "POST"
    status: 403
    duration_ms: 19
[2026-09-28 00:00:09.287 -0300] INFO (59325): request completed
    route: "/v1/dashboard/exports"
    method: "POST"
    status: 403
    duration_ms: 1
[2026-09-28 00:00:09.287 -0300] INFO (59325): request completed
    route: "/v1/dashboard/exports"
    method: "POST"
    status: 403
    duration_ms: 0
[2026-09-28 00:00:09.288 -0300] INFO (59325): request completed
    route: "/v1/dashboard/exports"
    method: "POST"
    status: 403
    duration_ms: 0
[2026-09-28 00:00:09.288 -0300] INFO (59325): request completed
    route: "/v1/dashboard/exports"
    method: "POST"
    status: 403
    duration_ms: 0
[2026-09-28 00:00:09.289 -0300] INFO (59325): request completed
    route: "/v1/dashboard/exports"
    method: "POST"
    status: 403
    duration_ms: 0
[2026-09-28 00:00:09.289 -0300] INFO (59325): request completed
    route: "/v1/dashboard/exports"
    method: "POST"
    status: 403
    duration_ms: 0
[2026-09-28 00:00:09.313 -0300] INFO (59325): request completed
    route: "/v1/dashboard/exports"
    method: "POST"
    status: 400
    duration_ms: 24
[2026-09-28 00:00:09.314 -0300] INFO (59325): request completed
    route: "/v1/dashboard/exports"
    method: "POST"
    status: 403
    duration_ms: 0
[2026-09-28 00:00:09.330 -0300] INFO (59325): request completed
    route: "/v1/dashboard/exports"
    method: "POST"
    status: 400
    duration_ms: 16
[2026-09-28 00:00:09.331 -0300] INFO (59325): request completed
    route: "/v1/dashboard/exports"
    method: "POST"
    status: 403
    duration_ms: 0
[2026-09-28 00:00:09.332 -0300] INFO (59325): request completed
    route: "/v1/dashboard/exports"
    method: "POST"
    status: 403
    duration_ms: 0
[2026-09-28 00:00:09.333 -0300] INFO (59325): request completed
    route: "/v1/dashboard/exports"
    method: "POST"
    status: 403
    duration_ms: 1
[2026-09-28 00:00:09.350 -0300] INFO (59325): request completed
    route: "/v1/dashboard/exports"
    method: "POST"
    status: 403
    duration_ms: 17
[2026-09-28 00:00:09.351 -0300] INFO (59325): request completed
    route: "/v1/dashboard/exports"
    method: "POST"
    status: 403
    duration_ms: 0
[2026-09-28 00:00:09.352 -0300] INFO (59325): request completed
    route: "/v1/dashboard/exports"
    method: "POST"
    status: 403
    duration_ms: 0
[2026-09-28 00:00:09.353 -0300] INFO (59325): request completed
    route: "/v1/dashboard/exports"
    method: "POST"
    status: 403
    duration_ms: 0
[2026-09-28 00:00:09.354 -0300] INFO (59325): request completed
    route: "/v1/dashboard/exports"
    method: "POST"
    status: 403
    duration_ms: 0
[2026-09-28 00:00:09.371 -0300] INFO (59325): request completed
    route: "/v1/dashboard/exports"
    method: "POST"
    status: 400
    duration_ms: 17
[2026-09-28 00:00:09.389 -0300] INFO (59325): request completed
    route: "/v1/dashboard/exports"
    method: "POST"
    status: 400
    duration_ms: 17
[2026-09-28 00:00:09.407 -0300] INFO (59325): request completed
    route: "/v1/dashboard/exports"
    method: "POST"
    status: 400
    duration_ms: 17
[2026-09-28 00:00:09.423 -0300] INFO (59325): request completed
    route: "/v1/dashboard/exports"
    method: "POST"
    status: 400
    duration_ms: 15
[2026-09-28 00:00:09.441 -0300] INFO (59325): request completed
    route: "/v1/dashboard/exports"
    method: "POST"
    status: 400
    duration_ms: 17
[2026-09-28 00:00:09.442 -0300] INFO (59325): request completed
    route: "/v1/dashboard/exports"
    method: "POST"
    status: 403
    duration_ms: 0
[2026-09-28 00:00:09.460 -0300] INFO (59325): request completed
    route: "/v1/dashboard/exports"
    method: "POST"
    status: 400
    duration_ms: 17
[2026-09-28 00:00:09.461 -0300] INFO (59325): request completed
    route: "/v1/dashboard/exports"
    method: "POST"
    status: 403
    duration_ms: 1
[2026-09-28 00:00:09.462 -0300] INFO (59325): request completed
    route: "/v1/dashboard/exports"
    method: "POST"
    status: 403
    duration_ms: 1
[2026-09-28 00:00:09.462 -0300] INFO (59325): request completed
    route: "/v1/dashboard/exports"
    method: "POST"
    status: 403
    duration_ms: 0
[2026-09-28 00:00:09.463 -0300] INFO (59325): request completed
    route: "/v1/dashboard/exports"
    method: "POST"
    status: 403
    duration_ms: 0
[2026-09-28 00:00:09.480 -0300] INFO (59325): request completed
    route: "/v1/dashboard/exports"
    method: "POST"
    status: 400
    duration_ms: 16
[2026-09-28 00:00:09.497 -0300] INFO (59325): request completed
    route: "/v1/dashboard/exports"
    method: "POST"
    status: 400
    duration_ms: 16
[2026-09-28 00:00:09.498 -0300] INFO (59325): request completed
    route: "/v1/dashboard/exports"
    method: "POST"
    status: 403
    duration_ms: 0
[2026-09-28 00:00:09.499 -0300] INFO (59325): request completed
    route: "/v1/dashboard/exports"
    method: "POST"
    status: 403
    duration_ms: 0
[2026-09-28 00:00:09.515 -0300] INFO (59325): request completed
    route: "/v1/dashboard/exports"
    method: "POST"
    status: 400
    duration_ms: 15
[2026-09-28 00:00:09.532 -0300] INFO (59325): request completed
    route: "/v1/dashboard/exports"
    method: "POST"
    status: 400
    duration_ms: 16
[2026-09-28 00:00:09.533 -0300] INFO (59325): request completed
    route: "/v1/dashboard/exports"
    method: "POST"
    status: 403
    duration_ms: 1
[2026-09-28 00:00:09.547 -0300] INFO (59325): request completed
    route: "/v1/dashboard/exports/00000000-0000-7000-8000-000081000501/approve"
    method: "POST"
    status: 400
    duration_ms: 14
[2026-09-28 00:00:09.548 -0300] INFO (59325): request completed
    route: "/v1/dashboard/exports/00000000-0000-7000-8000-000081000501/approve"
    method: "POST"
    status: 403
    duration_ms: 0
[2026-09-28 00:00:09.549 -0300] INFO (59325): request completed
    route: "/v1/dashboard/exports/00000000-0000-7000-8000-000081000501/approve"
    method: "POST"
    status: 403
    duration_ms: 1
[2026-09-28 00:00:09.549 -0300] INFO (59325): request completed
    route: "/v1/dashboard/exports/00000000-0000-7000-8000-000081000501/approve"
    method: "POST"
    status: 403
    duration_ms: 0
[2026-09-28 00:00:09.550 -0300] INFO (59325): request completed
    route: "/v1/dashboard/exports/00000000-0000-7000-8000-000081000501/approve"
    method: "POST"
    status: 403
    duration_ms: 0
[2026-09-28 00:00:09.551 -0300] INFO (59325): request completed
    route: "/v1/dashboard/exports/00000000-0000-7000-8000-000081000501/approve"
    method: "POST"
    status: 403
    duration_ms: 0
[2026-09-28 00:00:09.552 -0300] INFO (59325): request completed
    route: "/v1/dashboard/exports/00000000-0000-7000-8000-000081000501/approve"
    method: "POST"
    status: 403
    duration_ms: 0
[2026-09-28 00:00:09.553 -0300] INFO (59325): request completed
    route: "/v1/dashboard/exports/00000000-0000-7000-8000-000081000501/approve"
    method: "POST"
    status: 403
    duration_ms: 1
[2026-09-28 00:00:09.553 -0300] INFO (59325): request completed
    route: "/v1/dashboard/exports/00000000-0000-7000-8000-000081000501/approve"
    method: "POST"
    status: 403
    duration_ms: 0
[2026-09-28 00:00:09.567 -0300] INFO (59325): request completed
    route: "/v1/dashboard/exports/00000000-0000-7000-8000-000081000501/approve"
    method: "POST"
    status: 400
    duration_ms: 13
[2026-09-28 00:00:09.569 -0300] INFO (59325): request completed
    route: "/v1/dashboard/exports/00000000-0000-7000-8000-000081000501/approve"
    method: "POST"
    status: 403
    duration_ms: 1
[2026-09-28 00:00:09.570 -0300] INFO (59325): request completed
    route: "/v1/dashboard/exports/00000000-0000-7000-8000-000081000501/approve"
    method: "POST"
    status: 403
    duration_ms: 1
[2026-09-28 00:00:09.570 -0300] INFO (59325): request completed
    route: "/v1/dashboard/exports/00000000-0000-7000-8000-000081000501/approve"
    method: "POST"
    status: 403
    duration_ms: 0
[2026-09-28 00:00:09.584 -0300] INFO (59325): request completed
    route: "/v1/dashboard/exports/00000000-0000-7000-8000-000081000501/approve"
    method: "POST"
    status: 400
    duration_ms: 13
[2026-09-28 00:00:09.585 -0300] INFO (59325): request completed
    route: "/v1/dashboard/exports/00000000-0000-7000-8000-000081000501/approve"
    method: "POST"
    status: 403
    duration_ms: 0
[2026-09-28 00:00:09.586 -0300] INFO (59325): request completed
    route: "/v1/dashboard/exports/00000000-0000-7000-8000-000081000501/approve"
    method: "POST"
    status: 403
    duration_ms: 0
[2026-09-28 00:00:09.587 -0300] INFO (59325): request completed
    route: "/v1/dashboard/exports/00000000-0000-7000-8000-000081000501/approve"
    method: "POST"
    status: 403
    duration_ms: 0
[2026-09-28 00:00:09.588 -0300] INFO (59325): request completed
    route: "/v1/dashboard/exports/00000000-0000-7000-8000-000081000501/approve"
    method: "POST"
    status: 403
    duration_ms: 1
[2026-09-28 00:00:09.588 -0300] INFO (59325): request completed
    route: "/v1/dashboard/exports/00000000-0000-7000-8000-000081000501/approve"
    method: "POST"
    status: 403
    duration_ms: 0
[2026-09-28 00:00:09.602 -0300] INFO (59325): request completed
    route: "/v1/dashboard/exports/00000000-0000-7000-8000-000081000501/approve"
    method: "POST"
    status: 400
    duration_ms: 14
[2026-09-28 00:00:09.616 -0300] INFO (59325): request completed
    route: "/v1/dashboard/exports/00000000-0000-7000-8000-000081000501/approve"
    method: "POST"
    status: 400
    duration_ms: 13
[2026-09-28 00:00:09.617 -0300] INFO (59325): request completed
    route: "/v1/dashboard/exports/00000000-0000-7000-8000-000081000501/approve"
    method: "POST"
    status: 403
    duration_ms: 1
[2026-09-28 00:00:09.618 -0300] INFO (59325): request completed
    route: "/v1/dashboard/exports/00000000-0000-7000-8000-000081000501/approve"
    method: "POST"
    status: 403
    duration_ms: 1
[2026-09-28 00:00:09.621 -0300] INFO (59325): request completed
    route: "/v1/dashboard/exports/00000000-0000-7000-8000-000081000501/approve"
    method: "POST"
    status: 403
    duration_ms: 0
[2026-09-28 00:00:09.622 -0300] INFO (59325): request completed
    route: "/v1/dashboard/exports/00000000-0000-7000-8000-000081000501/approve"
    method: "POST"
    status: 403
    duration_ms: 0
[2026-09-28 00:00:09.623 -0300] INFO (59325): request completed
    route: "/v1/dashboard/exports/00000000-0000-7000-8000-000081000501/approve"
    method: "POST"
    status: 403
    duration_ms: 0
[2026-09-28 00:00:09.623 -0300] INFO (59325): request completed
    route: "/v1/dashboard/exports/00000000-0000-7000-8000-000081000501/approve"
    method: "POST"
    status: 403
    duration_ms: 0
[2026-09-28 00:00:09.624 -0300] INFO (59325): request completed
    route: "/v1/dashboard/exports/00000000-0000-7000-8000-000081000501/approve"
    method: "POST"
    status: 403
    duration_ms: 0
[2026-09-28 00:00:09.625 -0300] INFO (59325): request completed
    route: "/v1/dashboard/exports/00000000-0000-7000-8000-000081000501/approve"
    method: "POST"
    status: 403
    duration_ms: 1
[2026-09-28 00:00:09.626 -0300] INFO (59325): request completed
    route: "/v1/dashboard/exports/00000000-0000-7000-8000-000081000501/approve"
    method: "POST"
    status: 403
    duration_ms: 1
[2026-09-28 00:00:09.626 -0300] INFO (59325): request completed
    route: "/v1/dashboard/exports/00000000-0000-7000-8000-000081000501/approve"
    method: "POST"
    status: 403
    duration_ms: 0
[2026-09-28 00:00:09.627 -0300] INFO (59325): request completed
    route: "/v1/dashboard/exports/00000000-0000-7000-8000-000081000501/approve"
    method: "POST"
    status: 403
    duration_ms: 0
[2026-09-28 00:00:09.628 -0300] INFO (59325): request completed
    route: "/v1/dashboard/exports/00000000-0000-7000-8000-000081000501/approve"
    method: "POST"
    status: 403
    duration_ms: 0
[2026-09-28 00:00:09.629 -0300] INFO (59325): request completed
    route: "/v1/dashboard/exports/00000000-0000-7000-8000-000081000501/approve"
    method: "POST"
    status: 403
    duration_ms: 0
[2026-09-28 00:00:09.629 -0300] INFO (59325): request completed
    route: "/v1/dashboard/exports/00000000-0000-7000-8000-000081000501/approve"
    method: "POST"
    status: 403
    duration_ms: 0
[2026-09-28 00:00:09.630 -0300] INFO (59325): request completed
    route: "/v1/dashboard/exports/00000000-0000-7000-8000-000081000501/approve"
    method: "POST"
    status: 403
    duration_ms: 0
[2026-09-28 00:00:09.635 -0300] INFO (59325): request completed
    route: "/v1/dashboard/audit-trail"
    method: "GET"
    status: 403
    duration_ms: 5
[2026-09-28 00:00:09.636 -0300] INFO (59325): request completed
    route: "/v1/dashboard/audit-trail"
    method: "GET"
    status: 403
    duration_ms: 0
[2026-09-28 00:00:09.637 -0300] INFO (59325): request completed
    route: "/v1/dashboard/audit-trail"
    method: "GET"
    status: 403
    duration_ms: 0
[2026-09-28 00:00:09.638 -0300] INFO (59325): request completed
    route: "/v1/dashboard/audit-trail"
    method: "GET"
    status: 403
    duration_ms: 0
[2026-09-28 00:00:09.639 -0300] INFO (59325): request completed
    route: "/v1/dashboard/audit-trail"
    method: "GET"
    status: 403
    duration_ms: 1
[2026-09-28 00:00:09.639 -0300] INFO (59325): request completed
    route: "/v1/dashboard/audit-trail"
    method: "GET"
    status: 403
    duration_ms: 0
[2026-09-28 00:00:09.650 -0300] INFO (59325): request completed
    route: "/v1/dashboard/audit-trail"
    method: "GET"
    status: 200
    duration_ms: 10
[2026-09-28 00:00:09.657 -0300] INFO (59325): request completed
    route: "/v1/dashboard/audit-trail"
    method: "GET"
    status: 200
    duration_ms: 6
[2026-09-28 00:00:09.658 -0300] INFO (59325): request completed
    route: "/v1/dashboard/audit-trail"
    method: "GET"
    status: 403
    duration_ms: 0
[2026-09-28 00:00:09.665 -0300] INFO (59325): request completed
    route: "/v1/dashboard/audit-trail"
    method: "GET"
    status: 200
    duration_ms: 7
[2026-09-28 00:00:09.666 -0300] INFO (59325): request completed
    route: "/v1/dashboard/audit-trail"
    method: "GET"
    status: 403
    duration_ms: 0
[2026-09-28 00:00:09.667 -0300] INFO (59325): request completed
    route: "/v1/dashboard/audit-trail"
    method: "GET"
    status: 403
    duration_ms: 0
[2026-09-28 00:00:09.674 -0300] INFO (59325): request completed
    route: "/v1/dashboard/audit-trail"
    method: "GET"
    status: 200
    duration_ms: 6
[2026-09-28 00:00:09.677 -0300] INFO (59325): request completed
    route: "/v1/dashboard/audit-trail"
    method: "GET"
    status: 403
    duration_ms: 3
[2026-09-28 00:00:09.678 -0300] INFO (59325): request completed
    route: "/v1/dashboard/audit-trail"
    method: "GET"
    status: 403
    duration_ms: 0
[2026-09-28 00:00:09.679 -0300] INFO (59325): request completed
    route: "/v1/dashboard/audit-trail"
    method: "GET"
    status: 403
    duration_ms: 0
[2026-09-28 00:00:09.680 -0300] INFO (59325): request completed
    route: "/v1/dashboard/audit-trail"
    method: "GET"
    status: 403
    duration_ms: 0
[2026-09-28 00:00:09.680 -0300] INFO (59325): request completed
    route: "/v1/dashboard/audit-trail"
    method: "GET"
    status: 403
    duration_ms: 0
[2026-09-28 00:00:09.687 -0300] INFO (59325): request completed
    route: "/v1/dashboard/audit-trail"
    method: "GET"
    status: 200
    duration_ms: 6
[2026-09-28 00:00:09.694 -0300] INFO (59325): request completed
    route: "/v1/dashboard/audit-trail"
    method: "GET"
    status: 200
    duration_ms: 6
[2026-09-28 00:00:09.700 -0300] INFO (59325): request completed
    route: "/v1/dashboard/audit-trail"
    method: "GET"
    status: 200
    duration_ms: 6
[2026-09-28 00:00:09.701 -0300] INFO (59325): request completed
    route: "/v1/dashboard/audit-trail"
    method: "GET"
    status: 403
    duration_ms: 0
[2026-09-28 00:00:09.702 -0300] INFO (59325): request completed
    route: "/v1/dashboard/audit-trail"
    method: "GET"
    status: 403
    duration_ms: 0
[2026-09-28 00:00:09.703 -0300] INFO (59325): request completed
    route: "/v1/dashboard/audit-trail"
    method: "GET"
    status: 403
    duration_ms: 0
[2026-09-28 00:00:09.710 -0300] INFO (59325): request completed
    route: "/v1/dashboard/audit-trail"
    method: "GET"
    status: 200
    duration_ms: 6
[2026-09-28 00:00:09.711 -0300] INFO (59325): request completed
    route: "/v1/dashboard/audit-trail"
    method: "GET"
    status: 403
    duration_ms: 0
[2026-09-28 00:00:09.712 -0300] INFO (59325): request completed
    route: "/v1/dashboard/audit-trail"
    method: "GET"
    status: 403
    duration_ms: 0
[2026-09-28 00:00:09.713 -0300] INFO (59325): request completed
    route: "/v1/dashboard/audit-trail"
    method: "GET"
    status: 403
    duration_ms: 1
[2026-09-28 00:00:09.714 -0300] INFO (59325): request completed
    route: "/v1/dashboard/audit-trail"
    method: "GET"
    status: 403
    duration_ms: 1
[2026-09-28 00:00:09.722 -0300] INFO (59325): request completed
    route: "/v1/dashboard/audit-trail"
    method: "GET"
    status: 200
    duration_ms: 8
[2026-09-28 00:00:09.729 -0300] INFO (59325): request completed
    route: "/v1/dashboard/audit-trail"
    method: "GET"
    status: 200
    duration_ms: 7
[2026-09-28 00:00:09.730 -0300] INFO (59325): request completed
    route: "/v1/dashboard/audit-trail"
    method: "GET"
    status: 403
    duration_ms: 0
[2026-09-28 00:00:09.731 -0300] INFO (59325): request completed
    route: "/v1/dashboard/audit-trail"
    method: "GET"
    status: 403
    duration_ms: 0
[2026-09-28 00:00:09.731 -0300] INFO (59325): request completed
    route: "/v1/dashboard/audit-trail"
    method: "GET"
    status: 403
    duration_ms: 0
[2026-09-28 00:00:09.732 -0300] INFO (59325): request completed
    route: "/v1/dashboard/audit-trail"
    method: "GET"
    status: 403
    duration_ms: 0
[2026-09-28 00:00:09.732 -0300] INFO (59325): request completed
    route: "/v1/dashboard/audit-trail"
    method: "GET"
    status: 403
    duration_ms: 0
[2026-09-28 00:00:09.738 -0300] INFO (59325): request completed
    route: "/v1/dashboard/comparisons?dimension=pool"
    method: "GET"
    status: 403
    duration_ms: 5
[2026-09-28 00:00:09.739 -0300] INFO (59325): request completed
    route: "/v1/dashboard/comparisons?dimension=pool"
    method: "GET"
    status: 403
    duration_ms: 0
[2026-09-28 00:00:09.740 -0300] INFO (59325): request completed
    route: "/v1/dashboard/comparisons?dimension=pool"
    method: "GET"
    status: 403
    duration_ms: 0
[2026-09-28 00:00:09.741 -0300] INFO (59325): request completed
    route: "/v1/dashboard/comparisons?dimension=pool"
    method: "GET"
    status: 403
    duration_ms: 1
[2026-09-28 00:00:09.741 -0300] INFO (59325): request completed
    route: "/v1/dashboard/comparisons?dimension=pool"
    method: "GET"
    status: 403
    duration_ms: 0
[2026-09-28 00:00:09.742 -0300] INFO (59325): request completed
    route: "/v1/dashboard/comparisons?dimension=pool"
    method: "GET"
    status: 403
    duration_ms: 0
[2026-09-28 00:00:09.754 -0300] INFO (59325): request completed
    route: "/v1/dashboard/comparisons?dimension=pool"
    method: "GET"
    status: 200
    duration_ms: 11
[2026-09-28 00:00:09.763 -0300] INFO (59325): request completed
    route: "/v1/dashboard/comparisons?dimension=pool"
    method: "GET"
    status: 200
    duration_ms: 8
[2026-09-28 00:00:09.764 -0300] INFO (59325): request completed
    route: "/v1/dashboard/comparisons?dimension=pool"
    method: "GET"
    status: 403
    duration_ms: 0
[2026-09-28 00:00:09.771 -0300] INFO (59325): request completed
    route: "/v1/dashboard/comparisons?dimension=pool"
    method: "GET"
    status: 200
    duration_ms: 6
[2026-09-28 00:00:09.772 -0300] INFO (59325): request completed
    route: "/v1/dashboard/comparisons?dimension=pool"
    method: "GET"
    status: 403
    duration_ms: 1
[2026-09-28 00:00:09.772 -0300] INFO (59325): request completed
    route: "/v1/dashboard/comparisons?dimension=pool"
    method: "GET"
    status: 403
    duration_ms: 0
[2026-09-28 00:00:09.773 -0300] INFO (59325): request completed
    route: "/v1/dashboard/comparisons?dimension=pool"
    method: "GET"
    status: 403
    duration_ms: 0
[2026-09-28 00:00:09.776 -0300] INFO (59325): request completed
    route: "/v1/dashboard/comparisons?dimension=pool"
    method: "GET"
    status: 403
    duration_ms: 3
[2026-09-28 00:00:09.778 -0300] INFO (59325): request completed
    route: "/v1/dashboard/comparisons?dimension=pool"
    method: "GET"
    status: 403
    duration_ms: 1
[2026-09-28 00:00:09.778 -0300] INFO (59325): request completed
    route: "/v1/dashboard/comparisons?dimension=pool"
    method: "GET"
    status: 403
    duration_ms: 0
[2026-09-28 00:00:09.779 -0300] INFO (59325): request completed
    route: "/v1/dashboard/comparisons?dimension=pool"
    method: "GET"
    status: 403
    duration_ms: 0
[2026-09-28 00:00:09.779 -0300] INFO (59325): request completed
    route: "/v1/dashboard/comparisons?dimension=pool"
    method: "GET"
    status: 403
    duration_ms: 0
[2026-09-28 00:00:09.786 -0300] INFO (59325): request completed
    route: "/v1/dashboard/comparisons?dimension=pool"
    method: "GET"
    status: 200
    duration_ms: 6
[2026-09-28 00:00:09.795 -0300] INFO (59325): request completed
    route: "/v1/dashboard/comparisons?dimension=pool"
    method: "GET"
    status: 200
    duration_ms: 8
[2026-09-28 00:00:09.801 -0300] INFO (59325): request completed
    route: "/v1/dashboard/comparisons?dimension=pool"
    method: "GET"
    status: 200
    duration_ms: 6
[2026-09-28 00:00:09.808 -0300] INFO (59325): request completed
    route: "/v1/dashboard/comparisons?dimension=pool"
    method: "GET"
    status: 200
    duration_ms: 6
[2026-09-28 00:00:09.808 -0300] INFO (59325): request completed
    route: "/v1/dashboard/comparisons?dimension=pool"
    method: "GET"
    status: 403
    duration_ms: 0
[2026-09-28 00:00:09.809 -0300] INFO (59325): request completed
    route: "/v1/dashboard/comparisons?dimension=pool"
    method: "GET"
    status: 403
    duration_ms: 0
[2026-09-28 00:00:09.816 -0300] INFO (59325): request completed
    route: "/v1/dashboard/comparisons?dimension=pool"
    method: "GET"
    status: 200
    duration_ms: 6
[2026-09-28 00:00:09.817 -0300] INFO (59325): request completed
    route: "/v1/dashboard/comparisons?dimension=pool"
    method: "GET"
    status: 403
    duration_ms: 1
[2026-09-28 00:00:09.817 -0300] INFO (59325): request completed
    route: "/v1/dashboard/comparisons?dimension=pool"
    method: "GET"
    status: 403
    duration_ms: 0
[2026-09-28 00:00:09.818 -0300] INFO (59325): request completed
    route: "/v1/dashboard/comparisons?dimension=pool"
    method: "GET"
    status: 403
    duration_ms: 0
[2026-09-28 00:00:09.819 -0300] INFO (59325): request completed
    route: "/v1/dashboard/comparisons?dimension=pool"
    method: "GET"
    status: 403
    duration_ms: 1
[2026-09-28 00:00:09.827 -0300] INFO (59325): request completed
    route: "/v1/dashboard/comparisons?dimension=pool"
    method: "GET"
    status: 200
    duration_ms: 7
[2026-09-28 00:00:09.833 -0300] INFO (59325): request completed
    route: "/v1/dashboard/comparisons?dimension=pool"
    method: "GET"
    status: 200
    duration_ms: 5
[2026-09-28 00:00:09.834 -0300] INFO (59325): request completed
    route: "/v1/dashboard/comparisons?dimension=pool"
    method: "GET"
    status: 403
    duration_ms: 0
[2026-09-28 00:00:09.835 -0300] INFO (59325): request completed
    route: "/v1/dashboard/comparisons?dimension=pool"
    method: "GET"
    status: 403
    duration_ms: 0
[2026-09-28 00:00:09.836 -0300] INFO (59325): request completed
    route: "/v1/dashboard/comparisons?dimension=pool"
    method: "GET"
    status: 403
    duration_ms: 0
[2026-09-28 00:00:09.837 -0300] INFO (59325): request completed
    route: "/v1/dashboard/comparisons?dimension=pool"
    method: "GET"
    status: 403
    duration_ms: 0
[2026-09-28 00:00:09.838 -0300] INFO (59325): request completed
    route: "/v1/dashboard/comparisons?dimension=pool"
    method: "GET"
    status: 403
    duration_ms: 0
[2026-09-28 00:00:09.847 -0300] INFO (59325): request completed
    route: "/v1/dashboard/transparency/checklist"
    method: "GET"
    status: 200
    duration_ms: 9
[2026-09-28 00:00:09.849 -0300] INFO (59325): request completed
    route: "/v1/dashboard/transparency/checklist"
    method: "GET"
    status: 403
    duration_ms: 1
[2026-09-28 00:00:09.850 -0300] INFO (59325): request completed
    route: "/v1/dashboard/transparency/checklist"
    method: "GET"
    status: 403
    duration_ms: 1
[2026-09-28 00:00:09.850 -0300] INFO (59325): request completed
    route: "/v1/dashboard/transparency/checklist"
    method: "GET"
    status: 403
    duration_ms: 0
[2026-09-28 00:00:09.851 -0300] INFO (59325): request completed
    route: "/v1/dashboard/transparency/checklist"
    method: "GET"
    status: 403
    duration_ms: 0
[2026-09-28 00:00:09.852 -0300] INFO (59325): request completed
    route: "/v1/dashboard/transparency/checklist"
    method: "GET"
    status: 403
    duration_ms: 0
[2026-09-28 00:00:09.859 -0300] INFO (59325): request completed
    route: "/v1/dashboard/transparency/checklist"
    method: "GET"
    status: 200
    duration_ms: 6
[2026-09-28 00:00:09.861 -0300] INFO (59325): request completed
    route: "/v1/dashboard/transparency/checklist"
    method: "GET"
    status: 403
    duration_ms: 1
[2026-09-28 00:00:09.862 -0300] INFO (59325): request completed
    route: "/v1/dashboard/transparency/checklist"
    method: "GET"
    status: 403
    duration_ms: 1
[2026-09-28 00:00:09.868 -0300] INFO (59325): request completed
    route: "/v1/dashboard/transparency/checklist"
    method: "GET"
    status: 200
    duration_ms: 6
[2026-09-28 00:00:09.869 -0300] INFO (59325): request completed
    route: "/v1/dashboard/transparency/checklist"
    method: "GET"
    status: 403
    duration_ms: 0
[2026-09-28 00:00:09.870 -0300] INFO (59325): request completed
    route: "/v1/dashboard/transparency/checklist"
    method: "GET"
    status: 403
    duration_ms: 0
[2026-09-28 00:00:09.871 -0300] INFO (59325): request completed
    route: "/v1/dashboard/transparency/checklist"
    method: "GET"
    status: 403
    duration_ms: 0
[2026-09-28 00:00:09.877 -0300] INFO (59325): request completed
    route: "/v1/dashboard/transparency/checklist"
    method: "GET"
    status: 200
    duration_ms: 6
[2026-09-28 00:00:09.878 -0300] INFO (59325): request completed
    route: "/v1/dashboard/transparency/checklist"
    method: "GET"
    status: 403
    duration_ms: 0
[2026-09-28 00:00:09.879 -0300] INFO (59325): request completed
    route: "/v1/dashboard/transparency/checklist"
    method: "GET"
    status: 403
    duration_ms: 0
[2026-09-28 00:00:09.879 -0300] INFO (59325): request completed
    route: "/v1/dashboard/transparency/checklist"
    method: "GET"
    status: 403
    duration_ms: 0
[2026-09-28 00:00:09.880 -0300] INFO (59325): request completed
    route: "/v1/dashboard/transparency/checklist"
    method: "GET"
    status: 403
    duration_ms: 0
[2026-09-28 00:00:09.881 -0300] INFO (59325): request completed
    route: "/v1/dashboard/transparency/checklist"
    method: "GET"
    status: 403
    duration_ms: 0
[2026-09-28 00:00:09.888 -0300] INFO (59325): request completed
    route: "/v1/dashboard/transparency/checklist"
    method: "GET"
    status: 200
    duration_ms: 7
[2026-09-28 00:00:09.895 -0300] INFO (59325): request completed
    route: "/v1/dashboard/transparency/checklist"
    method: "GET"
    status: 200
    duration_ms: 6
[2026-09-28 00:00:09.896 -0300] INFO (59325): request completed
    route: "/v1/dashboard/transparency/checklist"
    method: "GET"
    status: 403
    duration_ms: 1
[2026-09-28 00:00:09.896 -0300] INFO (59325): request completed
    route: "/v1/dashboard/transparency/checklist"
    method: "GET"
    status: 403
    duration_ms: 0
[2026-09-28 00:00:09.897 -0300] INFO (59325): request completed
    route: "/v1/dashboard/transparency/checklist"
    method: "GET"
    status: 403
    duration_ms: 0
[2026-09-28 00:00:09.897 -0300] INFO (59325): request completed
    route: "/v1/dashboard/transparency/checklist"
    method: "GET"
    status: 403
    duration_ms: 0
[2026-09-28 00:00:09.898 -0300] INFO (59325): request completed
    route: "/v1/dashboard/transparency/checklist"
    method: "GET"
    status: 403
    duration_ms: 0
[2026-09-28 00:00:09.898 -0300] INFO (59325): request completed
    route: "/v1/dashboard/transparency/checklist"
    method: "GET"
    status: 403
    duration_ms: 0
[2026-09-28 00:00:09.899 -0300] INFO (59325): request completed
    route: "/v1/dashboard/transparency/checklist"
    method: "GET"
    status: 403
    duration_ms: 0
[2026-09-28 00:00:09.900 -0300] INFO (59325): request completed
    route: "/v1/dashboard/transparency/checklist"
    method: "GET"
    status: 403
    duration_ms: 1
[2026-09-28 00:00:09.900 -0300] INFO (59325): request completed
    route: "/v1/dashboard/transparency/checklist"
    method: "GET"
    status: 403
    duration_ms: 0
[2026-09-28 00:00:09.901 -0300] INFO (59325): request completed
    route: "/v1/dashboard/transparency/checklist"
    method: "GET"
    status: 403
    duration_ms: 0
[2026-09-28 00:00:09.902 -0300] INFO (59325): request completed
    route: "/v1/dashboard/transparency/checklist"
    method: "GET"
    status: 403
    duration_ms: 0
[2026-09-28 00:00:09.903 -0300] INFO (59325): request completed
    route: "/v1/dashboard/transparency/checklist"
    method: "GET"
    status: 403
    duration_ms: 0
[2026-09-28 00:00:09.904 -0300] INFO (59325): request completed
    route: "/v1/dashboard/transparency/checklist"
    method: "GET"
    status: 403
    duration_ms: 0
[2026-09-28 00:00:09.904 -0300] INFO (59325): request completed
    route: "/v1/dashboard/transparency/checklist"
    method: "GET"
    status: 403
    duration_ms: 0
[2026-09-28 00:00:09.905 -0300] INFO (59325): request completed
    route: "/v1/dashboard/transparency/checklist"
    method: "GET"
    status: 403
    duration_ms: 0
[2026-09-28 00:00:09.924 -0300] INFO (59325): request completed
    route: "/v1/dashboard/transparency/audits"
    method: "POST"
    status: 400
    duration_ms: 18
[2026-09-28 00:00:09.925 -0300] INFO (59325): request completed
    route: "/v1/dashboard/transparency/audits"
    method: "POST"
    status: 403
    duration_ms: 0
[2026-09-28 00:00:09.926 -0300] INFO (59325): request completed
    route: "/v1/dashboard/transparency/audits"
    method: "POST"
    status: 403
    duration_ms: 0
[2026-09-28 00:00:09.927 -0300] INFO (59325): request completed
    route: "/v1/dashboard/transparency/audits"
    method: "POST"
    status: 403
    duration_ms: 0
[2026-09-28 00:00:09.927 -0300] INFO (59325): request completed
    route: "/v1/dashboard/transparency/audits"
    method: "POST"
    status: 403
    duration_ms: 0
[2026-09-28 00:00:09.928 -0300] INFO (59325): request completed
    route: "/v1/dashboard/transparency/audits"
    method: "POST"
    status: 403
    duration_ms: 0
[2026-09-28 00:00:09.928 -0300] INFO (59325): request completed
    route: "/v1/dashboard/transparency/audits"
    method: "POST"
    status: 403
    duration_ms: 0
[2026-09-28 00:00:09.929 -0300] INFO (59325): request completed
    route: "/v1/dashboard/transparency/audits"
    method: "POST"
    status: 403
    duration_ms: 0
[2026-09-28 00:00:09.929 -0300] INFO (59325): request completed
    route: "/v1/dashboard/transparency/audits"
    method: "POST"
    status: 403
    duration_ms: 0
[2026-09-28 00:00:09.946 -0300] INFO (59325): request completed
    route: "/v1/dashboard/transparency/audits"
    method: "POST"
    status: 400
    duration_ms: 16
[2026-09-28 00:00:09.947 -0300] INFO (59325): request completed
    route: "/v1/dashboard/transparency/audits"
    method: "POST"
    status: 403
    duration_ms: 0
[2026-09-28 00:00:09.948 -0300] INFO (59325): request completed
    route: "/v1/dashboard/transparency/audits"
    method: "POST"
    status: 403
    duration_ms: 0
[2026-09-28 00:00:09.948 -0300] INFO (59325): request completed
    route: "/v1/dashboard/transparency/audits"
    method: "POST"
    status: 403
    duration_ms: 0
[2026-09-28 00:00:09.965 -0300] INFO (59325): request completed
    route: "/v1/dashboard/transparency/audits"
    method: "POST"
    status: 400
    duration_ms: 16
[2026-09-28 00:00:09.967 -0300] INFO (59325): request completed
    route: "/v1/dashboard/transparency/audits"
    method: "POST"
    status: 403
    duration_ms: 1
[2026-09-28 00:00:09.968 -0300] INFO (59325): request completed
    route: "/v1/dashboard/transparency/audits"
    method: "POST"
    status: 403
    duration_ms: 1
[2026-09-28 00:00:09.969 -0300] INFO (59325): request completed
    route: "/v1/dashboard/transparency/audits"
    method: "POST"
    status: 403
    duration_ms: 1
[2026-09-28 00:00:09.970 -0300] INFO (59325): request completed
    route: "/v1/dashboard/transparency/audits"
    method: "POST"
    status: 403
    duration_ms: 1
[2026-09-28 00:00:09.970 -0300] INFO (59325): request completed
    route: "/v1/dashboard/transparency/audits"
    method: "POST"
    status: 403
    duration_ms: 0
[2026-09-28 00:00:09.987 -0300] INFO (59325): request completed
    route: "/v1/dashboard/transparency/audits"
    method: "POST"
    status: 400
    duration_ms: 16
[2026-09-28 00:00:10.005 -0300] INFO (59325): request completed
    route: "/v1/dashboard/transparency/audits"
    method: "POST"
    status: 400
    duration_ms: 18
[2026-09-28 00:00:10.006 -0300] INFO (59325): request completed
    route: "/v1/dashboard/transparency/audits"
    method: "POST"
    status: 403
    duration_ms: 1
[2026-09-28 00:00:10.006 -0300] INFO (59325): request completed
    route: "/v1/dashboard/transparency/audits"
    method: "POST"
    status: 403
    duration_ms: 0
[2026-09-28 00:00:10.007 -0300] INFO (59325): request completed
    route: "/v1/dashboard/transparency/audits"
    method: "POST"
    status: 403
    duration_ms: 0
[2026-09-28 00:00:10.008 -0300] INFO (59325): request completed
    route: "/v1/dashboard/transparency/audits"
    method: "POST"
    status: 403
    duration_ms: 1
[2026-09-28 00:00:10.008 -0300] INFO (59325): request completed
    route: "/v1/dashboard/transparency/audits"
    method: "POST"
    status: 403
    duration_ms: 0
[2026-09-28 00:00:10.009 -0300] INFO (59325): request completed
    route: "/v1/dashboard/transparency/audits"
    method: "POST"
    status: 403
    duration_ms: 0
[2026-09-28 00:00:10.010 -0300] INFO (59325): request completed
    route: "/v1/dashboard/transparency/audits"
    method: "POST"
    status: 403
    duration_ms: 0
[2026-09-28 00:00:10.011 -0300] INFO (59325): request completed
    route: "/v1/dashboard/transparency/audits"
    method: "POST"
    status: 403
    duration_ms: 0
[2026-09-28 00:00:10.012 -0300] INFO (59325): request completed
    route: "/v1/dashboard/transparency/audits"
    method: "POST"
    status: 403
    duration_ms: 1
[2026-09-28 00:00:10.012 -0300] INFO (59325): request completed
    route: "/v1/dashboard/transparency/audits"
    method: "POST"
    status: 403
    duration_ms: 0
[2026-09-28 00:00:10.013 -0300] INFO (59325): request completed
    route: "/v1/dashboard/transparency/audits"
    method: "POST"
    status: 403
    duration_ms: 0
[2026-09-28 00:00:10.013 -0300] INFO (59325): request completed
    route: "/v1/dashboard/transparency/audits"
    method: "POST"
    status: 403
    duration_ms: 0
[2026-09-28 00:00:10.014 -0300] INFO (59325): request completed
    route: "/v1/dashboard/transparency/audits"
    method: "POST"
    status: 403
    duration_ms: 0
[2026-09-28 00:00:10.014 -0300] INFO (59325): request completed
    route: "/v1/dashboard/transparency/audits"
    method: "POST"
    status: 403
    duration_ms: 0
[2026-09-28 00:00:10.015 -0300] INFO (59325): request completed
    route: "/v1/dashboard/transparency/audits"
    method: "POST"
    status: 403
    duration_ms: 0
[2026-09-28 00:00:10.021 -0300] INFO (59325): request completed
    route: "/v1/dashboard/datasets"
    method: "GET"
    status: 200
    duration_ms: 6
[2026-09-28 00:00:10.032 -0300] INFO (59325): request completed
    route: "/v1/dashboard/open-data/alerts-by-severity-month"
    method: "GET"
    status: 200
    duration_ms: 10
[2026-09-28 00:00:10.040 -0300] INFO (59325): request completed
    route: "/v1/dashboard/datasets"
    method: "GET"
    status: 200
    duration_ms: 7
[2026-09-28 00:00:10.049 -0300] INFO (59325): request completed
    route: "/v1/dashboard/open-data/alerts-by-severity-month"
    method: "GET"
    status: 200
    duration_ms: 8
[2026-09-28 00:00:10.054 -0300] INFO (59325): request completed
    route: "/v1/dashboard/datasets"
    method: "GET"
    status: 200
    duration_ms: 5
[2026-09-28 00:00:10.062 -0300] INFO (59325): request completed
    route: "/v1/dashboard/open-data/alerts-by-severity-month"
    method: "GET"
    status: 200
    duration_ms: 8
[2026-09-28 00:00:10.068 -0300] INFO (59325): request completed
    route: "/v1/dashboard/datasets"
    method: "GET"
    status: 200
    duration_ms: 5
[2026-09-28 00:00:10.075 -0300] INFO (59325): request completed
    route: "/v1/dashboard/open-data/alerts-by-severity-month"
    method: "GET"
    status: 200
    duration_ms: 6
[2026-09-28 00:00:10.081 -0300] INFO (59325): request completed
    route: "/v1/dashboard/datasets"
    method: "GET"
    status: 200
    duration_ms: 4
[2026-09-28 00:00:10.088 -0300] INFO (59325): request completed
    route: "/v1/dashboard/open-data/alerts-by-severity-month"
    method: "GET"
    status: 200
    duration_ms: 7
[2026-09-28 00:00:10.094 -0300] INFO (59325): request completed
    route: "/v1/dashboard/datasets"
    method: "GET"
    status: 200
    duration_ms: 5
[2026-09-28 00:00:10.102 -0300] INFO (59325): request completed
    route: "/v1/dashboard/open-data/alerts-by-severity-month"
    method: "GET"
    status: 200
    duration_ms: 8
[2026-09-28 00:00:10.108 -0300] INFO (59325): request completed
    route: "/v1/dashboard/datasets"
    method: "GET"
    status: 200
    duration_ms: 5
[2026-09-28 00:00:10.115 -0300] INFO (59325): request completed
    route: "/v1/dashboard/open-data/alerts-by-severity-month"
    method: "GET"
    status: 200
    duration_ms: 7
[2026-09-28 00:00:10.121 -0300] INFO (59325): request completed
    route: "/v1/dashboard/datasets"
    method: "GET"
    status: 200
    duration_ms: 5
[2026-09-28 00:00:10.128 -0300] INFO (59325): request completed
    route: "/v1/dashboard/open-data/alerts-by-severity-month"
    method: "GET"
    status: 200
    duration_ms: 7
[2026-09-28 00:00:10.134 -0300] INFO (59325): request completed
    route: "/v1/dashboard/datasets"
    method: "GET"
    status: 200
    duration_ms: 5
[2026-09-28 00:00:10.143 -0300] INFO (59325): request completed
    route: "/v1/dashboard/open-data/alerts-by-severity-month"
    method: "GET"
    status: 200
    duration_ms: 8
[2026-09-28 00:00:10.147 -0300] INFO (59325): request completed
    route: "/v1/dashboard/datasets"
    method: "GET"
    status: 200
    duration_ms: 4
[2026-09-28 00:00:10.156 -0300] INFO (59325): request completed
    route: "/v1/dashboard/open-data/alerts-by-severity-month"
    method: "GET"
    status: 200
    duration_ms: 8
[2026-09-28 00:00:10.161 -0300] INFO (59325): request completed
    route: "/v1/dashboard/datasets"
    method: "GET"
    status: 200
    duration_ms: 5
[2026-09-28 00:00:10.170 -0300] INFO (59325): request completed
    route: "/v1/dashboard/open-data/alerts-by-severity-month"
    method: "GET"
    status: 200
    duration_ms: 8
[2026-09-28 00:00:10.175 -0300] INFO (59325): request completed
    route: "/v1/dashboard/datasets"
    method: "GET"
    status: 200
    duration_ms: 4
[2026-09-28 00:00:10.183 -0300] INFO (59325): request completed
    route: "/v1/dashboard/open-data/alerts-by-severity-month"
    method: "GET"
    status: 200
    duration_ms: 7
[2026-09-28 00:00:10.190 -0300] INFO (59325): request completed
    route: "/v1/dashboard/datasets"
    method: "GET"
    status: 200
    duration_ms: 5
[2026-09-28 00:00:10.198 -0300] INFO (59325): request completed
    route: "/v1/dashboard/open-data/alerts-by-severity-month"
    method: "GET"
    status: 200
    duration_ms: 8
[2026-09-28 00:00:10.203 -0300] INFO (59325): request completed
    route: "/v1/dashboard/datasets"
    method: "GET"
    status: 200
    duration_ms: 5
[2026-09-28 00:00:10.211 -0300] INFO (59325): request completed
    route: "/v1/dashboard/open-data/alerts-by-severity-month"
    method: "GET"
    status: 200
    duration_ms: 7
[2026-09-28 00:00:10.212 -0300] INFO (59325): request completed
    route: "/v1/dashboard/datasets"
    method: "GET"
    status: 403
    duration_ms: 0
[2026-09-28 00:00:10.213 -0300] INFO (59325): request completed
    route: "/v1/dashboard/open-data/alerts-by-severity-month"
    method: "GET"
    status: 403
    duration_ms: 0
[2026-09-28 00:00:10.218 -0300] INFO (59325): request completed
    route: "/v1/dashboard/datasets"
    method: "GET"
    status: 200
    duration_ms: 5
[2026-09-28 00:00:10.226 -0300] INFO (59325): request completed
    route: "/v1/dashboard/open-data/alerts-by-severity-month"
    method: "GET"
    status: 200
    duration_ms: 8
[2026-09-28 00:00:10.232 -0300] INFO (59325): request completed
    route: "/v1/dashboard/datasets"
    method: "GET"
    status: 200
    duration_ms: 5
[2026-09-28 00:00:10.241 -0300] INFO (59325): request completed
    route: "/v1/dashboard/open-data/alerts-by-severity-month"
    method: "GET"
    status: 200
    duration_ms: 8
[2026-09-28 00:00:10.247 -0300] INFO (59325): request completed
    route: "/v1/dashboard/datasets"
    method: "GET"
    status: 200
    duration_ms: 5
[2026-09-28 00:00:10.256 -0300] INFO (59325): request completed
    route: "/v1/dashboard/open-data/alerts-by-severity-month"
    method: "GET"
    status: 200
    duration_ms: 8
[2026-09-28 00:00:10.262 -0300] INFO (59325): request completed
    route: "/v1/dashboard/datasets"
    method: "GET"
    status: 200
    duration_ms: 6
[2026-09-28 00:00:10.270 -0300] INFO (59325): request completed
    route: "/v1/dashboard/open-data/alerts-by-severity-month"
    method: "GET"
    status: 200
    duration_ms: 8
[2026-09-28 00:00:10.274 -0300] INFO (59325): request completed
    route: "/v1/dashboard/datasets"
    method: "GET"
    status: 200
    duration_ms: 4
[2026-09-28 00:00:10.282 -0300] INFO (59325): request completed
    route: "/v1/dashboard/open-data/alerts-by-severity-month"
    method: "GET"
    status: 200
    duration_ms: 7
[2026-09-28 00:00:10.288 -0300] INFO (59325): request completed
    route: "/v1/dashboard/datasets"
    method: "GET"
    status: 200
    duration_ms: 5
[2026-09-28 00:00:10.296 -0300] INFO (59325): request completed
    route: "/v1/dashboard/open-data/alerts-by-severity-month"
    method: "GET"
    status: 200
    duration_ms: 8
[2026-09-28 00:00:10.301 -0300] INFO (59325): request completed
    route: "/v1/dashboard/datasets"
    method: "GET"
    status: 200
    duration_ms: 4
[2026-09-28 00:00:10.309 -0300] INFO (59325): request completed
    route: "/v1/dashboard/open-data/alerts-by-severity-month"
    method: "GET"
    status: 200
    duration_ms: 7
[2026-09-28 00:00:10.315 -0300] INFO (59325): request completed
    route: "/v1/dashboard/datasets"
    method: "GET"
    status: 200
    duration_ms: 5
[2026-09-28 00:00:10.324 -0300] INFO (59325): request completed
    route: "/v1/dashboard/open-data/alerts-by-severity-month"
    method: "GET"
    status: 200
    duration_ms: 8
[2026-09-28 00:00:10.330 -0300] INFO (59325): request completed
    route: "/v1/dashboard/datasets"
    method: "GET"
    status: 200
    duration_ms: 5
[2026-09-28 00:00:10.338 -0300] INFO (59325): request completed
    route: "/v1/dashboard/open-data/alerts-by-severity-month"
    method: "GET"
    status: 200
    duration_ms: 7
[2026-09-28 00:00:10.344 -0300] INFO (59325): request completed
    route: "/v1/dashboard/datasets"
    method: "GET"
    status: 200
    duration_ms: 5
[2026-09-28 00:00:10.352 -0300] INFO (59325): request completed
    route: "/v1/dashboard/open-data/alerts-by-severity-month"
    method: "GET"
    status: 200
    duration_ms: 7
[2026-09-28 00:00:10.357 -0300] INFO (59325): request completed
    route: "/v1/dashboard/datasets"
    method: "GET"
    status: 200
    duration_ms: 4
[2026-09-28 00:00:10.366 -0300] INFO (59325): request completed
    route: "/v1/dashboard/open-data/alerts-by-severity-month"
    method: "GET"
    status: 200
    duration_ms: 9
[2026-09-28 00:00:10.372 -0300] INFO (59325): request completed
    route: "/v1/dashboard/datasets"
    method: "GET"
    status: 200
    duration_ms: 5
[2026-09-28 00:00:10.381 -0300] INFO (59325): request completed
    route: "/v1/dashboard/open-data/alerts-by-severity-month"
    method: "GET"
    status: 200
    duration_ms: 8
[2026-09-28 00:00:10.387 -0300] INFO (59325): request completed
    route: "/v1/dashboard/datasets"
    method: "GET"
    status: 200
    duration_ms: 6
[2026-09-28 00:00:10.395 -0300] INFO (59325): request completed
    route: "/v1/dashboard/open-data/alerts-by-severity-month"
    method: "GET"
    status: 200
    duration_ms: 8
[2026-09-28 00:00:10.401 -0300] INFO (59325): request completed
    route: "/v1/dashboard/datasets"
    method: "GET"
    status: 200
    duration_ms: 5
[2026-09-28 00:00:10.409 -0300] INFO (59325): request completed
    route: "/v1/dashboard/open-data/alerts-by-severity-month"
    method: "GET"
    status: 200
    duration_ms: 8
[2026-09-28 00:00:10.414 -0300] INFO (59325): request completed
    route: "/v1/dashboard/datasets"
    method: "GET"
    status: 200
    duration_ms: 4
[2026-09-28 00:00:10.422 -0300] INFO (59325): request completed
    route: "/v1/dashboard/open-data/alerts-by-severity-month"
    method: "GET"
    status: 200
    duration_ms: 7
[2026-09-28 00:00:10.427 -0300] INFO (59325): request completed
    route: "/v1/dashboard/datasets"
    method: "GET"
    status: 200
    duration_ms: 4
[2026-09-28 00:00:10.435 -0300] INFO (59325): request completed
    route: "/v1/dashboard/open-data/alerts-by-severity-month"
    method: "GET"
    status: 200
    duration_ms: 7
[2026-09-28 00:00:10.441 -0300] INFO (59325): request completed
    route: "/v1/dashboard/datasets"
    method: "GET"
    status: 200
    duration_ms: 5
[2026-09-28 00:00:10.448 -0300] INFO (59325): request completed
    route: "/v1/dashboard/open-data/alerts-by-severity-month"
    method: "GET"
    status: 200
    duration_ms: 7
[2026-09-28 00:00:10.454 -0300] INFO (59325): request completed
    route: "/v1/dashboard/datasets"
    method: "GET"
    status: 200
    duration_ms: 5
[2026-09-28 00:00:10.462 -0300] INFO (59325): request completed
    route: "/v1/dashboard/open-data/alerts-by-severity-month"
    method: "GET"
    status: 200
    duration_ms: 8
[2026-09-28 00:00:10.468 -0300] INFO (59325): request completed
    route: "/v1/dashboard/datasets"
    method: "GET"
    status: 200
    duration_ms: 5
[2026-09-28 00:00:10.477 -0300] INFO (59325): request completed
    route: "/v1/dashboard/open-data/alerts-by-severity-month"
    method: "GET"
    status: 200
    duration_ms: 8
[2026-09-28 00:00:10.482 -0300] INFO (59325): request completed
    route: "/v1/dashboard/datasets"
    method: "GET"
    status: 200
    duration_ms: 5
[2026-09-28 00:00:10.490 -0300] INFO (59325): request completed
    route: "/v1/dashboard/open-data/alerts-by-severity-month"
    method: "GET"
    status: 200
    duration_ms: 7
[2026-09-28 00:00:10.491 -0300] INFO (59325): request completed
    route: "/v1/dashboard/datasets"
    method: "GET"
    status: 403
    duration_ms: 0
[2026-09-28 00:00:10.492 -0300] INFO (59325): request completed
    route: "/v1/dashboard/open-data/alerts-by-severity-month"
    method: "GET"
    status: 403
    duration_ms: 0
(node:59325) DeprecationWarning: Calling client.query() when the client is already executing a query is deprecated and will be removed in pg@9.0. Use async/await or an external async flow control mechanism instead.
(Use `node --trace-deprecation ...` to show where the warning was created)
[2026-09-28 00:00:10.508 -0300] INFO (59325): request completed
    route: "/v1/dashboard/kpis"
    method: "GET"
    status: 200
    duration_ms: 15
[2026-09-28 00:00:10.509 -0300] INFO (59325): request completed
    route: "/v1/dashboard/kpis"
    method: "GET"
    status: 403
    duration_ms: 0
[2026-09-28 00:00:10.510 -0300] INFO (59325): request completed
    route: "/v1/dashboard/kpis"
    method: "GET"
    status: 403
    duration_ms: 0
[2026-09-28 00:00:10.511 -0300] INFO (59325): request completed
    route: "/v1/dashboard/kpis"
    method: "GET"
    status: 403
    duration_ms: 0
[2026-09-28 00:00:10.512 -0300] INFO (59325): request completed
    route: "/v1/dashboard/kpis"
    method: "GET"
    status: 403
    duration_ms: 0
[2026-09-28 00:00:10.513 -0300] INFO (59325): request completed
    route: "/v1/dashboard/kpis"
    method: "GET"
    status: 403
    duration_ms: 1
[2026-09-28 00:00:10.524 -0300] INFO (59325): request completed
    route: "/v1/dashboard/kpis"
    method: "GET"
    status: 200
    duration_ms: 11
[2026-09-28 00:00:10.525 -0300] INFO (59325): request completed
    route: "/v1/dashboard/kpis"
    method: "GET"
    status: 403
    duration_ms: 1
[2026-09-28 00:00:10.526 -0300] INFO (59325): request completed
    route: "/v1/dashboard/kpis"
    method: "GET"
    status: 403
    duration_ms: 1
[2026-09-28 00:00:10.539 -0300] INFO (59325): request completed
    route: "/v1/dashboard/kpis"
    method: "GET"
    status: 200
    duration_ms: 13
[2026-09-28 00:00:10.540 -0300] INFO (59325): request completed
    route: "/v1/dashboard/kpis"
    method: "GET"
    status: 403
    duration_ms: 1
[2026-09-28 00:00:10.540 -0300] INFO (59325): request completed
    route: "/v1/dashboard/kpis"
    method: "GET"
    status: 403
    duration_ms: 0
[2026-09-28 00:00:10.541 -0300] INFO (59325): request completed
    route: "/v1/dashboard/kpis"
    method: "GET"
    status: 403
    duration_ms: 0
[2026-09-28 00:00:10.553 -0300] INFO (59325): request completed
    route: "/v1/dashboard/kpis"
    method: "GET"
    status: 200
    duration_ms: 11
[2026-09-28 00:00:10.554 -0300] INFO (59325): request completed
    route: "/v1/dashboard/kpis"
    method: "GET"
    status: 403
    duration_ms: 0
[2026-09-28 00:00:10.555 -0300] INFO (59325): request completed
    route: "/v1/dashboard/kpis"
    method: "GET"
    status: 403
    duration_ms: 0
[2026-09-28 00:00:10.556 -0300] INFO (59325): request completed
    route: "/v1/dashboard/kpis"
    method: "GET"
    status: 403
    duration_ms: 1
[2026-09-28 00:00:10.556 -0300] INFO (59325): request completed
    route: "/v1/dashboard/kpis"
    method: "GET"
    status: 403
    duration_ms: 0
[2026-09-28 00:00:10.557 -0300] INFO (59325): request completed
    route: "/v1/dashboard/kpis"
    method: "GET"
    status: 403
    duration_ms: 0
[2026-09-28 00:00:10.569 -0300] INFO (59325): request completed
    route: "/v1/dashboard/kpis"
    method: "GET"
    status: 200
    duration_ms: 12
[2026-09-28 00:00:10.581 -0300] INFO (59325): request completed
    route: "/v1/dashboard/kpis"
    method: "GET"
    status: 200
    duration_ms: 11
[2026-09-28 00:00:10.582 -0300] INFO (59325): request completed
    route: "/v1/dashboard/kpis"
    method: "GET"
    status: 403
    duration_ms: 0
[2026-09-28 00:00:10.583 -0300] INFO (59325): request completed
    route: "/v1/dashboard/kpis"
    method: "GET"
    status: 403
    duration_ms: 0
[2026-09-28 00:00:10.584 -0300] INFO (59325): request completed
    route: "/v1/dashboard/kpis"
    method: "GET"
    status: 403
    duration_ms: 0
[2026-09-28 00:00:10.585 -0300] INFO (59325): request completed
    route: "/v1/dashboard/kpis"
    method: "GET"
    status: 403
    duration_ms: 1
[2026-09-28 00:00:10.585 -0300] INFO (59325): request completed
    route: "/v1/dashboard/kpis"
    method: "GET"
    status: 403
    duration_ms: 0
[2026-09-28 00:00:10.586 -0300] INFO (59325): request completed
    route: "/v1/dashboard/kpis"
    method: "GET"
    status: 403
    duration_ms: 0
[2026-09-28 00:00:10.587 -0300] INFO (59325): request completed
    route: "/v1/dashboard/kpis"
    method: "GET"
    status: 403
    duration_ms: 0
[2026-09-28 00:00:10.588 -0300] INFO (59325): request completed
    route: "/v1/dashboard/kpis"
    method: "GET"
    status: 403
    duration_ms: 0
[2026-09-28 00:00:10.589 -0300] INFO (59325): request completed
    route: "/v1/dashboard/kpis"
    method: "GET"
    status: 403
    duration_ms: 1
[2026-09-28 00:00:10.590 -0300] INFO (59325): request completed
    route: "/v1/dashboard/kpis"
    method: "GET"
    status: 403
    duration_ms: 1
[2026-09-28 00:00:10.590 -0300] INFO (59325): request completed
    route: "/v1/dashboard/kpis"
    method: "GET"
    status: 403
    duration_ms: 0
[2026-09-28 00:00:10.591 -0300] INFO (59325): request completed
    route: "/v1/dashboard/kpis"
    method: "GET"
    status: 403
    duration_ms: 0
[2026-09-28 00:00:10.605 -0300] INFO (59325): request completed
    route: "/v1/dashboard/kpis"
    method: "GET"
    status: 200
    duration_ms: 13
[2026-09-28 00:00:10.606 -0300] INFO (59325): request completed
    route: "/v1/dashboard/kpis"
    method: "GET"
    status: 403
    duration_ms: 0
[2026-09-28 00:00:10.607 -0300] INFO (59325): request completed
    route: "/v1/dashboard/kpis"
    method: "GET"
    status: 403
    duration_ms: 0
[2026-09-28 00:00:12.803 -0300] INFO (59559): request completed
    route: "/v1/inf/rait/cases"
    method: "POST"
    status: 200
    duration_ms: 220
[2026-09-28 00:00:12.835 -0300] INFO (59559): request completed
    route: "/v1/inf/rait/cases"
    method: "POST"
    status: 403
    duration_ms: 5
[2026-09-28 00:00:12.862 -0300] INFO (59559): request completed
    route: "/v1/inf/rait/cases"
    method: "POST"
    status: 403
    duration_ms: 1
[2026-09-28 00:00:12.891 -0300] INFO (59559): request completed
    route: "/v1/inf/rait/cases"
    method: "POST"
    status: 403
    duration_ms: 1
[2026-09-28 00:00:12.916 -0300] INFO (59559): request completed
    route: "/v1/inf/rait/cases"
    method: "POST"
    status: 403
    duration_ms: 1
[2026-09-28 00:00:12.946 -0300] INFO (59559): request completed
    route: "/v1/inf/rait/cases"
    method: "POST"
    status: 403
    duration_ms: 1
[2026-09-28 00:00:12.974 -0300] INFO (59559): request completed
    route: "/v1/inf/rait/cases"
    method: "POST"
    status: 403
    duration_ms: 1
[2026-09-28 00:00:13.002 -0300] INFO (59559): request completed
    route: "/v1/inf/rait/cases"
    method: "POST"
    status: 403
    duration_ms: 1
[2026-09-28 00:00:13.029 -0300] INFO (59559): request completed
    route: "/v1/inf/rait/cases"
    method: "POST"
    status: 403
    duration_ms: 1
[2026-09-28 00:00:13.056 -0300] INFO (59559): request completed
    route: "/v1/inf/rait/cases"
    method: "POST"
    status: 403
    duration_ms: 1
[2026-09-28 00:00:13.083 -0300] INFO (59559): request completed
    route: "/v1/inf/rait/cases"
    method: "POST"
    status: 403
    duration_ms: 0
[2026-09-28 00:00:13.110 -0300] INFO (59559): request completed
    route: "/v1/inf/rait/cases"
    method: "POST"
    status: 403
    duration_ms: 1
[2026-09-28 00:00:13.136 -0300] INFO (59559): request completed
    route: "/v1/inf/rait/cases"
    method: "POST"
    status: 403
    duration_ms: 1
[2026-09-28 00:00:13.164 -0300] INFO (59559): request completed
    route: "/v1/inf/rait/cases"
    method: "POST"
    status: 403
    duration_ms: 1
[2026-09-28 00:00:13.190 -0300] INFO (59559): request completed
    route: "/v1/inf/rait/cases"
    method: "POST"
    status: 403
    duration_ms: 1
[2026-09-28 00:00:13.215 -0300] INFO (59559): request completed
    route: "/v1/inf/rait/cases"
    method: "POST"
    status: 403
    duration_ms: 1
[2026-09-28 00:00:13.242 -0300] INFO (59559): request completed
    route: "/v1/inf/rait/cases"
    method: "POST"
    status: 403
    duration_ms: 1
[2026-09-28 00:00:13.266 -0300] INFO (59559): request completed
    route: "/v1/inf/rait/cases"
    method: "POST"
    status: 403
    duration_ms: 1
[2026-09-28 00:00:13.290 -0300] INFO (59559): request completed
    route: "/v1/inf/rait/cases"
    method: "POST"
    status: 403
    duration_ms: 1
[2026-09-28 00:00:13.314 -0300] INFO (59559): request completed
    route: "/v1/inf/rait/cases"
    method: "POST"
    status: 403
    duration_ms: 1
[2026-09-28 00:00:13.335 -0300] INFO (59559): request completed
    route: "/v1/inf/rait/cases"
    method: "POST"
    status: 403
    duration_ms: 1
[2026-09-28 00:00:13.356 -0300] INFO (59559): request completed
    route: "/v1/inf/rait/cases"
    method: "POST"
    status: 403
    duration_ms: 0
[2026-09-28 00:00:13.380 -0300] INFO (59559): request completed
    route: "/v1/inf/rait/cases"
    method: "POST"
    status: 403
    duration_ms: 1
[2026-09-28 00:00:13.408 -0300] INFO (59559): request completed
    route: "/v1/inf/rait/cases"
    method: "POST"
    status: 403
    duration_ms: 0
[2026-09-28 00:00:13.429 -0300] INFO (59559): request completed
    route: "/v1/inf/rait/cases"
    method: "POST"
    status: 403
    duration_ms: 1
[2026-09-28 00:00:13.450 -0300] INFO (59559): request completed
    route: "/v1/inf/rait/cases"
    method: "POST"
    status: 403
    duration_ms: 1
[2026-09-28 00:00:13.472 -0300] INFO (59559): request completed
    route: "/v1/inf/rait/cases"
    method: "POST"
    status: 403
    duration_ms: 0
[2026-09-28 00:00:13.493 -0300] INFO (59559): request completed
    route: "/v1/inf/rait/cases"
    method: "POST"
    status: 403
    duration_ms: 0
[2026-09-28 00:00:13.515 -0300] INFO (59559): request completed
    route: "/v1/inf/rait/cases"
    method: "POST"
    status: 403
    duration_ms: 1
[2026-09-28 00:00:13.536 -0300] INFO (59559): request completed
    route: "/v1/inf/rait/cases"
    method: "POST"
    status: 403
    duration_ms: 0
[2026-09-28 00:00:13.557 -0300] INFO (59559): request completed
    route: "/v1/inf/rait/cases"
    method: "POST"
    status: 403
    duration_ms: 0
[2026-09-28 00:00:13.579 -0300] INFO (59559): request completed
    route: "/v1/inf/rait/cases"
    method: "POST"
    status: 403
    duration_ms: 1
[2026-09-28 00:00:13.600 -0300] INFO (59559): request completed
    route: "/v1/inf/rait/cases"
    method: "POST"
    status: 403
    duration_ms: 0
[2026-09-28 00:00:13.622 -0300] INFO (59559): request completed
    route: "/v1/inf/rait/cases"
    method: "POST"
    status: 403
    duration_ms: 0
[2026-09-28 00:00:13.644 -0300] INFO (59559): request completed
    route: "/v1/inf/rait/cases"
    method: "POST"
    status: 403
    duration_ms: 1
[2026-09-28 00:00:13.666 -0300] INFO (59559): request completed
    route: "/v1/inf/rait/cases"
    method: "POST"
    status: 403
    duration_ms: 0
[2026-09-28 00:00:13.704 -0300] INFO (59559): request completed
    route: "/v1/inf/rait/cases"
    method: "POST"
    status: 400
    duration_ms: 17
[2026-09-28 00:00:13.740 -0300] INFO (59559): request completed
    route: "/v1/inf/rait/cases"
    method: "POST"
    status: 400
    duration_ms: 16
[2026-09-28 00:00:13.777 -0300] INFO (59559): request completed
    route: "/v1/inf/rait/cases"
    method: "POST"
    status: 400
    duration_ms: 14
[2026-09-28 00:00:13.812 -0300] INFO (59559): request completed
    route: "/v1/inf/rait/cases"
    method: "POST"
    status: 400
    duration_ms: 15
[2026-09-28 00:00:13.856 -0300] INFO (59559): request completed
    route: "/v1/inf/rait/cases"
    method: "POST"
    status: 400
    duration_ms: 19
[2026-09-28 00:00:13.900 -0300] INFO (59559): request completed
    route: "/v1/inf/rait/cases"
    method: "POST"
    status: 400
    duration_ms: 19
[2026-09-28 00:00:13.939 -0300] INFO (59559): request completed
    route: "/v1/inf/rait/cases"
    method: "POST"
    status: 400
    duration_ms: 17
[2026-09-28 00:00:13.987 -0300] INFO (59559): request completed
    route: "/v1/inf/rait/cases"
    method: "POST"
    status: 403
    duration_ms: 24
[2026-09-28 00:00:14.080 -0300] INFO (59559): request completed
    route: "/v1/inf/rait/cases/00000000-0000-7000-8000-000010000002/commands/admit"
    method: "POST"
    status: 200
    duration_ms: 44
[2026-09-28 00:00:14.128 -0300] INFO (59559): request completed
    route: "/v1/inf/rait/cases/00000000-0000-7000-8000-000010000002/commands/admit"
    method: "POST"
    status: 403
    duration_ms: 1
[2026-09-28 00:00:14.213 -0300] INFO (59559): request completed
    route: "/v1/inf/rait/cases/00000000-0000-7000-8000-000010000002/commands/non-admission"
    method: "POST"
    status: 200
    duration_ms: 43
[2026-09-28 00:00:14.263 -0300] INFO (59559): request completed
    route: "/v1/inf/rait/cases/00000000-0000-7000-8000-000010000002/commands/non-admission"
    method: "POST"
    status: 403
    duration_ms: 1
[2026-09-28 00:00:14.378 -0300] INFO (59559): request completed
    route: "/v1/inf/rait/cases/00000000-0000-7000-8000-000010000005/commands/remit"
    method: "POST"
    status: 200
    duration_ms: 44
[2026-09-28 00:00:14.438 -0300] INFO (59559): request completed
    route: "/v1/inf/rait/cases/00000000-0000-7000-8000-000010000005/commands/remit"
    method: "POST"
    status: 403
    duration_ms: 1
[2026-09-28 00:00:14.509 -0300] INFO (59559): request completed
    route: "/v1/inf/rait/cases/00000000-0000-7000-8000-000010000005/commands/receive"
    method: "POST"
    status: 200
    duration_ms: 27
[2026-09-28 00:00:14.556 -0300] INFO (59559): request completed
    route: "/v1/inf/rait/cases/00000000-0000-7000-8000-000010000005/commands/receive"
    method: "POST"
    status: 403
    duration_ms: 2
[2026-09-28 00:00:14.641 -0300] INFO (59559): request completed
    route: "/v1/inf/rait/cases/00000000-0000-7000-8000-000010000007/commands/ready"
    method: "POST"
    status: 200
    duration_ms: 39
[2026-09-28 00:00:14.685 -0300] INFO (59559): request completed
    route: "/v1/inf/rait/cases/00000000-0000-7000-8000-000010000007/commands/ready"
    method: "POST"
    status: 403
    duration_ms: 0
[2026-09-28 00:00:14.784 -0300] INFO (59559): request completed
    route: "/v1/inf/rait/cases/00000000-0000-7000-8000-000010000009/commands/decide"
    method: "POST"
    status: 200
    duration_ms: 47
[2026-09-28 00:00:14.849 -0300] INFO (59559): request completed
    route: "/v1/inf/rait/cases/00000000-0000-7000-8000-000010000009/commands/decide"
    method: "POST"
    status: 403
    duration_ms: 1
[2026-09-28 00:00:14.931 -0300] INFO (59559): request completed
    route: "/v1/inf/rait/cases/00000000-0000-7000-8000-000010000009/commands/return-draft"
    method: "POST"
    status: 200
    duration_ms: 29
[2026-09-28 00:00:14.980 -0300] INFO (59559): request completed
    route: "/v1/inf/rait/cases/00000000-0000-7000-8000-000010000009/commands/return-draft"
    method: "POST"
    status: 403
    duration_ms: 0
[2026-09-28 00:00:15.070 -0300] INFO (59559): request completed
    route: "/v1/inf/rait/cases/00000000-0000-7000-8000-000010000007/commands/withdraw"
    method: "POST"
    status: 200
    duration_ms: 42
[2026-09-28 00:00:15.123 -0300] INFO (59559): request completed
    route: "/v1/inf/rait/cases/00000000-0000-7000-8000-000010000007/commands/withdraw"
    method: "POST"
    status: 403
    duration_ms: 0
[2026-09-28 00:00:15.203 -0300] INFO (59559): request completed
    route: "/v1/inf/rait/cases/00000000-0000-7000-8000-000010000002/commands/redirect"
    method: "POST"
    status: 200
    duration_ms: 28
[2026-09-28 00:00:15.253 -0300] INFO (59559): request completed
    route: "/v1/inf/rait/cases/00000000-0000-7000-8000-000010000002/commands/redirect"
    method: "POST"
    status: 403
    duration_ms: 1
[2026-09-28 00:00:15.333 -0300] INFO (59559): request completed
    route: "/v1/inf/rait/cases/00000000-0000-7000-8000-000010000001/commands/resolve-pending"
    method: "POST"
    status: 200
    duration_ms: 31
[2026-09-28 00:00:15.383 -0300] INFO (59559): request completed
    route: "/v1/inf/rait/cases/00000000-0000-7000-8000-000010000001/commands/resolve-pending"
    method: "POST"
    status: 403
    duration_ms: 1
[2026-09-28 00:00:15.467 -0300] INFO (59559): request completed
    route: "/v1/inf/rait/pools/00000000-0000-7000-8000-000020000001/claim-next"
    method: "POST"
    status: 200
    duration_ms: 35
[2026-09-28 00:00:15.528 -0300] INFO (59559): request completed
    route: "/v1/inf/rait/pools/00000000-0000-7000-8000-000020000001/claim-next"
    method: "POST"
    status: 403
    duration_ms: 1
[2026-09-28 00:00:15.594 -0300] INFO (59559): request completed
    route: "/v1/inf/rait/inquiries/00000000-0000-7000-8000-000015000001/commands/answer"
    method: "POST"
    status: 200
    duration_ms: 27
[2026-09-28 00:00:15.661 -0300] INFO (59559): request completed
    route: "/v1/inf/rait/inquiries/00000000-0000-7000-8000-000015000001/commands/answer"
    method: "POST"
    status: 200
    duration_ms: 28
[2026-09-28 00:00:15.731 -0300] INFO (59559): request completed
    route: "/v1/inf/rait/inquiries/00000000-0000-7000-8000-000015000001/commands/answer"
    method: "POST"
    status: 403
    duration_ms: 0
[2026-09-28 00:00:15.802 -0300] INFO (59559): request completed
    route: "/v1/inf/rait/inquiries/00000000-0000-7000-8000-000015000001/commands/extend"
    method: "POST"
    status: 200
    duration_ms: 35
[2026-09-28 00:00:15.883 -0300] INFO (59559): request completed
    route: "/v1/inf/rait/inquiries/00000000-0000-7000-8000-000015000001/commands/extend"
    method: "POST"
    status: 200
    duration_ms: 39
[2026-09-28 00:00:15.923 -0300] INFO (59559): request completed
    route: "/v1/inf/rait/inquiries/00000000-0000-7000-8000-000015000001/commands/extend"
    method: "POST"
    status: 403
    duration_ms: 1
[2026-09-28 00:00:15.944 -0300] INFO (59559): request completed
    route: "/v1/inf/rait/inquiries/00000000-0000-7000-8000-000015000001/commands/expire"
    method: "POST"
    status: 403
    duration_ms: 0
[2026-09-28 00:00:16.033 -0300] INFO (59559): request completed
    route: "/v1/inf/rait/cases"
    method: "POST"
    status: 200
    duration_ms: 69
[2026-09-28 00:00:16.109 -0300] INFO (59559): request completed
    route: "/v1/inf/rait/cases/c3887414-846b-4707-a87e-f860cd33a377/commands/admit"
    method: "POST"
    status: 200
    duration_ms: 36
[2026-09-28 00:00:16.205 -0300] INFO (59559): request completed
    route: "/v1/inf/rait/cases"
    method: "POST"
    status: 200
    duration_ms: 68
[2026-09-28 00:00:16.265 -0300] INFO (59559): request completed
    route: "/v1/inf/rait/cases/5a526a36-5f65-4de0-9e9f-d60d4e99ffee/commands/admit"
    method: "POST"
    status: 200
    duration_ms: 29
[2026-09-28 00:00:16.364 -0300] INFO (59559): request completed
    route: "/v1/inf/rait/cases"
    method: "POST"
    status: 200
    duration_ms: 73
[2026-09-28 00:00:16.427 -0300] INFO (59559): request completed
    route: "/v1/inf/rait/cases/26964f29-7133-4634-8ec9-e3758216e21e/commands/admit"
    method: "POST"
    status: 200
    duration_ms: 30
[2026-09-28 00:00:16.517 -0300] INFO (59559): request completed
    route: "/v1/inf/rait/cases"
    method: "POST"
    status: 200
    duration_ms: 68
[2026-09-28 00:00:16.575 -0300] INFO (59559): request completed
    route: "/v1/inf/rait/cases/ccd9859e-0a57-48c1-ad5c-53fa77b7ec9e/commands/admit"
    method: "POST"
    status: 200
    duration_ms: 33
[2026-09-28 00:00:16.667 -0300] INFO (59559): request completed
    route: "/v1/inf/rait/cases"
    method: "POST"
    status: 200
    duration_ms: 67
[2026-09-28 00:00:16.717 -0300] INFO (59559): request completed
    route: "/v1/inf/rait/cases/e3f55619-b948-4689-a701-2c7699f7cf57/commands/admit"
    method: "POST"
    status: 422
    duration_ms: 24
[2026-09-28 00:00:16.802 -0300] INFO (59559): request completed
    route: "/v1/inf/rait/cases"
    method: "POST"
    status: 200
    duration_ms: 63
[2026-09-28 00:00:16.846 -0300] INFO (59559): request completed
    route: "/v1/inf/rait/cases/3c9388fe-5916-4606-abd7-ecb814846a5d/commands/admit"
    method: "POST"
    status: 422
    duration_ms: 20
[2026-09-28 00:00:16.933 -0300] INFO (59559): request completed
    route: "/v1/inf/rait/cases"
    method: "POST"
    status: 200
    duration_ms: 62
[2026-09-28 00:00:16.978 -0300] INFO (59559): request completed
    route: "/v1/inf/rait/cases/6cc08eec-1f76-4637-9db4-c7105e237b20/commands/admit"
    method: "POST"
    status: 422
    duration_ms: 20
[2026-09-28 00:00:17.065 -0300] INFO (59559): request completed
    route: "/v1/inf/rait/cases"
    method: "POST"
    status: 200
    duration_ms: 66
[2026-09-28 00:00:17.111 -0300] INFO (59559): request completed
    route: "/v1/inf/rait/cases/f66a2cf2-9749-4b60-9cc7-999569150316/commands/admit"
    method: "POST"
    status: 422
    duration_ms: 21
[2026-09-28 00:00:17.199 -0300] INFO (59559): request completed
    route: "/v1/inf/rait/cases"
    method: "POST"
    status: 200
    duration_ms: 65
[2026-09-28 00:00:17.249 -0300] INFO (59559): request completed
    route: "/v1/inf/rait/cases/094abab9-6077-48f9-a47e-931e3b25cf94/commands/admit"
    method: "POST"
    status: 422
    duration_ms: 23
[2026-09-28 00:00:17.338 -0300] INFO (59559): request completed
    route: "/v1/inf/rait/cases"
    method: "POST"
    status: 200
    duration_ms: 64
[2026-09-28 00:00:17.385 -0300] INFO (59559): request completed
    route: "/v1/inf/rait/cases/58020e9c-6836-45be-af04-aa065412c7f5/commands/admit"
    method: "POST"
    status: 422
    duration_ms: 19
[2026-09-28 00:00:17.470 -0300] INFO (59559): request completed
    route: "/v1/inf/rait/cases"
    method: "POST"
    status: 200
    duration_ms: 63
[2026-09-28 00:00:17.515 -0300] INFO (59559): request completed
    route: "/v1/inf/rait/cases/278c8803-c9b2-41aa-ad76-3b7c6b9b15f9/commands/admit"
    method: "POST"
    status: 422
    duration_ms: 18
[2026-09-28 00:00:17.581 -0300] INFO (59559): request completed
    route: "/v1/inf/rait/cases/00000000-0000-7000-8000-000010000002/commands/non-admission"
    method: "POST"
    status: 200
    duration_ms: 26
[2026-09-28 00:00:17.589 -0300] INFO (59559): request completed
    route: "/v1/inf/rait/cases/00000000-0000-7000-8000-000010000002/commands/non-admission"
    method: "POST"
    status: 200
    duration_ms: 6
[2026-09-28 00:00:17.670 -0300] INFO (59559): request completed
    route: "/v1/inf/rait/cases/00000000-0000-7000-8000-000010000002/commands/non-admission"
    method: "POST"
    status: 200
    duration_ms: 35
[2026-09-28 00:00:17.705 -0300] INFO (59559): request completed
    route: "/v1/inf/rait/cases/00000000-0000-7000-8000-000010000002/commands/non-admission"
    method: "POST"
    status: 200
    duration_ms: 69
[2026-09-28 00:00:17.835 -0300] INFO (59559): request completed
    route: "/v1/inf/rait/cases/00000000-0000-7000-8000-000010000002/commands/non-admission"
    method: "POST"
    status: 500
    duration_ms: 78
[2026-09-28 00:00:17.937 -0300] INFO (59559): request completed
    route: "/v1/inf/rait/cases/00000000-0000-7000-8000-000010000005/commands/remit"
    method: "POST"
    status: 422
    duration_ms: 40
[2026-09-28 00:00:18.030 -0300] INFO (59559): request completed
    route: "/v1/inf/rait/cases/00000000-0000-7000-8000-000010000005/commands/remit"
    method: "POST"
    status: 200
    duration_ms: 38
[2026-09-28 00:00:18.111 -0300] INFO (59559): request completed
    route: "/v1/inf/rait/cases/00000000-0000-7000-8000-000010000005/commands/remit"
    method: "POST"
    status: 422
    duration_ms: 24
[2026-09-28 00:00:18.194 -0300] INFO (59559): request completed
    route: "/v1/inf/rait/cases/00000000-0000-7000-8000-000010000005/commands/remit"
    method: "POST"
    status: 422
    duration_ms: 25
[2026-09-28 00:00:18.289 -0300] INFO (59559): request completed
    route: "/v1/inf/rait/cases/00000000-0000-7000-8000-000010000005/commands/remit"
    method: "POST"
    status: 422
    duration_ms: 28
[2026-09-28 00:00:18.389 -0300] INFO (59559): request completed
    route: "/v1/inf/rait/cases/00000000-0000-7000-8000-000010000005/commands/remit"
    method: "POST"
    status: 200
    duration_ms: 36
[2026-09-28 00:00:18.484 -0300] INFO (59559): request completed
    route: "/v1/inf/rait/cases/00000000-0000-7000-8000-000010000005/commands/remit"
    method: "POST"
    status: 422
    duration_ms: 29
[2026-09-28 00:00:18.574 -0300] INFO (59559): request completed
    route: "/v1/inf/rait/cases/00000000-0000-7000-8000-000010000005/commands/remit"
    method: "POST"
    status: 422
    duration_ms: 27
[2026-09-28 00:00:18.663 -0300] INFO (59559): request completed
    route: "/v1/inf/rait/cases/00000000-0000-7000-8000-000010000005/commands/remit"
    method: "POST"
    status: 422
    duration_ms: 25
[2026-09-28 00:00:18.759 -0300] INFO (59559): request completed
    route: "/v1/inf/rait/cases/00000000-0000-7000-8000-000010000005/commands/remit"
    method: "POST"
    status: 200
    duration_ms: 33
[2026-09-28 00:00:20.790 -0300] INFO (60431): request completed
    route: "/v1/ops/offline-sync/sync-batches"
    method: "POST"
    status: 200
    duration_ms: 229
[2026-09-28 00:00:20.813 -0300] INFO (60431): request completed
    route: "/v1/ops/offline-sync/sync-batches"
    method: "POST"
    status: 200
    duration_ms: 19
[2026-09-28 00:00:20.856 -0300] INFO (60431): request completed
    route: "/v1/ops/offline-sync/sync-batches"
    method: "POST"
    status: 200
    duration_ms: 41
[2026-09-28 00:00:20.875 -0300] INFO (60431): request completed
    route: "/v1/ops/offline-sync/sync-batches"
    method: "POST"
    status: 422
    duration_ms: 7
[2026-09-28 00:00:20.901 -0300] INFO (60431): request completed
    route: "/v1/ops/offline-sync/numbering-reservations/66f92b64-edb9-4579-95cc-8666ec855cae/cancel"
    method: "POST"
    status: 404
    duration_ms: 23
[2026-09-28 00:00:20.922 -0300] INFO (60431): request completed
    route: "/v1/ops/offline-sync/sync-conflicts/4f335536-cd3f-4a49-bc33-99c51aa2b9b1/resolve"
    method: "POST"
    status: 404
    duration_ms: 19
[2026-09-28 00:00:22.787 -0300] INFO (60646): request completed
    route: "/v1/dashboard/stream"
    method: "GET"
    status: 403
    duration_ms: 1
[2026-09-28 00:00:22.925 -0300] INFO (60646): request completed
    request_id: "01a0e5f4-d505-7993-972e-6b3a4b376326"
    tenant_id: "00000000-0000-7000-8000-00000000a001"
    actor_id: "00000000-0000-4000-8000-0000b0000001"
    route: "/v1/dashboard/stream"
    method: "GET"
    status: 204
    duration_ms: 10
[2026-09-28 00:00:25.411 -0300] INFO (60646): request completed
    request_id: "01a0e5f4-debf-7fd8-a614-da917932ac34"
    tenant_id: "00000000-0000-7000-8000-00000000a001"
    actor_id: "00000000-0000-4000-8000-0000b0000001"
    route: "/v1/dashboard/stream"
    method: "GET"
    status: 429
    duration_ms: 5
[2026-09-28 00:00:27.714 -0300] INFO (60867): request completed
    route: "/v1/ops/provisioning/devices/89a9121c-3660-490a-9b5b-baba3eb9b807/key-challenges"
    method: "POST"
    status: 428
    duration_ms: 16
[2026-09-28 00:00:27.947 -0300] INFO (60867): request completed
    route: "/v1/ops/provisioning/devices/b58dfc45-1e5a-48cb-a9b0-d2b2b7131c54/keys"
    method: "POST"
    status: 428
    duration_ms: 7
[2026-09-28 00:00:28.170 -0300] INFO (60867): request completed
    route: "/v1/ops/provisioning/packages"
    method: "POST"
    status: 428
    duration_ms: 3
[2026-09-28 00:00:28.406 -0300] INFO (60867): request completed
    route: "/v1/ops/provisioning/packages/e2b49c80-99cb-4355-815b-31ed7d83023c/receipts"
    method: "POST"
    status: 428
    duration_ms: 1
[2026-09-28 00:00:28.635 -0300] INFO (60867): request completed
    route: "/v1/ops/provisioning/grants/894224d8-d50d-46e9-9621-dc014d6e8f34/revoke"
    method: "POST"
    status: 428
    duration_ms: 2
[2026-09-28 00:00:28.875 -0300] INFO (60867): request completed
    route: "/v1/ops/provisioning/grants/ecbf6067-4e36-4b62-8189-868a6dcdf3e9/reconcile"
    method: "POST"
    status: 428
    duration_ms: 1
[2026-09-28 00:00:29.278 -0300] INFO (60867): request completed
    route: "/v1/ops/provisioning/devices/2aeec169-b634-4682-b697-cd443ef81560/readiness"
    method: "GET"
    status: 200
    duration_ms: 187
[2026-09-28 00:00:29.321 -0300] INFO (60867): request completed
    route: "/v1/ops/provisioning/devices/2aeec169-b634-4682-b697-cd443ef81560/key-challenges"
    method: "POST"
    status: 400
    duration_ms: 13
[2026-09-28 00:00:29.556 -0300] INFO (60867): request completed
    route: "/v1/ops/provisioning/devices/af4aae17-4fa9-4171-9c72-1437934abdb5/readiness"
    method: "GET"
    status: 200
    duration_ms: 30
[2026-09-28 00:00:29.621 -0300] INFO (60867): request completed
    route: "/v1/ops/provisioning/devices/af4aae17-4fa9-4171-9c72-1437934abdb5/key-challenges"
    method: "POST"
    status: 201
    duration_ms: 60
[2026-09-28 00:00:29.682 -0300] INFO (60867): request completed
    route: "/v1/ops/provisioning/devices/af4aae17-4fa9-4171-9c72-1437934abdb5/key-challenges"
    method: "POST"
    status: 201
    duration_ms: 29
[2026-09-28 00:00:29.914 -0300] INFO (60867): request completed
    route: "/v1/ops/provisioning/devices/66f1db2f-5e6a-421c-9157-76267368868a/readiness"
    method: "GET"
    status: 200
    duration_ms: 25
[2026-09-28 00:00:29.946 -0300] INFO (60867): request completed
    route: "/v1/ops/provisioning/devices/66f1db2f-5e6a-421c-9157-76267368868a/readiness"
    method: "GET"
    status: 200
    duration_ms: 25
[2026-09-28 00:00:29.996 -0300] INFO (60867): request completed
    route: "/v1/ops/provisioning/devices/66f1db2f-5e6a-421c-9157-76267368868a/key-challenges"
    method: "POST"
    status: 412
    duration_ms: 26
[2026-09-28 00:00:30.231 -0300] INFO (60867): request completed
    route: "/v1/ops/provisioning/grants/ddc6d187-91be-449f-bece-7d74efe8605d/revoke"
    method: "POST"
    status: 200
    duration_ms: 38
[2026-09-28 00:00:30.276 -0300] INFO (60867): request completed
    route: "/v1/ops/provisioning/grants/ddc6d187-91be-449f-bece-7d74efe8605d/revoke"
    method: "POST"
    status: 200
    duration_ms: 38
[2026-09-28 00:00:30.496 -0300] INFO (60867): request completed
    route: "/v1/ops/provisioning/devices/f947f912-50d0-4204-87f0-7f9a62a02bb7/readiness"
    method: "GET"
    status: 200
    duration_ms: 22
[2026-09-28 00:00:30.716 -0300] INFO (60867): request completed
    route: "/v1/ops/provisioning/devices/1856c886-8df4-4078-b259-f52c905292a0/readiness"
    method: "GET"
    status: 200
    duration_ms: 31
[2026-09-28 00:00:30.740 -0300] INFO (60867): request completed
    route: "/v1/ops/provisioning/devices/1856c886-8df4-4078-b259-f52c905292a0/key-challenges"
    method: "POST"
    status: 403
    duration_ms: 1
[2026-09-28 00:00:30.978 -0300] INFO (60867): request completed
    route: "/v1/ops/provisioning/devices/b9d35b03-2730-4e05-ae2f-2e67642cbb07/readiness"
    method: "GET"
    status: 200
    duration_ms: 41
[2026-09-28 00:00:31.001 -0300] INFO (60867): request completed
    route: "/v1/ops/provisioning/devices/b9d35b03-2730-4e05-ae2f-2e67642cbb07/key-challenges"
    method: "POST"
    status: 403
    duration_ms: 1
[2026-09-28 00:00:31.220 -0300] INFO (60867): request completed
    route: "/v1/ops/provisioning/devices/c6e8bf99-9e98-42c1-805c-f546d274dcab/readiness"
    method: "GET"
    status: 200
    duration_ms: 23
[2026-09-28 00:00:31.246 -0300] INFO (60867): request completed
    route: "/v1/ops/provisioning/devices/c6e8bf99-9e98-42c1-805c-f546d274dcab/key-challenges"
    method: "POST"
    status: 403
    duration_ms: 0
[2026-09-28 00:00:33.211 -0300] INFO (61535): request completed
    request_id: "01a0e5f4-fd21-7ec4-b75f-dceb5a2deb6e"
    tenant_id: "00000000-0000-7000-8000-00000000a001"
    actor_id: "00000000-0000-4000-8000-0000b0000001"
    route: "/v1/est/crash/records/00000000-0000-7000-8000-0000a1000001/start"
    method: "POST"
    status: 200
    duration_ms: 158
[2026-09-28 00:00:33.266 -0300] INFO (61535): request completed
    route: "/v1/est/crash/records/00000000-0000-7000-8000-0000a1000001/start"
    method: "POST"
    status: 428
    duration_ms: 29
[2026-09-28 00:00:33.286 -0300] INFO (61535): request completed
    route: "/v1/est/crash/records/00000000-0000-7000-8000-0000a1000001/start"
    method: "POST"
    status: 412
    duration_ms: 18
[2026-09-28 00:00:33.312 -0300] INFO (61535): request completed
    route: "/v1/est/crash/records/00000000-0000-7000-8000-0000a1000003/start"
    method: "POST"
    status: 409
    duration_ms: 24
[2026-09-28 00:00:33.314 -0300] INFO (61535): request completed
    route: "/v1/est/crash/records/00000000-0000-7000-8000-0000a1000001/start"
    method: "POST"
    status: 403
    duration_ms: 1
[2026-09-28 00:00:33.339 -0300] INFO (61535): request completed
    route: "/v1/est/crash/records/00000000-0000-7000-8000-0000a1000005/transmit"
    method: "POST"
    status: 409
    duration_ms: 23
[2026-09-28 00:00:33.365 -0300] INFO (61535): request completed
    route: "/v1/est/crash/records/00000000-0000-7000-8000-0000a1000011/renaest/correct"
    method: "POST"
    status: 409
    duration_ms: 23
[2026-09-28 00:00:33.388 -0300] INFO (61535): request completed
    route: "/v1/est/crash/records/00000000-0000-7000-8000-0000a1000010/renaest/correct"
    method: "POST"
    status: 422
    duration_ms: 21
[2026-09-28 00:00:33.399 -0300] INFO (61535): request completed
    route: "/v1/est/crash/records/00000000-0000-7000-8000-0000a1000007/renaest"
    method: "GET"
    status: 200
    duration_ms: 10
[2026-09-28 00:00:33.431 -0300] INFO (61535): request completed
    route: "/v1/est/crash/records/00000000-0000-7000-8000-0000a1000001/scene-duties"
    method: "POST"
    status: 422
    duration_ms: 27
[2026-09-28 00:00:33.455 -0300] INFO (61535): request completed
    route: "/v1/est/crash/records/00000000-0000-7000-8000-0000a1000004/scene-duties"
    method: "POST"
    status: 422
    duration_ms: 23
[2026-09-28 00:00:33.472 -0300] INFO (61535): request completed
    request_id: "01a0e5f4-fe3c-76fa-bd38-543a5aef13f1"
    tenant_id: "00000000-0000-7000-8000-00000000a001"
    actor_id: "00000000-0000-4000-8000-0000b0000001"
    route: "/v1/est/crash/records/00000000-0000-7000-8000-0000a1000003/report"
    method: "GET"
    status: 200
    duration_ms: 16
[2026-09-28 00:00:33.573 -0300] INFO (61535): request completed
    request_id: "01a0e5f4-fe9e-7606-97ea-2937f3dd5412"
    tenant_id: "00000000-0000-7000-8000-00000000a001"
    actor_id: "00000000-0000-4000-8000-0000b0000001"
    route: "/v1/est/crash/records/00000000-0000-7000-8000-0000a1000003/report"
    method: "GET"
    status: 200
    duration_ms: 100
[2026-09-28 00:00:33.575 -0300] INFO (61535): request completed
    route: "/v1/est/crash/records/00000000-0000-7000-8000-0000a1000003/report"
    method: "GET"
    status: 403
    duration_ms: 1
[2026-09-28 00:00:33.576 -0300] INFO (61535): request completed
    route: "/v1/est/crash/records/00000000-0000-7000-8000-0000a1000003/report"
    method: "GET"
    status: 403
    duration_ms: 0
[2026-09-28 00:00:33.578 -0300] INFO (61535): request completed
    route: "/v1/est/crash/records/00000000-0000-7000-8000-0000a1000003/report"
    method: "GET"
    status: 403
    duration_ms: 0
[2026-09-28 00:00:33.579 -0300] INFO (61535): request completed
    route: "/v1/est/crash/records/00000000-0000-7000-8000-0000a1000003/report"
    method: "GET"
    status: 403
    duration_ms: 0
[2026-09-28 00:00:33.580 -0300] INFO (61535): request completed
    route: "/v1/est/crash/records/00000000-0000-7000-8000-0000a1000003/report"
    method: "GET"
    status: 403
    duration_ms: 0
[2026-09-28 00:00:33.581 -0300] INFO (61535): request completed
    route: "/v1/est/crash/records/00000000-0000-7000-8000-0000a1000003/report"
    method: "GET"
    status: 403
    duration_ms: 0
[2026-09-28 00:00:33.583 -0300] INFO (61535): request completed
    route: "/v1/est/crash/records/00000000-0000-7000-8000-0000a1000003/report"
    method: "GET"
    status: 403
    duration_ms: 1
[2026-09-28 00:00:33.584 -0300] INFO (61535): request completed
    route: "/v1/est/crash/records/00000000-0000-7000-8000-0000a1000003/report"
    method: "GET"
    status: 403
    duration_ms: 1
[2026-09-28 00:00:33.599 -0300] INFO (61535): request completed
    request_id: "01a0e5f4-febb-734a-89c7-3658c8762302"
    tenant_id: "00000000-0000-7000-8000-00000000a001"
    actor_id: "00000000-0000-4000-8000-0000b0000001"
    route: "/v1/est/crash/records/00000000-0000-7000-8000-0000a1000003/report"
    method: "GET"
    status: 200
    duration_ms: 14
[2026-09-28 00:00:33.600 -0300] INFO (61535): request completed
    route: "/v1/est/crash/records/00000000-0000-7000-8000-0000a1000003/report"
    method: "GET"
    status: 403
    duration_ms: 0
[2026-09-28 00:00:33.606 -0300] INFO (61535): request completed
    route: "/v1/est/crash/records/00000000-0000-7000-8000-0000a1000003/report"
    method: "GET"
    status: 403
    duration_ms: 1
[2026-09-28 00:00:33.607 -0300] INFO (61535): request completed
    route: "/v1/est/crash/records/00000000-0000-7000-8000-0000a1000003/report"
    method: "GET"
    status: 403
    duration_ms: 1
[2026-09-28 00:00:33.623 -0300] INFO (61535): request completed
    request_id: "01a0e5f4-fed4-7a77-8653-9ee85f0ae9a8"
    tenant_id: "00000000-0000-7000-8000-00000000a001"
    actor_id: "00000000-0000-4000-8000-0000b0000001"
    route: "/v1/est/crash/records/00000000-0000-7000-8000-0000a1000003/report"
    method: "GET"
    status: 200
    duration_ms: 16
[2026-09-28 00:00:33.624 -0300] INFO (61535): request completed
    route: "/v1/est/crash/records/00000000-0000-7000-8000-0000a1000003/report"
    method: "GET"
    status: 403
    duration_ms: 0
[2026-09-28 00:00:33.639 -0300] INFO (61535): request completed
    request_id: "01a0e5f4-fee4-7a9f-9a64-687d352c0528"
    tenant_id: "00000000-0000-7000-8000-00000000a001"
    actor_id: "00000000-0000-4000-8000-0000b0000001"
    route: "/v1/est/crash/records/00000000-0000-7000-8000-0000a1000003/report"
    method: "GET"
    status: 200
    duration_ms: 14
[2026-09-28 00:00:33.641 -0300] INFO (61535): request completed
    route: "/v1/est/crash/records/00000000-0000-7000-8000-0000a1000003/report"
    method: "GET"
    status: 403
    duration_ms: 1
[2026-09-28 00:00:33.655 -0300] INFO (61535): request completed
    request_id: "01a0e5f4-fef4-71a9-97f6-8f9d14cc4126"
    tenant_id: "00000000-0000-7000-8000-00000000a001"
    actor_id: "00000000-0000-4000-8000-0000b0000001"
    route: "/v1/est/crash/records/00000000-0000-7000-8000-0000a1000003/report"
    method: "GET"
    status: 200
    duration_ms: 13
[2026-09-28 00:00:33.672 -0300] INFO (61535): request completed
    request_id: "01a0e5f4-ff04-73e4-90dd-1a3c151d5e66"
    tenant_id: "00000000-0000-7000-8000-00000000a001"
    actor_id: "00000000-0000-4000-8000-0000b0000001"
    route: "/v1/est/crash/records/00000000-0000-7000-8000-0000a1000003/report"
    method: "GET"
    status: 200
    duration_ms: 16
[2026-09-28 00:00:33.673 -0300] INFO (61535): request completed
    route: "/v1/est/crash/records/00000000-0000-7000-8000-0000a1000003/report"
    method: "GET"
    status: 403
    duration_ms: 1
[2026-09-28 00:00:33.687 -0300] INFO (61535): request completed
    request_id: "01a0e5f4-ff13-7702-9ff0-936ebfbc2fc1"
    tenant_id: "00000000-0000-7000-8000-00000000a001"
    actor_id: "00000000-0000-4000-8000-0000b0000001"
    route: "/v1/est/crash/records/00000000-0000-7000-8000-0000a1000003/report"
    method: "GET"
    status: 200
    duration_ms: 14
[2026-09-28 00:00:33.688 -0300] INFO (61535): request completed
    route: "/v1/est/crash/records/00000000-0000-7000-8000-0000a1000003/report"
    method: "GET"
    status: 403
    duration_ms: 0
[2026-09-28 00:00:33.689 -0300] INFO (61535): request completed
    route: "/v1/est/crash/records/00000000-0000-7000-8000-0000a1000003/report"
    method: "GET"
    status: 403
    duration_ms: 0
[2026-09-28 00:00:33.690 -0300] INFO (61535): request completed
    route: "/v1/est/crash/records/00000000-0000-7000-8000-0000a1000003/report"
    method: "GET"
    status: 403
    duration_ms: 0
[2026-09-28 00:00:33.691 -0300] INFO (61535): request completed
    route: "/v1/est/crash/records/00000000-0000-7000-8000-0000a1000003/report"
    method: "GET"
    status: 403
    duration_ms: 0
[2026-09-28 00:00:33.692 -0300] INFO (61535): request completed
    route: "/v1/est/crash/records/00000000-0000-7000-8000-0000a1000003/report"
    method: "GET"
    status: 403
    duration_ms: 0
[2026-09-28 00:00:33.693 -0300] INFO (61535): request completed
    route: "/v1/est/crash/records/00000000-0000-7000-8000-0000a1000003/report"
    method: "GET"
    status: 403
    duration_ms: 0
[2026-09-28 00:00:33.694 -0300] INFO (61535): request completed
    route: "/v1/est/crash/records/00000000-0000-7000-8000-0000a1000003/report"
    method: "GET"
    status: 403
    duration_ms: 0
[2026-09-28 00:00:33.695 -0300] INFO (61535): request completed
    route: "/v1/est/crash/records/00000000-0000-7000-8000-0000a1000003/report"
    method: "GET"
    status: 403
    duration_ms: 0
[2026-09-28 00:00:33.696 -0300] INFO (61535): request completed
    route: "/v1/est/crash/records/00000000-0000-7000-8000-0000a1000003/report"
    method: "GET"
    status: 403
    duration_ms: 0
[2026-09-28 00:00:33.697 -0300] INFO (61535): request completed
    route: "/v1/est/crash/records/00000000-0000-7000-8000-0000a1000003/report"
    method: "GET"
    status: 403
    duration_ms: 1
[2026-09-28 00:00:33.697 -0300] INFO (61535): request completed
    route: "/v1/est/crash/records/00000000-0000-7000-8000-0000a1000003/report"
    method: "GET"
    status: 403
    duration_ms: 0
[2026-09-28 00:00:33.698 -0300] INFO (61535): request completed
    route: "/v1/est/crash/records/00000000-0000-7000-8000-0000a1000003/report"
    method: "GET"
    status: 403
    duration_ms: 0
[2026-09-28 00:00:33.699 -0300] INFO (61535): request completed
    route: "/v1/est/crash/records/00000000-0000-7000-8000-0000a1000003/report"
    method: "GET"
    status: 403
    duration_ms: 0
[2026-09-28 00:00:33.699 -0300] INFO (61535): request completed
    route: "/v1/est/crash/records/00000000-0000-7000-8000-0000a1000003/report"
    method: "GET"
    status: 403
    duration_ms: 0
[2026-09-28 00:00:33.700 -0300] INFO (61535): request completed
    route: "/v1/est/crash/records/00000000-0000-7000-8000-0000a1000003/report"
    method: "GET"
    status: 403
    duration_ms: 0
[2026-09-28 00:00:33.702 -0300] INFO (61535): request completed
    route: "/v1/est/crash/records/00000000-0000-7000-8000-0000a1000003/report"
    method: "GET"
    status: 403
    duration_ms: 1
[2026-09-28 00:00:33.787 -0300] INFO (61535): request completed
    route: "/v1/ops/offline-sync/sync-batches"
    method: "POST"
    status: 200
    duration_ms: 84
(node:61535) DeprecationWarning: Calling client.query() when the client is already executing a query is deprecated and will be removed in pg@9.0. Use async/await or an external async flow control mechanism instead.
(Use `node --trace-deprecation ...` to show where the warning was created)
[2026-09-28 00:00:33.873 -0300] INFO (61535): request completed
    route: "/v1/ops/offline-sync/sync-batches"
    method: "POST"
    status: 200
    duration_ms: 58
[2026-09-28 00:00:33.951 -0300] INFO (61535): request completed
    route: "/v1/ops/offline-sync/sync-batches"
    method: "POST"
    status: 200
    duration_ms: 69
[2026-09-28 00:00:34.019 -0300] INFO (61535): request completed
    route: "/v1/ops/offline-sync/sync-batches"
    method: "POST"
    status: 200
    duration_ms: 60
[2026-09-28 00:00:34.085 -0300] INFO (61535): request completed
    route: "/v1/ops/offline-sync/sync-batches"
    method: "POST"
    status: 200
    duration_ms: 59
[2026-09-28 00:00:34.152 -0300] INFO (61535): request completed
    route: "/v1/ops/offline-sync/sync-batches"
    method: "POST"
    status: 200
    duration_ms: 59
[2026-09-28 00:00:34.224 -0300] INFO (61535): request completed
    route: "/v1/ops/offline-sync/sync-batches"
    method: "POST"
    status: 200
    duration_ms: 71
[2026-09-28 00:00:36.605 -0300] INFO (62175): request completed
    route: "/v1/dashboard/alerts/00000000-0000-7000-8000-000084000121/ack"
    method: "POST"
    status: 200
    duration_ms: 362
[2026-09-28 00:00:36.671 -0300] INFO (62175): request completed
    route: "/v1/dashboard/alerts/00000000-0000-7000-8000-000084000122/treating"
    method: "POST"
    status: 200
    duration_ms: 60
[2026-09-28 00:00:36.723 -0300] INFO (62175): request completed
    route: "/v1/dashboard/alerts/00000000-0000-7000-8000-000084000123/close"
    method: "POST"
    status: 200
    duration_ms: 50
[2026-09-28 00:00:36.771 -0300] INFO (62175): request completed
    route: "/v1/dashboard/alerts/00000000-0000-7000-8000-000084000124/root-cause"
    method: "POST"
    status: 200
    duration_ms: 45
[2026-09-28 00:00:36.815 -0300] INFO (62175): request completed
    route: "/v1/dashboard/duties/00000000-0000-7000-8000-000080001001/cycles/2026-09/start"
    method: "POST"
    status: 200
    duration_ms: 42
[2026-09-28 00:00:36.855 -0300] INFO (62175): request completed
    route: "/v1/dashboard/duties/00000000-0000-7000-8000-000080001001/cycles/2026-09/prepare"
    method: "POST"
    status: 200
    duration_ms: 37
[2026-09-28 00:00:36.899 -0300] INFO (62175): request completed
    route: "/v1/dashboard/duties/00000000-0000-7000-8000-000080001001/cycles/2026-09/submit"
    method: "POST"
    status: 200
    duration_ms: 42
[2026-09-28 00:00:36.946 -0300] INFO (62175): request completed
    route: "/v1/dashboard/duties/00000000-0000-7000-8000-000080001001/cycles/2026-09/prove"
    method: "POST"
    status: 200
    duration_ms: 45
[2026-09-28 00:00:36.992 -0300] INFO (62175): request completed
    route: "/v1/dashboard/duties/00000000-0000-7000-8000-000080001001/cycles/2026-09/archive"
    method: "POST"
    status: 200
    duration_ms: 44
[2026-09-28 00:00:37.030 -0300] INFO (62175): request completed
    route: "/v1/dashboard/indicator-configs/00000000-0000-7000-8000-000084000331"
    method: "PATCH"
    status: 200
    duration_ms: 35
[2026-09-28 00:00:37.072 -0300] INFO (62175): request completed
    route: "/v1/dashboard/indicator-configs/00000000-0000-7000-8000-000084000331/publish"
    method: "POST"
    status: 200
    duration_ms: 40
[2026-09-28 00:00:37.107 -0300] INFO (62175): request completed
    route: "/v1/dashboard/bi-panels"
    method: "POST"
    status: 201
    duration_ms: 34
[2026-09-28 00:00:37.144 -0300] INFO (62175): request completed
    route: "/v1/dashboard/bi-panels/d9a48d2c-086b-4822-939c-42003b0984f6"
    method: "PATCH"
    status: 200
    duration_ms: 34
[2026-09-28 00:00:37.182 -0300] INFO (62175): request completed
    route: "/v1/dashboard/bi-panels/d9a48d2c-086b-4822-939c-42003b0984f6/publish"
    method: "POST"
    status: 200
    duration_ms: 36
[2026-09-28 00:00:37.214 -0300] INFO (62175): request completed
    route: "/v1/dashboard/generated-reports/00000000-0000-7000-8000-000084000531/complete"
    method: "POST"
    status: 200
    duration_ms: 30
[2026-09-28 00:00:37.248 -0300] INFO (62175): request completed
    route: "/v1/dashboard/generated-reports"
    method: "POST"
    status: 201
    duration_ms: 32
[2026-09-28 00:00:37.288 -0300] INFO (62175): request completed
    route: "/v1/dashboard/generated-reports/caa74a11-1901-414e-821b-10b6b1d14605/fail"
    method: "POST"
    status: 200
    duration_ms: 39
[2026-09-28 00:00:37.351 -0300] INFO (62175): request completed
    route: "/v1/dashboard/exports"
    method: "POST"
    status: 201
    duration_ms: 62
[2026-09-28 00:00:37.390 -0300] INFO (62175): request completed
    route: "/v1/dashboard/exports"
    method: "POST"
    status: 202
    duration_ms: 37
[2026-09-28 00:00:37.434 -0300] INFO (62175): request completed
    route: "/v1/dashboard/exports/b455dc8f-452e-454b-8e22-5660488c7c8c/approve"
    method: "POST"
    status: 200
    duration_ms: 42
[2026-09-28 00:00:37.474 -0300] INFO (62175): request completed
    route: "/v1/dashboard/transparency/audits"
    method: "POST"
    status: 201
    duration_ms: 37
[2026-09-28 00:00:37.498 -0300] INFO (62175): request completed
    route: "/v1/dashboard/alerts/00000000-0000-7000-8000-000081000105/ack"
    method: "POST"
    status: 400
    duration_ms: 22
[2026-09-28 00:00:37.522 -0300] INFO (62175): request completed
    route: "/v1/dashboard/alerts/00000000-0000-7000-8000-000081000105/ack"
    method: "POST"
    status: 400
    duration_ms: 22
[2026-09-28 00:00:37.532 -0300] INFO (62175): request completed
    route: "/v1/dashboard/alerts/00000000-0000-7000-8000-000081000105/object/archive"
    method: "POST"
    status: 404
    duration_ms: 8
[2026-09-28 00:00:37.537 -0300] INFO (62175): request completed
    route: "/v1/dashboard/cases/00000000-0000-7000-8000-000010000002/archive"
    method: "POST"
    status: 404
    duration_ms: 4
[2026-09-28 00:00:37.539 -0300] INFO (62175): request completed
    route: "/v1/dashboard/alerts/00000000-0000-7000-8000-000081000105/case-state"
    method: "POST"
    status: 404
    duration_ms: 1
[2026-09-28 00:00:39.632 -0300] INFO (62605): request completed
    route: "/v1/ops/evidence/upload-intents"
    method: "POST"
    status: 200
    duration_ms: 202
[2026-09-28 00:00:39.643 -0300] INFO (62605): request completed
    route: "/v1/ops/evidence/upload-intents"
    method: "POST"
    status: 403
    duration_ms: 7
[2026-09-28 00:00:39.672 -0300] INFO (62605): request completed
    route: "/v1/ops/evidence/00000000-0000-7000-8000-0000ef000001/validate"
    method: "POST"
    status: 200
    duration_ms: 28
[2026-09-28 00:00:39.675 -0300] INFO (62605): request completed
    route: "/v1/ops/evidence/00000000-0000-7000-8000-0000ef000001/validate"
    method: "POST"
    status: 403
    duration_ms: 1
[2026-09-28 00:00:39.714 -0300] INFO (62605): request completed
    route: "/v1/ops/evidence/maintenance/purge-expired-unverified"
    method: "POST"
    status: 200
    duration_ms: 38
[2026-09-28 00:00:39.717 -0300] INFO (62605): request completed
    route: "/v1/ops/evidence/maintenance/purge-expired-unverified"
    method: "POST"
    status: 403
    duration_ms: 1
[2026-09-28 00:00:39.745 -0300] INFO (62605): request completed
    route: "/v1/ops/evidence-access-requests/00000000-0000-7000-8000-0000ef400002/approve"
    method: "POST"
    status: 409
    duration_ms: 27
[2026-09-28 00:00:39.748 -0300] INFO (62605): request completed
    route: "/v1/ops/evidence-access-requests/00000000-0000-7000-8000-0000ef400002/approve"
    method: "POST"
    status: 403
    duration_ms: 1
[2026-09-28 00:00:39.757 -0300] INFO (62605): request completed
    route: "/v1/inf/normative/mobile-packages/sync-metadata"
    method: "GET"
    status: 200
    duration_ms: 8
[2026-09-28 00:00:39.929 -0300] INFO (62605): request completed
    route: "/v1/inf/normative/mobile-packages/generate"
    method: "POST"
    status: 201
    duration_ms: 170
[2026-09-28 00:00:39.984 -0300] INFO (62605): request completed
    route: "/v1/inf/normative/mobile-packages/956d25f4-b703-4a7f-b7fb-30761bc46726/publish"
    method: "POST"
    status: 200
    duration_ms: 53
[2026-09-28 00:00:39.999 -0300] INFO (62605): request completed
    route: "/v1/inf/normative/mobile-packages/956d25f4-b703-4a7f-b7fb-30761bc46726/content"
    method: "GET"
    status: 200
    duration_ms: 14
[2026-09-28 00:00:40.085 -0300] INFO (62605): request completed
    route: "/v1/inf/normative/mobile-packages/generate"
    method: "POST"
    status: 201
    duration_ms: 84
[2026-09-28 00:00:40.123 -0300] INFO (62605): request completed
    route: "/v1/inf/normative/mobile-packages/63a5148d-80e0-4c28-aa4a-6dafe65315fe/publish"
    method: "POST"
    status: 200
    duration_ms: 36
[2026-09-28 00:00:40.176 -0300] INFO (62605): request completed
    route: "/v1/inf/normative/mobile-packages/63a5148d-80e0-4c28-aa4a-6dafe65315fe/content"
    method: "GET"
    status: 422
    duration_ms: 15
[2026-09-28 00:00:40.316 -0300] INFO (62605): request completed
    route: "/v1/inf/normative/mobile-packages/generate"
    method: "POST"
    status: 201
    duration_ms: 138
[2026-09-28 00:00:40.363 -0300] INFO (62605): request completed
    route: "/v1/inf/normative/mobile-packages/794c982c-b952-4309-9437-733c43421b98/publish"
    method: "POST"
    status: 200
    duration_ms: 45
[2026-09-28 00:00:40.383 -0300] INFO (62605): request completed
    route: "/v1/inf/normative/mobile-packages/794c982c-b952-4309-9437-733c43421b98/content"
    method: "GET"
    status: 200
    duration_ms: 19
[2026-09-28 00:00:40.399 -0300] INFO (62605): request completed
    route: "/v1/inf/normative/mobile-packages/794c982c-b952-4309-9437-733c43421b98/content"
    method: "GET"
    status: 304
    duration_ms: 15
[2026-09-28 00:00:40.418 -0300] INFO (62605): request completed
    route: "/v1/inf/normative/mobile-packages/794c982c-b952-4309-9437-733c43421b98/content"
    method: "GET"
    status: 200
    duration_ms: 17
[2026-09-28 00:00:40.465 -0300] INFO (62605): request completed
    route: "/v1/inf/normative/mobile-packages/generate"
    method: "POST"
    status: 201
    duration_ms: 46
[2026-09-28 00:00:40.467 -0300] INFO (62605): request completed
    route: "/v1/inf/normative/mobile-packages/generate"
    method: "POST"
    status: 403
    duration_ms: 0
[2026-09-28 00:00:42.572 -0300] INFO (62828): request completed
    route: "/v1/dashboard/generated-reports"
    method: "POST"
    status: 400
    duration_ms: 149
[2026-09-28 00:00:42.603 -0300] INFO (62828): request completed
    route: "/v1/dashboard/generated-reports"
    method: "POST"
    status: 403
    duration_ms: 27
[2026-09-28 00:00:42.627 -0300] INFO (62828): request completed
    route: "/v1/dashboard/generated-reports"
    method: "POST"
    status: 400
    duration_ms: 22
[2026-09-28 00:00:42.687 -0300] INFO (62828): request completed
    route: "/v1/dashboard/generated-reports"
    method: "POST"
    status: 201
    duration_ms: 58
[2026-09-28 00:00:42.719 -0300] INFO (62828): request completed
    route: "/v1/dashboard/generated-reports/8605fed1-f651-4047-81b7-3db23a32e09f/complete"
    method: "POST"
    status: 422
    duration_ms: 23
[2026-09-28 00:00:42.752 -0300] INFO (62828): request completed
    route: "/v1/dashboard/generated-reports/8605fed1-f651-4047-81b7-3db23a32e09f/complete"
    method: "POST"
    status: 200
    duration_ms: 32
[2026-09-28 00:00:42.778 -0300] INFO (62828): request completed
    route: "/v1/dashboard/generated-reports/8605fed1-f651-4047-81b7-3db23a32e09f/complete"
    method: "POST"
    status: 409
    duration_ms: 22
[2026-09-28 00:00:42.799 -0300] INFO (62828): request completed
    route: "/v1/dashboard/generated-reports/8605fed1-f651-4047-81b7-3db23a32e09f/fail"
    method: "POST"
    status: 409
    duration_ms: 20
[2026-09-28 00:00:42.827 -0300] INFO (62828): request completed
    route: "/v1/dashboard/generated-reports"
    method: "POST"
    status: 201
    duration_ms: 26
[2026-09-28 00:00:42.855 -0300] INFO (62828): request completed
    route: "/v1/dashboard/generated-reports/a8ea3b75-3d35-4a0c-8905-3df85dcde81a/fail"
    method: "POST"
    status: 200
    duration_ms: 26
[2026-09-28 00:00:42.882 -0300] INFO (62828): request completed
    route: "/v1/dashboard/indicator-configs/00000000-0000-7000-8000-000084000321"
    method: "PATCH"
    status: 400
    duration_ms: 23
[2026-09-28 00:00:42.906 -0300] INFO (62828): request completed
    route: "/v1/dashboard/indicator-configs/00000000-0000-7000-8000-000084000321"
    method: "PATCH"
    status: 422
    duration_ms: 22
[2026-09-28 00:00:42.929 -0300] INFO (62828): request completed
    route: "/v1/dashboard/indicator-configs/00000000-0000-7000-8000-000084000321/publish"
    method: "POST"
    status: 422
    duration_ms: 22
[2026-09-28 00:00:42.959 -0300] INFO (62828): request completed
    route: "/v1/dashboard/indicator-configs/00000000-0000-7000-8000-000084000322/publish"
    method: "POST"
    status: 200
    duration_ms: 28
[2026-09-28 00:00:42.985 -0300] INFO (62828): request completed
    route: "/v1/dashboard/indicator-configs/00000000-0000-7000-8000-000084000322/publish"
    method: "POST"
    status: 400
    duration_ms: 22
[2026-09-28 00:00:43.018 -0300] INFO (62828): request completed
    route: "/v1/dashboard/indicator-configs/00000000-0000-7000-8000-000084000322"
    method: "PATCH"
    status: 200
    duration_ms: 32
[2026-09-28 00:00:43.038 -0300] INFO (62828): request completed
    route: "/v1/dashboard/indicator-configs/00000000-0000-7000-8000-000084000321"
    method: "PATCH"
    status: 400
    duration_ms: 18
[2026-09-28 00:00:43.055 -0300] INFO (62828): request completed
    route: "/v1/dashboard/bi-panels"
    method: "POST"
    status: 403
    duration_ms: 16
[2026-09-28 00:00:43.072 -0300] INFO (62828): request completed
    route: "/v1/dashboard/bi-panels"
    method: "POST"
    status: 403
    duration_ms: 16
[2026-09-28 00:00:43.104 -0300] INFO (62828): request completed
    route: "/v1/dashboard/bi-panels"
    method: "POST"
    status: 201
    duration_ms: 31
[2026-09-28 00:00:43.127 -0300] INFO (62828): request completed
    route: "/v1/dashboard/bi-panels/91e1233d-c430-4ffe-a7f4-e642cdb34fd1/publish"
    method: "POST"
    status: 200
    duration_ms: 22
[2026-09-28 00:00:43.135 -0300] INFO (62828): request completed
    route: "/v1/dashboard/bi-panels"
    method: "GET"
    status: 200
    duration_ms: 7
[2026-09-28 00:00:43.142 -0300] INFO (62828): request completed
    route: "/v1/dashboard/bi-panels/00000000-0000-7000-8000-000084000421"
    method: "GET"
    status: 403
    duration_ms: 4
[2026-09-28 00:00:43.149 -0300] INFO (62828): request completed
    route: "/v1/dashboard/bi-panels"
    method: "GET"
    status: 200
    duration_ms: 6
[2026-09-28 00:00:43.169 -0300] INFO (62828): request completed
    route: "/v1/dashboard/bi-panels"
    method: "POST"
    status: 400
    duration_ms: 19
[2026-09-28 00:00:43.181 -0300] INFO (62828): request completed
    route: "/v1/dashboard/indicators/IND-DASH-999"
    method: "GET"
    status: 404
    duration_ms: 10
[2026-09-28 00:00:43.189 -0300] INFO (62828): request completed
    route: "/v1/dashboard/indicators?pageSize=200"
    method: "GET"
    status: 200
    duration_ms: 7
[2026-09-28 00:00:43.200 -0300] INFO (62828): request completed
    route: "/v1/dashboard/indicators/IND-DASH-203"
    method: "GET"
    status: 423
    duration_ms: 8
[2026-09-28 00:00:43.222 -0300] INFO (62828): request completed
    route: "/v1/dashboard/indicators/IND-DASH-101"
    method: "GET"
    status: 200
    duration_ms: 21
[2026-09-28 00:00:43.238 -0300] INFO (62828): request completed
    route: "/v1/dashboard/indicators/IND-DASH-304"
    method: "GET"
    status: 200
    duration_ms: 15
[2026-09-28 00:00:43.246 -0300] INFO (62828): request completed
    route: "/v1/dashboard/indicator-configs/00000000-0000-7000-8000-000084000321"
    method: "GET"
    status: 200
    duration_ms: 6
[2026-09-28 00:00:45.235 -0300] INFO (62945): request completed
    route: "/v1/dashboard/alerts?layer=N2"
    method: "GET"
    status: 403
    duration_ms: 82
[2026-09-28 00:00:45.278 -0300] INFO (62945): request completed
    route: "/v1/dashboard/alerts?layer=N2"
    method: "GET"
    status: 400
    duration_ms: 39
[2026-09-28 00:00:45.289 -0300] INFO (62945): request completed
    route: "/v1/dashboard/alerts?layer=N2"
    method: "GET"
    status: 400
    duration_ms: 9
[2026-09-28 00:00:45.343 -0300] INFO (62945): request completed
    route: "/v1/dashboard/alerts?layer=N2&pageSize=200"
    method: "GET"
    status: 200
    duration_ms: 51
[2026-09-28 00:00:45.406 -0300] INFO (62945): request completed
    route: "/v1/dashboard/alerts/00000000-0000-7000-8000-000081000105"
    method: "GET"
    status: 200
    duration_ms: 51
[2026-09-28 00:00:45.416 -0300] INFO (62945): request completed
    route: "/v1/dashboard/alerts/00000000-0000-7000-8000-000081000105"
    method: "GET"
    status: 403
    duration_ms: 8
[2026-09-28 00:00:45.439 -0300] INFO (62945): request completed
    route: "/v1/dashboard/alerts/00000000-0000-7000-8000-000081000105"
    method: "GET"
    status: 200
    duration_ms: 21
[2026-09-28 00:00:45.459 -0300] INFO (62945): request completed
    route: "/v1/dashboard/alerts/00000000-0000-7000-8000-000081000105"
    method: "GET"
    status: 200
    duration_ms: 19
[2026-09-28 00:00:45.462 -0300] INFO (62945): request completed
    route: "/v1/dashboard/alerts?layer=N3"
    method: "GET"
    status: 403
    duration_ms: 1
[2026-09-28 00:00:45.464 -0300] INFO (62945): request completed
    route: "/v1/dashboard/alerts?layer=N3"
    method: "GET"
    status: 403
    duration_ms: 1
[2026-09-28 00:00:45.466 -0300] INFO (62945): request completed
    route: "/v1/dashboard/alerts?layer=N3"
    method: "GET"
    status: 403
    duration_ms: 1
[2026-09-28 00:00:45.507 -0300] INFO (62945): request completed
    route: "/v1/dashboard/bi-panels"
    method: "POST"
    status: 403
    duration_ms: 36
[2026-09-28 00:00:45.532 -0300] INFO (62945): request completed
    route: "/v1/dashboard/exports"
    method: "POST"
    status: 403
    duration_ms: 23
[2026-09-28 00:00:45.554 -0300] INFO (62945): request completed
    route: "/v1/dashboard/generated-reports"
    method: "POST"
    status: 403
    duration_ms: 21
[2026-09-28 00:00:45.568 -0300] INFO (62945): request completed
    route: "/v1/dashboard/alerts"
    method: "GET"
    status: 200
    duration_ms: 12
[2026-09-28 00:00:45.585 -0300] INFO (62945): request completed
    route: "/v1/dashboard/alerts/00000000-0000-7000-8000-000081000102"
    method: "GET"
    status: 200
    duration_ms: 16
[2026-09-28 00:00:45.607 -0300] INFO (62945): request completed
    route: "/v1/dashboard/alerts/00000000-0000-7000-8000-000081000118/incident"
    method: "GET"
    status: 200
    duration_ms: 19
[2026-09-28 00:00:45.622 -0300] INFO (62945): request completed
    route: "/v1/dashboard/duties"
    method: "GET"
    status: 200
    duration_ms: 13
[2026-09-28 00:00:45.633 -0300] INFO (62945): request completed
    route: "/v1/dashboard/duties/00000000-0000-7000-8000-000080001001/cycles"
    method: "GET"
    status: 200
    duration_ms: 10
[2026-09-28 00:00:45.646 -0300] INFO (62945): request completed
    route: "/v1/dashboard/duties/00000000-0000-7000-8000-000080001001/cycles/2026-09"
    method: "GET"
    status: 200
    duration_ms: 12
[2026-09-28 00:00:45.659 -0300] INFO (62945): request completed
    route: "/v1/dashboard/indicators"
    method: "GET"
    status: 200
    duration_ms: 11
[2026-09-28 00:00:45.678 -0300] INFO (62945): request completed
    route: "/v1/dashboard/indicators/IND-DASH-101"
    method: "GET"
    status: 200
    duration_ms: 17
[2026-09-28 00:00:45.687 -0300] INFO (62945): request completed
    route: "/v1/dashboard/indicator-configs"
    method: "GET"
    status: 200
    duration_ms: 8
[2026-09-28 00:00:45.695 -0300] INFO (62945): request completed
    route: "/v1/dashboard/indicator-configs/00000000-0000-7000-8000-000084000311"
    method: "GET"
    status: 200
    duration_ms: 7
[2026-09-28 00:00:45.703 -0300] INFO (62945): request completed
    route: "/v1/dashboard/bi-panels"
    method: "GET"
    status: 200
    duration_ms: 7
[2026-09-28 00:00:45.709 -0300] INFO (62945): request completed
    route: "/v1/dashboard/bi-panels/00000000-0000-7000-8000-000084000411"
    method: "GET"
    status: 200
    duration_ms: 5
[2026-09-28 00:00:45.718 -0300] INFO (62945): request completed
    route: "/v1/dashboard/generated-reports"
    method: "GET"
    status: 200
    duration_ms: 7
[2026-09-28 00:00:45.725 -0300] INFO (62945): request completed
    route: "/v1/dashboard/generated-reports/00000000-0000-7000-8000-000084000511"
    method: "GET"
    status: 200
    duration_ms: 6
[2026-09-28 00:00:45.739 -0300] INFO (62945): request completed
    route: "/v1/dashboard/sources"
    method: "GET"
    status: 200
    duration_ms: 8
[2026-09-28 00:00:45.748 -0300] INFO (62945): request completed
    route: "/v1/dashboard/sources/00000000-0000-7000-8000-000081000401"
    method: "GET"
    status: 200
    duration_ms: 8
[2026-09-28 00:00:45.764 -0300] INFO (62945): request completed
    route: "/v1/dashboard/audit-trail"
    method: "GET"
    status: 200
    duration_ms: 15
[2026-09-28 00:00:45.774 -0300] INFO (62945): request completed
    route: "/v1/dashboard/comparisons?dimension=pool"
    method: "GET"
    status: 200
    duration_ms: 9
[2026-09-28 00:00:45.786 -0300] INFO (62945): request completed
    route: "/v1/dashboard/transparency/checklist"
    method: "GET"
    status: 200
    duration_ms: 10
(node:62945) DeprecationWarning: Calling client.query() when the client is already executing a query is deprecated and will be removed in pg@9.0. Use async/await or an external async flow control mechanism instead.
(Use `node --trace-deprecation ...` to show where the warning was created)
[2026-09-28 00:00:45.804 -0300] INFO (62945): request completed
    route: "/v1/dashboard/kpis"
    method: "GET"
    status: 200
    duration_ms: 17
[2026-09-28 00:00:45.812 -0300] INFO (62945): request completed
    route: "/v1/dashboard/datasets"
    method: "GET"
    status: 200
    duration_ms: 7
[2026-09-28 00:00:45.825 -0300] INFO (62945): request completed
    route: "/v1/dashboard/open-data/alerts-by-severity-month"
    method: "GET"
    status: 200
    duration_ms: 12
[2026-09-28 00:00:45.835 -0300] INFO (62945): request completed
    route: "/v1/dashboard/indicators/IND-DASH-106"
    method: "GET"
    status: 200
    duration_ms: 9
[2026-09-28 00:00:45.845 -0300] INFO (62945): request completed
    route: "/v1/dashboard/duties"
    method: "GET"
    status: 200
    duration_ms: 8
[2026-09-28 00:00:45.852 -0300] INFO (62945): request completed
    route: "/v1/dashboard/alerts/00000000-0000-7000-8000-000084000111/ack"
    method: "POST"
    status: 400
    duration_ms: 6
[2026-09-28 00:00:45.880 -0300] INFO (62945): request completed
    route: "/v1/dashboard/alerts/00000000-0000-7000-8000-000084000111/ack"
    method: "POST"
    status: 428
    duration_ms: 27
[2026-09-28 00:00:45.930 -0300] INFO (62945): request completed
    route: "/v1/dashboard/alerts/00000000-0000-7000-8000-000084000111/ack"
    method: "POST"
    status: 200
    duration_ms: 49
[2026-09-28 00:00:45.940 -0300] INFO (62945): request completed
    route: "/v1/dashboard/alerts/00000000-0000-7000-8000-000084000111/ack"
    method: "POST"
    status: 200
    duration_ms: 8
[2026-09-28 00:00:45.962 -0300] INFO (62945): request completed
    route: "/v1/dashboard/alerts/00000000-0000-7000-8000-000084000111/ack"
    method: "POST"
    status: 412
    duration_ms: 21
[2026-09-28 00:00:45.969 -0300] INFO (62945): request completed
    route: "/v1/dashboard/alerts/00000000-0000-7000-8000-000084000111/ack"
    method: "POST"
    status: 422
    duration_ms: 5
[2026-09-28 00:00:45.990 -0300] INFO (62945): request completed
    route: "/v1/dashboard/alerts/00000000-0000-7000-8000-000081000102"
    method: "GET"
    status: 200
    duration_ms: 18
[2026-09-28 00:00:48.134 -0300] INFO (64131): request completed
    route: "/v1/ops/mobile-bootstrap?device_id=00000000-0000-7000-8000-0000e4000002&app_version=1.0.0"
    method: "GET"
    status: 200
    duration_ms: 203
[2026-09-28 00:00:48.144 -0300] INFO (64131): request completed
    route: "/v1/ops/mobile-bootstrap?device_id=00000000-0000-7000-8000-0000e4000002&app_version=1.0.0"
    method: "GET"
    status: 403
    duration_ms: 6
[2026-09-28 00:00:48.281 -0300] INFO (64131): request completed
    route: "/v1/ops/offline-sync/sync-batches"
    method: "POST"
    status: 200
    duration_ms: 131
(node:64131) DeprecationWarning: Calling client.query() when the client is already executing a query is deprecated and will be removed in pg@9.0. Use async/await or an external async flow control mechanism instead.
(Use `node --trace-deprecation ...` to show where the warning was created)
[2026-09-28 00:00:48.309 -0300] INFO (64131): request completed
    route: "/v1/ops/offline-sync/sync-batches"
    method: "POST"
    status: 403
    duration_ms: 1
[2026-09-28 00:00:48.313 -0300] INFO (64131): request completed
    route: "/v1/ops/offline-sync/receipts/00000000-0000-7000-8000-00000000a002"
    method: "GET"
    status: 404
    duration_ms: 2
[2026-09-28 00:00:48.321 -0300] INFO (64131): request completed
    route: "/v1/ops/offline-sync/receipts/00000000-0000-7000-8000-00000000a001/by-idempotency/item-inexistente"
    method: "GET"
    status: 404
    duration_ms: 6
[2026-09-28 00:00:48.329 -0300] INFO (64131): request completed
    route: "/v1/ops/offline-sync/receipts/00000000-0000-7000-8000-00000000a001/by-idempotency/item-001"
    method: "GET"
    status: 200
    duration_ms: 6
[2026-09-28 00:00:48.352 -0300] INFO (64131): request completed
    route: "/v1/ops/offline-sync/sync-batches"
    method: "POST"
    status: 400
    duration_ms: 21
[2026-09-28 00:00:48.376 -0300] INFO (64131): request completed
    route: "/v1/ops/offline-sync/sync-batches"
    method: "POST"
    status: 400
    duration_ms: 20
[2026-09-28 00:00:48.399 -0300] INFO (64131): request completed
    route: "/v1/ops/offline-sync/sync-batches"
    method: "POST"
    status: 400
    duration_ms: 19
[2026-09-28 00:00:48.419 -0300] INFO (64131): request completed
    route: "/v1/ops/offline-sync/sync-batches"
    method: "POST"
    status: 400
    duration_ms: 16
[2026-09-28 00:00:48.440 -0300] INFO (64131): request completed
    route: "/v1/ops/offline-sync/sync-batches"
    method: "POST"
    status: 400
    duration_ms: 18
[2026-09-28 00:00:48.469 -0300] INFO (64131): request completed
    route: "/v1/ops/offline-sync/sync-conflicts/00000000-0000-7000-8000-0000eb100001/resolve"
    method: "POST"
    status: 200
    duration_ms: 26
[2026-09-28 00:00:48.493 -0300] INFO (64131): request completed
    route: "/v1/ops/offline-sync/sync-conflicts/00000000-0000-7000-8000-0000eb100001/resolve"
    method: "POST"
    status: 409
    duration_ms: 22
[2026-09-28 00:00:48.495 -0300] INFO (64131): request completed
    route: "/v1/ops/offline-sync/sync-conflicts/00000000-0000-7000-8000-0000eb100001/resolve"
    method: "POST"
    status: 403
    duration_ms: 1
[2026-09-28 00:00:48.532 -0300] INFO (64131): request completed
    route: "/v1/ops/field/devices/00000000-0000-7000-8000-0000e4000004/block"
    method: "POST"
    status: 200
    duration_ms: 36
[2026-09-28 00:00:48.534 -0300] INFO (64131): request completed
    route: "/v1/ops/field/devices/00000000-0000-7000-8000-0000e4000004/block"
    method: "POST"
    status: 403
    duration_ms: 0
[2026-09-28 00:00:48.564 -0300] INFO (64131): request completed
    route: "/v1/ops/field/homologations/00000000-0000-7000-8000-0000e2200002/renew"
    method: "POST"
    status: 200
    duration_ms: 28
[2026-09-28 00:00:48.566 -0300] INFO (64131): request completed
    route: "/v1/ops/field/homologations/00000000-0000-7000-8000-0000e2200002/renew"
    method: "POST"
    status: 403
    duration_ms: 1
[2026-09-28 00:00:48.595 -0300] INFO (64131): request completed
    route: "/v1/ops/field/homologations/00000000-0000-7000-8000-0000e2200001/cancel-by-audit"
    method: "POST"
    status: 200
    duration_ms: 28
[2026-09-28 00:00:48.597 -0300] INFO (64131): request completed
    route: "/v1/ops/field/homologations/00000000-0000-7000-8000-0000e2200001/cancel-by-audit"
    method: "POST"
    status: 403
    duration_ms: 1
[2026-09-28 00:00:48.599 -0300] INFO (64131): request completed
    route: "/v1/ops/mobile-bootstrap/sessions/handoff"
    method: "POST"
    status: 403
    duration_ms: 1
[2026-09-28 00:00:48.644 -0300] INFO (64131): request completed
    route: "/v1/ops/mobile-bootstrap/sessions/handoff"
    method: "POST"
    status: 200
    duration_ms: 45
[2026-09-28 00:00:48.647 -0300] INFO (64131): request completed
    route: "/ops/agents"
    method: "GET"
    status: 404
    duration_ms: 1
[2026-09-28 00:00:48.648 -0300] INFO (64131): request completed
    route: "/ops/devices"
    method: "GET"
    status: 404
    duration_ms: 0
[2026-09-28 00:00:48.650 -0300] INFO (64131): request completed
    route: "/ops/teams"
    method: "GET"
    status: 404
    duration_ms: 1
[2026-09-28 00:00:48.651 -0300] INFO (64131): request completed
    route: "/ops/homologations"
    method: "GET"
    status: 404
    duration_ms: 1
[2026-09-28 00:00:48.652 -0300] INFO (64131): request completed
    route: "/ops/app-versions"
    method: "GET"
    status: 404
    duration_ms: 0
[2026-09-28 00:00:48.653 -0300] INFO (64131): request completed
    route: "/ops/evidence/evidence"
    method: "GET"
    status: 404
    duration_ms: 0
[2026-09-28 00:00:48.654 -0300] INFO (64131): request completed
    route: "/ops/snapshots/people"
    method: "GET"
    status: 404
    duration_ms: 0
[2026-09-28 00:00:48.661 -0300] INFO (64131): request completed
    route: "/v1/ops/field/agents"
    method: "GET"
    status: 200
    duration_ms: 6
[2026-09-28 00:00:50.789 -0300] INFO (64550): request completed
    route: "/v1/dashboard/exports"
    method: "POST"
    status: 400
    duration_ms: 156
[2026-09-28 00:00:50.823 -0300] INFO (64550): request completed
    route: "/v1/dashboard/exports"
    method: "POST"
    status: 403
    duration_ms: 30
[2026-09-28 00:00:50.849 -0300] INFO (64550): request completed
    route: "/v1/dashboard/exports"
    method: "POST"
    status: 400
    duration_ms: 25
[2026-09-28 00:00:50.886 -0300] INFO (64550): request completed
    route: "/v1/dashboard/exports"
    method: "POST"
    status: 400
    duration_ms: 35
[2026-09-28 00:00:50.908 -0300] INFO (64550): request completed
    route: "/v1/dashboard/exports"
    method: "POST"
    status: 403
    duration_ms: 21
[2026-09-28 00:00:50.938 -0300] INFO (64550): request completed
    route: "/v1/dashboard/exports"
    method: "POST"
    status: 403
    duration_ms: 28
[2026-09-28 00:00:51.008 -0300] INFO (64550): request completed
    route: "/v1/dashboard/exports"
    method: "POST"
    status: 201
    duration_ms: 69
[2026-09-28 00:00:51.024 -0300] INFO (64550): request completed
    route: "/v1/dashboard/comparisons?dimension=pool"
    method: "GET"
    status: 200
    duration_ms: 12
[2026-09-28 00:00:51.074 -0300] INFO (64550): request completed
    route: "/v1/dashboard/exports"
    method: "POST"
    status: 202
    duration_ms: 48
[2026-09-28 00:00:51.077 -0300] INFO (64550): request completed
    route: "/v1/dashboard/exports/f81339fb-d380-466f-9b57-d354998c9d11/approve"
    method: "POST"
    status: 403
    duration_ms: 1
[2026-09-28 00:00:51.114 -0300] INFO (64550): request completed
    route: "/v1/dashboard/exports/f81339fb-d380-466f-9b57-d354998c9d11/approve"
    method: "POST"
    status: 200
    duration_ms: 36
[2026-09-28 00:00:51.143 -0300] INFO (64550): request completed
    route: "/v1/dashboard/exports/f81339fb-d380-466f-9b57-d354998c9d11/approve"
    method: "POST"
    status: 400
    duration_ms: 22
[2026-09-28 00:00:51.180 -0300] INFO (64550): request completed
    route: "/v1/dashboard/exports"
    method: "POST"
    status: 201
    duration_ms: 35
[2026-09-28 00:00:51.218 -0300] INFO (64550): request completed
    route: "/v1/dashboard/exports"
    method: "POST"
    status: 201
    duration_ms: 31
[2026-09-28 00:00:51.257 -0300] INFO (64550): request completed
    route: "/v1/dashboard/exports"
    method: "POST"
    status: 422
    duration_ms: 29
[2026-09-28 00:00:53.586 -0300] INFO (64870): request completed
    route: "/v1/dashboard/alerts"
    method: "GET"
    status: 200
    duration_ms: 134
[2026-09-28 00:00:53.611 -0300] INFO (64870): request completed
    route: "/v1/dashboard/audit-trail?pageSize=200"
    method: "GET"
    status: 200
    duration_ms: 22
[2026-09-28 00:00:53.640 -0300] INFO (64870): request completed
    route: "/v1/dashboard/audit-trail?object=00000000-0000-7000-8000-000010000002"
    method: "GET"
    status: 200
    duration_ms: 18
[2026-09-28 00:00:53.654 -0300] INFO (64870): request completed
    route: "/v1/dashboard/audit-trail?object=00000000-0000-7000-8000-000010000002"
    method: "GET"
    status: 400
    duration_ms: 10
[2026-09-28 00:00:53.663 -0300] INFO (64870): request completed
    route: "/v1/dashboard/audit-trail?app=pec"
    method: "GET"
    status: 403
    duration_ms: 8
[2026-09-28 00:00:53.671 -0300] INFO (64870): request completed
    route: "/v1/dashboard/comparisons?dimension=pool&person=true"
    method: "GET"
    status: 403
    duration_ms: 6
[2026-09-28 00:00:53.681 -0300] INFO (64870): request completed
    route: "/v1/dashboard/comparisons?dimension=unit"
    method: "GET"
    status: 200
    duration_ms: 9
[2026-09-28 00:00:53.684 -0300] INFO (64870): request completed
    route: "/v1/dashboard/comparisons"
    method: "GET"
    status: 400
    duration_ms: 2
[2026-09-28 00:00:53.686 -0300] INFO (64870): request completed
    route: "/v1/dashboard/comparisons?dimension=pessoa"
    method: "GET"
    status: 400
    duration_ms: 1
[2026-09-28 00:00:53.689 -0300] INFO (64870): request completed
    route: "/v1/dashboard/open-data/alerts-by-severity-month?from=2026-01"
    method: "GET"
    status: 400
    duration_ms: 1
[2026-09-28 00:00:53.698 -0300] INFO (64870): request completed
    route: "/v1/dashboard/open-data/duties-compliance-year"
    method: "GET"
    status: 404
    duration_ms: 8
[2026-09-28 00:00:53.705 -0300] INFO (64870): request completed
    route: "/v1/dashboard/open-data/inexistente"
    method: "GET"
    status: 404
    duration_ms: 6
[2026-09-28 00:00:53.723 -0300] INFO (64870): request completed
    route: "/v1/dashboard/open-data/alerts-by-severity-month"
    method: "GET"
    status: 200
    duration_ms: 17
[2026-09-28 00:00:53.732 -0300] INFO (64870): request completed
    route: "/v1/dashboard/datasets"
    method: "GET"
    status: 200
    duration_ms: 7
[2026-09-28 00:00:53.781 -0300] INFO (64870): request completed
    route: "/v1/dashboard/transparency/audits"
    method: "POST"
    status: 400
    duration_ms: 44
[2026-09-28 00:00:53.830 -0300] INFO (64870): request completed
    route: "/v1/dashboard/transparency/audits"
    method: "POST"
    status: 201
    duration_ms: 48
[2026-09-28 00:00:53.842 -0300] INFO (64870): request completed
    route: "/v1/dashboard/transparency/checklist?period=2026-08"
    method: "GET"
    status: 200
    duration_ms: 10
[2026-09-28 00:00:53.872 -0300] INFO (64870): request completed
    route: "/v1/dashboard/transparency/audits"
    method: "POST"
    status: 400
    duration_ms: 28
[2026-09-28 00:00:53.874 -0300] INFO (64870): request completed
    route: "/v1/dashboard/transparency/checklist?period=2026-9"
    method: "GET"
    status: 400
    duration_ms: 1
(node:64870) DeprecationWarning: Calling client.query() when the client is already executing a query is deprecated and will be removed in pg@9.0. Use async/await or an external async flow control mechanism instead.
(Use `node --trace-deprecation ...` to show where the warning was created)
[2026-09-28 00:00:53.895 -0300] INFO (64870): request completed
    route: "/v1/dashboard/kpis"
    method: "GET"
    status: 200
    duration_ms: 20
[2026-09-28 00:00:53.897 -0300] INFO (64870): request completed
    route: "/v1/dashboard/kpis?from=2026-13"
    method: "GET"
    status: 400
    duration_ms: 0
[2026-09-28 00:00:55.907 -0300] INFO (65205): request completed
    route: "/v1/inf/measures/administrative-measures/00000000-0000-7000-8000-0000ed000001/start"
    method: "POST"
    status: 200
    duration_ms: 209
[2026-09-28 00:00:55.915 -0300] INFO (65205): request completed
    route: "/v1/inf/measures/administrative-measures/00000000-0000-7000-8000-0000ed000001/start"
    method: "POST"
    status: 403
    duration_ms: 4
[2026-09-28 00:00:55.952 -0300] INFO (65205): request completed
    route: "/v1/inf/measures/administrative-measures/00000000-0000-7000-8000-0000ed000003/conclude"
    method: "POST"
    status: 200
    duration_ms: 35
[2026-09-28 00:00:55.954 -0300] INFO (65205): request completed
    route: "/v1/inf/measures/administrative-measures/00000000-0000-7000-8000-0000ed000003/conclude"
    method: "POST"
    status: 403
    duration_ms: 1
[2026-09-28 00:00:56.053 -0300] INFO (65205): request completed
    route: "/v1/inf/measures/retentions/97d271e7-49f8-4bc5-943b-0a1b4314e147/release"
    method: "POST"
    status: 200
    duration_ms: 36
[2026-09-28 00:00:56.055 -0300] INFO (65205): request completed
    route: "/v1/inf/measures/retentions/97d271e7-49f8-4bc5-943b-0a1b4314e147/release"
    method: "POST"
    status: 403
    duration_ms: 0
[2026-09-28 00:00:56.111 -0300] INFO (65205): request completed
    route: "/v1/inf/alcohol/procedures/00000000-0000-7000-8000-0000ee000002/tests"
    method: "POST"
    status: 201
    duration_ms: 43
[2026-09-28 00:00:56.114 -0300] INFO (65205): request completed
    route: "/v1/inf/alcohol/procedures/00000000-0000-7000-8000-0000ee000002/tests"
    method: "POST"
    status: 403
    duration_ms: 1
[2026-09-28 00:00:56.144 -0300] INFO (65205): request completed
    route: "/v1/inf/alcohol/procedures/00000000-0000-7000-8000-0000ee000006/close"
    method: "POST"
    status: 200
    duration_ms: 29
[2026-09-28 00:00:56.146 -0300] INFO (65205): request completed
    route: "/v1/inf/alcohol/procedures/00000000-0000-7000-8000-0000ee000006/close"
    method: "POST"
    status: 403
    duration_ms: 1
[2026-09-28 00:00:56.153 -0300] INFO (65205): request completed
    route: "/v1/inf/speed/measurements"
    method: "POST"
    status: 404
    duration_ms: 6
[2026-09-28 00:00:56.161 -0300] INFO (65205): request completed
    route: "/v1/ops/integrations/outbox"
    method: "GET"
    status: 200
    duration_ms: 7
[2026-09-28 00:00:56.163 -0300] INFO (65205): request completed
    route: "/v1/ops/integrations/outbox"
    method: "GET"
    status: 403
    duration_ms: 0
[2026-09-28 00:00:56.191 -0300] INFO (65205): request completed
    route: "/v1/ops/integrations/outbox/0bd4bf46-1f1f-4ca2-a4c0-33a6e16e6499/retry"
    method: "POST"
    status: 409
    duration_ms: 22
[2026-09-28 00:00:58.371 -0300] INFO (65294): request completed
    route: "/v1/portal/identity/me"
    method: "GET"
    status: 200
    duration_ms: 153
[2026-09-28 00:00:58.391 -0300] INFO (65294): request completed
    route: "/v1/portal/identity/me"
    method: "GET"
    status: 200
    duration_ms: 17
[2026-09-28 00:00:58.408 -0300] INFO (65294): request completed
    route: "/v1/portal/identity/me"
    method: "GET"
    status: 200
    duration_ms: 16
[2026-09-28 00:00:58.451 -0300] INFO (65294): request completed
    route: "/v1/portal/identity/assurance/elevations"
    method: "POST"
    status: 422
    duration_ms: 26
[2026-09-28 00:00:58.473 -0300] INFO (65294): request completed
    route: "/v1/portal/identity/assurance/elevations/9fbb69fd-4743-4771-9f1c-ea50541346b8/complete"
    method: "POST"
    status: 422
    duration_ms: 20
[2026-09-28 00:00:58.494 -0300] INFO (65294): request completed
    route: "/v1/portal/identity/assurance/elevations"
    method: "POST"
    status: 400
    duration_ms: 19
[2026-09-28 00:00:58.512 -0300] INFO (65294): request completed
    route: "/v1/portal/identity/assurance/elevations/nao-uuid/complete"
    method: "POST"
    status: 400
    duration_ms: 17
[2026-09-28 00:00:58.548 -0300] INFO (65294): request completed
    route: "/v1/portal/identity/representations"
    method: "POST"
    status: 201
    duration_ms: 34
[2026-09-28 00:00:58.571 -0300] INFO (65294): request completed
    route: "/v1/portal/identity/representations"
    method: "POST"
    status: 400
    duration_ms: 22
[2026-09-28 00:00:58.591 -0300] INFO (65294): request completed
    route: "/v1/portal/identity/representations"
    method: "POST"
    status: 403
    duration_ms: 19
[2026-09-28 00:00:58.598 -0300] INFO (65294): request completed
    route: "/v1/portal/identity/representations"
    method: "GET"
    status: 200
    duration_ms: 6
[2026-09-28 00:00:58.632 -0300] INFO (65294): request completed
    route: "/v1/portal/identity/representations/d3a78dfb-abef-42c3-857b-26ea9893071e"
    method: "DELETE"
    status: 200
    duration_ms: 32
[2026-09-28 00:00:58.643 -0300] INFO (65294): request completed
    route: "/v1/portal/identity/me"
    method: "GET"
    status: 200
    duration_ms: 10
[2026-09-28 00:00:58.663 -0300] INFO (65294): request completed
    route: "/v1/portal/identity/representations/6e653796-f294-4bbd-a342-81f487d860cd"
    method: "DELETE"
    status: 404
    duration_ms: 19
[2026-09-28 00:00:58.680 -0300] INFO (65294): request completed
    route: "/v1/portal/identity/preferences"
    method: "PUT"
    status: 428
    duration_ms: 15
[2026-09-28 00:00:58.699 -0300] INFO (65294): request completed
    route: "/v1/portal/identity/preferences"
    method: "PUT"
    status: 422
    duration_ms: 17
[2026-09-28 00:00:58.710 -0300] INFO (65294): request completed
    route: "/v1/portal/requests"
    method: "POST"
    status: 400
    duration_ms: 10
[2026-09-28 00:00:58.746 -0300] INFO (65294): request completed
    route: "/v1/portal/requests"
    method: "POST"
    status: 201
    duration_ms: 31
[2026-09-28 00:00:58.764 -0300] INFO (65294): request completed
    route: "/v1/portal/requests"
    method: "POST"
    status: 201
    duration_ms: 16
[2026-09-28 00:00:58.774 -0300] INFO (65294): request completed
    route: "/v1/portal/requests"
    method: "POST"
    status: 409
    duration_ms: 9
[2026-09-28 00:00:58.804 -0300] INFO (65294): request completed
    route: "/v1/portal/requests/29cf9523-c8e6-4610-93e3-69a0c004f2e3/withdraw"
    method: "POST"
    status: 200
    duration_ms: 29
[2026-09-28 00:00:58.816 -0300] INFO (65294): request completed
    route: "/v1/portal/requests"
    method: "POST"
    status: 422
    duration_ms: 10
[2026-09-28 00:00:58.828 -0300] INFO (65294): request completed
    route: "/v1/portal/requests"
    method: "POST"
    status: 422
    duration_ms: 11
[2026-09-28 00:00:58.841 -0300] INFO (65294): request completed
    route: "/v1/portal/requests"
    method: "POST"
    status: 404
    duration_ms: 12
[2026-09-28 00:00:58.855 -0300] INFO (65294): request completed
    route: "/v1/portal/requests"
    method: "POST"
    status: 404
    duration_ms: 13
[2026-09-28 00:00:58.879 -0300] INFO (65294): request completed
    route: "/v1/portal/requests"
    method: "POST"
    status: 201
    duration_ms: 23
[2026-09-28 00:00:58.901 -0300] INFO (65294): request completed
    route: "/v1/portal/requests/c45f150f-7761-4ac4-9073-a59b3498da9c/draft"
    method: "PUT"
    status: 428
    duration_ms: 21
[2026-09-28 00:00:58.926 -0300] INFO (65294): request completed
    route: "/v1/portal/requests/c45f150f-7761-4ac4-9073-a59b3498da9c/draft"
    method: "PUT"
    status: 200
    duration_ms: 23
[2026-09-28 00:00:58.954 -0300] INFO (65294): request completed
    route: "/v1/portal/requests/c45f150f-7761-4ac4-9073-a59b3498da9c/submit"
    method: "POST"
    status: 200
    duration_ms: 27
[2026-09-28 00:00:58.975 -0300] INFO (65294): request completed
    route: "/v1/portal/requests"
    method: "GET"
    status: 200
    duration_ms: 19
[2026-09-28 00:00:58.982 -0300] INFO (65294): request completed
    route: "/v1/portal/requests?state=INVENTADO"
    method: "GET"
    status: 400
    duration_ms: 5
[2026-09-28 00:00:58.992 -0300] INFO (65294): request completed
    route: "/v1/portal/requests/c45f150f-7761-4ac4-9073-a59b3498da9c"
    method: "GET"
    status: 200
    duration_ms: 9
[2026-09-28 00:00:59.016 -0300] INFO (65294): request completed
    route: "/v1/portal/requests/c45f150f-7761-4ac4-9073-a59b3498da9c/evaluation"
    method: "POST"
    status: 201
    duration_ms: 22
[2026-09-28 00:00:59.028 -0300] INFO (65294): request completed
    route: "/v1/portal/requests/c45f150f-7761-4ac4-9073-a59b3498da9c/evaluation"
    method: "POST"
    status: 409
    duration_ms: 11
[2026-09-28 00:00:59.050 -0300] INFO (65294): request completed
    route: "/v1/portal/requests"
    method: "POST"
    status: 201
    duration_ms: 20
[2026-09-28 00:00:59.081 -0300] INFO (65294): request completed
    route: "/v1/portal/requests/cf7569ef-a1eb-4f96-963a-a5fb4b07efd6/draft"
    method: "PUT"
    status: 200
    duration_ms: 30
[2026-09-28 00:00:59.096 -0300] INFO (65294): request completed
    route: "/v1/portal/requests/cf7569ef-a1eb-4f96-963a-a5fb4b07efd6/submit"
    method: "POST"
    status: 403
    duration_ms: 14
[2026-09-28 00:00:59.105 -0300] INFO (65294): request completed
    route: "/v1/portal/requests/cf7569ef-a1eb-4f96-963a-a5fb4b07efd6"
    method: "GET"
    status: 200
    duration_ms: 8
[2026-09-28 00:00:59.194 -0300] INFO (65294): request completed
    route: "/v1/portal/requests/cf7569ef-a1eb-4f96-963a-a5fb4b07efd6/submit"
    method: "POST"
    status: 200
    duration_ms: 88
[2026-09-28 00:00:59.200 -0300] INFO (65294): request completed
    route: "/v1/portal/sne/enrollment"
    method: "GET"
    status: 200
    duration_ms: 5
[2026-09-28 00:00:59.207 -0300] INFO (65294): request completed
    route: "/v1/portal/requests/cf7569ef-a1eb-4f96-963a-a5fb4b07efd6"
    method: "GET"
    status: 404
    duration_ms: 6
[2026-09-28 00:00:59.498 -0300] INFO (65294): request completed
    route: "/v1/portal/requests"
    method: "POST"
    status: 201
    duration_ms: 160
[2026-09-28 00:00:59.528 -0300] INFO (65294): request completed
    route: "/v1/portal/requests/48cbeee1-663f-4bab-9c38-caddefe79368/submit"
    method: "POST"
    status: 502
    duration_ms: 28
[2026-09-28 00:00:59.539 -0300] INFO (65294): request completed
    route: "/v1/portal/requests/48cbeee1-663f-4bab-9c38-caddefe79368"
    method: "GET"
    status: 200
    duration_ms: 10
[2026-09-28 00:00:59.555 -0300] INFO (65294): request completed
    route: "/v1/portal/requests/48cbeee1-663f-4bab-9c38-caddefe79368/submit"
    method: "POST"
    status: 502
    duration_ms: 15
[2026-09-28 00:00:59.567 -0300] INFO (65294): request completed
    route: "/v1/portal/requests/48cbeee1-663f-4bab-9c38-caddefe79368/submit"
    method: "POST"
    status: 409
    duration_ms: 11
[2026-09-28 00:00:59.595 -0300] INFO (65294): request completed
    route: "/v1/portal/requests"
    method: "POST"
    status: 201
    duration_ms: 20
[2026-09-28 00:00:59.627 -0300] INFO (65294): request completed
    route: "/v1/portal/requests/899188eb-2fe0-4218-ad3d-d85394b81bf2/withdraw"
    method: "POST"
    status: 200
    duration_ms: 30
[2026-09-28 00:00:59.640 -0300] INFO (65294): request completed
    route: "/v1/portal/requests/cf7569ef-a1eb-4f96-963a-a5fb4b07efd6"
    method: "GET"
    status: 200
    duration_ms: 9
[2026-09-28 00:00:59.661 -0300] INFO (65294): request completed
    route: "/v1/portal/requests/cf7569ef-a1eb-4f96-963a-a5fb4b07efd6/withdraw"
    method: "POST"
    status: 409
    duration_ms: 20
[2026-09-28 00:00:59.682 -0300] INFO (65294): request completed
    route: "/v1/portal/requests"
    method: "POST"
    status: 201
    duration_ms: 20
[2026-09-28 00:00:59.706 -0300] INFO (65294): request completed
    route: "/v1/portal/requests/97b8ab54-27f0-4258-b0e0-67c5560d5eb8/withdraw"
    method: "POST"
    status: 400
    duration_ms: 23
[2026-09-28 00:00:59.738 -0300] INFO (65294): request completed
    route: "/v1/portal/requests/97b8ab54-27f0-4258-b0e0-67c5560d5eb8/withdraw"
    method: "POST"
    status: 200
    duration_ms: 31
[2026-09-28 00:00:59.748 -0300] INFO (65294): request completed
    route: "/v1/portal/requests/c45f150f-7761-4ac4-9073-a59b3498da9c"
    method: "GET"
    status: 404
    duration_ms: 8
[2026-09-28 00:00:59.757 -0300] INFO (65294): request completed
    route: "/v1/portal/requests/c45f150f-7761-4ac4-9073-a59b3498da9c/receipt"
    method: "GET"
    status: 422
    duration_ms: 8
[2026-09-28 00:00:59.780 -0300] INFO (65294): request completed
    route: "/v1/portal/requests"
    method: "POST"
    status: 201
    duration_ms: 21
[2026-09-28 00:00:59.787 -0300] INFO (65294): request completed
    route: "/v1/portal/requests/363557df-a044-402c-b2d8-a7fa1ea068c1/receipt"
    method: "GET"
    status: 404
    duration_ms: 6
[2026-09-28 00:00:59.797 -0300] INFO (65294): request completed
    route: "/v1/portal/requests/c45f150f-7761-4ac4-9073-a59b3498da9c/decision"
    method: "GET"
    status: 404
    duration_ms: 9
[2026-09-28 00:00:59.827 -0300] INFO (65294): request completed
    route: "/v1/portal/requests/363557df-a044-402c-b2d8-a7fa1ea068c1/attachments"
    method: "POST"
    status: 422
    duration_ms: 29
[2026-09-28 00:00:59.859 -0300] INFO (65294): request completed
    route: "/v1/portal/requests/363557df-a044-402c-b2d8-a7fa1ea068c1/withdraw"
    method: "POST"
    status: 200
    duration_ms: 31
[2026-09-28 00:00:59.874 -0300] INFO (65294): request completed
    route: "/v1/portal/requests/cf7569ef-a1eb-4f96-963a-a5fb4b07efd6/diligences/dd622ba6-e647-4766-bdfe-7f62fcdd2493/responses"
    method: "POST"
    status: 422
    duration_ms: 14
[2026-09-28 00:00:59.886 -0300] INFO (65294): request completed
    route: "/v1/portal/requests/cf7569ef-a1eb-4f96-963a-a5fb4b07efd6/diligences/3244cc0e-c8ec-4130-8cf8-c535d32e4f3e/responses"
    method: "POST"
    status: 400
    duration_ms: 11
[2026-09-28 00:00:59.888 -0300] INFO (65294): request completed
    route: "/v1/portal/requests"
    method: "POST"
    status: 403
    duration_ms: 1
[2026-09-28 00:00:59.889 -0300] INFO (65294): request completed
    route: "/v1/portal/requests"
    method: "GET"
    status: 403
    duration_ms: 1
[2026-09-28 00:01:01.896 -0300] INFO (65694): request completed
    route: "/v1/est/crash/victims/00000000-0000-7000-8000-0000a3000001"
    method: "GET"
    status: 400
    duration_ms: 10
[2026-09-28 00:01:02.085 -0300] INFO (65694): request completed
    route: "/v1/est/crash/victims/00000000-0000-7000-8000-0000a3000001?purpose=revisao%20do%20atendimento%20de%20sinistro"
    method: "GET"
    status: 200
    duration_ms: 186
[2026-09-28 00:01:02.114 -0300] INFO (65694): request completed
    route: "/v1/est/crash/victims"
    method: "GET"
    status: 400
    duration_ms: 1
[2026-09-28 00:01:02.135 -0300] INFO (65694): request completed
    route: "/v1/est/crash/victims?purpose=consulta%20de%20vitimas%20do%20sinistro"
    method: "GET"
    status: 200
    duration_ms: 16
[2026-09-28 00:01:04.309 -0300] INFO (65796): request completed
    route: "/v1/portal/identity/me"
    method: "GET"
    status: 200
    duration_ms: 161
[2026-09-28 00:01:04.334 -0300] INFO (65796): request completed
    route: "/v1/portal/identity/me"
    method: "GET"
    status: 200
    duration_ms: 22
[2026-09-28 00:01:04.360 -0300] INFO (65796): request completed
    route: "/v1/portal/stream"
    method: "GET"
    status: 403
    duration_ms: 1
[2026-09-28 00:01:04.362 -0300] INFO (65796): request completed
    route: "/v1/portal/stream"
    method: "GET"
    status: 403
    duration_ms: 1
[2026-09-28 00:01:05.298 -0300] INFO (65796): request completed
    request_id: "01a0e5f5-7a88-7dc2-932b-f332aed42bfd"
    tenant_id: "00000000-0000-7000-8000-000000000001"
    actor_id: "00000000-0000-4000-8000-000000000002"
    route: "/v1/portal/stream"
    method: "GET"
    status: 204
    duration_ms: 10
[2026-09-28 00:01:07.567 -0300] INFO (66558): request completed
    route: "/v1/inf/ait/aits"
    method: "POST"
    status: 201
    duration_ms: 191
[2026-09-28 00:01:07.609 -0300] INFO (66558): request completed
    route: "/v1/inf/ait/aits/261f21c8-998e-4ee5-a014-10d08410efec/vehicles"
    method: "POST"
    status: 201
    duration_ms: 39
[2026-09-28 00:01:07.643 -0300] INFO (66558): request completed
    route: "/v1/inf/ait/aits/261f21c8-998e-4ee5-a014-10d08410efec/people"
    method: "POST"
    status: 201
    duration_ms: 32
[2026-09-28 00:01:07.675 -0300] INFO (66558): request completed
    route: "/v1/inf/ait/aits/261f21c8-998e-4ee5-a014-10d08410efec/science"
    method: "POST"
    status: 201
    duration_ms: 31
[2026-09-28 00:01:07.713 -0300] INFO (66558): request completed
    route: "/v1/inf/ait/aits/261f21c8-998e-4ee5-a014-10d08410efec/finalize"
    method: "POST"
    status: 200
    duration_ms: 36
[2026-09-28 00:01:07.715 -0300] INFO (66558): request completed
    route: "/v1/inf/ait/aits/317fb640-8751-40b3-a776-86e22936e7f6/finalize"
    method: "POST"
    status: 403
    duration_ms: 1
[2026-09-28 00:01:07.744 -0300] INFO (66558): request completed
    route: "/v1/inf/ait/aits"
    method: "POST"
    status: 201
    duration_ms: 27
[2026-09-28 00:01:07.765 -0300] INFO (66558): request completed
    route: "/v1/inf/ait/aits/8d5e8185-fa56-4184-85e2-1c82760f3ea8/finalize"
    method: "POST"
    status: 428
    duration_ms: 20
[2026-09-28 00:01:07.791 -0300] INFO (66558): request completed
    route: "/v1/inf/ait/aits"
    method: "POST"
    status: 201
    duration_ms: 24
[2026-09-28 00:01:07.812 -0300] INFO (66558): request completed
    route: "/v1/inf/ait/aits/94716beb-cfb5-4555-91ce-8bb4c8f37300/finalize"
    method: "POST"
    status: 412
    duration_ms: 20
[2026-09-28 00:01:07.839 -0300] INFO (66558): request completed
    route: "/v1/inf/ait/aits"
    method: "POST"
    status: 201
    duration_ms: 25
[2026-09-28 00:01:07.871 -0300] INFO (66558): request completed
    route: "/v1/inf/ait/aits/c7c1b539-7464-4d8c-90f6-944a0ca7c3ec/finalize"
    method: "POST"
    status: 200
    duration_ms: 31
[2026-09-28 00:01:07.896 -0300] INFO (66558): request completed
    route: "/v1/inf/ait/aits"
    method: "POST"
    status: 201
    duration_ms: 24
[2026-09-28 00:01:07.897 -0300] INFO (66558): request completed
    route: "/v1/inf/ait/aits/7d50ba89-dd67-4d48-b0ab-dd025726a842/finalize"
    method: "POST"
    status: 403
    duration_ms: 0
[2026-09-28 00:01:07.920 -0300] INFO (66558): request completed
    route: "/v1/inf/ait/aits"
    method: "POST"
    status: 201
    duration_ms: 22
[2026-09-28 00:01:07.956 -0300] INFO (66558): request completed
    route: "/v1/inf/ait/aits/af2eead1-4693-4a4e-8c50-6e19cc49eaac/finalize"
    method: "POST"
    status: 200
    duration_ms: 35
[2026-09-28 00:01:07.979 -0300] INFO (66558): request completed
    route: "/v1/inf/ait/aits"
    method: "POST"
    status: 201
    duration_ms: 22
[2026-09-28 00:01:08.010 -0300] INFO (66558): request completed
    route: "/v1/inf/ait/aits/fe65e951-9de3-4d90-9093-21398b69e83c/archive"
    method: "POST"
    status: 200
    duration_ms: 30
[2026-09-28 00:01:08.032 -0300] INFO (66558): request completed
    route: "/v1/inf/ait/aits"
    method: "POST"
    status: 201
    duration_ms: 21
[2026-09-28 00:01:08.034 -0300] INFO (66558): request completed
    route: "/v1/inf/ait/aits/10e64e28-613e-431d-bf2d-69710f9d66d4/archive"
    method: "POST"
    status: 403
    duration_ms: 1
[2026-09-28 00:01:08.055 -0300] INFO (66558): request completed
    route: "/v1/inf/ait/cancel-requests/e9475bc2-16a4-45ba-87ad-c2860a2dab8e/decide"
    method: "POST"
    status: 404
    duration_ms: 20
[2026-09-28 00:01:08.079 -0300] INFO (66558): request completed
    route: "/v1/inf/ait/aits"
    method: "POST"
    status: 201
    duration_ms: 23
[2026-09-28 00:01:08.112 -0300] INFO (66558): request completed
    route: "/v1/inf/ait/cancel-requests"
    method: "POST"
    status: 201
    duration_ms: 32
[2026-09-28 00:01:08.130 -0300] INFO (66558): request completed
    route: "/v1/inf/ait/cancel-requests/ed52ab0c-269c-4b3e-9df2-a33e7b59b2dc/decide"
    method: "POST"
    status: 412
    duration_ms: 17
[2026-09-28 00:01:08.152 -0300] INFO (66558): request completed
    route: "/v1/inf/ait/aits"
    method: "POST"
    status: 201
    duration_ms: 21
[2026-09-28 00:01:08.181 -0300] INFO (66558): request completed
    route: "/v1/inf/ait/cancel-requests"
    method: "POST"
    status: 201
    duration_ms: 28
[2026-09-28 00:01:08.205 -0300] INFO (66558): request completed
    route: "/v1/inf/ait/cancel-requests/6b3aa233-d662-4372-9d2b-652083cf5143/decide"
    method: "POST"
    status: 403
    duration_ms: 22
[2026-09-28 00:01:08.228 -0300] INFO (66558): request completed
    route: "/v1/inf/ait/aits"
    method: "POST"
    status: 201
    duration_ms: 22
[2026-09-28 00:01:08.258 -0300] INFO (66558): request completed
    route: "/v1/inf/ait/cancel-requests"
    method: "POST"
    status: 201
    duration_ms: 29
[2026-09-28 00:01:08.290 -0300] INFO (66558): request completed
    route: "/v1/inf/ait/cancel-requests/54f9f2e3-05b9-433c-be3e-ac10bfae4510/decide"
    method: "POST"
    status: 200
    duration_ms: 31
[2026-09-28 00:01:08.312 -0300] INFO (66558): request completed
    route: "/v1/inf/ait/aits"
    method: "POST"
    status: 201
    duration_ms: 21
[2026-09-28 00:01:08.340 -0300] INFO (66558): request completed
    route: "/v1/inf/ait/cancel-requests"
    method: "POST"
    status: 201
    duration_ms: 27
[2026-09-28 00:01:08.362 -0300] INFO (66558): request completed
    route: "/v1/inf/ait/cancel-requests/97fe6282-b2e0-4934-8bc7-f4e908858643/decide"
    method: "POST"
    status: 403
    duration_ms: 21
[2026-09-28 00:01:08.386 -0300] INFO (66558): request completed
    route: "/v1/inf/ait/cancel-requests"
    method: "POST"
    status: 202
    duration_ms: 23
[2026-09-28 00:01:08.421 -0300] INFO (66558): request completed
    route: "/v1/inf/ait/cancel-requests/d5ff16af-ea28-4bf7-b3d2-fcdd991da2d1/decide"
    method: "POST"
    status: 200
    duration_ms: 34
[2026-09-28 00:01:08.445 -0300] INFO (66558): request completed
    route: "/v1/inf/ait/cancel-requests"
    method: "POST"
    status: 202
    duration_ms: 23
[2026-09-28 00:01:08.462 -0300] INFO (66558): request completed
    route: "/v1/inf/ait/cancel-requests/c8fed21c-3b52-473f-8f77-723853d7c70b/review"
    method: "POST"
    status: 428
    duration_ms: 16
[2026-09-28 00:01:08.480 -0300] INFO (66558): request completed
    route: "/v1/inf/ait/cancel-requests/c8fed21c-3b52-473f-8f77-723853d7c70b/review"
    method: "POST"
    status: 412
    duration_ms: 17
[2026-09-28 00:01:08.509 -0300] INFO (66558): request completed
    route: "/v1/inf/ait/cancel-requests/c8fed21c-3b52-473f-8f77-723853d7c70b/review"
    method: "POST"
    status: 200
    duration_ms: 27
[2026-09-28 00:01:08.531 -0300] INFO (66558): request completed
    route: "/v1/inf/ait/cancel-requests"
    method: "POST"
    status: 202
    duration_ms: 21
[2026-09-28 00:01:08.549 -0300] INFO (66558): request completed
    route: "/v1/inf/ait/cancel-requests/9e1d588b-7dfe-4c16-ab9b-1deba38e520d/decide"
    method: "POST"
    status: 428
    duration_ms: 17
[2026-09-28 00:01:08.566 -0300] INFO (66558): request completed
    route: "/v1/inf/ait/cancel-requests/9e1d588b-7dfe-4c16-ab9b-1deba38e520d/decide"
    method: "POST"
    status: 412
    duration_ms: 16
[2026-09-28 00:01:08.601 -0300] INFO (66558): request completed
    route: "/v1/inf/ait/cancel-requests/9e1d588b-7dfe-4c16-ab9b-1deba38e520d/decide"
    method: "POST"
    status: 200
    duration_ms: 33
[2026-09-28 00:01:08.624 -0300] INFO (66558): request completed
    route: "/v1/inf/ait/aits"
    method: "POST"
    status: 201
    duration_ms: 22
[2026-09-28 00:01:08.673 -0300] INFO (66558): request completed
    route: "/v1/inf/ait/aits/ca345366-44e9-4cfd-b827-9aeb793d7ca5/concurrency-review"
    method: "POST"
    status: 200
    duration_ms: 42
[2026-09-28 00:01:08.703 -0300] INFO (66558): request completed
    route: "/v1/inf/ait/aits"
    method: "POST"
    status: 201
    duration_ms: 28
[2026-09-28 00:01:08.708 -0300] INFO (66558): request completed
    route: "/v1/inf/ait/aits/ef6b0c12-a02a-4a03-b3fc-a1cff469e6b6/concurrency-review"
    method: "POST"
    status: 403
    duration_ms: 1
[2026-09-28 00:01:08.732 -0300] INFO (66558): request completed
    route: "/v1/inf/ait/aits"
    method: "POST"
    status: 201
    duration_ms: 23
[2026-09-28 00:01:08.755 -0300] INFO (66558): request completed
    route: "/v1/inf/ait/aits/5c4b733b-fe65-4b58-9dd3-012faa9ac9bf/concurrency-review"
    method: "POST"
    status: 409
    duration_ms: 22
[2026-09-28 00:01:08.782 -0300] INFO (66558): request completed
    route: "/v1/inf/ait/aits"
    method: "POST"
    status: 201
    duration_ms: 25
[2026-09-28 00:01:08.819 -0300] INFO (66558): request completed
    route: "/v1/inf/ait/aits/de37c6be-c41d-47fc-b180-7dbfcf7df624/receive-protocol"
    method: "POST"
    status: 200
    duration_ms: 36
[2026-09-28 00:01:08.842 -0300] INFO (66558): request completed
    route: "/v1/inf/ait/aits"
    method: "POST"
    status: 201
    duration_ms: 21
[2026-09-28 00:01:08.844 -0300] INFO (66558): request completed
    route: "/v1/inf/ait/aits/96552770-b0b3-4589-a17f-6a228ed8fe1a/receive-protocol"
    method: "POST"
    status: 403
    duration_ms: 1
[2026-09-28 00:01:08.851 -0300] INFO (66558): request completed
    route: "/v1/inf/ait/cancel-requests/outcomes/local-3b98c824-9d9c-49f2-8bb9-e2b52406c96b"
    method: "GET"
    status: 404
    duration_ms: 6
[2026-09-28 00:01:08.873 -0300] INFO (66558): request completed
    route: "/v1/inf/ait/aits"
    method: "POST"
    status: 201
    duration_ms: 21
[2026-09-28 00:01:08.897 -0300] INFO (66558): request completed
    route: "/v1/inf/ait/cancel-requests"
    method: "POST"
    status: 201
    duration_ms: 23
[2026-09-28 00:01:08.903 -0300] INFO (66558): request completed
    route: "/v1/inf/ait/cancel-requests/outcomes/local-9168a4b8-4d01-4bc7-b38b-bc49e77ad4a0"
    method: "GET"
    status: 200
    duration_ms: 6
[2026-09-28 00:01:08.924 -0300] INFO (66558): request completed
    route: "/v1/inf/ait/aits"
    method: "POST"
    status: 201
    duration_ms: 19
[2026-09-28 00:01:08.951 -0300] INFO (66558): request completed
    route: "/v1/inf/ait/aits/6232f312-783d-4c1c-8dc1-c31208282f2b/vehicles"
    method: "POST"
    status: 201
    duration_ms: 26
[2026-09-28 00:01:08.978 -0300] INFO (66558): request completed
    route: "/v1/inf/ait/aits/6232f312-783d-4c1c-8dc1-c31208282f2b/people"
    method: "POST"
    status: 201
    duration_ms: 26
[2026-09-28 00:01:09.004 -0300] INFO (66558): request completed
    route: "/v1/inf/ait/aits/6232f312-783d-4c1c-8dc1-c31208282f2b/science"
    method: "POST"
    status: 201
    duration_ms: 25
[2026-09-28 00:01:09.030 -0300] INFO (66558): request completed
    route: "/v1/inf/ait/aits/6232f312-783d-4c1c-8dc1-c31208282f2b/finalize"
    method: "POST"
    status: 200
    duration_ms: 25
[2026-09-28 00:01:09.038 -0300] INFO (66558): request completed
    route: "/v1/inf/ait/aits/6232f312-783d-4c1c-8dc1-c31208282f2b/finalize"
    method: "POST"
    status: 200
    duration_ms: 8
[2026-09-28 00:01:09.044 -0300] INFO (66558): request completed
    route: "/v1/inf/ait/aits/6232f312-783d-4c1c-8dc1-c31208282f2b/finalize"
    method: "POST"
    status: 422
    duration_ms: 5
[2026-09-28 00:01:09.067 -0300] INFO (66558): request completed
    route: "/v1/inf/ait/aits"
    method: "POST"
    status: 201
    duration_ms: 22
[2026-09-28 00:01:09.093 -0300] INFO (66558): request completed
    route: "/v1/inf/ait/cancel-requests"
    method: "POST"
    status: 201
    duration_ms: 23
[2026-09-28 00:01:09.104 -0300] INFO (66558): request completed
    route: "/v1/inf/ait/cancel-requests"
    method: "POST"
    status: 201
    duration_ms: 8
[2026-09-28 00:01:09.109 -0300] INFO (66558): request completed
    route: "/v1/inf/ait/cancel-requests"
    method: "POST"
    status: 422
    duration_ms: 3
[2026-09-28 00:01:11.108 -0300] INFO (66831): request completed
    route: "/v1/portal/identity/me"
    method: "GET"
    status: 200
    duration_ms: 152
[2026-09-28 00:01:11.125 -0300] INFO (66831): request completed
    route: "/v1/portal/identity/me"
    method: "GET"
    status: 200
    duration_ms: 13
[2026-09-28 00:01:11.138 -0300] INFO (66831): request completed
    route: "/v1/portal/identity/me"
    method: "GET"
    status: 200
    duration_ms: 12
[2026-09-28 00:01:11.175 -0300] INFO (66831): request completed
    route: "/v1/portal/aits/00000000-0000-7000-8000-0000f0000002"
    method: "GET"
    status: 200
    duration_ms: 12
[2026-09-28 00:01:11.185 -0300] INFO (66831): request completed
    route: "/v1/portal/services/defesa_previa"
    method: "GET"
    status: 200
    duration_ms: 8
[2026-09-28 00:01:11.210 -0300] INFO (66831): request completed
    route: "/v1/portal/requests"
    method: "POST"
    status: 422
    duration_ms: 18
[2026-09-28 00:01:11.223 -0300] INFO (66831): request completed
    route: "/v1/portal/requests"
    method: "POST"
    status: 422
    duration_ms: 11
[2026-09-28 00:01:11.234 -0300] INFO (66831): request completed
    route: "/v1/portal/aits/00000000-0000-7000-8000-0000f0000002"
    method: "GET"
    status: 200
    duration_ms: 10
[2026-09-28 00:01:11.240 -0300] INFO (66831): request completed
    route: "/v1/portal/services/indicacao_condutor"
    method: "GET"
    status: 200
    duration_ms: 5
[2026-09-28 00:01:11.255 -0300] INFO (66831): request completed
    route: "/v1/portal/requests"
    method: "POST"
    status: 422
    duration_ms: 13
[2026-09-28 00:01:11.268 -0300] INFO (66831): request completed
    route: "/v1/portal/requests"
    method: "POST"
    status: 422
    duration_ms: 12
[2026-09-28 00:01:11.290 -0300] INFO (66831): request completed
    route: "/v1/portal/requests?state=PROTOCOLADO&kind=defesa_previa&periodFrom=2026-01-01&periodTo=2026-12-31"
    method: "GET"
    status: 200
    duration_ms: 21
[2026-09-28 00:01:11.302 -0300] INFO (66831): request completed
    route: "/v1/portal/requests/00000000-0000-7000-8000-000070400e09"
    method: "GET"
    status: 200
    duration_ms: 11
[2026-09-28 00:01:11.310 -0300] INFO (66831): request completed
    route: "/v1/portal/requests/00000000-0000-7000-8000-000070400e09/decision"
    method: "GET"
    status: 200
    duration_ms: 7
[2026-09-28 00:01:11.320 -0300] INFO (66831): request completed
    route: "/v1/portal/requests/00000000-0000-7000-8000-000070400e09"
    method: "GET"
    status: 200
    duration_ms: 9
[2026-09-28 00:01:11.331 -0300] INFO (66831): request completed
    route: "/v1/portal/requests"
    method: "POST"
    status: 422
    duration_ms: 10
[2026-09-28 00:01:11.340 -0300] INFO (66831): request completed
    route: "/v1/portal/aits?status=em_recurso&page=1"
    method: "GET"
    status: 200
    duration_ms: 8
[2026-09-28 00:01:11.349 -0300] INFO (66831): request completed
    route: "/v1/portal/aits/00000000-0000-7000-8000-0000f0000001"
    method: "GET"
    status: 200
    duration_ms: 7
[2026-09-28 00:01:11.356 -0300] INFO (66831): request completed
    route: "/v1/portal/aits/00000000-0000-7000-8000-0000f0000001/points"
    method: "GET"
    status: 200
    duration_ms: 6
[2026-09-28 00:01:11.363 -0300] INFO (66831): request completed
    route: "/v1/portal/points-summary"
    method: "GET"
    status: 200
    duration_ms: 6
[2026-09-28 00:01:11.371 -0300] INFO (66831): request completed
    route: "/v1/portal/sne/enrollment"
    method: "GET"
    status: 200
    duration_ms: 7
[2026-09-28 00:01:11.379 -0300] INFO (66831): request completed
    route: "/v1/portal/sne/enrollment"
    method: "GET"
    status: 200
    duration_ms: 6
[2026-09-28 00:01:11.386 -0300] INFO (66831): request completed
    route: "/v1/portal/sne/enrollment"
    method: "GET"
    status: 200
    duration_ms: 6
[2026-09-28 00:01:11.423 -0300] INFO (66831): request completed
    route: "/v1/portal/sne/enrollment"
    method: "DELETE"
    status: 200
    duration_ms: 36
[2026-09-28 00:01:11.504 -0300] INFO (66831): request completed
    route: "/v1/portal/sne/enrollment"
    method: "POST"
    status: 201
    duration_ms: 79
[2026-09-28 00:01:11.522 -0300] INFO (66831): request completed
    route: "/v1/portal/sne/enrollment"
    method: "POST"
    status: 409
    duration_ms: 17
[2026-09-28 00:01:11.538 -0300] INFO (66831): request completed
    route: "/v1/portal/sne/enrollment"
    method: "POST"
    status: 201
    duration_ms: 15
[2026-09-28 00:01:11.548 -0300] INFO (66831): request completed
    route: "/v1/portal/sne/enrollment"
    method: "POST"
    status: 409
    duration_ms: 9
[2026-09-28 00:01:11.571 -0300] INFO (66831): request completed
    route: "/v1/portal/documents/cnh"
    method: "GET"
    status: 200
    duration_ms: 22
[2026-09-28 00:01:11.596 -0300] INFO (66831): request completed
    route: "/v1/portal/vehicles"
    method: "GET"
    status: 200
    duration_ms: 24
[2026-09-28 00:01:11.608 -0300] INFO (66831): request completed
    route: "/v1/portal/vehicles/00000000-0000-7000-8000-00007ff00001/clearance"
    method: "GET"
    status: 503
    duration_ms: 11
[2026-09-28 00:01:11.631 -0300] INFO (66831): request completed
    route: "/v1/portal/vehicles/00000000-0000-7000-8000-00007ff00001/crlv-e"
    method: "POST"
    status: 422
    duration_ms: 22
[2026-09-28 00:01:11.643 -0300] INFO (66831): request completed
    route: "/v1/portal/documents/cnh"
    method: "GET"
    status: 200
    duration_ms: 11
[2026-09-28 00:01:11.655 -0300] INFO (66831): request completed
    route: "/v1/portal/documents/cnh"
    method: "GET"
    status: 200
    duration_ms: 11
[2026-09-28 00:01:11.669 -0300] INFO (66831): request completed
    route: "/v1/portal/vehicles"
    method: "GET"
    status: 200
    duration_ms: 13
[2026-09-28 00:01:11.683 -0300] INFO (66831): request completed
    route: "/v1/portal/crashes"
    method: "GET"
    status: 200
    duration_ms: 13
[2026-09-28 00:01:11.697 -0300] INFO (66831): request completed
    route: "/v1/portal/crashes/00000000-0000-7000-8000-00007ff00003"
    method: "GET"
    status: 200
    duration_ms: 12
[2026-09-28 00:01:11.709 -0300] INFO (66831): request completed
    route: "/v1/portal/crashes"
    method: "GET"
    status: 200
    duration_ms: 11
[2026-09-28 00:01:11.720 -0300] INFO (66831): request completed
    route: "/v1/portal/exams"
    method: "GET"
    status: 200
    duration_ms: 10
[2026-09-28 00:01:11.731 -0300] INFO (66831): request completed
    route: "/v1/portal/exams/00000000-0000-7000-8000-00007ff00002"
    method: "GET"
    status: 200
    duration_ms: 10
[2026-09-28 00:01:11.743 -0300] INFO (66831): request completed
    route: "/v1/portal/requests"
    method: "POST"
    status: 404
    duration_ms: 11
[2026-09-28 00:01:11.755 -0300] INFO (66831): request completed
    route: "/v1/portal/exams"
    method: "GET"
    status: 200
    duration_ms: 10
[2026-09-28 00:01:11.778 -0300] INFO (66831): request completed
    route: "/v1/portal/manifestations"
    method: "POST"
    status: 201
    duration_ms: 22
[2026-09-28 00:01:11.798 -0300] INFO (66831): request completed
    route: "/v1/portal/manifestations"
    method: "POST"
    status: 201
    duration_ms: 19
[2026-09-28 00:01:11.817 -0300] INFO (66831): request completed
    route: "/v1/portal/manifestations"
    method: "POST"
    status: 201
    duration_ms: 18
[2026-09-28 00:01:11.842 -0300] INFO (66831): request completed
    route: "/v1/portal/evaluations"
    method: "POST"
    status: 201
    duration_ms: 23
[2026-09-28 00:01:11.864 -0300] INFO (66831): request completed
    route: "/v1/portal/manifestations"
    method: "POST"
    status: 201
    duration_ms: 20
[2026-09-28 00:01:11.873 -0300] INFO (66831): request completed
    route: "/v1/portal/aits/00000000-0000-7000-8000-0000f0000005"
    method: "GET"
    status: 200
    duration_ms: 8
[2026-09-28 00:01:11.887 -0300] INFO (66831): request completed
    route: "/v1/portal/requests"
    method: "POST"
    status: 422
    duration_ms: 13
[2026-09-28 00:01:11.912 -0300] INFO (66831): request completed
    route: "/v1/portal/requests/00000000-0000-7000-8000-000070400e99/draft"
    method: "PUT"
    status: 404
    duration_ms: 24
[2026-09-28 00:01:11.925 -0300] INFO (66831): request completed
    route: "/v1/portal/requests/00000000-0000-7000-8000-000070400e99/submit"
    method: "POST"
    status: 404
    duration_ms: 11
[2026-09-28 00:01:11.938 -0300] INFO (66831): request completed
    route: "/v1/portal/requests"
    method: "POST"
    status: 422
    duration_ms: 12
[2026-09-28 00:01:11.955 -0300] INFO (66831): request completed
    route: "/v1/portal/requests"
    method: "POST"
    status: 422
    duration_ms: 13
[2026-09-28 00:01:11.973 -0300] INFO (66831): request completed
    route: "/v1/portal/identity/me"
    method: "GET"
    status: 200
    duration_ms: 13
[2026-09-28 00:01:11.986 -0300] INFO (66831): request completed
    route: "/v1/portal/requests"
    method: "POST"
    status: 422
    duration_ms: 12
[2026-09-28 00:01:11.998 -0300] INFO (66831): request completed
    route: "/v1/portal/requests"
    method: "POST"
    status: 422
    duration_ms: 11
[2026-09-28 00:01:12.011 -0300] INFO (66831): request completed
    route: "/v1/portal/requests"
    method: "POST"
    status: 422
    duration_ms: 12
[2026-09-28 00:01:12.024 -0300] INFO (66831): request completed
    route: "/v1/portal/identity/me"
    method: "GET"
    status: 200
    duration_ms: 12
[2026-09-28 00:01:14.079 -0300] INFO (67022): request completed
    route: "/v1/portal/identity/me"
    method: "GET"
    status: 200
    duration_ms: 148
[2026-09-28 00:01:14.097 -0300] INFO (67022): request completed
    route: "/v1/portal/identity/me"
    method: "GET"
    status: 200
    duration_ms: 14
[2026-09-28 00:01:14.110 -0300] INFO (67022): request completed
    route: "/v1/portal/identity/me"
    method: "GET"
    status: 200
    duration_ms: 12
[2026-09-28 00:01:14.146 -0300] INFO (67022): request completed
    route: "/v1/portal/aits"
    method: "GET"
    status: 200
    duration_ms: 16
[2026-09-28 00:01:14.157 -0300] INFO (67022): request completed
    route: "/v1/portal/aits?status=em_recurso"
    method: "GET"
    status: 200
    duration_ms: 8
[2026-09-28 00:01:14.166 -0300] INFO (67022): request completed
    route: "/v1/portal/aits?vehicle=FIX2E02"
    method: "GET"
    status: 200
    duration_ms: 8
[2026-09-28 00:01:14.169 -0300] INFO (67022): request completed
    route: "/v1/portal/aits?status=xyz"
    method: "GET"
    status: 400
    duration_ms: 2
[2026-09-28 00:01:14.177 -0300] INFO (67022): request completed
    route: "/v1/portal/aits?page=2&pageSize=5"
    method: "GET"
    status: 200
    duration_ms: 7
[2026-09-28 00:01:14.184 -0300] INFO (67022): request completed
    route: "/v1/portal/aits"
    method: "GET"
    status: 200
    duration_ms: 6
[2026-09-28 00:01:14.193 -0300] INFO (67022): request completed
    route: "/v1/portal/aits/00000000-0000-7000-8000-0000f0000002"
    method: "GET"
    status: 404
    duration_ms: 6
[2026-09-28 00:01:14.194 -0300] INFO (67022): request completed
    route: "/v1/portal/aits/nao-uuid"
    method: "GET"
    status: 400
    duration_ms: 0
[2026-09-28 00:01:14.207 -0300] INFO (67022): request completed
    route: "/v1/portal/aits/00000000-0000-7000-8000-0000f0000002"
    method: "GET"
    status: 200
    duration_ms: 8
[2026-09-28 00:01:14.216 -0300] INFO (67022): request completed
    route: "/v1/portal/aits/00000000-0000-7000-8000-0000f0000001"
    method: "GET"
    status: 404
    duration_ms: 5
[2026-09-28 00:01:14.223 -0300] INFO (67022): request completed
    route: "/v1/portal/aits/00000000-0000-7000-8000-0000f0000002/points"
    method: "GET"
    status: 200
    duration_ms: 6
[2026-09-28 00:01:14.230 -0300] INFO (67022): request completed
    route: "/v1/portal/points-summary"
    method: "GET"
    status: 200
    duration_ms: 7
[2026-09-28 00:01:14.241 -0300] INFO (67022): request completed
    route: "/v1/portal/points-summary"
    method: "GET"
    status: 200
    duration_ms: 7
[2026-09-28 00:01:14.252 -0300] INFO (67022): request completed
    route: "/v1/portal/inbox"
    method: "GET"
    status: 200
    duration_ms: 10
[2026-09-28 00:01:14.259 -0300] INFO (67022): request completed
    route: "/v1/portal/inbox?kind=informativo"
    method: "GET"
    status: 200
    duration_ms: 6
[2026-09-28 00:01:14.266 -0300] INFO (67022): request completed
    route: "/v1/portal/inbox?read=false"
    method: "GET"
    status: 200
    duration_ms: 6
[2026-09-28 00:01:14.272 -0300] INFO (67022): request completed
    route: "/v1/portal/inbox?kind=xyz"
    method: "GET"
    status: 400
    duration_ms: 5
[2026-09-28 00:01:14.323 -0300] INFO (67022): request completed
    route: "/v1/portal/inbox/00000000-0000-7000-8000-000070c000e1/read"
    method: "POST"
    status: 200
    duration_ms: 45
[2026-09-28 00:01:14.351 -0300] INFO (67022): request completed
    route: "/v1/portal/inbox/00000000-0000-7000-8000-000070c000e1/read"
    method: "POST"
    status: 200
    duration_ms: 27
[2026-09-28 00:01:14.386 -0300] INFO (67022): request completed
    route: "/v1/portal/inbox/00000000-0000-7000-8000-000070c000e3/read"
    method: "POST"
    status: 404
    duration_ms: 22
[2026-09-28 00:01:14.393 -0300] INFO (67022): request completed
    route: "/v1/portal/sne/enrollment"
    method: "GET"
    status: 200
    duration_ms: 5
[2026-09-28 00:01:14.407 -0300] INFO (67022): request completed
    route: "/v1/portal/sne/enrollment"
    method: "POST"
    status: 422
    duration_ms: 12
[2026-09-28 00:01:14.439 -0300] INFO (67022): request completed
    route: "/v1/portal/sne/enrollment"
    method: "POST"
    status: 201
    duration_ms: 30
[2026-09-28 00:01:14.455 -0300] INFO (67022): request completed
    route: "/v1/portal/sne/enrollment"
    method: "POST"
    status: 409
    duration_ms: 14
[2026-09-28 00:01:14.485 -0300] INFO (67022): request completed
    route: "/v1/portal/sne/enrollment"
    method: "DELETE"
    status: 200
    duration_ms: 29
[2026-09-28 00:01:14.506 -0300] INFO (67022): request completed
    route: "/v1/portal/sne/enrollment"
    method: "DELETE"
    status: 409
    duration_ms: 20
[2026-09-28 00:01:14.516 -0300] INFO (67022): request completed
    route: "/v1/portal/sne/enrollment"
    method: "POST"
    status: 403
    duration_ms: 9
[2026-09-28 00:01:14.524 -0300] INFO (67022): request completed
    route: "/v1/portal/sne/enrollment"
    method: "POST"
    status: 400
    duration_ms: 7
[2026-09-28 00:01:14.544 -0300] INFO (67022): request completed
    route: "/v1/portal/push-subscriptions"
    method: "POST"
    status: 201
    duration_ms: 15
[2026-09-28 00:01:14.558 -0300] INFO (67022): request completed
    route: "/v1/portal/push-subscriptions"
    method: "POST"
    status: 201
    duration_ms: 13
[2026-09-28 00:01:14.570 -0300] INFO (67022): request completed
    route: "/v1/portal/push-subscriptions"
    method: "POST"
    status: 400
    duration_ms: 8
[2026-09-28 00:01:14.587 -0300] INFO (67022): request completed
    route: "/v1/portal/documents/cnh"
    method: "GET"
    status: 200
    duration_ms: 16
[2026-09-28 00:01:14.600 -0300] INFO (67022): request completed
    route: "/v1/portal/documents/cnh"
    method: "GET"
    status: 200
    duration_ms: 12
[2026-09-28 00:01:14.607 -0300] INFO (67022): request completed
    route: "/v1/portal/documents/cnh?documentBytes=true"
    method: "GET"
    status: 422
    duration_ms: 6
[2026-09-28 00:01:14.619 -0300] INFO (67022): request completed
    route: "/v1/portal/vehicles"
    method: "GET"
    status: 200
    duration_ms: 12
[2026-09-28 00:01:14.625 -0300] INFO (67022): request completed
    route: "/v1/portal/vehicles/017a83df-e65f-4601-873a-0f93ef3d7780/clearance"
    method: "GET"
    status: 404
    duration_ms: 5
[2026-09-28 00:01:14.639 -0300] INFO (67022): request completed
    route: "/v1/portal/vehicles/00000000-0000-7000-8000-00007ff00001/clearance"
    method: "GET"
    status: 503
    duration_ms: 10
[2026-09-28 00:01:14.661 -0300] INFO (67022): request completed
    route: "/v1/portal/vehicles/00000000-0000-7000-8000-00007ff00001/crlv-e"
    method: "POST"
    status: 422
    duration_ms: 21
[2026-09-28 00:01:14.683 -0300] INFO (67022): request completed
    route: "/v1/portal/crashes"
    method: "GET"
    status: 200
    duration_ms: 12
[2026-09-28 00:01:14.696 -0300] INFO (67022): request completed
    route: "/v1/portal/exams"
    method: "GET"
    status: 200
    duration_ms: 12
[2026-09-28 00:01:14.704 -0300] INFO (67022): request completed
    route: "/v1/portal/crashes/00000000-0000-7000-8000-00007ff00003"
    method: "GET"
    status: 404
    duration_ms: 7
[2026-09-28 00:01:14.710 -0300] INFO (67022): request completed
    route: "/v1/portal/exams/00000000-0000-7000-8000-00007ff00002"
    method: "GET"
    status: 404
    duration_ms: 5
[2026-09-28 00:01:14.727 -0300] INFO (67022): request completed
    route: "/v1/portal/crashes/00000000-0000-7000-8000-00007ff00003"
    method: "GET"
    status: 200
    duration_ms: 11
[2026-09-28 00:01:14.740 -0300] INFO (67022): request completed
    route: "/v1/portal/exams/00000000-0000-7000-8000-00007ff00002"
    method: "GET"
    status: 200
    duration_ms: 12
[2026-09-28 00:01:14.755 -0300] INFO (67022): request completed
    route: "/v1/portal/crashes"
    method: "GET"
    status: 200
    duration_ms: 14
[2026-09-28 00:01:14.781 -0300] INFO (67022): request completed
    route: "/v1/portal/manifestations"
    method: "POST"
    status: 201
    duration_ms: 20
[2026-09-28 00:01:14.799 -0300] INFO (67022): request completed
    route: "/v1/portal/manifestations"
    method: "POST"
    status: 201
    duration_ms: 17
[2026-09-28 00:01:14.809 -0300] INFO (67022): request completed
    route: "/v1/portal/manifestations"
    method: "GET"
    status: 200
    duration_ms: 9
[2026-09-28 00:01:14.817 -0300] INFO (67022): request completed
    route: "/v1/portal/manifestations/add9e45f-2dec-4167-b658-9bf5500b208e"
    method: "GET"
    status: 200
    duration_ms: 7
[2026-09-28 00:01:14.825 -0300] INFO (67022): request completed
    route: "/v1/portal/manifestations"
    method: "POST"
    status: 400
    duration_ms: 7
[2026-09-28 00:01:14.843 -0300] INFO (67022): request completed
    route: "/v1/portal/manifestations"
    method: "POST"
    status: 201
    duration_ms: 17
[2026-09-28 00:01:14.850 -0300] INFO (67022): request completed
    route: "/v1/portal/manifestations"
    method: "POST"
    status: 400
    duration_ms: 6
[2026-09-28 00:01:14.851 -0300] INFO (67022): request completed
    route: "/v1/portal/manifestations"
    method: "GET"
    status: 403
    duration_ms: 0
[2026-09-28 00:01:14.880 -0300] INFO (67022): request completed
    route: "/v1/portal/manifestations/00000000-0000-7000-8000-000070700e01/acknowledge"
    method: "POST"
    status: 200
    duration_ms: 27
[2026-09-28 00:01:14.900 -0300] INFO (67022): request completed
    route: "/v1/portal/manifestations/00000000-0000-7000-8000-000070700e01/acknowledge"
    method: "POST"
    status: 409
    duration_ms: 19
[2026-09-28 00:01:14.920 -0300] INFO (67022): request completed
    route: "/v1/portal/evaluations"
    method: "POST"
    status: 201
    duration_ms: 19
[2026-09-28 00:01:14.929 -0300] INFO (67022): request completed
    route: "/v1/portal/evaluations"
    method: "POST"
    status: 409
    duration_ms: 8
[2026-09-28 00:01:14.940 -0300] INFO (67022): request completed
    route: "/v1/portal/evaluations"
    method: "POST"
    status: 409
    duration_ms: 10
[2026-09-28 00:01:14.959 -0300] INFO (67022): request completed
    route: "/v1/portal/evaluations"
    method: "POST"
    status: 201
    duration_ms: 18
[2026-09-28 00:01:14.970 -0300] INFO (67022): request completed
    route: "/v1/portal/evaluations"
    method: "POST"
    status: 404
    duration_ms: 10
[2026-09-28 00:01:14.980 -0300] INFO (67022): request completed
    route: "/v1/portal/service-charter/manifestar/deadline"
    method: "GET"
    status: 200
    duration_ms: 5
[2026-09-28 00:01:14.985 -0300] INFO (67022): request completed
    route: "/v1/portal/service-charter/nao_existe/deadline"
    method: "GET"
    status: 404
    duration_ms: 4
[2026-09-28 00:01:17.021 -0300] INFO (67283): request completed
    route: "/v1/portal/identity/me"
    method: "GET"
    status: 200
    duration_ms: 155
[2026-09-28 00:01:17.041 -0300] INFO (67283): request completed
    route: "/v1/portal/identity/me"
    method: "GET"
    status: 200
    duration_ms: 16
[2026-09-28 00:01:17.053 -0300] INFO (67283): request completed
    route: "/v1/portal/identity/me"
    method: "GET"
    status: 200
    duration_ms: 11
[2026-09-28 00:01:17.106 -0300] INFO (67283): request completed
    route: "/v1/portal/documents/cnh"
    method: "GET"
    status: 200
    duration_ms: 25
[2026-09-28 00:01:17.122 -0300] INFO (67283): request completed
    route: "/v1/portal/documents/cnh"
    method: "GET"
    status: 200
    duration_ms: 14
[2026-09-28 00:01:17.171 -0300] INFO (67283): request completed
    route: "/v1/portal/sne/enrollment"
    method: "POST"
    status: 201
    duration_ms: 39
[2026-09-28 00:01:17.186 -0300] INFO (67283): request completed
    route: "/v1/portal/sne/enrollment"
    method: "GET"
    status: 200
    duration_ms: 6
[2026-09-28 00:01:17.192 -0300] INFO (67283): request completed
    route: "/v1/portal/sne/enrollment"
    method: "GET"
    status: 200
    duration_ms: 5
[2026-09-28 00:01:17.206 -0300] INFO (67283): request completed
    route: "/v1/portal/sne/enrollment"
    method: "POST"
    status: 400
    duration_ms: 12
[2026-09-28 00:01:17.233 -0300] INFO (67283): request completed
    route: "/v1/portal/sne/enrollment"
    method: "POST"
    status: 201
    duration_ms: 21
[2026-09-28 00:01:17.249 -0300] INFO (67283): request completed
    route: "/v1/portal/sne/enrollment"
    method: "POST"
    status: 201
    duration_ms: 14
[2026-09-28 00:01:17.259 -0300] INFO (67283): request completed
    route: "/v1/portal/sne/enrollment"
    method: "POST"
    status: 409
    duration_ms: 9
[2026-09-28 00:01:17.277 -0300] INFO (67283): request completed
    route: "/v1/portal/push-subscriptions"
    method: "POST"
    status: 201
    duration_ms: 17
[2026-09-28 00:01:17.290 -0300] INFO (67283): request completed
    route: "/v1/portal/push-subscriptions"
    method: "POST"
    status: 201
    duration_ms: 12
[2026-09-28 00:01:17.300 -0300] INFO (67283): request completed
    route: "/v1/portal/push-subscriptions"
    method: "POST"
    status: 409
    duration_ms: 8
[2026-09-28 00:01:17.314 -0300] INFO (67283): request completed
    route: "/v1/portal/documents/cnh"
    method: "GET"
    status: 200
    duration_ms: 12
[2026-09-28 00:01:17.332 -0300] INFO (67283): request completed
    route: "/v1/portal/vehicles"
    method: "GET"
    status: 200
    duration_ms: 17
[2026-09-28 00:01:17.345 -0300] INFO (67283): request completed
    route: "/v1/portal/vehicles/00000000-0000-7000-8000-00007ff00001/clearance"
    method: "GET"
    status: 503
    duration_ms: 11
[2026-09-28 00:01:17.371 -0300] INFO (67283): request completed
    route: "/v1/portal/vehicles/00000000-0000-7000-8000-00007ff00001/crlv-e"
    method: "POST"
    status: 422
    duration_ms: 25
[2026-09-28 00:01:17.388 -0300] INFO (67283): request completed
    route: "/v1/portal/push-subscriptions"
    method: "POST"
    status: 201
    duration_ms: 16
[2026-09-28 00:01:17.404 -0300] INFO (67283): request completed
    route: "/v1/portal/push-subscriptions"
    method: "POST"
    status: 201
    duration_ms: 15
[2026-09-28 00:01:17.426 -0300] INFO (67283): request completed
    route: "/v1/portal/push-subscriptions"
    method: "POST"
    status: 201
    duration_ms: 18
[2026-09-28 00:01:17.443 -0300] INFO (67283): request completed
    route: "/v1/portal/documents/cnh"
    method: "GET"
    status: 200
    duration_ms: 15
[2026-09-28 00:01:17.455 -0300] INFO (67283): request completed
    route: "/v1/portal/documents/cnh"
    method: "GET"
    status: 200
    duration_ms: 10
[2026-09-28 00:01:17.467 -0300] INFO (67283): request completed
    route: "/v1/portal/documents/cnh"
    method: "GET"
    status: 200
    duration_ms: 11
[2026-09-28 00:01:17.479 -0300] INFO (67283): request completed
    route: "/v1/portal/vehicles"
    method: "GET"
    status: 200
    duration_ms: 11
[2026-09-28 00:01:17.487 -0300] INFO (67283): request completed
    route: "/v1/portal/vehicles/a1204f2f-07f6-551a-9e82-0e28038d3049/clearance"
    method: "GET"
    status: 503
    duration_ms: 7
[2026-09-28 00:01:19.488 -0300] INFO (67289): request completed
    route: "/v1/portal/identity/me"
    method: "GET"
    status: 200
    duration_ms: 156
[2026-09-28 00:01:19.506 -0300] INFO (67289): request completed
    route: "/v1/portal/identity/me"
    method: "GET"
    status: 200
    duration_ms: 15
[2026-09-28 00:01:19.518 -0300] INFO (67289): request completed
    route: "/v1/portal/identity/me"
    method: "GET"
    status: 200
    duration_ms: 11
[2026-09-28 00:01:19.562 -0300] INFO (67289): request completed
    route: "/v1/portal/documents/cnh"
    method: "GET"
    status: 503
    duration_ms: 16
[2026-09-28 00:01:19.849 -0300] INFO (67289): request completed
    route: "/v1/portal/identity/me"
    method: "GET"
    status: 200
    duration_ms: 144
[2026-09-28 00:01:19.875 -0300] INFO (67289): request completed
    route: "/v1/portal/sne/enrollment"
    method: "POST"
    status: 503
    duration_ms: 18
[2026-09-28 00:01:21.724 -0300] INFO (67294): request completed
    route: "/v1/portal/identity/me"
    method: "GET"
    status: 403
    duration_ms: 5
[2026-09-28 00:01:21.881 -0300] INFO (67294): request completed
    route: "/v1/portal/identity/me"
    method: "GET"
    status: 200
    duration_ms: 153
[2026-09-28 00:01:21.898 -0300] INFO (67294): request completed
    route: "/v1/portal/identity/me"
    method: "GET"
    status: 200
    duration_ms: 14
[2026-09-28 00:01:21.930 -0300] INFO (67294): request completed
    route: "/v1/portal/identity/me"
    method: "GET"
    status: 200
    duration_ms: 12
[2026-09-28 00:01:21.943 -0300] INFO (67294): request completed
    route: "/v1/portal/identity/me"
    method: "GET"
    status: 200
    duration_ms: 12
[2026-09-28 00:01:21.960 -0300] INFO (67294): request completed
    route: "/v1/portal/identity/me"
    method: "GET"
    status: 200
    duration_ms: 10
[2026-09-28 00:01:21.963 -0300] INFO (67294): request completed
    route: "/v1/portal/identity/me"
    method: "GET"
    status: 403
    duration_ms: 0
[2026-09-28 00:01:21.965 -0300] INFO (67294): request completed
    route: "/v1/portal/identity/me"
    method: "GET"
    status: 403
    duration_ms: 0
[2026-09-28 00:01:21.977 -0300] INFO (67294): request completed
    route: "/v1/portal/identity/me"
    method: "GET"
    status: 200
    duration_ms: 11
[2026-09-28 00:01:21.991 -0300] INFO (67294): request completed
    route: "/v1/portal/brand"
    method: "GET"
    status: 200
    duration_ms: 5
[2026-09-28 00:01:22.002 -0300] INFO (67294): request completed
    route: "/v1/portal/services"
    method: "GET"
    status: 200
    duration_ms: 9
[2026-09-28 00:01:22.010 -0300] INFO (67294): request completed
    route: "/v1/portal/services/manifestar"
    method: "GET"
    status: 200
    duration_ms: 6
[2026-09-28 00:01:22.017 -0300] INFO (67294): request completed
    route: "/v1/portal/services/nao_existe"
    method: "GET"
    status: 404
    duration_ms: 6
[2026-09-28 00:01:22.023 -0300] INFO (67294): request completed
    route: "/v1/portal/brand"
    method: "GET"
    status: 200
    duration_ms: 5
[2026-09-28 00:01:22.025 -0300] INFO (67294): request completed
    route: "/v1/portal/brand"
    method: "GET"
    status: 421
    duration_ms: 0
[2026-09-28 00:01:22.026 -0300] INFO (67294): request completed
    route: "/v1/portal/brand"
    method: "GET"
    status: 403
    duration_ms: 0
[2026-09-28 00:01:22.032 -0300] INFO (67294): request completed
    route: "/v1/portal/brand"
    method: "GET"
    status: 200
    duration_ms: 5
[2026-09-28 00:01:24.015 -0300] INFO (67301): request completed
    route: "/v1/portal/identity/me"
    method: "GET"
    status: 200
    duration_ms: 157
[2026-09-28 00:01:24.067 -0300] INFO (67301): request completed
    route: "/v1/portal/crashes"
    method: "GET"
    status: 200
    duration_ms: 17
[2026-09-28 00:01:26.022 -0300] INFO (67427): request completed
    route: "/v1/ch/admin/process-parameters/e2e.72ba3c50-b658-4112-98bf-935a77baec4d"
    method: "PUT"
    status: 200
    duration_ms: 170
[2026-09-28 00:01:26.038 -0300] INFO (67427): request completed
    route: "/v1/ch/admin/process-parameters/e2e.72ba3c50-b658-4112-98bf-935a77baec4d"
    method: "PUT"
    status: 200
    duration_ms: 12
[2026-09-28 00:01:26.045 -0300] INFO (67427): request completed
    route: "/v1/ch/admin/process-parameters/e2e.72ba3c50-b658-4112-98bf-935a77baec4d"
    method: "PUT"
    status: 422
    duration_ms: 5
[2026-09-28 00:01:27.895 -0300] INFO (67522): request completed
    route: "/v1/ops/agency/units"
    method: "GET"
    status: 200
    duration_ms: 99
[2026-09-28 00:01:27.911 -0300] INFO (67522): request completed
    route: "/v1/ops/agency/jurisdictions"
    method: "GET"
    status: 200
    duration_ms: 13
[2026-09-28 00:01:27.919 -0300] INFO (67522): request completed
    route: "/v1/ops/agency/competences"
    method: "GET"
    status: 200
    duration_ms: 7
[2026-09-28 00:01:27.926 -0300] INFO (67522): request completed
    route: "/v1/ops/field/agents"
    method: "GET"
    status: 200
    duration_ms: 6
[2026-09-28 00:01:27.934 -0300] INFO (67522): request completed
    route: "/v1/ops/field/shifts"
    method: "GET"
    status: 200
    duration_ms: 7
[2026-09-28 00:01:27.943 -0300] INFO (67522): request completed
    route: "/v1/ops/snapshots/people"
    method: "GET"
    status: 200
    duration_ms: 8
[2026-09-28 00:01:27.952 -0300] INFO (67522): request completed
    route: "/v1/ops/evidence/evidence"
    method: "GET"
    status: 200
    duration_ms: 7
[2026-09-28 00:01:27.962 -0300] INFO (67522): request completed
    route: "/v1/ops/offline-sync/sync-queue-items"
    method: "GET"
    status: 200
    duration_ms: 8
[2026-09-28 00:01:27.969 -0300] INFO (67522): request completed
    route: "/v1/ops/agency/units"
    method: "GET"
    status: 200
    duration_ms: 6
[2026-09-28 00:01:31.980 -0300] INFO (67744): request completed
    route: "/v1/inf/rait/sessions/00000000-0000-7000-8000-000030000003/commands/close-agenda"
    method: "POST"
    status: 400
    duration_ms: 94
[2026-09-28 00:01:32.000 -0300] INFO (67744): request completed
    route: "/v1/inf/rait/sessions/00000000-0000-7000-8000-000030000003/commands/open"
    method: "POST"
    status: 400
    duration_ms: 13
[2026-09-28 00:01:32.015 -0300] INFO (67744): request completed
    route: "/v1/inf/rait/sessions/00000000-0000-7000-8000-000030000003/commands/adjourn"
    method: "POST"
    status: 400
    duration_ms: 10
[2026-09-28 00:01:32.023 -0300] INFO (67744): request completed
    route: "/v1/inf/rait/sessions/00000000-0000-7000-8000-000030000003/commands/convene-extraordinary"
    method: "POST"
    status: 400
    duration_ms: 5
[2026-09-28 00:01:32.028 -0300] INFO (67744): request completed
    route: "/v1/inf/rait/agenda-items/00000000-0000-7000-8000-000031000002/commands/read"
    method: "POST"
    status: 403
    duration_ms: 1
[2026-09-28 00:01:32.032 -0300] INFO (67744): request completed
    route: "/v1/inf/rait/agenda-items/00000000-0000-7000-8000-000031000002/commands/view"
    method: "POST"
    status: 403
    duration_ms: 1
[2026-09-28 00:01:32.042 -0300] INFO (67744): request completed
    route: "/v1/inf/rait/agenda-items/00000000-0000-7000-8000-000031000002/commands/withdraw"
    method: "POST"
    status: 400
    duration_ms: 7

 Test Files  37 passed (37)
      Tests  1681 passed | 3 todo (1684)
   Start at  23:59:38
   Duration  122.07s (transform 4.34s, setup 0ms, import 27.91s, tests 90.85s, environment 2ms)


> @detran/ops-agency@0.0.1 test:e2e /Users/aarusso/.codex/worktrees/stynx-canonical/detran/backend/domains/ops/agency
> DETRAN_TEST_TIER=e2e vitest run --config vitest.config.ts


 RUN  v4.1.11 /Users/aarusso/.codex/worktrees/stynx-canonical/detran/backend/domains/ops/agency

No test files found, exiting with code 0

include: tests/e2e/**/*.e2e.spec.ts
exclude:  **/node_modules/**, **/.git/**


> @detran/ops-field@0.0.1 test:e2e /Users/aarusso/.codex/worktrees/stynx-canonical/detran/backend/domains/ops/field
> DETRAN_TEST_TIER=e2e vitest run --config vitest.config.ts


 RUN  v4.1.11 /Users/aarusso/.codex/worktrees/stynx-canonical/detran/backend/domains/ops/field

No test files found, exiting with code 0

include: tests/e2e/**/*.e2e.spec.ts
exclude:  **/node_modules/**, **/.git/**


> @detran/ops-snapshots@0.0.1 test:e2e /Users/aarusso/.codex/worktrees/stynx-canonical/detran/backend/domains/ops/snapshots
> DETRAN_TEST_TIER=e2e vitest run --config vitest.config.ts


 RUN  v4.1.11 /Users/aarusso/.codex/worktrees/stynx-canonical/detran/backend/domains/ops/snapshots

No test files found, exiting with code 0

include: tests/e2e/**/*.e2e.spec.ts
exclude:  **/node_modules/**, **/.git/**


> @detran/ops-evidence@0.0.1 test:e2e /Users/aarusso/.codex/worktrees/stynx-canonical/detran/backend/domains/ops/evidence
> DETRAN_TEST_TIER=e2e vitest run --config vitest.config.ts


 RUN  v4.1.11 /Users/aarusso/.codex/worktrees/stynx-canonical/detran/backend/domains/ops/evidence

No test files found, exiting with code 0

include: tests/e2e/**/*.e2e.spec.ts
exclude:  **/node_modules/**, **/.git/**


> @detran/ops-offline-sync@0.0.1 test:e2e /Users/aarusso/.codex/worktrees/stynx-canonical/detran/backend/domains/ops/offline-sync
> DETRAN_TEST_TIER=e2e vitest run --config vitest.config.ts


 RUN  v4.1.11 /Users/aarusso/.codex/worktrees/stynx-canonical/detran/backend/domains/ops/offline-sync

No test files found, exiting with code 0

include: tests/e2e/**/*.e2e.spec.ts
exclude:  **/node_modules/**, **/.git/**


> @detran/ops-provisioning@0.0.1 test:e2e /Users/aarusso/.codex/worktrees/stynx-canonical/detran/backend/domains/ops/provisioning
> DETRAN_TEST_TIER=e2e vitest run --config vitest.config.ts


 RUN  v4.1.11 /Users/aarusso/.codex/worktrees/stynx-canonical/detran/backend/domains/ops/provisioning


 Test Files  1 passed (1)
      Tests  10 passed (10)
   Start at  00:01:43
   Duration  3.84s (transform 111ms, setup 0ms, import 547ms, tests 3.20s, environment 0ms)


> @detran/inf-ait@0.0.1 test:e2e /Users/aarusso/.codex/worktrees/stynx-canonical/detran/backend/domains/inf/ait
> DETRAN_TEST_TIER=e2e vitest run --config vitest.config.ts


 RUN  v4.1.11 /Users/aarusso/.codex/worktrees/stynx-canonical/detran/backend/domains/inf/ait


 Test Files  1 passed (1)
      Tests  1 passed (1)
   Start at  00:01:47
   Duration  1.05s (transform 242ms, setup 0ms, import 712ms, tests 245ms, environment 0ms)


> @detran/portal-identity@0.0.1 test:e2e /Users/aarusso/.codex/worktrees/stynx-canonical/detran/backend/domains/portal/identity
> DETRAN_TEST_TIER=e2e vitest run --config vitest.config.ts


 RUN  v4.1.11 /Users/aarusso/.codex/worktrees/stynx-canonical/detran/backend/domains/portal/identity

No test files found, exiting with code 0

include: tests/e2e/**/*.e2e.spec.ts
exclude:  **/node_modules/**, **/.git/**


> @detran/portal-requests@0.0.1 test:e2e /Users/aarusso/.codex/worktrees/stynx-canonical/detran/backend/domains/portal/requests
> DETRAN_TEST_TIER=e2e vitest run --config vitest.config.ts


 RUN  v4.1.11 /Users/aarusso/.codex/worktrees/stynx-canonical/detran/backend/domains/portal/requests

No test files found, exiting with code 0

include: tests/e2e/**/*.e2e.spec.ts
exclude:  **/node_modules/**, **/.git/**


> @detran/portal-inbox@0.0.1 test:e2e /Users/aarusso/.codex/worktrees/stynx-canonical/detran/backend/domains/portal/inbox
> DETRAN_TEST_TIER=e2e vitest run --config vitest.config.ts


 RUN  v4.1.11 /Users/aarusso/.codex/worktrees/stynx-canonical/detran/backend/domains/portal/inbox

No test files found, exiting with code 0

include: tests/e2e/**/*.e2e.spec.ts
exclude:  **/node_modules/**, **/.git/**


> @detran/portal-citizen-service@0.0.1 test:e2e /Users/aarusso/.codex/worktrees/stynx-canonical/detran/backend/domains/portal/citizen-service
> DETRAN_TEST_TIER=e2e vitest run --config vitest.config.ts


 RUN  v4.1.11 /Users/aarusso/.codex/worktrees/stynx-canonical/detran/backend/domains/portal/citizen-service

No test files found, exiting with code 0

include: tests/e2e/**/*.e2e.spec.ts
exclude:  **/node_modules/**, **/.git/**


> @detran/portal-projections@0.0.1 test:e2e /Users/aarusso/.codex/worktrees/stynx-canonical/detran/backend/domains/portal/projections
> DETRAN_TEST_TIER=e2e vitest run --config vitest.config.ts


 RUN  v4.1.11 /Users/aarusso/.codex/worktrees/stynx-canonical/detran/backend/domains/portal/projections

No test files found, exiting with code 0

include: tests/e2e/**/*.e2e.spec.ts
exclude:  **/node_modules/**, **/.git/**


> @detran/dashboard-monitor@0.0.1 test:e2e /Users/aarusso/.codex/worktrees/stynx-canonical/detran/backend/domains/dashboard/monitor
> DETRAN_TEST_TIER=e2e vitest run --config vitest.config.ts


 RUN  v4.1.11 /Users/aarusso/.codex/worktrees/stynx-canonical/detran/backend/domains/dashboard/monitor

No test files found, exiting with code 0

include: tests/e2e/**/*.e2e.spec.ts
exclude:  **/node_modules/**, **/.git/**


> detran@0.0.1 backend:test:upgrade /Users/aarusso/.codex/worktrees/stynx-canonical/detran
> pnpm --filter @detran/inf-rait-case test:integration --passWithNoTests=false tests/integration/rait-priority-upgrade.integration.spec.ts


> @detran/inf-rait-case@0.0.1 test:integration /Users/aarusso/.codex/worktrees/stynx-canonical/detran/backend/domains/inf/rait-case
> DETRAN_TEST_TIER=integration vitest run --config vitest.config.ts "--passWithNoTests=false" "tests/integration/rait-priority-upgrade.integration.spec.ts"


 RUN  v4.1.11 /Users/aarusso/.codex/worktrees/stynx-canonical/detran/backend/domains/inf/rait-case


 Test Files  1 passed (1)
      Tests  21 passed (21)
   Start at  00:01:52
   Duration  78.17s (transform 40ms, setup 0ms, import 55ms, tests 78.03s, environment 0ms)

